model,repeat,fold,feature,importance,absolute_importance
dummy,1,1,complexity__spectral_entropy__broadband__roi__R1__iqr__CE,,
dummy,1,1,complexity__spectral_entropy__broadband__roi__R1__iqr__CE_minus_OE,,
dummy,1,1,complexity__spectral_entropy__broadband__roi__R1__iqr__OE,,
dummy,1,1,complexity__spectral_entropy__broadband__roi__R1__median__CE,,
dummy,1,1,complexity__spectral_entropy__broadband__roi__R1__median__CE_minus_OE,,
dummy,1,1,complexity__spectral_entropy__broadband__roi__R1__median__OE,,
dummy,1,1,complexity__spectral_entropy__broadband__roi__R2__iqr__CE,,
dummy,1,1,complexity__spectral_entropy__broadband__roi__R2__iqr__CE_minus_OE,,
dummy,1,1,complexity__spectral_entropy__broadband__roi__R2__iqr__OE,,
dummy,1,1,complexity__spectral_entropy__broadband__roi__R2__median__CE,,
dummy,1,1,complexity__spectral_entropy__broadband__roi__R2__median__CE_minus_OE,,
dummy,1,1,complexity__spectral_entropy__broadband__roi__R2__median__OE,,
dummy,1,1,complexity__spectral_entropy__broadband__roi__R3__iqr__CE,,
dummy,1,1,complexity__spectral_entropy__broadband__roi__R3__iqr__CE_minus_OE,,
dummy,1,1,complexity__spectral_entropy__broadband__roi__R3__iqr__OE,,
dummy,1,1,complexity__spectral_entropy__broadband__roi__R3__median__CE,,
dummy,1,1,complexity__spectral_entropy__broadband__roi__R3__median__CE_minus_OE,,
dummy,1,1,complexity__spectral_entropy__broadband__roi__R3__median__OE,,
dummy,1,1,complexity__spectral_entropy__broadband__roi__R4__iqr__CE,,
dummy,1,1,complexity__spectral_entropy__broadband__roi__R4__iqr__CE_minus_OE,,
dummy,1,1,complexity__spectral_entropy__broadband__roi__R4__iqr__OE,,
dummy,1,1,complexity__spectral_entropy__broadband__roi__R4__median__CE,,
dummy,1,1,complexity__spectral_entropy__broadband__roi__R4__median__CE_minus_OE,,
dummy,1,1,complexity__spectral_entropy__broadband__roi__R4__median__OE,,
dummy,1,1,complexity__spectral_entropy__broadband__roi__R5__iqr__CE,,
dummy,1,1,complexity__spectral_entropy__broadband__roi__R5__iqr__CE_minus_OE,,
dummy,1,1,complexity__spectral_entropy__broadband__roi__R5__iqr__OE,,
dummy,1,1,complexity__spectral_entropy__broadband__roi__R5__median__CE,,
dummy,1,1,complexity__spectral_entropy__broadband__roi__R5__median__CE_minus_OE,,
dummy,1,1,complexity__spectral_entropy__broadband__roi__R5__median__OE,,
dummy,1,1,complexity__spectral_entropy__broadband__roi__R6__iqr__CE,,
dummy,1,1,complexity__spectral_entropy__broadband__roi__R6__iqr__CE_minus_OE,,
dummy,1,1,complexity__spectral_entropy__broadband__roi__R6__iqr__OE,,
dummy,1,1,complexity__spectral_entropy__broadband__roi__R6__median__CE,,
dummy,1,1,complexity__spectral_entropy__broadband__roi__R6__median__CE_minus_OE,,
dummy,1,1,complexity__spectral_entropy__broadband__roi__R6__median__OE,,
dummy,1,1,psd__absolute_power__alpha__roi__R1__iqr__CE,,
dummy,1,1,psd__absolute_power__alpha__roi__R1__iqr__CE_minus_OE,,
dummy,1,1,psd__absolute_power__alpha__roi__R1__iqr__OE,,
dummy,1,1,psd__absolute_power__alpha__roi__R1__median__CE,,
dummy,1,1,psd__absolute_power__alpha__roi__R1__median__CE_minus_OE,,
dummy,1,1,psd__absolute_power__alpha__roi__R1__median__OE,,
dummy,1,1,psd__absolute_power__alpha__roi__R2__iqr__CE,,
dummy,1,1,psd__absolute_power__alpha__roi__R2__iqr__CE_minus_OE,,
dummy,1,1,psd__absolute_power__alpha__roi__R2__iqr__OE,,
dummy,1,1,psd__absolute_power__alpha__roi__R2__median__CE,,
dummy,1,1,psd__absolute_power__alpha__roi__R2__median__CE_minus_OE,,
dummy,1,1,psd__absolute_power__alpha__roi__R2__median__OE,,
dummy,1,1,psd__absolute_power__alpha__roi__R3__iqr__CE,,
dummy,1,1,psd__absolute_power__alpha__roi__R3__iqr__CE_minus_OE,,
dummy,1,1,psd__absolute_power__alpha__roi__R3__iqr__OE,,
dummy,1,1,psd__absolute_power__alpha__roi__R3__median__CE,,
dummy,1,1,psd__absolute_power__alpha__roi__R3__median__CE_minus_OE,,
dummy,1,1,psd__absolute_power__alpha__roi__R3__median__OE,,
dummy,1,1,psd__absolute_power__alpha__roi__R4__iqr__CE,,
dummy,1,1,psd__absolute_power__alpha__roi__R4__iqr__CE_minus_OE,,
dummy,1,1,psd__absolute_power__alpha__roi__R4__iqr__OE,,
dummy,1,1,psd__absolute_power__alpha__roi__R4__median__CE,,
dummy,1,1,psd__absolute_power__alpha__roi__R4__median__CE_minus_OE,,
dummy,1,1,psd__absolute_power__alpha__roi__R4__median__OE,,
dummy,1,1,psd__absolute_power__alpha__roi__R5__iqr__CE,,
dummy,1,1,psd__absolute_power__alpha__roi__R5__iqr__CE_minus_OE,,
dummy,1,1,psd__absolute_power__alpha__roi__R5__iqr__OE,,
dummy,1,1,psd__absolute_power__alpha__roi__R5__median__CE,,
dummy,1,1,psd__absolute_power__alpha__roi__R5__median__CE_minus_OE,,
dummy,1,1,psd__absolute_power__alpha__roi__R5__median__OE,,
dummy,1,1,psd__absolute_power__alpha__roi__R6__iqr__CE,,
dummy,1,1,psd__absolute_power__alpha__roi__R6__iqr__CE_minus_OE,,
dummy,1,1,psd__absolute_power__alpha__roi__R6__iqr__OE,,
dummy,1,1,psd__absolute_power__alpha__roi__R6__median__CE,,
dummy,1,1,psd__absolute_power__alpha__roi__R6__median__CE_minus_OE,,
dummy,1,1,psd__absolute_power__alpha__roi__R6__median__OE,,
dummy,1,1,psd__absolute_power__beta__roi__R1__iqr__CE,,
dummy,1,1,psd__absolute_power__beta__roi__R1__iqr__CE_minus_OE,,
dummy,1,1,psd__absolute_power__beta__roi__R1__iqr__OE,,
dummy,1,1,psd__absolute_power__beta__roi__R1__median__CE,,
dummy,1,1,psd__absolute_power__beta__roi__R1__median__CE_minus_OE,,
dummy,1,1,psd__absolute_power__beta__roi__R1__median__OE,,
dummy,1,1,psd__absolute_power__beta__roi__R2__iqr__CE,,
dummy,1,1,psd__absolute_power__beta__roi__R2__iqr__CE_minus_OE,,
dummy,1,1,psd__absolute_power__beta__roi__R2__iqr__OE,,
dummy,1,1,psd__absolute_power__beta__roi__R2__median__CE,,
dummy,1,1,psd__absolute_power__beta__roi__R2__median__CE_minus_OE,,
dummy,1,1,psd__absolute_power__beta__roi__R2__median__OE,,
dummy,1,1,psd__absolute_power__beta__roi__R3__iqr__CE,,
dummy,1,1,psd__absolute_power__beta__roi__R3__iqr__CE_minus_OE,,
dummy,1,1,psd__absolute_power__beta__roi__R3__iqr__OE,,
dummy,1,1,psd__absolute_power__beta__roi__R3__median__CE,,
dummy,1,1,psd__absolute_power__beta__roi__R3__median__CE_minus_OE,,
dummy,1,1,psd__absolute_power__beta__roi__R3__median__OE,,
dummy,1,1,psd__absolute_power__beta__roi__R4__iqr__CE,,
dummy,1,1,psd__absolute_power__beta__roi__R4__iqr__CE_minus_OE,,
dummy,1,1,psd__absolute_power__beta__roi__R4__iqr__OE,,
dummy,1,1,psd__absolute_power__beta__roi__R4__median__CE,,
dummy,1,1,psd__absolute_power__beta__roi__R4__median__CE_minus_OE,,
dummy,1,1,psd__absolute_power__beta__roi__R4__median__OE,,
dummy,1,1,psd__absolute_power__beta__roi__R5__iqr__CE,,
dummy,1,1,psd__absolute_power__beta__roi__R5__iqr__CE_minus_OE,,
dummy,1,1,psd__absolute_power__beta__roi__R5__iqr__OE,,
dummy,1,1,psd__absolute_power__beta__roi__R5__median__CE,,
dummy,1,1,psd__absolute_power__beta__roi__R5__median__CE_minus_OE,,
dummy,1,1,psd__absolute_power__beta__roi__R5__median__OE,,
dummy,1,1,psd__absolute_power__beta__roi__R6__iqr__CE,,
dummy,1,1,psd__absolute_power__beta__roi__R6__iqr__CE_minus_OE,,
dummy,1,1,psd__absolute_power__beta__roi__R6__iqr__OE,,
dummy,1,1,psd__absolute_power__beta__roi__R6__median__CE,,
dummy,1,1,psd__absolute_power__beta__roi__R6__median__CE_minus_OE,,
dummy,1,1,psd__absolute_power__beta__roi__R6__median__OE,,
dummy,1,1,psd__absolute_power__delta__roi__R1__iqr__CE,,
dummy,1,1,psd__absolute_power__delta__roi__R1__iqr__CE_minus_OE,,
dummy,1,1,psd__absolute_power__delta__roi__R1__iqr__OE,,
dummy,1,1,psd__absolute_power__delta__roi__R1__median__CE,,
dummy,1,1,psd__absolute_power__delta__roi__R1__median__CE_minus_OE,,
dummy,1,1,psd__absolute_power__delta__roi__R1__median__OE,,
dummy,1,1,psd__absolute_power__delta__roi__R2__iqr__CE,,
dummy,1,1,psd__absolute_power__delta__roi__R2__iqr__CE_minus_OE,,
dummy,1,1,psd__absolute_power__delta__roi__R2__iqr__OE,,
dummy,1,1,psd__absolute_power__delta__roi__R2__median__CE,,
dummy,1,1,psd__absolute_power__delta__roi__R2__median__CE_minus_OE,,
dummy,1,1,psd__absolute_power__delta__roi__R2__median__OE,,
dummy,1,1,psd__absolute_power__delta__roi__R3__iqr__CE,,
dummy,1,1,psd__absolute_power__delta__roi__R3__iqr__CE_minus_OE,,
dummy,1,1,psd__absolute_power__delta__roi__R3__iqr__OE,,
dummy,1,1,psd__absolute_power__delta__roi__R3__median__CE,,
dummy,1,1,psd__absolute_power__delta__roi__R3__median__CE_minus_OE,,
dummy,1,1,psd__absolute_power__delta__roi__R3__median__OE,,
dummy,1,1,psd__absolute_power__delta__roi__R4__iqr__CE,,
dummy,1,1,psd__absolute_power__delta__roi__R4__iqr__CE_minus_OE,,
dummy,1,1,psd__absolute_power__delta__roi__R4__iqr__OE,,
dummy,1,1,psd__absolute_power__delta__roi__R4__median__CE,,
dummy,1,1,psd__absolute_power__delta__roi__R4__median__CE_minus_OE,,
dummy,1,1,psd__absolute_power__delta__roi__R4__median__OE,,
dummy,1,1,psd__absolute_power__delta__roi__R5__iqr__CE,,
dummy,1,1,psd__absolute_power__delta__roi__R5__iqr__CE_minus_OE,,
dummy,1,1,psd__absolute_power__delta__roi__R5__iqr__OE,,
dummy,1,1,psd__absolute_power__delta__roi__R5__median__CE,,
dummy,1,1,psd__absolute_power__delta__roi__R5__median__CE_minus_OE,,
dummy,1,1,psd__absolute_power__delta__roi__R5__median__OE,,
dummy,1,1,psd__absolute_power__delta__roi__R6__iqr__CE,,
dummy,1,1,psd__absolute_power__delta__roi__R6__iqr__CE_minus_OE,,
dummy,1,1,psd__absolute_power__delta__roi__R6__iqr__OE,,
dummy,1,1,psd__absolute_power__delta__roi__R6__median__CE,,
dummy,1,1,psd__absolute_power__delta__roi__R6__median__CE_minus_OE,,
dummy,1,1,psd__absolute_power__delta__roi__R6__median__OE,,
dummy,1,1,psd__absolute_power__gamma__roi__R1__iqr__CE,,
dummy,1,1,psd__absolute_power__gamma__roi__R1__iqr__CE_minus_OE,,
dummy,1,1,psd__absolute_power__gamma__roi__R1__iqr__OE,,
dummy,1,1,psd__absolute_power__gamma__roi__R1__median__CE,,
dummy,1,1,psd__absolute_power__gamma__roi__R1__median__CE_minus_OE,,
dummy,1,1,psd__absolute_power__gamma__roi__R1__median__OE,,
dummy,1,1,psd__absolute_power__gamma__roi__R2__iqr__CE,,
dummy,1,1,psd__absolute_power__gamma__roi__R2__iqr__CE_minus_OE,,
dummy,1,1,psd__absolute_power__gamma__roi__R2__iqr__OE,,
dummy,1,1,psd__absolute_power__gamma__roi__R2__median__CE,,
dummy,1,1,psd__absolute_power__gamma__roi__R2__median__CE_minus_OE,,
dummy,1,1,psd__absolute_power__gamma__roi__R2__median__OE,,
dummy,1,1,psd__absolute_power__gamma__roi__R3__iqr__CE,,
dummy,1,1,psd__absolute_power__gamma__roi__R3__iqr__CE_minus_OE,,
dummy,1,1,psd__absolute_power__gamma__roi__R3__iqr__OE,,
dummy,1,1,psd__absolute_power__gamma__roi__R3__median__CE,,
dummy,1,1,psd__absolute_power__gamma__roi__R3__median__CE_minus_OE,,
dummy,1,1,psd__absolute_power__gamma__roi__R3__median__OE,,
dummy,1,1,psd__absolute_power__gamma__roi__R4__iqr__CE,,
dummy,1,1,psd__absolute_power__gamma__roi__R4__iqr__CE_minus_OE,,
dummy,1,1,psd__absolute_power__gamma__roi__R4__iqr__OE,,
dummy,1,1,psd__absolute_power__gamma__roi__R4__median__CE,,
dummy,1,1,psd__absolute_power__gamma__roi__R4__median__CE_minus_OE,,
dummy,1,1,psd__absolute_power__gamma__roi__R4__median__OE,,
dummy,1,1,psd__absolute_power__gamma__roi__R5__iqr__CE,,
dummy,1,1,psd__absolute_power__gamma__roi__R5__iqr__CE_minus_OE,,
dummy,1,1,psd__absolute_power__gamma__roi__R5__iqr__OE,,
dummy,1,1,psd__absolute_power__gamma__roi__R5__median__CE,,
dummy,1,1,psd__absolute_power__gamma__roi__R5__median__CE_minus_OE,,
dummy,1,1,psd__absolute_power__gamma__roi__R5__median__OE,,
dummy,1,1,psd__absolute_power__gamma__roi__R6__iqr__CE,,
dummy,1,1,psd__absolute_power__gamma__roi__R6__iqr__CE_minus_OE,,
dummy,1,1,psd__absolute_power__gamma__roi__R6__iqr__OE,,
dummy,1,1,psd__absolute_power__gamma__roi__R6__median__CE,,
dummy,1,1,psd__absolute_power__gamma__roi__R6__median__CE_minus_OE,,
dummy,1,1,psd__absolute_power__gamma__roi__R6__median__OE,,
dummy,1,1,psd__absolute_power__theta__roi__R1__iqr__CE,,
dummy,1,1,psd__absolute_power__theta__roi__R1__iqr__CE_minus_OE,,
dummy,1,1,psd__absolute_power__theta__roi__R1__iqr__OE,,
dummy,1,1,psd__absolute_power__theta__roi__R1__median__CE,,
dummy,1,1,psd__absolute_power__theta__roi__R1__median__CE_minus_OE,,
dummy,1,1,psd__absolute_power__theta__roi__R1__median__OE,,
dummy,1,1,psd__absolute_power__theta__roi__R2__iqr__CE,,
dummy,1,1,psd__absolute_power__theta__roi__R2__iqr__CE_minus_OE,,
dummy,1,1,psd__absolute_power__theta__roi__R2__iqr__OE,,
dummy,1,1,psd__absolute_power__theta__roi__R2__median__CE,,
dummy,1,1,psd__absolute_power__theta__roi__R2__median__CE_minus_OE,,
dummy,1,1,psd__absolute_power__theta__roi__R2__median__OE,,
dummy,1,1,psd__absolute_power__theta__roi__R3__iqr__CE,,
dummy,1,1,psd__absolute_power__theta__roi__R3__iqr__CE_minus_OE,,
dummy,1,1,psd__absolute_power__theta__roi__R3__iqr__OE,,
dummy,1,1,psd__absolute_power__theta__roi__R3__median__CE,,
dummy,1,1,psd__absolute_power__theta__roi__R3__median__CE_minus_OE,,
dummy,1,1,psd__absolute_power__theta__roi__R3__median__OE,,
dummy,1,1,psd__absolute_power__theta__roi__R4__iqr__CE,,
dummy,1,1,psd__absolute_power__theta__roi__R4__iqr__CE_minus_OE,,
dummy,1,1,psd__absolute_power__theta__roi__R4__iqr__OE,,
dummy,1,1,psd__absolute_power__theta__roi__R4__median__CE,,
dummy,1,1,psd__absolute_power__theta__roi__R4__median__CE_minus_OE,,
dummy,1,1,psd__absolute_power__theta__roi__R4__median__OE,,
dummy,1,1,psd__absolute_power__theta__roi__R5__iqr__CE,,
dummy,1,1,psd__absolute_power__theta__roi__R5__iqr__CE_minus_OE,,
dummy,1,1,psd__absolute_power__theta__roi__R5__iqr__OE,,
dummy,1,1,psd__absolute_power__theta__roi__R5__median__CE,,
dummy,1,1,psd__absolute_power__theta__roi__R5__median__CE_minus_OE,,
dummy,1,1,psd__absolute_power__theta__roi__R5__median__OE,,
dummy,1,1,psd__absolute_power__theta__roi__R6__iqr__CE,,
dummy,1,1,psd__absolute_power__theta__roi__R6__iqr__CE_minus_OE,,
dummy,1,1,psd__absolute_power__theta__roi__R6__iqr__OE,,
dummy,1,1,psd__absolute_power__theta__roi__R6__median__CE,,
dummy,1,1,psd__absolute_power__theta__roi__R6__median__CE_minus_OE,,
dummy,1,1,psd__absolute_power__theta__roi__R6__median__OE,,
dummy,1,1,psd__delta_alpha_ratio__derived__roi__R1__iqr__CE,,
dummy,1,1,psd__delta_alpha_ratio__derived__roi__R1__iqr__CE_minus_OE,,
dummy,1,1,psd__delta_alpha_ratio__derived__roi__R1__iqr__OE,,
dummy,1,1,psd__delta_alpha_ratio__derived__roi__R1__median__CE,,
dummy,1,1,psd__delta_alpha_ratio__derived__roi__R1__median__CE_minus_OE,,
dummy,1,1,psd__delta_alpha_ratio__derived__roi__R1__median__OE,,
dummy,1,1,psd__delta_alpha_ratio__derived__roi__R2__iqr__CE,,
dummy,1,1,psd__delta_alpha_ratio__derived__roi__R2__iqr__CE_minus_OE,,
dummy,1,1,psd__delta_alpha_ratio__derived__roi__R2__iqr__OE,,
dummy,1,1,psd__delta_alpha_ratio__derived__roi__R2__median__CE,,
dummy,1,1,psd__delta_alpha_ratio__derived__roi__R2__median__CE_minus_OE,,
dummy,1,1,psd__delta_alpha_ratio__derived__roi__R2__median__OE,,
dummy,1,1,psd__delta_alpha_ratio__derived__roi__R3__iqr__CE,,
dummy,1,1,psd__delta_alpha_ratio__derived__roi__R3__iqr__CE_minus_OE,,
dummy,1,1,psd__delta_alpha_ratio__derived__roi__R3__iqr__OE,,
dummy,1,1,psd__delta_alpha_ratio__derived__roi__R3__median__CE,,
dummy,1,1,psd__delta_alpha_ratio__derived__roi__R3__median__CE_minus_OE,,
dummy,1,1,psd__delta_alpha_ratio__derived__roi__R3__median__OE,,
dummy,1,1,psd__delta_alpha_ratio__derived__roi__R4__iqr__CE,,
dummy,1,1,psd__delta_alpha_ratio__derived__roi__R4__iqr__CE_minus_OE,,
dummy,1,1,psd__delta_alpha_ratio__derived__roi__R4__iqr__OE,,
dummy,1,1,psd__delta_alpha_ratio__derived__roi__R4__median__CE,,
dummy,1,1,psd__delta_alpha_ratio__derived__roi__R4__median__CE_minus_OE,,
dummy,1,1,psd__delta_alpha_ratio__derived__roi__R4__median__OE,,
dummy,1,1,psd__delta_alpha_ratio__derived__roi__R5__iqr__CE,,
dummy,1,1,psd__delta_alpha_ratio__derived__roi__R5__iqr__CE_minus_OE,,
dummy,1,1,psd__delta_alpha_ratio__derived__roi__R5__iqr__OE,,
dummy,1,1,psd__delta_alpha_ratio__derived__roi__R5__median__CE,,
dummy,1,1,psd__delta_alpha_ratio__derived__roi__R5__median__CE_minus_OE,,
dummy,1,1,psd__delta_alpha_ratio__derived__roi__R5__median__OE,,
dummy,1,1,psd__delta_alpha_ratio__derived__roi__R6__iqr__CE,,
dummy,1,1,psd__delta_alpha_ratio__derived__roi__R6__iqr__CE_minus_OE,,
dummy,1,1,psd__delta_alpha_ratio__derived__roi__R6__iqr__OE,,
dummy,1,1,psd__delta_alpha_ratio__derived__roi__R6__median__CE,,
dummy,1,1,psd__delta_alpha_ratio__derived__roi__R6__median__CE_minus_OE,,
dummy,1,1,psd__delta_alpha_ratio__derived__roi__R6__median__OE,,
dummy,1,1,psd__relative_power__alpha__roi__R1__iqr__CE,,
dummy,1,1,psd__relative_power__alpha__roi__R1__iqr__CE_minus_OE,,
dummy,1,1,psd__relative_power__alpha__roi__R1__iqr__OE,,
dummy,1,1,psd__relative_power__alpha__roi__R1__median__CE,,
dummy,1,1,psd__relative_power__alpha__roi__R1__median__CE_minus_OE,,
dummy,1,1,psd__relative_power__alpha__roi__R1__median__OE,,
dummy,1,1,psd__relative_power__alpha__roi__R2__iqr__CE,,
dummy,1,1,psd__relative_power__alpha__roi__R2__iqr__CE_minus_OE,,
dummy,1,1,psd__relative_power__alpha__roi__R2__iqr__OE,,
dummy,1,1,psd__relative_power__alpha__roi__R2__median__CE,,
dummy,1,1,psd__relative_power__alpha__roi__R2__median__CE_minus_OE,,
dummy,1,1,psd__relative_power__alpha__roi__R2__median__OE,,
dummy,1,1,psd__relative_power__alpha__roi__R3__iqr__CE,,
dummy,1,1,psd__relative_power__alpha__roi__R3__iqr__CE_minus_OE,,
dummy,1,1,psd__relative_power__alpha__roi__R3__iqr__OE,,
dummy,1,1,psd__relative_power__alpha__roi__R3__median__CE,,
dummy,1,1,psd__relative_power__alpha__roi__R3__median__CE_minus_OE,,
dummy,1,1,psd__relative_power__alpha__roi__R3__median__OE,,
dummy,1,1,psd__relative_power__alpha__roi__R4__iqr__CE,,
dummy,1,1,psd__relative_power__alpha__roi__R4__iqr__CE_minus_OE,,
dummy,1,1,psd__relative_power__alpha__roi__R4__iqr__OE,,
dummy,1,1,psd__relative_power__alpha__roi__R4__median__CE,,
dummy,1,1,psd__relative_power__alpha__roi__R4__median__CE_minus_OE,,
dummy,1,1,psd__relative_power__alpha__roi__R4__median__OE,,
dummy,1,1,psd__relative_power__alpha__roi__R5__iqr__CE,,
dummy,1,1,psd__relative_power__alpha__roi__R5__iqr__CE_minus_OE,,
dummy,1,1,psd__relative_power__alpha__roi__R5__iqr__OE,,
dummy,1,1,psd__relative_power__alpha__roi__R5__median__CE,,
dummy,1,1,psd__relative_power__alpha__roi__R5__median__CE_minus_OE,,
dummy,1,1,psd__relative_power__alpha__roi__R5__median__OE,,
dummy,1,1,psd__relative_power__alpha__roi__R6__iqr__CE,,
dummy,1,1,psd__relative_power__alpha__roi__R6__iqr__CE_minus_OE,,
dummy,1,1,psd__relative_power__alpha__roi__R6__iqr__OE,,
dummy,1,1,psd__relative_power__alpha__roi__R6__median__CE,,
dummy,1,1,psd__relative_power__alpha__roi__R6__median__CE_minus_OE,,
dummy,1,1,psd__relative_power__alpha__roi__R6__median__OE,,
dummy,1,1,psd__relative_power__beta__roi__R1__iqr__CE,,
dummy,1,1,psd__relative_power__beta__roi__R1__iqr__CE_minus_OE,,
dummy,1,1,psd__relative_power__beta__roi__R1__iqr__OE,,
dummy,1,1,psd__relative_power__beta__roi__R1__median__CE,,
dummy,1,1,psd__relative_power__beta__roi__R1__median__CE_minus_OE,,
dummy,1,1,psd__relative_power__beta__roi__R1__median__OE,,
dummy,1,1,psd__relative_power__beta__roi__R2__iqr__CE,,
dummy,1,1,psd__relative_power__beta__roi__R2__iqr__CE_minus_OE,,
dummy,1,1,psd__relative_power__beta__roi__R2__iqr__OE,,
dummy,1,1,psd__relative_power__beta__roi__R2__median__CE,,
dummy,1,1,psd__relative_power__beta__roi__R2__median__CE_minus_OE,,
dummy,1,1,psd__relative_power__beta__roi__R2__median__OE,,
dummy,1,1,psd__relative_power__beta__roi__R3__iqr__CE,,
dummy,1,1,psd__relative_power__beta__roi__R3__iqr__CE_minus_OE,,
dummy,1,1,psd__relative_power__beta__roi__R3__iqr__OE,,
dummy,1,1,psd__relative_power__beta__roi__R3__median__CE,,
dummy,1,1,psd__relative_power__beta__roi__R3__median__CE_minus_OE,,
dummy,1,1,psd__relative_power__beta__roi__R3__median__OE,,
dummy,1,1,psd__relative_power__beta__roi__R4__iqr__CE,,
dummy,1,1,psd__relative_power__beta__roi__R4__iqr__CE_minus_OE,,
dummy,1,1,psd__relative_power__beta__roi__R4__iqr__OE,,
dummy,1,1,psd__relative_power__beta__roi__R4__median__CE,,
dummy,1,1,psd__relative_power__beta__roi__R4__median__CE_minus_OE,,
dummy,1,1,psd__relative_power__beta__roi__R4__median__OE,,
dummy,1,1,psd__relative_power__beta__roi__R5__iqr__CE,,
dummy,1,1,psd__relative_power__beta__roi__R5__iqr__CE_minus_OE,,
dummy,1,1,psd__relative_power__beta__roi__R5__iqr__OE,,
dummy,1,1,psd__relative_power__beta__roi__R5__median__CE,,
dummy,1,1,psd__relative_power__beta__roi__R5__median__CE_minus_OE,,
dummy,1,1,psd__relative_power__beta__roi__R5__median__OE,,
dummy,1,1,psd__relative_power__beta__roi__R6__iqr__CE,,
dummy,1,1,psd__relative_power__beta__roi__R6__iqr__CE_minus_OE,,
dummy,1,1,psd__relative_power__beta__roi__R6__iqr__OE,,
dummy,1,1,psd__relative_power__beta__roi__R6__median__CE,,
dummy,1,1,psd__relative_power__beta__roi__R6__median__CE_minus_OE,,
dummy,1,1,psd__relative_power__beta__roi__R6__median__OE,,
dummy,1,1,psd__relative_power__delta__roi__R1__iqr__CE,,
dummy,1,1,psd__relative_power__delta__roi__R1__iqr__CE_minus_OE,,
dummy,1,1,psd__relative_power__delta__roi__R1__iqr__OE,,
dummy,1,1,psd__relative_power__delta__roi__R1__median__CE,,
dummy,1,1,psd__relative_power__delta__roi__R1__median__CE_minus_OE,,
dummy,1,1,psd__relative_power__delta__roi__R1__median__OE,,
dummy,1,1,psd__relative_power__delta__roi__R2__iqr__CE,,
dummy,1,1,psd__relative_power__delta__roi__R2__iqr__CE_minus_OE,,
dummy,1,1,psd__relative_power__delta__roi__R2__iqr__OE,,
dummy,1,1,psd__relative_power__delta__roi__R2__median__CE,,
dummy,1,1,psd__relative_power__delta__roi__R2__median__CE_minus_OE,,
dummy,1,1,psd__relative_power__delta__roi__R2__median__OE,,
dummy,1,1,psd__relative_power__delta__roi__R3__iqr__CE,,
dummy,1,1,psd__relative_power__delta__roi__R3__iqr__CE_minus_OE,,
dummy,1,1,psd__relative_power__delta__roi__R3__iqr__OE,,
dummy,1,1,psd__relative_power__delta__roi__R3__median__CE,,
dummy,1,1,psd__relative_power__delta__roi__R3__median__CE_minus_OE,,
dummy,1,1,psd__relative_power__delta__roi__R3__median__OE,,
dummy,1,1,psd__relative_power__delta__roi__R4__iqr__CE,,
dummy,1,1,psd__relative_power__delta__roi__R4__iqr__CE_minus_OE,,
dummy,1,1,psd__relative_power__delta__roi__R4__iqr__OE,,
dummy,1,1,psd__relative_power__delta__roi__R4__median__CE,,
dummy,1,1,psd__relative_power__delta__roi__R4__median__CE_minus_OE,,
dummy,1,1,psd__relative_power__delta__roi__R4__median__OE,,
dummy,1,1,psd__relative_power__delta__roi__R5__iqr__CE,,
dummy,1,1,psd__relative_power__delta__roi__R5__iqr__CE_minus_OE,,
dummy,1,1,psd__relative_power__delta__roi__R5__iqr__OE,,
dummy,1,1,psd__relative_power__delta__roi__R5__median__CE,,
dummy,1,1,psd__relative_power__delta__roi__R5__median__CE_minus_OE,,
dummy,1,1,psd__relative_power__delta__roi__R5__median__OE,,
dummy,1,1,psd__relative_power__delta__roi__R6__iqr__CE,,
dummy,1,1,psd__relative_power__delta__roi__R6__iqr__CE_minus_OE,,
dummy,1,1,psd__relative_power__delta__roi__R6__iqr__OE,,
dummy,1,1,psd__relative_power__delta__roi__R6__median__CE,,
dummy,1,1,psd__relative_power__delta__roi__R6__median__CE_minus_OE,,
dummy,1,1,psd__relative_power__delta__roi__R6__median__OE,,
dummy,1,1,psd__relative_power__gamma__roi__R1__iqr__CE,,
dummy,1,1,psd__relative_power__gamma__roi__R1__iqr__CE_minus_OE,,
dummy,1,1,psd__relative_power__gamma__roi__R1__iqr__OE,,
dummy,1,1,psd__relative_power__gamma__roi__R1__median__CE,,
dummy,1,1,psd__relative_power__gamma__roi__R1__median__CE_minus_OE,,
dummy,1,1,psd__relative_power__gamma__roi__R1__median__OE,,
dummy,1,1,psd__relative_power__gamma__roi__R2__iqr__CE,,
dummy,1,1,psd__relative_power__gamma__roi__R2__iqr__CE_minus_OE,,
dummy,1,1,psd__relative_power__gamma__roi__R2__iqr__OE,,
dummy,1,1,psd__relative_power__gamma__roi__R2__median__CE,,
dummy,1,1,psd__relative_power__gamma__roi__R2__median__CE_minus_OE,,
dummy,1,1,psd__relative_power__gamma__roi__R2__median__OE,,
dummy,1,1,psd__relative_power__gamma__roi__R3__iqr__CE,,
dummy,1,1,psd__relative_power__gamma__roi__R3__iqr__CE_minus_OE,,
dummy,1,1,psd__relative_power__gamma__roi__R3__iqr__OE,,
dummy,1,1,psd__relative_power__gamma__roi__R3__median__CE,,
dummy,1,1,psd__relative_power__gamma__roi__R3__median__CE_minus_OE,,
dummy,1,1,psd__relative_power__gamma__roi__R3__median__OE,,
dummy,1,1,psd__relative_power__gamma__roi__R4__iqr__CE,,
dummy,1,1,psd__relative_power__gamma__roi__R4__iqr__CE_minus_OE,,
dummy,1,1,psd__relative_power__gamma__roi__R4__iqr__OE,,
dummy,1,1,psd__relative_power__gamma__roi__R4__median__CE,,
dummy,1,1,psd__relative_power__gamma__roi__R4__median__CE_minus_OE,,
dummy,1,1,psd__relative_power__gamma__roi__R4__median__OE,,
dummy,1,1,psd__relative_power__gamma__roi__R5__iqr__CE,,
dummy,1,1,psd__relative_power__gamma__roi__R5__iqr__CE_minus_OE,,
dummy,1,1,psd__relative_power__gamma__roi__R5__iqr__OE,,
dummy,1,1,psd__relative_power__gamma__roi__R5__median__CE,,
dummy,1,1,psd__relative_power__gamma__roi__R5__median__CE_minus_OE,,
dummy,1,1,psd__relative_power__gamma__roi__R5__median__OE,,
dummy,1,1,psd__relative_power__gamma__roi__R6__iqr__CE,,
dummy,1,1,psd__relative_power__gamma__roi__R6__iqr__CE_minus_OE,,
dummy,1,1,psd__relative_power__gamma__roi__R6__iqr__OE,,
dummy,1,1,psd__relative_power__gamma__roi__R6__median__CE,,
dummy,1,1,psd__relative_power__gamma__roi__R6__median__CE_minus_OE,,
dummy,1,1,psd__relative_power__gamma__roi__R6__median__OE,,
dummy,1,1,psd__relative_power__theta__roi__R1__iqr__CE,,
dummy,1,1,psd__relative_power__theta__roi__R1__iqr__CE_minus_OE,,
dummy,1,1,psd__relative_power__theta__roi__R1__iqr__OE,,
dummy,1,1,psd__relative_power__theta__roi__R1__median__CE,,
dummy,1,1,psd__relative_power__theta__roi__R1__median__CE_minus_OE,,
dummy,1,1,psd__relative_power__theta__roi__R1__median__OE,,
dummy,1,1,psd__relative_power__theta__roi__R2__iqr__CE,,
dummy,1,1,psd__relative_power__theta__roi__R2__iqr__CE_minus_OE,,
dummy,1,1,psd__relative_power__theta__roi__R2__iqr__OE,,
dummy,1,1,psd__relative_power__theta__roi__R2__median__CE,,
dummy,1,1,psd__relative_power__theta__roi__R2__median__CE_minus_OE,,
dummy,1,1,psd__relative_power__theta__roi__R2__median__OE,,
dummy,1,1,psd__relative_power__theta__roi__R3__iqr__CE,,
dummy,1,1,psd__relative_power__theta__roi__R3__iqr__CE_minus_OE,,
dummy,1,1,psd__relative_power__theta__roi__R3__iqr__OE,,
dummy,1,1,psd__relative_power__theta__roi__R3__median__CE,,
dummy,1,1,psd__relative_power__theta__roi__R3__median__CE_minus_OE,,
dummy,1,1,psd__relative_power__theta__roi__R3__median__OE,,
dummy,1,1,psd__relative_power__theta__roi__R4__iqr__CE,,
dummy,1,1,psd__relative_power__theta__roi__R4__iqr__CE_minus_OE,,
dummy,1,1,psd__relative_power__theta__roi__R4__iqr__OE,,
dummy,1,1,psd__relative_power__theta__roi__R4__median__CE,,
dummy,1,1,psd__relative_power__theta__roi__R4__median__CE_minus_OE,,
dummy,1,1,psd__relative_power__theta__roi__R4__median__OE,,
dummy,1,1,psd__relative_power__theta__roi__R5__iqr__CE,,
dummy,1,1,psd__relative_power__theta__roi__R5__iqr__CE_minus_OE,,
dummy,1,1,psd__relative_power__theta__roi__R5__iqr__OE,,
dummy,1,1,psd__relative_power__theta__roi__R5__median__CE,,
dummy,1,1,psd__relative_power__theta__roi__R5__median__CE_minus_OE,,
dummy,1,1,psd__relative_power__theta__roi__R5__median__OE,,
dummy,1,1,psd__relative_power__theta__roi__R6__iqr__CE,,
dummy,1,1,psd__relative_power__theta__roi__R6__iqr__CE_minus_OE,,
dummy,1,1,psd__relative_power__theta__roi__R6__iqr__OE,,
dummy,1,1,psd__relative_power__theta__roi__R6__median__CE,,
dummy,1,1,psd__relative_power__theta__roi__R6__median__CE_minus_OE,,
dummy,1,1,psd__relative_power__theta__roi__R6__median__OE,,
dummy,1,1,psd__sfr__derived__roi__R1__iqr__CE,,
dummy,1,1,psd__sfr__derived__roi__R1__iqr__CE_minus_OE,,
dummy,1,1,psd__sfr__derived__roi__R1__iqr__OE,,
dummy,1,1,psd__sfr__derived__roi__R1__median__CE,,
dummy,1,1,psd__sfr__derived__roi__R1__median__CE_minus_OE,,
dummy,1,1,psd__sfr__derived__roi__R1__median__OE,,
dummy,1,1,psd__sfr__derived__roi__R2__iqr__CE,,
dummy,1,1,psd__sfr__derived__roi__R2__iqr__CE_minus_OE,,
dummy,1,1,psd__sfr__derived__roi__R2__iqr__OE,,
dummy,1,1,psd__sfr__derived__roi__R2__median__CE,,
dummy,1,1,psd__sfr__derived__roi__R2__median__CE_minus_OE,,
dummy,1,1,psd__sfr__derived__roi__R2__median__OE,,
dummy,1,1,psd__sfr__derived__roi__R3__iqr__CE,,
dummy,1,1,psd__sfr__derived__roi__R3__iqr__CE_minus_OE,,
dummy,1,1,psd__sfr__derived__roi__R3__iqr__OE,,
dummy,1,1,psd__sfr__derived__roi__R3__median__CE,,
dummy,1,1,psd__sfr__derived__roi__R3__median__CE_minus_OE,,
dummy,1,1,psd__sfr__derived__roi__R3__median__OE,,
dummy,1,1,psd__sfr__derived__roi__R4__iqr__CE,,
dummy,1,1,psd__sfr__derived__roi__R4__iqr__CE_minus_OE,,
dummy,1,1,psd__sfr__derived__roi__R4__iqr__OE,,
dummy,1,1,psd__sfr__derived__roi__R4__median__CE,,
dummy,1,1,psd__sfr__derived__roi__R4__median__CE_minus_OE,,
dummy,1,1,psd__sfr__derived__roi__R4__median__OE,,
dummy,1,1,psd__sfr__derived__roi__R5__iqr__CE,,
dummy,1,1,psd__sfr__derived__roi__R5__iqr__CE_minus_OE,,
dummy,1,1,psd__sfr__derived__roi__R5__iqr__OE,,
dummy,1,1,psd__sfr__derived__roi__R5__median__CE,,
dummy,1,1,psd__sfr__derived__roi__R5__median__CE_minus_OE,,
dummy,1,1,psd__sfr__derived__roi__R5__median__OE,,
dummy,1,1,psd__sfr__derived__roi__R6__iqr__CE,,
dummy,1,1,psd__sfr__derived__roi__R6__iqr__CE_minus_OE,,
dummy,1,1,psd__sfr__derived__roi__R6__iqr__OE,,
dummy,1,1,psd__sfr__derived__roi__R6__median__CE,,
dummy,1,1,psd__sfr__derived__roi__R6__median__CE_minus_OE,,
dummy,1,1,psd__sfr__derived__roi__R6__median__OE,,
dummy,1,1,psd__theta_alpha_ratio__derived__roi__R1__iqr__CE,,
dummy,1,1,psd__theta_alpha_ratio__derived__roi__R1__iqr__CE_minus_OE,,
dummy,1,1,psd__theta_alpha_ratio__derived__roi__R1__iqr__OE,,
dummy,1,1,psd__theta_alpha_ratio__derived__roi__R1__median__CE,,
dummy,1,1,psd__theta_alpha_ratio__derived__roi__R1__median__CE_minus_OE,,
dummy,1,1,psd__theta_alpha_ratio__derived__roi__R1__median__OE,,
dummy,1,1,psd__theta_alpha_ratio__derived__roi__R2__iqr__CE,,
dummy,1,1,psd__theta_alpha_ratio__derived__roi__R2__iqr__CE_minus_OE,,
dummy,1,1,psd__theta_alpha_ratio__derived__roi__R2__iqr__OE,,
dummy,1,1,psd__theta_alpha_ratio__derived__roi__R2__median__CE,,
dummy,1,1,psd__theta_alpha_ratio__derived__roi__R2__median__CE_minus_OE,,
dummy,1,1,psd__theta_alpha_ratio__derived__roi__R2__median__OE,,
dummy,1,1,psd__theta_alpha_ratio__derived__roi__R3__iqr__CE,,
dummy,1,1,psd__theta_alpha_ratio__derived__roi__R3__iqr__CE_minus_OE,,
dummy,1,1,psd__theta_alpha_ratio__derived__roi__R3__iqr__OE,,
dummy,1,1,psd__theta_alpha_ratio__derived__roi__R3__median__CE,,
dummy,1,1,psd__theta_alpha_ratio__derived__roi__R3__median__CE_minus_OE,,
dummy,1,1,psd__theta_alpha_ratio__derived__roi__R3__median__OE,,
dummy,1,1,psd__theta_alpha_ratio__derived__roi__R4__iqr__CE,,
dummy,1,1,psd__theta_alpha_ratio__derived__roi__R4__iqr__CE_minus_OE,,
dummy,1,1,psd__theta_alpha_ratio__derived__roi__R4__iqr__OE,,
dummy,1,1,psd__theta_alpha_ratio__derived__roi__R4__median__CE,,
dummy,1,1,psd__theta_alpha_ratio__derived__roi__R4__median__CE_minus_OE,,
dummy,1,1,psd__theta_alpha_ratio__derived__roi__R4__median__OE,,
dummy,1,1,psd__theta_alpha_ratio__derived__roi__R5__iqr__CE,,
dummy,1,1,psd__theta_alpha_ratio__derived__roi__R5__iqr__CE_minus_OE,,
dummy,1,1,psd__theta_alpha_ratio__derived__roi__R5__iqr__OE,,
dummy,1,1,psd__theta_alpha_ratio__derived__roi__R5__median__CE,,
dummy,1,1,psd__theta_alpha_ratio__derived__roi__R5__median__CE_minus_OE,,
dummy,1,1,psd__theta_alpha_ratio__derived__roi__R5__median__OE,,
dummy,1,1,psd__theta_alpha_ratio__derived__roi__R6__iqr__CE,,
dummy,1,1,psd__theta_alpha_ratio__derived__roi__R6__iqr__CE_minus_OE,,
dummy,1,1,psd__theta_alpha_ratio__derived__roi__R6__iqr__OE,,
dummy,1,1,psd__theta_alpha_ratio__derived__roi__R6__median__CE,,
dummy,1,1,psd__theta_alpha_ratio__derived__roi__R6__median__CE_minus_OE,,
dummy,1,1,psd__theta_alpha_ratio__derived__roi__R6__median__OE,,
dummy,1,2,complexity__spectral_entropy__broadband__roi__R1__iqr__CE,,
dummy,1,2,complexity__spectral_entropy__broadband__roi__R1__iqr__CE_minus_OE,,
dummy,1,2,complexity__spectral_entropy__broadband__roi__R1__iqr__OE,,
dummy,1,2,complexity__spectral_entropy__broadband__roi__R1__median__CE,,
dummy,1,2,complexity__spectral_entropy__broadband__roi__R1__median__CE_minus_OE,,
dummy,1,2,complexity__spectral_entropy__broadband__roi__R1__median__OE,,
dummy,1,2,complexity__spectral_entropy__broadband__roi__R2__iqr__CE,,
dummy,1,2,complexity__spectral_entropy__broadband__roi__R2__iqr__CE_minus_OE,,
dummy,1,2,complexity__spectral_entropy__broadband__roi__R2__iqr__OE,,
dummy,1,2,complexity__spectral_entropy__broadband__roi__R2__median__CE,,
dummy,1,2,complexity__spectral_entropy__broadband__roi__R2__median__CE_minus_OE,,
dummy,1,2,complexity__spectral_entropy__broadband__roi__R2__median__OE,,
dummy,1,2,complexity__spectral_entropy__broadband__roi__R3__iqr__CE,,
dummy,1,2,complexity__spectral_entropy__broadband__roi__R3__iqr__CE_minus_OE,,
dummy,1,2,complexity__spectral_entropy__broadband__roi__R3__iqr__OE,,
dummy,1,2,complexity__spectral_entropy__broadband__roi__R3__median__CE,,
dummy,1,2,complexity__spectral_entropy__broadband__roi__R3__median__CE_minus_OE,,
dummy,1,2,complexity__spectral_entropy__broadband__roi__R3__median__OE,,
dummy,1,2,complexity__spectral_entropy__broadband__roi__R4__iqr__CE,,
dummy,1,2,complexity__spectral_entropy__broadband__roi__R4__iqr__CE_minus_OE,,
dummy,1,2,complexity__spectral_entropy__broadband__roi__R4__iqr__OE,,
dummy,1,2,complexity__spectral_entropy__broadband__roi__R4__median__CE,,
dummy,1,2,complexity__spectral_entropy__broadband__roi__R4__median__CE_minus_OE,,
dummy,1,2,complexity__spectral_entropy__broadband__roi__R4__median__OE,,
dummy,1,2,complexity__spectral_entropy__broadband__roi__R5__iqr__CE,,
dummy,1,2,complexity__spectral_entropy__broadband__roi__R5__iqr__CE_minus_OE,,
dummy,1,2,complexity__spectral_entropy__broadband__roi__R5__iqr__OE,,
dummy,1,2,complexity__spectral_entropy__broadband__roi__R5__median__CE,,
dummy,1,2,complexity__spectral_entropy__broadband__roi__R5__median__CE_minus_OE,,
dummy,1,2,complexity__spectral_entropy__broadband__roi__R5__median__OE,,
dummy,1,2,complexity__spectral_entropy__broadband__roi__R6__iqr__CE,,
dummy,1,2,complexity__spectral_entropy__broadband__roi__R6__iqr__CE_minus_OE,,
dummy,1,2,complexity__spectral_entropy__broadband__roi__R6__iqr__OE,,
dummy,1,2,complexity__spectral_entropy__broadband__roi__R6__median__CE,,
dummy,1,2,complexity__spectral_entropy__broadband__roi__R6__median__CE_minus_OE,,
dummy,1,2,complexity__spectral_entropy__broadband__roi__R6__median__OE,,
dummy,1,2,psd__absolute_power__alpha__roi__R1__iqr__CE,,
dummy,1,2,psd__absolute_power__alpha__roi__R1__iqr__CE_minus_OE,,
dummy,1,2,psd__absolute_power__alpha__roi__R1__iqr__OE,,
dummy,1,2,psd__absolute_power__alpha__roi__R1__median__CE,,
dummy,1,2,psd__absolute_power__alpha__roi__R1__median__CE_minus_OE,,
dummy,1,2,psd__absolute_power__alpha__roi__R1__median__OE,,
dummy,1,2,psd__absolute_power__alpha__roi__R2__iqr__CE,,
dummy,1,2,psd__absolute_power__alpha__roi__R2__iqr__CE_minus_OE,,
dummy,1,2,psd__absolute_power__alpha__roi__R2__iqr__OE,,
dummy,1,2,psd__absolute_power__alpha__roi__R2__median__CE,,
dummy,1,2,psd__absolute_power__alpha__roi__R2__median__CE_minus_OE,,
dummy,1,2,psd__absolute_power__alpha__roi__R2__median__OE,,
dummy,1,2,psd__absolute_power__alpha__roi__R3__iqr__CE,,
dummy,1,2,psd__absolute_power__alpha__roi__R3__iqr__CE_minus_OE,,
dummy,1,2,psd__absolute_power__alpha__roi__R3__iqr__OE,,
dummy,1,2,psd__absolute_power__alpha__roi__R3__median__CE,,
dummy,1,2,psd__absolute_power__alpha__roi__R3__median__CE_minus_OE,,
dummy,1,2,psd__absolute_power__alpha__roi__R3__median__OE,,
dummy,1,2,psd__absolute_power__alpha__roi__R4__iqr__CE,,
dummy,1,2,psd__absolute_power__alpha__roi__R4__iqr__CE_minus_OE,,
dummy,1,2,psd__absolute_power__alpha__roi__R4__iqr__OE,,
dummy,1,2,psd__absolute_power__alpha__roi__R4__median__CE,,
dummy,1,2,psd__absolute_power__alpha__roi__R4__median__CE_minus_OE,,
dummy,1,2,psd__absolute_power__alpha__roi__R4__median__OE,,
dummy,1,2,psd__absolute_power__alpha__roi__R5__iqr__CE,,
dummy,1,2,psd__absolute_power__alpha__roi__R5__iqr__CE_minus_OE,,
dummy,1,2,psd__absolute_power__alpha__roi__R5__iqr__OE,,
dummy,1,2,psd__absolute_power__alpha__roi__R5__median__CE,,
dummy,1,2,psd__absolute_power__alpha__roi__R5__median__CE_minus_OE,,
dummy,1,2,psd__absolute_power__alpha__roi__R5__median__OE,,
dummy,1,2,psd__absolute_power__alpha__roi__R6__iqr__CE,,
dummy,1,2,psd__absolute_power__alpha__roi__R6__iqr__CE_minus_OE,,
dummy,1,2,psd__absolute_power__alpha__roi__R6__iqr__OE,,
dummy,1,2,psd__absolute_power__alpha__roi__R6__median__CE,,
dummy,1,2,psd__absolute_power__alpha__roi__R6__median__CE_minus_OE,,
dummy,1,2,psd__absolute_power__alpha__roi__R6__median__OE,,
dummy,1,2,psd__absolute_power__beta__roi__R1__iqr__CE,,
dummy,1,2,psd__absolute_power__beta__roi__R1__iqr__CE_minus_OE,,
dummy,1,2,psd__absolute_power__beta__roi__R1__iqr__OE,,
dummy,1,2,psd__absolute_power__beta__roi__R1__median__CE,,
dummy,1,2,psd__absolute_power__beta__roi__R1__median__CE_minus_OE,,
dummy,1,2,psd__absolute_power__beta__roi__R1__median__OE,,
dummy,1,2,psd__absolute_power__beta__roi__R2__iqr__CE,,
dummy,1,2,psd__absolute_power__beta__roi__R2__iqr__CE_minus_OE,,
dummy,1,2,psd__absolute_power__beta__roi__R2__iqr__OE,,
dummy,1,2,psd__absolute_power__beta__roi__R2__median__CE,,
dummy,1,2,psd__absolute_power__beta__roi__R2__median__CE_minus_OE,,
dummy,1,2,psd__absolute_power__beta__roi__R2__median__OE,,
dummy,1,2,psd__absolute_power__beta__roi__R3__iqr__CE,,
dummy,1,2,psd__absolute_power__beta__roi__R3__iqr__CE_minus_OE,,
dummy,1,2,psd__absolute_power__beta__roi__R3__iqr__OE,,
dummy,1,2,psd__absolute_power__beta__roi__R3__median__CE,,
dummy,1,2,psd__absolute_power__beta__roi__R3__median__CE_minus_OE,,
dummy,1,2,psd__absolute_power__beta__roi__R3__median__OE,,
dummy,1,2,psd__absolute_power__beta__roi__R4__iqr__CE,,
dummy,1,2,psd__absolute_power__beta__roi__R4__iqr__CE_minus_OE,,
dummy,1,2,psd__absolute_power__beta__roi__R4__iqr__OE,,
dummy,1,2,psd__absolute_power__beta__roi__R4__median__CE,,
dummy,1,2,psd__absolute_power__beta__roi__R4__median__CE_minus_OE,,
dummy,1,2,psd__absolute_power__beta__roi__R4__median__OE,,
dummy,1,2,psd__absolute_power__beta__roi__R5__iqr__CE,,
dummy,1,2,psd__absolute_power__beta__roi__R5__iqr__CE_minus_OE,,
dummy,1,2,psd__absolute_power__beta__roi__R5__iqr__OE,,
dummy,1,2,psd__absolute_power__beta__roi__R5__median__CE,,
dummy,1,2,psd__absolute_power__beta__roi__R5__median__CE_minus_OE,,
dummy,1,2,psd__absolute_power__beta__roi__R5__median__OE,,
dummy,1,2,psd__absolute_power__beta__roi__R6__iqr__CE,,
dummy,1,2,psd__absolute_power__beta__roi__R6__iqr__CE_minus_OE,,
dummy,1,2,psd__absolute_power__beta__roi__R6__iqr__OE,,
dummy,1,2,psd__absolute_power__beta__roi__R6__median__CE,,
dummy,1,2,psd__absolute_power__beta__roi__R6__median__CE_minus_OE,,
dummy,1,2,psd__absolute_power__beta__roi__R6__median__OE,,
dummy,1,2,psd__absolute_power__delta__roi__R1__iqr__CE,,
dummy,1,2,psd__absolute_power__delta__roi__R1__iqr__CE_minus_OE,,
dummy,1,2,psd__absolute_power__delta__roi__R1__iqr__OE,,
dummy,1,2,psd__absolute_power__delta__roi__R1__median__CE,,
dummy,1,2,psd__absolute_power__delta__roi__R1__median__CE_minus_OE,,
dummy,1,2,psd__absolute_power__delta__roi__R1__median__OE,,
dummy,1,2,psd__absolute_power__delta__roi__R2__iqr__CE,,
dummy,1,2,psd__absolute_power__delta__roi__R2__iqr__CE_minus_OE,,
dummy,1,2,psd__absolute_power__delta__roi__R2__iqr__OE,,
dummy,1,2,psd__absolute_power__delta__roi__R2__median__CE,,
dummy,1,2,psd__absolute_power__delta__roi__R2__median__CE_minus_OE,,
dummy,1,2,psd__absolute_power__delta__roi__R2__median__OE,,
dummy,1,2,psd__absolute_power__delta__roi__R3__iqr__CE,,
dummy,1,2,psd__absolute_power__delta__roi__R3__iqr__CE_minus_OE,,
dummy,1,2,psd__absolute_power__delta__roi__R3__iqr__OE,,
dummy,1,2,psd__absolute_power__delta__roi__R3__median__CE,,
dummy,1,2,psd__absolute_power__delta__roi__R3__median__CE_minus_OE,,
dummy,1,2,psd__absolute_power__delta__roi__R3__median__OE,,
dummy,1,2,psd__absolute_power__delta__roi__R4__iqr__CE,,
dummy,1,2,psd__absolute_power__delta__roi__R4__iqr__CE_minus_OE,,
dummy,1,2,psd__absolute_power__delta__roi__R4__iqr__OE,,
dummy,1,2,psd__absolute_power__delta__roi__R4__median__CE,,
dummy,1,2,psd__absolute_power__delta__roi__R4__median__CE_minus_OE,,
dummy,1,2,psd__absolute_power__delta__roi__R4__median__OE,,
dummy,1,2,psd__absolute_power__delta__roi__R5__iqr__CE,,
dummy,1,2,psd__absolute_power__delta__roi__R5__iqr__CE_minus_OE,,
dummy,1,2,psd__absolute_power__delta__roi__R5__iqr__OE,,
dummy,1,2,psd__absolute_power__delta__roi__R5__median__CE,,
dummy,1,2,psd__absolute_power__delta__roi__R5__median__CE_minus_OE,,
dummy,1,2,psd__absolute_power__delta__roi__R5__median__OE,,
dummy,1,2,psd__absolute_power__delta__roi__R6__iqr__CE,,
dummy,1,2,psd__absolute_power__delta__roi__R6__iqr__CE_minus_OE,,
dummy,1,2,psd__absolute_power__delta__roi__R6__iqr__OE,,
dummy,1,2,psd__absolute_power__delta__roi__R6__median__CE,,
dummy,1,2,psd__absolute_power__delta__roi__R6__median__CE_minus_OE,,
dummy,1,2,psd__absolute_power__delta__roi__R6__median__OE,,
dummy,1,2,psd__absolute_power__gamma__roi__R1__iqr__CE,,
dummy,1,2,psd__absolute_power__gamma__roi__R1__iqr__CE_minus_OE,,
dummy,1,2,psd__absolute_power__gamma__roi__R1__iqr__OE,,
dummy,1,2,psd__absolute_power__gamma__roi__R1__median__CE,,
dummy,1,2,psd__absolute_power__gamma__roi__R1__median__CE_minus_OE,,
dummy,1,2,psd__absolute_power__gamma__roi__R1__median__OE,,
dummy,1,2,psd__absolute_power__gamma__roi__R2__iqr__CE,,
dummy,1,2,psd__absolute_power__gamma__roi__R2__iqr__CE_minus_OE,,
dummy,1,2,psd__absolute_power__gamma__roi__R2__iqr__OE,,
dummy,1,2,psd__absolute_power__gamma__roi__R2__median__CE,,
dummy,1,2,psd__absolute_power__gamma__roi__R2__median__CE_minus_OE,,
dummy,1,2,psd__absolute_power__gamma__roi__R2__median__OE,,
dummy,1,2,psd__absolute_power__gamma__roi__R3__iqr__CE,,
dummy,1,2,psd__absolute_power__gamma__roi__R3__iqr__CE_minus_OE,,
dummy,1,2,psd__absolute_power__gamma__roi__R3__iqr__OE,,
dummy,1,2,psd__absolute_power__gamma__roi__R3__median__CE,,
dummy,1,2,psd__absolute_power__gamma__roi__R3__median__CE_minus_OE,,
dummy,1,2,psd__absolute_power__gamma__roi__R3__median__OE,,
dummy,1,2,psd__absolute_power__gamma__roi__R4__iqr__CE,,
dummy,1,2,psd__absolute_power__gamma__roi__R4__iqr__CE_minus_OE,,
dummy,1,2,psd__absolute_power__gamma__roi__R4__iqr__OE,,
dummy,1,2,psd__absolute_power__gamma__roi__R4__median__CE,,
dummy,1,2,psd__absolute_power__gamma__roi__R4__median__CE_minus_OE,,
dummy,1,2,psd__absolute_power__gamma__roi__R4__median__OE,,
dummy,1,2,psd__absolute_power__gamma__roi__R5__iqr__CE,,
dummy,1,2,psd__absolute_power__gamma__roi__R5__iqr__CE_minus_OE,,
dummy,1,2,psd__absolute_power__gamma__roi__R5__iqr__OE,,
dummy,1,2,psd__absolute_power__gamma__roi__R5__median__CE,,
dummy,1,2,psd__absolute_power__gamma__roi__R5__median__CE_minus_OE,,
dummy,1,2,psd__absolute_power__gamma__roi__R5__median__OE,,
dummy,1,2,psd__absolute_power__gamma__roi__R6__iqr__CE,,
dummy,1,2,psd__absolute_power__gamma__roi__R6__iqr__CE_minus_OE,,
dummy,1,2,psd__absolute_power__gamma__roi__R6__iqr__OE,,
dummy,1,2,psd__absolute_power__gamma__roi__R6__median__CE,,
dummy,1,2,psd__absolute_power__gamma__roi__R6__median__CE_minus_OE,,
dummy,1,2,psd__absolute_power__gamma__roi__R6__median__OE,,
dummy,1,2,psd__absolute_power__theta__roi__R1__iqr__CE,,
dummy,1,2,psd__absolute_power__theta__roi__R1__iqr__CE_minus_OE,,
dummy,1,2,psd__absolute_power__theta__roi__R1__iqr__OE,,
dummy,1,2,psd__absolute_power__theta__roi__R1__median__CE,,
dummy,1,2,psd__absolute_power__theta__roi__R1__median__CE_minus_OE,,
dummy,1,2,psd__absolute_power__theta__roi__R1__median__OE,,
dummy,1,2,psd__absolute_power__theta__roi__R2__iqr__CE,,
dummy,1,2,psd__absolute_power__theta__roi__R2__iqr__CE_minus_OE,,
dummy,1,2,psd__absolute_power__theta__roi__R2__iqr__OE,,
dummy,1,2,psd__absolute_power__theta__roi__R2__median__CE,,
dummy,1,2,psd__absolute_power__theta__roi__R2__median__CE_minus_OE,,
dummy,1,2,psd__absolute_power__theta__roi__R2__median__OE,,
dummy,1,2,psd__absolute_power__theta__roi__R3__iqr__CE,,
dummy,1,2,psd__absolute_power__theta__roi__R3__iqr__CE_minus_OE,,
dummy,1,2,psd__absolute_power__theta__roi__R3__iqr__OE,,
dummy,1,2,psd__absolute_power__theta__roi__R3__median__CE,,
dummy,1,2,psd__absolute_power__theta__roi__R3__median__CE_minus_OE,,
dummy,1,2,psd__absolute_power__theta__roi__R3__median__OE,,
dummy,1,2,psd__absolute_power__theta__roi__R4__iqr__CE,,
dummy,1,2,psd__absolute_power__theta__roi__R4__iqr__CE_minus_OE,,
dummy,1,2,psd__absolute_power__theta__roi__R4__iqr__OE,,
dummy,1,2,psd__absolute_power__theta__roi__R4__median__CE,,
dummy,1,2,psd__absolute_power__theta__roi__R4__median__CE_minus_OE,,
dummy,1,2,psd__absolute_power__theta__roi__R4__median__OE,,
dummy,1,2,psd__absolute_power__theta__roi__R5__iqr__CE,,
dummy,1,2,psd__absolute_power__theta__roi__R5__iqr__CE_minus_OE,,
dummy,1,2,psd__absolute_power__theta__roi__R5__iqr__OE,,
dummy,1,2,psd__absolute_power__theta__roi__R5__median__CE,,
dummy,1,2,psd__absolute_power__theta__roi__R5__median__CE_minus_OE,,
dummy,1,2,psd__absolute_power__theta__roi__R5__median__OE,,
dummy,1,2,psd__absolute_power__theta__roi__R6__iqr__CE,,
dummy,1,2,psd__absolute_power__theta__roi__R6__iqr__CE_minus_OE,,
dummy,1,2,psd__absolute_power__theta__roi__R6__iqr__OE,,
dummy,1,2,psd__absolute_power__theta__roi__R6__median__CE,,
dummy,1,2,psd__absolute_power__theta__roi__R6__median__CE_minus_OE,,
dummy,1,2,psd__absolute_power__theta__roi__R6__median__OE,,
dummy,1,2,psd__delta_alpha_ratio__derived__roi__R1__iqr__CE,,
dummy,1,2,psd__delta_alpha_ratio__derived__roi__R1__iqr__CE_minus_OE,,
dummy,1,2,psd__delta_alpha_ratio__derived__roi__R1__iqr__OE,,
dummy,1,2,psd__delta_alpha_ratio__derived__roi__R1__median__CE,,
dummy,1,2,psd__delta_alpha_ratio__derived__roi__R1__median__CE_minus_OE,,
dummy,1,2,psd__delta_alpha_ratio__derived__roi__R1__median__OE,,
dummy,1,2,psd__delta_alpha_ratio__derived__roi__R2__iqr__CE,,
dummy,1,2,psd__delta_alpha_ratio__derived__roi__R2__iqr__CE_minus_OE,,
dummy,1,2,psd__delta_alpha_ratio__derived__roi__R2__iqr__OE,,
dummy,1,2,psd__delta_alpha_ratio__derived__roi__R2__median__CE,,
dummy,1,2,psd__delta_alpha_ratio__derived__roi__R2__median__CE_minus_OE,,
dummy,1,2,psd__delta_alpha_ratio__derived__roi__R2__median__OE,,
dummy,1,2,psd__delta_alpha_ratio__derived__roi__R3__iqr__CE,,
dummy,1,2,psd__delta_alpha_ratio__derived__roi__R3__iqr__CE_minus_OE,,
dummy,1,2,psd__delta_alpha_ratio__derived__roi__R3__iqr__OE,,
dummy,1,2,psd__delta_alpha_ratio__derived__roi__R3__median__CE,,
dummy,1,2,psd__delta_alpha_ratio__derived__roi__R3__median__CE_minus_OE,,
dummy,1,2,psd__delta_alpha_ratio__derived__roi__R3__median__OE,,
dummy,1,2,psd__delta_alpha_ratio__derived__roi__R4__iqr__CE,,
dummy,1,2,psd__delta_alpha_ratio__derived__roi__R4__iqr__CE_minus_OE,,
dummy,1,2,psd__delta_alpha_ratio__derived__roi__R4__iqr__OE,,
dummy,1,2,psd__delta_alpha_ratio__derived__roi__R4__median__CE,,
dummy,1,2,psd__delta_alpha_ratio__derived__roi__R4__median__CE_minus_OE,,
dummy,1,2,psd__delta_alpha_ratio__derived__roi__R4__median__OE,,
dummy,1,2,psd__delta_alpha_ratio__derived__roi__R5__iqr__CE,,
dummy,1,2,psd__delta_alpha_ratio__derived__roi__R5__iqr__CE_minus_OE,,
dummy,1,2,psd__delta_alpha_ratio__derived__roi__R5__iqr__OE,,
dummy,1,2,psd__delta_alpha_ratio__derived__roi__R5__median__CE,,
dummy,1,2,psd__delta_alpha_ratio__derived__roi__R5__median__CE_minus_OE,,
dummy,1,2,psd__delta_alpha_ratio__derived__roi__R5__median__OE,,
dummy,1,2,psd__delta_alpha_ratio__derived__roi__R6__iqr__CE,,
dummy,1,2,psd__delta_alpha_ratio__derived__roi__R6__iqr__CE_minus_OE,,
dummy,1,2,psd__delta_alpha_ratio__derived__roi__R6__iqr__OE,,
dummy,1,2,psd__delta_alpha_ratio__derived__roi__R6__median__CE,,
dummy,1,2,psd__delta_alpha_ratio__derived__roi__R6__median__CE_minus_OE,,
dummy,1,2,psd__delta_alpha_ratio__derived__roi__R6__median__OE,,
dummy,1,2,psd__relative_power__alpha__roi__R1__iqr__CE,,
dummy,1,2,psd__relative_power__alpha__roi__R1__iqr__CE_minus_OE,,
dummy,1,2,psd__relative_power__alpha__roi__R1__iqr__OE,,
dummy,1,2,psd__relative_power__alpha__roi__R1__median__CE,,
dummy,1,2,psd__relative_power__alpha__roi__R1__median__CE_minus_OE,,
dummy,1,2,psd__relative_power__alpha__roi__R1__median__OE,,
dummy,1,2,psd__relative_power__alpha__roi__R2__iqr__CE,,
dummy,1,2,psd__relative_power__alpha__roi__R2__iqr__CE_minus_OE,,
dummy,1,2,psd__relative_power__alpha__roi__R2__iqr__OE,,
dummy,1,2,psd__relative_power__alpha__roi__R2__median__CE,,
dummy,1,2,psd__relative_power__alpha__roi__R2__median__CE_minus_OE,,
dummy,1,2,psd__relative_power__alpha__roi__R2__median__OE,,
dummy,1,2,psd__relative_power__alpha__roi__R3__iqr__CE,,
dummy,1,2,psd__relative_power__alpha__roi__R3__iqr__CE_minus_OE,,
dummy,1,2,psd__relative_power__alpha__roi__R3__iqr__OE,,
dummy,1,2,psd__relative_power__alpha__roi__R3__median__CE,,
dummy,1,2,psd__relative_power__alpha__roi__R3__median__CE_minus_OE,,
dummy,1,2,psd__relative_power__alpha__roi__R3__median__OE,,
dummy,1,2,psd__relative_power__alpha__roi__R4__iqr__CE,,
dummy,1,2,psd__relative_power__alpha__roi__R4__iqr__CE_minus_OE,,
dummy,1,2,psd__relative_power__alpha__roi__R4__iqr__OE,,
dummy,1,2,psd__relative_power__alpha__roi__R4__median__CE,,
dummy,1,2,psd__relative_power__alpha__roi__R4__median__CE_minus_OE,,
dummy,1,2,psd__relative_power__alpha__roi__R4__median__OE,,
dummy,1,2,psd__relative_power__alpha__roi__R5__iqr__CE,,
dummy,1,2,psd__relative_power__alpha__roi__R5__iqr__CE_minus_OE,,
dummy,1,2,psd__relative_power__alpha__roi__R5__iqr__OE,,
dummy,1,2,psd__relative_power__alpha__roi__R5__median__CE,,
dummy,1,2,psd__relative_power__alpha__roi__R5__median__CE_minus_OE,,
dummy,1,2,psd__relative_power__alpha__roi__R5__median__OE,,
dummy,1,2,psd__relative_power__alpha__roi__R6__iqr__CE,,
dummy,1,2,psd__relative_power__alpha__roi__R6__iqr__CE_minus_OE,,
dummy,1,2,psd__relative_power__alpha__roi__R6__iqr__OE,,
dummy,1,2,psd__relative_power__alpha__roi__R6__median__CE,,
dummy,1,2,psd__relative_power__alpha__roi__R6__median__CE_minus_OE,,
dummy,1,2,psd__relative_power__alpha__roi__R6__median__OE,,
dummy,1,2,psd__relative_power__beta__roi__R1__iqr__CE,,
dummy,1,2,psd__relative_power__beta__roi__R1__iqr__CE_minus_OE,,
dummy,1,2,psd__relative_power__beta__roi__R1__iqr__OE,,
dummy,1,2,psd__relative_power__beta__roi__R1__median__CE,,
dummy,1,2,psd__relative_power__beta__roi__R1__median__CE_minus_OE,,
dummy,1,2,psd__relative_power__beta__roi__R1__median__OE,,
dummy,1,2,psd__relative_power__beta__roi__R2__iqr__CE,,
dummy,1,2,psd__relative_power__beta__roi__R2__iqr__CE_minus_OE,,
dummy,1,2,psd__relative_power__beta__roi__R2__iqr__OE,,
dummy,1,2,psd__relative_power__beta__roi__R2__median__CE,,
dummy,1,2,psd__relative_power__beta__roi__R2__median__CE_minus_OE,,
dummy,1,2,psd__relative_power__beta__roi__R2__median__OE,,
dummy,1,2,psd__relative_power__beta__roi__R3__iqr__CE,,
dummy,1,2,psd__relative_power__beta__roi__R3__iqr__CE_minus_OE,,
dummy,1,2,psd__relative_power__beta__roi__R3__iqr__OE,,
dummy,1,2,psd__relative_power__beta__roi__R3__median__CE,,
dummy,1,2,psd__relative_power__beta__roi__R3__median__CE_minus_OE,,
dummy,1,2,psd__relative_power__beta__roi__R3__median__OE,,
dummy,1,2,psd__relative_power__beta__roi__R4__iqr__CE,,
dummy,1,2,psd__relative_power__beta__roi__R4__iqr__CE_minus_OE,,
dummy,1,2,psd__relative_power__beta__roi__R4__iqr__OE,,
dummy,1,2,psd__relative_power__beta__roi__R4__median__CE,,
dummy,1,2,psd__relative_power__beta__roi__R4__median__CE_minus_OE,,
dummy,1,2,psd__relative_power__beta__roi__R4__median__OE,,
dummy,1,2,psd__relative_power__beta__roi__R5__iqr__CE,,
dummy,1,2,psd__relative_power__beta__roi__R5__iqr__CE_minus_OE,,
dummy,1,2,psd__relative_power__beta__roi__R5__iqr__OE,,
dummy,1,2,psd__relative_power__beta__roi__R5__median__CE,,
dummy,1,2,psd__relative_power__beta__roi__R5__median__CE_minus_OE,,
dummy,1,2,psd__relative_power__beta__roi__R5__median__OE,,
dummy,1,2,psd__relative_power__beta__roi__R6__iqr__CE,,
dummy,1,2,psd__relative_power__beta__roi__R6__iqr__CE_minus_OE,,
dummy,1,2,psd__relative_power__beta__roi__R6__iqr__OE,,
dummy,1,2,psd__relative_power__beta__roi__R6__median__CE,,
dummy,1,2,psd__relative_power__beta__roi__R6__median__CE_minus_OE,,
dummy,1,2,psd__relative_power__beta__roi__R6__median__OE,,
dummy,1,2,psd__relative_power__delta__roi__R1__iqr__CE,,
dummy,1,2,psd__relative_power__delta__roi__R1__iqr__CE_minus_OE,,
dummy,1,2,psd__relative_power__delta__roi__R1__iqr__OE,,
dummy,1,2,psd__relative_power__delta__roi__R1__median__CE,,
dummy,1,2,psd__relative_power__delta__roi__R1__median__CE_minus_OE,,
dummy,1,2,psd__relative_power__delta__roi__R1__median__OE,,
dummy,1,2,psd__relative_power__delta__roi__R2__iqr__CE,,
dummy,1,2,psd__relative_power__delta__roi__R2__iqr__CE_minus_OE,,
dummy,1,2,psd__relative_power__delta__roi__R2__iqr__OE,,
dummy,1,2,psd__relative_power__delta__roi__R2__median__CE,,
dummy,1,2,psd__relative_power__delta__roi__R2__median__CE_minus_OE,,
dummy,1,2,psd__relative_power__delta__roi__R2__median__OE,,
dummy,1,2,psd__relative_power__delta__roi__R3__iqr__CE,,
dummy,1,2,psd__relative_power__delta__roi__R3__iqr__CE_minus_OE,,
dummy,1,2,psd__relative_power__delta__roi__R3__iqr__OE,,
dummy,1,2,psd__relative_power__delta__roi__R3__median__CE,,
dummy,1,2,psd__relative_power__delta__roi__R3__median__CE_minus_OE,,
dummy,1,2,psd__relative_power__delta__roi__R3__median__OE,,
dummy,1,2,psd__relative_power__delta__roi__R4__iqr__CE,,
dummy,1,2,psd__relative_power__delta__roi__R4__iqr__CE_minus_OE,,
dummy,1,2,psd__relative_power__delta__roi__R4__iqr__OE,,
dummy,1,2,psd__relative_power__delta__roi__R4__median__CE,,
dummy,1,2,psd__relative_power__delta__roi__R4__median__CE_minus_OE,,
dummy,1,2,psd__relative_power__delta__roi__R4__median__OE,,
dummy,1,2,psd__relative_power__delta__roi__R5__iqr__CE,,
dummy,1,2,psd__relative_power__delta__roi__R5__iqr__CE_minus_OE,,
dummy,1,2,psd__relative_power__delta__roi__R5__iqr__OE,,
dummy,1,2,psd__relative_power__delta__roi__R5__median__CE,,
dummy,1,2,psd__relative_power__delta__roi__R5__median__CE_minus_OE,,
dummy,1,2,psd__relative_power__delta__roi__R5__median__OE,,
dummy,1,2,psd__relative_power__delta__roi__R6__iqr__CE,,
dummy,1,2,psd__relative_power__delta__roi__R6__iqr__CE_minus_OE,,
dummy,1,2,psd__relative_power__delta__roi__R6__iqr__OE,,
dummy,1,2,psd__relative_power__delta__roi__R6__median__CE,,
dummy,1,2,psd__relative_power__delta__roi__R6__median__CE_minus_OE,,
dummy,1,2,psd__relative_power__delta__roi__R6__median__OE,,
dummy,1,2,psd__relative_power__gamma__roi__R1__iqr__CE,,
dummy,1,2,psd__relative_power__gamma__roi__R1__iqr__CE_minus_OE,,
dummy,1,2,psd__relative_power__gamma__roi__R1__iqr__OE,,
dummy,1,2,psd__relative_power__gamma__roi__R1__median__CE,,
dummy,1,2,psd__relative_power__gamma__roi__R1__median__CE_minus_OE,,
dummy,1,2,psd__relative_power__gamma__roi__R1__median__OE,,
dummy,1,2,psd__relative_power__gamma__roi__R2__iqr__CE,,
dummy,1,2,psd__relative_power__gamma__roi__R2__iqr__CE_minus_OE,,
dummy,1,2,psd__relative_power__gamma__roi__R2__iqr__OE,,
dummy,1,2,psd__relative_power__gamma__roi__R2__median__CE,,
dummy,1,2,psd__relative_power__gamma__roi__R2__median__CE_minus_OE,,
dummy,1,2,psd__relative_power__gamma__roi__R2__median__OE,,
dummy,1,2,psd__relative_power__gamma__roi__R3__iqr__CE,,
dummy,1,2,psd__relative_power__gamma__roi__R3__iqr__CE_minus_OE,,
dummy,1,2,psd__relative_power__gamma__roi__R3__iqr__OE,,
dummy,1,2,psd__relative_power__gamma__roi__R3__median__CE,,
dummy,1,2,psd__relative_power__gamma__roi__R3__median__CE_minus_OE,,
dummy,1,2,psd__relative_power__gamma__roi__R3__median__OE,,
dummy,1,2,psd__relative_power__gamma__roi__R4__iqr__CE,,
dummy,1,2,psd__relative_power__gamma__roi__R4__iqr__CE_minus_OE,,
dummy,1,2,psd__relative_power__gamma__roi__R4__iqr__OE,,
dummy,1,2,psd__relative_power__gamma__roi__R4__median__CE,,
dummy,1,2,psd__relative_power__gamma__roi__R4__median__CE_minus_OE,,
dummy,1,2,psd__relative_power__gamma__roi__R4__median__OE,,
dummy,1,2,psd__relative_power__gamma__roi__R5__iqr__CE,,
dummy,1,2,psd__relative_power__gamma__roi__R5__iqr__CE_minus_OE,,
dummy,1,2,psd__relative_power__gamma__roi__R5__iqr__OE,,
dummy,1,2,psd__relative_power__gamma__roi__R5__median__CE,,
dummy,1,2,psd__relative_power__gamma__roi__R5__median__CE_minus_OE,,
dummy,1,2,psd__relative_power__gamma__roi__R5__median__OE,,
dummy,1,2,psd__relative_power__gamma__roi__R6__iqr__CE,,
dummy,1,2,psd__relative_power__gamma__roi__R6__iqr__CE_minus_OE,,
dummy,1,2,psd__relative_power__gamma__roi__R6__iqr__OE,,
dummy,1,2,psd__relative_power__gamma__roi__R6__median__CE,,
dummy,1,2,psd__relative_power__gamma__roi__R6__median__CE_minus_OE,,
dummy,1,2,psd__relative_power__gamma__roi__R6__median__OE,,
dummy,1,2,psd__relative_power__theta__roi__R1__iqr__CE,,
dummy,1,2,psd__relative_power__theta__roi__R1__iqr__CE_minus_OE,,
dummy,1,2,psd__relative_power__theta__roi__R1__iqr__OE,,
dummy,1,2,psd__relative_power__theta__roi__R1__median__CE,,
dummy,1,2,psd__relative_power__theta__roi__R1__median__CE_minus_OE,,
dummy,1,2,psd__relative_power__theta__roi__R1__median__OE,,
dummy,1,2,psd__relative_power__theta__roi__R2__iqr__CE,,
dummy,1,2,psd__relative_power__theta__roi__R2__iqr__CE_minus_OE,,
dummy,1,2,psd__relative_power__theta__roi__R2__iqr__OE,,
dummy,1,2,psd__relative_power__theta__roi__R2__median__CE,,
dummy,1,2,psd__relative_power__theta__roi__R2__median__CE_minus_OE,,
dummy,1,2,psd__relative_power__theta__roi__R2__median__OE,,
dummy,1,2,psd__relative_power__theta__roi__R3__iqr__CE,,
dummy,1,2,psd__relative_power__theta__roi__R3__iqr__CE_minus_OE,,
dummy,1,2,psd__relative_power__theta__roi__R3__iqr__OE,,
dummy,1,2,psd__relative_power__theta__roi__R3__median__CE,,
dummy,1,2,psd__relative_power__theta__roi__R3__median__CE_minus_OE,,
dummy,1,2,psd__relative_power__theta__roi__R3__median__OE,,
dummy,1,2,psd__relative_power__theta__roi__R4__iqr__CE,,
dummy,1,2,psd__relative_power__theta__roi__R4__iqr__CE_minus_OE,,
dummy,1,2,psd__relative_power__theta__roi__R4__iqr__OE,,
dummy,1,2,psd__relative_power__theta__roi__R4__median__CE,,
dummy,1,2,psd__relative_power__theta__roi__R4__median__CE_minus_OE,,
dummy,1,2,psd__relative_power__theta__roi__R4__median__OE,,
dummy,1,2,psd__relative_power__theta__roi__R5__iqr__CE,,
dummy,1,2,psd__relative_power__theta__roi__R5__iqr__CE_minus_OE,,
dummy,1,2,psd__relative_power__theta__roi__R5__iqr__OE,,
dummy,1,2,psd__relative_power__theta__roi__R5__median__CE,,
dummy,1,2,psd__relative_power__theta__roi__R5__median__CE_minus_OE,,
dummy,1,2,psd__relative_power__theta__roi__R5__median__OE,,
dummy,1,2,psd__relative_power__theta__roi__R6__iqr__CE,,
dummy,1,2,psd__relative_power__theta__roi__R6__iqr__CE_minus_OE,,
dummy,1,2,psd__relative_power__theta__roi__R6__iqr__OE,,
dummy,1,2,psd__relative_power__theta__roi__R6__median__CE,,
dummy,1,2,psd__relative_power__theta__roi__R6__median__CE_minus_OE,,
dummy,1,2,psd__relative_power__theta__roi__R6__median__OE,,
dummy,1,2,psd__sfr__derived__roi__R1__iqr__CE,,
dummy,1,2,psd__sfr__derived__roi__R1__iqr__CE_minus_OE,,
dummy,1,2,psd__sfr__derived__roi__R1__iqr__OE,,
dummy,1,2,psd__sfr__derived__roi__R1__median__CE,,
dummy,1,2,psd__sfr__derived__roi__R1__median__CE_minus_OE,,
dummy,1,2,psd__sfr__derived__roi__R1__median__OE,,
dummy,1,2,psd__sfr__derived__roi__R2__iqr__CE,,
dummy,1,2,psd__sfr__derived__roi__R2__iqr__CE_minus_OE,,
dummy,1,2,psd__sfr__derived__roi__R2__iqr__OE,,
dummy,1,2,psd__sfr__derived__roi__R2__median__CE,,
dummy,1,2,psd__sfr__derived__roi__R2__median__CE_minus_OE,,
dummy,1,2,psd__sfr__derived__roi__R2__median__OE,,
dummy,1,2,psd__sfr__derived__roi__R3__iqr__CE,,
dummy,1,2,psd__sfr__derived__roi__R3__iqr__CE_minus_OE,,
dummy,1,2,psd__sfr__derived__roi__R3__iqr__OE,,
dummy,1,2,psd__sfr__derived__roi__R3__median__CE,,
dummy,1,2,psd__sfr__derived__roi__R3__median__CE_minus_OE,,
dummy,1,2,psd__sfr__derived__roi__R3__median__OE,,
dummy,1,2,psd__sfr__derived__roi__R4__iqr__CE,,
dummy,1,2,psd__sfr__derived__roi__R4__iqr__CE_minus_OE,,
dummy,1,2,psd__sfr__derived__roi__R4__iqr__OE,,
dummy,1,2,psd__sfr__derived__roi__R4__median__CE,,
dummy,1,2,psd__sfr__derived__roi__R4__median__CE_minus_OE,,
dummy,1,2,psd__sfr__derived__roi__R4__median__OE,,
dummy,1,2,psd__sfr__derived__roi__R5__iqr__CE,,
dummy,1,2,psd__sfr__derived__roi__R5__iqr__CE_minus_OE,,
dummy,1,2,psd__sfr__derived__roi__R5__iqr__OE,,
dummy,1,2,psd__sfr__derived__roi__R5__median__CE,,
dummy,1,2,psd__sfr__derived__roi__R5__median__CE_minus_OE,,
dummy,1,2,psd__sfr__derived__roi__R5__median__OE,,
dummy,1,2,psd__sfr__derived__roi__R6__iqr__CE,,
dummy,1,2,psd__sfr__derived__roi__R6__iqr__CE_minus_OE,,
dummy,1,2,psd__sfr__derived__roi__R6__iqr__OE,,
dummy,1,2,psd__sfr__derived__roi__R6__median__CE,,
dummy,1,2,psd__sfr__derived__roi__R6__median__CE_minus_OE,,
dummy,1,2,psd__sfr__derived__roi__R6__median__OE,,
dummy,1,2,psd__theta_alpha_ratio__derived__roi__R1__iqr__CE,,
dummy,1,2,psd__theta_alpha_ratio__derived__roi__R1__iqr__CE_minus_OE,,
dummy,1,2,psd__theta_alpha_ratio__derived__roi__R1__iqr__OE,,
dummy,1,2,psd__theta_alpha_ratio__derived__roi__R1__median__CE,,
dummy,1,2,psd__theta_alpha_ratio__derived__roi__R1__median__CE_minus_OE,,
dummy,1,2,psd__theta_alpha_ratio__derived__roi__R1__median__OE,,
dummy,1,2,psd__theta_alpha_ratio__derived__roi__R2__iqr__CE,,
dummy,1,2,psd__theta_alpha_ratio__derived__roi__R2__iqr__CE_minus_OE,,
dummy,1,2,psd__theta_alpha_ratio__derived__roi__R2__iqr__OE,,
dummy,1,2,psd__theta_alpha_ratio__derived__roi__R2__median__CE,,
dummy,1,2,psd__theta_alpha_ratio__derived__roi__R2__median__CE_minus_OE,,
dummy,1,2,psd__theta_alpha_ratio__derived__roi__R2__median__OE,,
dummy,1,2,psd__theta_alpha_ratio__derived__roi__R3__iqr__CE,,
dummy,1,2,psd__theta_alpha_ratio__derived__roi__R3__iqr__CE_minus_OE,,
dummy,1,2,psd__theta_alpha_ratio__derived__roi__R3__iqr__OE,,
dummy,1,2,psd__theta_alpha_ratio__derived__roi__R3__median__CE,,
dummy,1,2,psd__theta_alpha_ratio__derived__roi__R3__median__CE_minus_OE,,
dummy,1,2,psd__theta_alpha_ratio__derived__roi__R3__median__OE,,
dummy,1,2,psd__theta_alpha_ratio__derived__roi__R4__iqr__CE,,
dummy,1,2,psd__theta_alpha_ratio__derived__roi__R4__iqr__CE_minus_OE,,
dummy,1,2,psd__theta_alpha_ratio__derived__roi__R4__iqr__OE,,
dummy,1,2,psd__theta_alpha_ratio__derived__roi__R4__median__CE,,
dummy,1,2,psd__theta_alpha_ratio__derived__roi__R4__median__CE_minus_OE,,
dummy,1,2,psd__theta_alpha_ratio__derived__roi__R4__median__OE,,
dummy,1,2,psd__theta_alpha_ratio__derived__roi__R5__iqr__CE,,
dummy,1,2,psd__theta_alpha_ratio__derived__roi__R5__iqr__CE_minus_OE,,
dummy,1,2,psd__theta_alpha_ratio__derived__roi__R5__iqr__OE,,
dummy,1,2,psd__theta_alpha_ratio__derived__roi__R5__median__CE,,
dummy,1,2,psd__theta_alpha_ratio__derived__roi__R5__median__CE_minus_OE,,
dummy,1,2,psd__theta_alpha_ratio__derived__roi__R5__median__OE,,
dummy,1,2,psd__theta_alpha_ratio__derived__roi__R6__iqr__CE,,
dummy,1,2,psd__theta_alpha_ratio__derived__roi__R6__iqr__CE_minus_OE,,
dummy,1,2,psd__theta_alpha_ratio__derived__roi__R6__iqr__OE,,
dummy,1,2,psd__theta_alpha_ratio__derived__roi__R6__median__CE,,
dummy,1,2,psd__theta_alpha_ratio__derived__roi__R6__median__CE_minus_OE,,
dummy,1,2,psd__theta_alpha_ratio__derived__roi__R6__median__OE,,
dummy,1,3,complexity__spectral_entropy__broadband__roi__R1__iqr__CE,,
dummy,1,3,complexity__spectral_entropy__broadband__roi__R1__iqr__CE_minus_OE,,
dummy,1,3,complexity__spectral_entropy__broadband__roi__R1__iqr__OE,,
dummy,1,3,complexity__spectral_entropy__broadband__roi__R1__median__CE,,
dummy,1,3,complexity__spectral_entropy__broadband__roi__R1__median__CE_minus_OE,,
dummy,1,3,complexity__spectral_entropy__broadband__roi__R1__median__OE,,
dummy,1,3,complexity__spectral_entropy__broadband__roi__R2__iqr__CE,,
dummy,1,3,complexity__spectral_entropy__broadband__roi__R2__iqr__CE_minus_OE,,
dummy,1,3,complexity__spectral_entropy__broadband__roi__R2__iqr__OE,,
dummy,1,3,complexity__spectral_entropy__broadband__roi__R2__median__CE,,
dummy,1,3,complexity__spectral_entropy__broadband__roi__R2__median__CE_minus_OE,,
dummy,1,3,complexity__spectral_entropy__broadband__roi__R2__median__OE,,
dummy,1,3,complexity__spectral_entropy__broadband__roi__R3__iqr__CE,,
dummy,1,3,complexity__spectral_entropy__broadband__roi__R3__iqr__CE_minus_OE,,
dummy,1,3,complexity__spectral_entropy__broadband__roi__R3__iqr__OE,,
dummy,1,3,complexity__spectral_entropy__broadband__roi__R3__median__CE,,
dummy,1,3,complexity__spectral_entropy__broadband__roi__R3__median__CE_minus_OE,,
dummy,1,3,complexity__spectral_entropy__broadband__roi__R3__median__OE,,
dummy,1,3,complexity__spectral_entropy__broadband__roi__R4__iqr__CE,,
dummy,1,3,complexity__spectral_entropy__broadband__roi__R4__iqr__CE_minus_OE,,
dummy,1,3,complexity__spectral_entropy__broadband__roi__R4__iqr__OE,,
dummy,1,3,complexity__spectral_entropy__broadband__roi__R4__median__CE,,
dummy,1,3,complexity__spectral_entropy__broadband__roi__R4__median__CE_minus_OE,,
dummy,1,3,complexity__spectral_entropy__broadband__roi__R4__median__OE,,
dummy,1,3,complexity__spectral_entropy__broadband__roi__R5__iqr__CE,,
dummy,1,3,complexity__spectral_entropy__broadband__roi__R5__iqr__CE_minus_OE,,
dummy,1,3,complexity__spectral_entropy__broadband__roi__R5__iqr__OE,,
dummy,1,3,complexity__spectral_entropy__broadband__roi__R5__median__CE,,
dummy,1,3,complexity__spectral_entropy__broadband__roi__R5__median__CE_minus_OE,,
dummy,1,3,complexity__spectral_entropy__broadband__roi__R5__median__OE,,
dummy,1,3,complexity__spectral_entropy__broadband__roi__R6__iqr__CE,,
dummy,1,3,complexity__spectral_entropy__broadband__roi__R6__iqr__CE_minus_OE,,
dummy,1,3,complexity__spectral_entropy__broadband__roi__R6__iqr__OE,,
dummy,1,3,complexity__spectral_entropy__broadband__roi__R6__median__CE,,
dummy,1,3,complexity__spectral_entropy__broadband__roi__R6__median__CE_minus_OE,,
dummy,1,3,complexity__spectral_entropy__broadband__roi__R6__median__OE,,
dummy,1,3,psd__absolute_power__alpha__roi__R1__iqr__CE,,
dummy,1,3,psd__absolute_power__alpha__roi__R1__iqr__CE_minus_OE,,
dummy,1,3,psd__absolute_power__alpha__roi__R1__iqr__OE,,
dummy,1,3,psd__absolute_power__alpha__roi__R1__median__CE,,
dummy,1,3,psd__absolute_power__alpha__roi__R1__median__CE_minus_OE,,
dummy,1,3,psd__absolute_power__alpha__roi__R1__median__OE,,
dummy,1,3,psd__absolute_power__alpha__roi__R2__iqr__CE,,
dummy,1,3,psd__absolute_power__alpha__roi__R2__iqr__CE_minus_OE,,
dummy,1,3,psd__absolute_power__alpha__roi__R2__iqr__OE,,
dummy,1,3,psd__absolute_power__alpha__roi__R2__median__CE,,
dummy,1,3,psd__absolute_power__alpha__roi__R2__median__CE_minus_OE,,
dummy,1,3,psd__absolute_power__alpha__roi__R2__median__OE,,
dummy,1,3,psd__absolute_power__alpha__roi__R3__iqr__CE,,
dummy,1,3,psd__absolute_power__alpha__roi__R3__iqr__CE_minus_OE,,
dummy,1,3,psd__absolute_power__alpha__roi__R3__iqr__OE,,
dummy,1,3,psd__absolute_power__alpha__roi__R3__median__CE,,
dummy,1,3,psd__absolute_power__alpha__roi__R3__median__CE_minus_OE,,
dummy,1,3,psd__absolute_power__alpha__roi__R3__median__OE,,
dummy,1,3,psd__absolute_power__alpha__roi__R4__iqr__CE,,
dummy,1,3,psd__absolute_power__alpha__roi__R4__iqr__CE_minus_OE,,
dummy,1,3,psd__absolute_power__alpha__roi__R4__iqr__OE,,
dummy,1,3,psd__absolute_power__alpha__roi__R4__median__CE,,
dummy,1,3,psd__absolute_power__alpha__roi__R4__median__CE_minus_OE,,
dummy,1,3,psd__absolute_power__alpha__roi__R4__median__OE,,
dummy,1,3,psd__absolute_power__alpha__roi__R5__iqr__CE,,
dummy,1,3,psd__absolute_power__alpha__roi__R5__iqr__CE_minus_OE,,
dummy,1,3,psd__absolute_power__alpha__roi__R5__iqr__OE,,
dummy,1,3,psd__absolute_power__alpha__roi__R5__median__CE,,
dummy,1,3,psd__absolute_power__alpha__roi__R5__median__CE_minus_OE,,
dummy,1,3,psd__absolute_power__alpha__roi__R5__median__OE,,
dummy,1,3,psd__absolute_power__alpha__roi__R6__iqr__CE,,
dummy,1,3,psd__absolute_power__alpha__roi__R6__iqr__CE_minus_OE,,
dummy,1,3,psd__absolute_power__alpha__roi__R6__iqr__OE,,
dummy,1,3,psd__absolute_power__alpha__roi__R6__median__CE,,
dummy,1,3,psd__absolute_power__alpha__roi__R6__median__CE_minus_OE,,
dummy,1,3,psd__absolute_power__alpha__roi__R6__median__OE,,
dummy,1,3,psd__absolute_power__beta__roi__R1__iqr__CE,,
dummy,1,3,psd__absolute_power__beta__roi__R1__iqr__CE_minus_OE,,
dummy,1,3,psd__absolute_power__beta__roi__R1__iqr__OE,,
dummy,1,3,psd__absolute_power__beta__roi__R1__median__CE,,
dummy,1,3,psd__absolute_power__beta__roi__R1__median__CE_minus_OE,,
dummy,1,3,psd__absolute_power__beta__roi__R1__median__OE,,
dummy,1,3,psd__absolute_power__beta__roi__R2__iqr__CE,,
dummy,1,3,psd__absolute_power__beta__roi__R2__iqr__CE_minus_OE,,
dummy,1,3,psd__absolute_power__beta__roi__R2__iqr__OE,,
dummy,1,3,psd__absolute_power__beta__roi__R2__median__CE,,
dummy,1,3,psd__absolute_power__beta__roi__R2__median__CE_minus_OE,,
dummy,1,3,psd__absolute_power__beta__roi__R2__median__OE,,
dummy,1,3,psd__absolute_power__beta__roi__R3__iqr__CE,,
dummy,1,3,psd__absolute_power__beta__roi__R3__iqr__CE_minus_OE,,
dummy,1,3,psd__absolute_power__beta__roi__R3__iqr__OE,,
dummy,1,3,psd__absolute_power__beta__roi__R3__median__CE,,
dummy,1,3,psd__absolute_power__beta__roi__R3__median__CE_minus_OE,,
dummy,1,3,psd__absolute_power__beta__roi__R3__median__OE,,
dummy,1,3,psd__absolute_power__beta__roi__R4__iqr__CE,,
dummy,1,3,psd__absolute_power__beta__roi__R4__iqr__CE_minus_OE,,
dummy,1,3,psd__absolute_power__beta__roi__R4__iqr__OE,,
dummy,1,3,psd__absolute_power__beta__roi__R4__median__CE,,
dummy,1,3,psd__absolute_power__beta__roi__R4__median__CE_minus_OE,,
dummy,1,3,psd__absolute_power__beta__roi__R4__median__OE,,
dummy,1,3,psd__absolute_power__beta__roi__R5__iqr__CE,,
dummy,1,3,psd__absolute_power__beta__roi__R5__iqr__CE_minus_OE,,
dummy,1,3,psd__absolute_power__beta__roi__R5__iqr__OE,,
dummy,1,3,psd__absolute_power__beta__roi__R5__median__CE,,
dummy,1,3,psd__absolute_power__beta__roi__R5__median__CE_minus_OE,,
dummy,1,3,psd__absolute_power__beta__roi__R5__median__OE,,
dummy,1,3,psd__absolute_power__beta__roi__R6__iqr__CE,,
dummy,1,3,psd__absolute_power__beta__roi__R6__iqr__CE_minus_OE,,
dummy,1,3,psd__absolute_power__beta__roi__R6__iqr__OE,,
dummy,1,3,psd__absolute_power__beta__roi__R6__median__CE,,
dummy,1,3,psd__absolute_power__beta__roi__R6__median__CE_minus_OE,,
dummy,1,3,psd__absolute_power__beta__roi__R6__median__OE,,
dummy,1,3,psd__absolute_power__delta__roi__R1__iqr__CE,,
dummy,1,3,psd__absolute_power__delta__roi__R1__iqr__CE_minus_OE,,
dummy,1,3,psd__absolute_power__delta__roi__R1__iqr__OE,,
dummy,1,3,psd__absolute_power__delta__roi__R1__median__CE,,
dummy,1,3,psd__absolute_power__delta__roi__R1__median__CE_minus_OE,,
dummy,1,3,psd__absolute_power__delta__roi__R1__median__OE,,
dummy,1,3,psd__absolute_power__delta__roi__R2__iqr__CE,,
dummy,1,3,psd__absolute_power__delta__roi__R2__iqr__CE_minus_OE,,
dummy,1,3,psd__absolute_power__delta__roi__R2__iqr__OE,,
dummy,1,3,psd__absolute_power__delta__roi__R2__median__CE,,
dummy,1,3,psd__absolute_power__delta__roi__R2__median__CE_minus_OE,,
dummy,1,3,psd__absolute_power__delta__roi__R2__median__OE,,
dummy,1,3,psd__absolute_power__delta__roi__R3__iqr__CE,,
dummy,1,3,psd__absolute_power__delta__roi__R3__iqr__CE_minus_OE,,
dummy,1,3,psd__absolute_power__delta__roi__R3__iqr__OE,,
dummy,1,3,psd__absolute_power__delta__roi__R3__median__CE,,
dummy,1,3,psd__absolute_power__delta__roi__R3__median__CE_minus_OE,,
dummy,1,3,psd__absolute_power__delta__roi__R3__median__OE,,
dummy,1,3,psd__absolute_power__delta__roi__R4__iqr__CE,,
dummy,1,3,psd__absolute_power__delta__roi__R4__iqr__CE_minus_OE,,
dummy,1,3,psd__absolute_power__delta__roi__R4__iqr__OE,,
dummy,1,3,psd__absolute_power__delta__roi__R4__median__CE,,
dummy,1,3,psd__absolute_power__delta__roi__R4__median__CE_minus_OE,,
dummy,1,3,psd__absolute_power__delta__roi__R4__median__OE,,
dummy,1,3,psd__absolute_power__delta__roi__R5__iqr__CE,,
dummy,1,3,psd__absolute_power__delta__roi__R5__iqr__CE_minus_OE,,
dummy,1,3,psd__absolute_power__delta__roi__R5__iqr__OE,,
dummy,1,3,psd__absolute_power__delta__roi__R5__median__CE,,
dummy,1,3,psd__absolute_power__delta__roi__R5__median__CE_minus_OE,,
dummy,1,3,psd__absolute_power__delta__roi__R5__median__OE,,
dummy,1,3,psd__absolute_power__delta__roi__R6__iqr__CE,,
dummy,1,3,psd__absolute_power__delta__roi__R6__iqr__CE_minus_OE,,
dummy,1,3,psd__absolute_power__delta__roi__R6__iqr__OE,,
dummy,1,3,psd__absolute_power__delta__roi__R6__median__CE,,
dummy,1,3,psd__absolute_power__delta__roi__R6__median__CE_minus_OE,,
dummy,1,3,psd__absolute_power__delta__roi__R6__median__OE,,
dummy,1,3,psd__absolute_power__gamma__roi__R1__iqr__CE,,
dummy,1,3,psd__absolute_power__gamma__roi__R1__iqr__CE_minus_OE,,
dummy,1,3,psd__absolute_power__gamma__roi__R1__iqr__OE,,
dummy,1,3,psd__absolute_power__gamma__roi__R1__median__CE,,
dummy,1,3,psd__absolute_power__gamma__roi__R1__median__CE_minus_OE,,
dummy,1,3,psd__absolute_power__gamma__roi__R1__median__OE,,
dummy,1,3,psd__absolute_power__gamma__roi__R2__iqr__CE,,
dummy,1,3,psd__absolute_power__gamma__roi__R2__iqr__CE_minus_OE,,
dummy,1,3,psd__absolute_power__gamma__roi__R2__iqr__OE,,
dummy,1,3,psd__absolute_power__gamma__roi__R2__median__CE,,
dummy,1,3,psd__absolute_power__gamma__roi__R2__median__CE_minus_OE,,
dummy,1,3,psd__absolute_power__gamma__roi__R2__median__OE,,
dummy,1,3,psd__absolute_power__gamma__roi__R3__iqr__CE,,
dummy,1,3,psd__absolute_power__gamma__roi__R3__iqr__CE_minus_OE,,
dummy,1,3,psd__absolute_power__gamma__roi__R3__iqr__OE,,
dummy,1,3,psd__absolute_power__gamma__roi__R3__median__CE,,
dummy,1,3,psd__absolute_power__gamma__roi__R3__median__CE_minus_OE,,
dummy,1,3,psd__absolute_power__gamma__roi__R3__median__OE,,
dummy,1,3,psd__absolute_power__gamma__roi__R4__iqr__CE,,
dummy,1,3,psd__absolute_power__gamma__roi__R4__iqr__CE_minus_OE,,
dummy,1,3,psd__absolute_power__gamma__roi__R4__iqr__OE,,
dummy,1,3,psd__absolute_power__gamma__roi__R4__median__CE,,
dummy,1,3,psd__absolute_power__gamma__roi__R4__median__CE_minus_OE,,
dummy,1,3,psd__absolute_power__gamma__roi__R4__median__OE,,
dummy,1,3,psd__absolute_power__gamma__roi__R5__iqr__CE,,
dummy,1,3,psd__absolute_power__gamma__roi__R5__iqr__CE_minus_OE,,
dummy,1,3,psd__absolute_power__gamma__roi__R5__iqr__OE,,
dummy,1,3,psd__absolute_power__gamma__roi__R5__median__CE,,
dummy,1,3,psd__absolute_power__gamma__roi__R5__median__CE_minus_OE,,
dummy,1,3,psd__absolute_power__gamma__roi__R5__median__OE,,
dummy,1,3,psd__absolute_power__gamma__roi__R6__iqr__CE,,
dummy,1,3,psd__absolute_power__gamma__roi__R6__iqr__CE_minus_OE,,
dummy,1,3,psd__absolute_power__gamma__roi__R6__iqr__OE,,
dummy,1,3,psd__absolute_power__gamma__roi__R6__median__CE,,
dummy,1,3,psd__absolute_power__gamma__roi__R6__median__CE_minus_OE,,
dummy,1,3,psd__absolute_power__gamma__roi__R6__median__OE,,
dummy,1,3,psd__absolute_power__theta__roi__R1__iqr__CE,,
dummy,1,3,psd__absolute_power__theta__roi__R1__iqr__CE_minus_OE,,
dummy,1,3,psd__absolute_power__theta__roi__R1__iqr__OE,,
dummy,1,3,psd__absolute_power__theta__roi__R1__median__CE,,
dummy,1,3,psd__absolute_power__theta__roi__R1__median__CE_minus_OE,,
dummy,1,3,psd__absolute_power__theta__roi__R1__median__OE,,
dummy,1,3,psd__absolute_power__theta__roi__R2__iqr__CE,,
dummy,1,3,psd__absolute_power__theta__roi__R2__iqr__CE_minus_OE,,
dummy,1,3,psd__absolute_power__theta__roi__R2__iqr__OE,,
dummy,1,3,psd__absolute_power__theta__roi__R2__median__CE,,
dummy,1,3,psd__absolute_power__theta__roi__R2__median__CE_minus_OE,,
dummy,1,3,psd__absolute_power__theta__roi__R2__median__OE,,
dummy,1,3,psd__absolute_power__theta__roi__R3__iqr__CE,,
dummy,1,3,psd__absolute_power__theta__roi__R3__iqr__CE_minus_OE,,
dummy,1,3,psd__absolute_power__theta__roi__R3__iqr__OE,,
dummy,1,3,psd__absolute_power__theta__roi__R3__median__CE,,
dummy,1,3,psd__absolute_power__theta__roi__R3__median__CE_minus_OE,,
dummy,1,3,psd__absolute_power__theta__roi__R3__median__OE,,
dummy,1,3,psd__absolute_power__theta__roi__R4__iqr__CE,,
dummy,1,3,psd__absolute_power__theta__roi__R4__iqr__CE_minus_OE,,
dummy,1,3,psd__absolute_power__theta__roi__R4__iqr__OE,,
dummy,1,3,psd__absolute_power__theta__roi__R4__median__CE,,
dummy,1,3,psd__absolute_power__theta__roi__R4__median__CE_minus_OE,,
dummy,1,3,psd__absolute_power__theta__roi__R4__median__OE,,
dummy,1,3,psd__absolute_power__theta__roi__R5__iqr__CE,,
dummy,1,3,psd__absolute_power__theta__roi__R5__iqr__CE_minus_OE,,
dummy,1,3,psd__absolute_power__theta__roi__R5__iqr__OE,,
dummy,1,3,psd__absolute_power__theta__roi__R5__median__CE,,
dummy,1,3,psd__absolute_power__theta__roi__R5__median__CE_minus_OE,,
dummy,1,3,psd__absolute_power__theta__roi__R5__median__OE,,
dummy,1,3,psd__absolute_power__theta__roi__R6__iqr__CE,,
dummy,1,3,psd__absolute_power__theta__roi__R6__iqr__CE_minus_OE,,
dummy,1,3,psd__absolute_power__theta__roi__R6__iqr__OE,,
dummy,1,3,psd__absolute_power__theta__roi__R6__median__CE,,
dummy,1,3,psd__absolute_power__theta__roi__R6__median__CE_minus_OE,,
dummy,1,3,psd__absolute_power__theta__roi__R6__median__OE,,
dummy,1,3,psd__delta_alpha_ratio__derived__roi__R1__iqr__CE,,
dummy,1,3,psd__delta_alpha_ratio__derived__roi__R1__iqr__CE_minus_OE,,
dummy,1,3,psd__delta_alpha_ratio__derived__roi__R1__iqr__OE,,
dummy,1,3,psd__delta_alpha_ratio__derived__roi__R1__median__CE,,
dummy,1,3,psd__delta_alpha_ratio__derived__roi__R1__median__CE_minus_OE,,
dummy,1,3,psd__delta_alpha_ratio__derived__roi__R1__median__OE,,
dummy,1,3,psd__delta_alpha_ratio__derived__roi__R2__iqr__CE,,
dummy,1,3,psd__delta_alpha_ratio__derived__roi__R2__iqr__CE_minus_OE,,
dummy,1,3,psd__delta_alpha_ratio__derived__roi__R2__iqr__OE,,
dummy,1,3,psd__delta_alpha_ratio__derived__roi__R2__median__CE,,
dummy,1,3,psd__delta_alpha_ratio__derived__roi__R2__median__CE_minus_OE,,
dummy,1,3,psd__delta_alpha_ratio__derived__roi__R2__median__OE,,
dummy,1,3,psd__delta_alpha_ratio__derived__roi__R3__iqr__CE,,
dummy,1,3,psd__delta_alpha_ratio__derived__roi__R3__iqr__CE_minus_OE,,
dummy,1,3,psd__delta_alpha_ratio__derived__roi__R3__iqr__OE,,
dummy,1,3,psd__delta_alpha_ratio__derived__roi__R3__median__CE,,
dummy,1,3,psd__delta_alpha_ratio__derived__roi__R3__median__CE_minus_OE,,
dummy,1,3,psd__delta_alpha_ratio__derived__roi__R3__median__OE,,
dummy,1,3,psd__delta_alpha_ratio__derived__roi__R4__iqr__CE,,
dummy,1,3,psd__delta_alpha_ratio__derived__roi__R4__iqr__CE_minus_OE,,
dummy,1,3,psd__delta_alpha_ratio__derived__roi__R4__iqr__OE,,
dummy,1,3,psd__delta_alpha_ratio__derived__roi__R4__median__CE,,
dummy,1,3,psd__delta_alpha_ratio__derived__roi__R4__median__CE_minus_OE,,
dummy,1,3,psd__delta_alpha_ratio__derived__roi__R4__median__OE,,
dummy,1,3,psd__delta_alpha_ratio__derived__roi__R5__iqr__CE,,
dummy,1,3,psd__delta_alpha_ratio__derived__roi__R5__iqr__CE_minus_OE,,
dummy,1,3,psd__delta_alpha_ratio__derived__roi__R5__iqr__OE,,
dummy,1,3,psd__delta_alpha_ratio__derived__roi__R5__median__CE,,
dummy,1,3,psd__delta_alpha_ratio__derived__roi__R5__median__CE_minus_OE,,
dummy,1,3,psd__delta_alpha_ratio__derived__roi__R5__median__OE,,
dummy,1,3,psd__delta_alpha_ratio__derived__roi__R6__iqr__CE,,
dummy,1,3,psd__delta_alpha_ratio__derived__roi__R6__iqr__CE_minus_OE,,
dummy,1,3,psd__delta_alpha_ratio__derived__roi__R6__iqr__OE,,
dummy,1,3,psd__delta_alpha_ratio__derived__roi__R6__median__CE,,
dummy,1,3,psd__delta_alpha_ratio__derived__roi__R6__median__CE_minus_OE,,
dummy,1,3,psd__delta_alpha_ratio__derived__roi__R6__median__OE,,
dummy,1,3,psd__relative_power__alpha__roi__R1__iqr__CE,,
dummy,1,3,psd__relative_power__alpha__roi__R1__iqr__CE_minus_OE,,
dummy,1,3,psd__relative_power__alpha__roi__R1__iqr__OE,,
dummy,1,3,psd__relative_power__alpha__roi__R1__median__CE,,
dummy,1,3,psd__relative_power__alpha__roi__R1__median__CE_minus_OE,,
dummy,1,3,psd__relative_power__alpha__roi__R1__median__OE,,
dummy,1,3,psd__relative_power__alpha__roi__R2__iqr__CE,,
dummy,1,3,psd__relative_power__alpha__roi__R2__iqr__CE_minus_OE,,
dummy,1,3,psd__relative_power__alpha__roi__R2__iqr__OE,,
dummy,1,3,psd__relative_power__alpha__roi__R2__median__CE,,
dummy,1,3,psd__relative_power__alpha__roi__R2__median__CE_minus_OE,,
dummy,1,3,psd__relative_power__alpha__roi__R2__median__OE,,
dummy,1,3,psd__relative_power__alpha__roi__R3__iqr__CE,,
dummy,1,3,psd__relative_power__alpha__roi__R3__iqr__CE_minus_OE,,
dummy,1,3,psd__relative_power__alpha__roi__R3__iqr__OE,,
dummy,1,3,psd__relative_power__alpha__roi__R3__median__CE,,
dummy,1,3,psd__relative_power__alpha__roi__R3__median__CE_minus_OE,,
dummy,1,3,psd__relative_power__alpha__roi__R3__median__OE,,
dummy,1,3,psd__relative_power__alpha__roi__R4__iqr__CE,,
dummy,1,3,psd__relative_power__alpha__roi__R4__iqr__CE_minus_OE,,
dummy,1,3,psd__relative_power__alpha__roi__R4__iqr__OE,,
dummy,1,3,psd__relative_power__alpha__roi__R4__median__CE,,
dummy,1,3,psd__relative_power__alpha__roi__R4__median__CE_minus_OE,,
dummy,1,3,psd__relative_power__alpha__roi__R4__median__OE,,
dummy,1,3,psd__relative_power__alpha__roi__R5__iqr__CE,,
dummy,1,3,psd__relative_power__alpha__roi__R5__iqr__CE_minus_OE,,
dummy,1,3,psd__relative_power__alpha__roi__R5__iqr__OE,,
dummy,1,3,psd__relative_power__alpha__roi__R5__median__CE,,
dummy,1,3,psd__relative_power__alpha__roi__R5__median__CE_minus_OE,,
dummy,1,3,psd__relative_power__alpha__roi__R5__median__OE,,
dummy,1,3,psd__relative_power__alpha__roi__R6__iqr__CE,,
dummy,1,3,psd__relative_power__alpha__roi__R6__iqr__CE_minus_OE,,
dummy,1,3,psd__relative_power__alpha__roi__R6__iqr__OE,,
dummy,1,3,psd__relative_power__alpha__roi__R6__median__CE,,
dummy,1,3,psd__relative_power__alpha__roi__R6__median__CE_minus_OE,,
dummy,1,3,psd__relative_power__alpha__roi__R6__median__OE,,
dummy,1,3,psd__relative_power__beta__roi__R1__iqr__CE,,
dummy,1,3,psd__relative_power__beta__roi__R1__iqr__CE_minus_OE,,
dummy,1,3,psd__relative_power__beta__roi__R1__iqr__OE,,
dummy,1,3,psd__relative_power__beta__roi__R1__median__CE,,
dummy,1,3,psd__relative_power__beta__roi__R1__median__CE_minus_OE,,
dummy,1,3,psd__relative_power__beta__roi__R1__median__OE,,
dummy,1,3,psd__relative_power__beta__roi__R2__iqr__CE,,
dummy,1,3,psd__relative_power__beta__roi__R2__iqr__CE_minus_OE,,
dummy,1,3,psd__relative_power__beta__roi__R2__iqr__OE,,
dummy,1,3,psd__relative_power__beta__roi__R2__median__CE,,
dummy,1,3,psd__relative_power__beta__roi__R2__median__CE_minus_OE,,
dummy,1,3,psd__relative_power__beta__roi__R2__median__OE,,
dummy,1,3,psd__relative_power__beta__roi__R3__iqr__CE,,
dummy,1,3,psd__relative_power__beta__roi__R3__iqr__CE_minus_OE,,
dummy,1,3,psd__relative_power__beta__roi__R3__iqr__OE,,
dummy,1,3,psd__relative_power__beta__roi__R3__median__CE,,
dummy,1,3,psd__relative_power__beta__roi__R3__median__CE_minus_OE,,
dummy,1,3,psd__relative_power__beta__roi__R3__median__OE,,
dummy,1,3,psd__relative_power__beta__roi__R4__iqr__CE,,
dummy,1,3,psd__relative_power__beta__roi__R4__iqr__CE_minus_OE,,
dummy,1,3,psd__relative_power__beta__roi__R4__iqr__OE,,
dummy,1,3,psd__relative_power__beta__roi__R4__median__CE,,
dummy,1,3,psd__relative_power__beta__roi__R4__median__CE_minus_OE,,
dummy,1,3,psd__relative_power__beta__roi__R4__median__OE,,
dummy,1,3,psd__relative_power__beta__roi__R5__iqr__CE,,
dummy,1,3,psd__relative_power__beta__roi__R5__iqr__CE_minus_OE,,
dummy,1,3,psd__relative_power__beta__roi__R5__iqr__OE,,
dummy,1,3,psd__relative_power__beta__roi__R5__median__CE,,
dummy,1,3,psd__relative_power__beta__roi__R5__median__CE_minus_OE,,
dummy,1,3,psd__relative_power__beta__roi__R5__median__OE,,
dummy,1,3,psd__relative_power__beta__roi__R6__iqr__CE,,
dummy,1,3,psd__relative_power__beta__roi__R6__iqr__CE_minus_OE,,
dummy,1,3,psd__relative_power__beta__roi__R6__iqr__OE,,
dummy,1,3,psd__relative_power__beta__roi__R6__median__CE,,
dummy,1,3,psd__relative_power__beta__roi__R6__median__CE_minus_OE,,
dummy,1,3,psd__relative_power__beta__roi__R6__median__OE,,
dummy,1,3,psd__relative_power__delta__roi__R1__iqr__CE,,
dummy,1,3,psd__relative_power__delta__roi__R1__iqr__CE_minus_OE,,
dummy,1,3,psd__relative_power__delta__roi__R1__iqr__OE,,
dummy,1,3,psd__relative_power__delta__roi__R1__median__CE,,
dummy,1,3,psd__relative_power__delta__roi__R1__median__CE_minus_OE,,
dummy,1,3,psd__relative_power__delta__roi__R1__median__OE,,
dummy,1,3,psd__relative_power__delta__roi__R2__iqr__CE,,
dummy,1,3,psd__relative_power__delta__roi__R2__iqr__CE_minus_OE,,
dummy,1,3,psd__relative_power__delta__roi__R2__iqr__OE,,
dummy,1,3,psd__relative_power__delta__roi__R2__median__CE,,
dummy,1,3,psd__relative_power__delta__roi__R2__median__CE_minus_OE,,
dummy,1,3,psd__relative_power__delta__roi__R2__median__OE,,
dummy,1,3,psd__relative_power__delta__roi__R3__iqr__CE,,
dummy,1,3,psd__relative_power__delta__roi__R3__iqr__CE_minus_OE,,
dummy,1,3,psd__relative_power__delta__roi__R3__iqr__OE,,
dummy,1,3,psd__relative_power__delta__roi__R3__median__CE,,
dummy,1,3,psd__relative_power__delta__roi__R3__median__CE_minus_OE,,
dummy,1,3,psd__relative_power__delta__roi__R3__median__OE,,
dummy,1,3,psd__relative_power__delta__roi__R4__iqr__CE,,
dummy,1,3,psd__relative_power__delta__roi__R4__iqr__CE_minus_OE,,
dummy,1,3,psd__relative_power__delta__roi__R4__iqr__OE,,
dummy,1,3,psd__relative_power__delta__roi__R4__median__CE,,
dummy,1,3,psd__relative_power__delta__roi__R4__median__CE_minus_OE,,
dummy,1,3,psd__relative_power__delta__roi__R4__median__OE,,
dummy,1,3,psd__relative_power__delta__roi__R5__iqr__CE,,
dummy,1,3,psd__relative_power__delta__roi__R5__iqr__CE_minus_OE,,
dummy,1,3,psd__relative_power__delta__roi__R5__iqr__OE,,
dummy,1,3,psd__relative_power__delta__roi__R5__median__CE,,
dummy,1,3,psd__relative_power__delta__roi__R5__median__CE_minus_OE,,
dummy,1,3,psd__relative_power__delta__roi__R5__median__OE,,
dummy,1,3,psd__relative_power__delta__roi__R6__iqr__CE,,
dummy,1,3,psd__relative_power__delta__roi__R6__iqr__CE_minus_OE,,
dummy,1,3,psd__relative_power__delta__roi__R6__iqr__OE,,
dummy,1,3,psd__relative_power__delta__roi__R6__median__CE,,
dummy,1,3,psd__relative_power__delta__roi__R6__median__CE_minus_OE,,
dummy,1,3,psd__relative_power__delta__roi__R6__median__OE,,
dummy,1,3,psd__relative_power__gamma__roi__R1__iqr__CE,,
dummy,1,3,psd__relative_power__gamma__roi__R1__iqr__CE_minus_OE,,
dummy,1,3,psd__relative_power__gamma__roi__R1__iqr__OE,,
dummy,1,3,psd__relative_power__gamma__roi__R1__median__CE,,
dummy,1,3,psd__relative_power__gamma__roi__R1__median__CE_minus_OE,,
dummy,1,3,psd__relative_power__gamma__roi__R1__median__OE,,
dummy,1,3,psd__relative_power__gamma__roi__R2__iqr__CE,,
dummy,1,3,psd__relative_power__gamma__roi__R2__iqr__CE_minus_OE,,
dummy,1,3,psd__relative_power__gamma__roi__R2__iqr__OE,,
dummy,1,3,psd__relative_power__gamma__roi__R2__median__CE,,
dummy,1,3,psd__relative_power__gamma__roi__R2__median__CE_minus_OE,,
dummy,1,3,psd__relative_power__gamma__roi__R2__median__OE,,
dummy,1,3,psd__relative_power__gamma__roi__R3__iqr__CE,,
dummy,1,3,psd__relative_power__gamma__roi__R3__iqr__CE_minus_OE,,
dummy,1,3,psd__relative_power__gamma__roi__R3__iqr__OE,,
dummy,1,3,psd__relative_power__gamma__roi__R3__median__CE,,
dummy,1,3,psd__relative_power__gamma__roi__R3__median__CE_minus_OE,,
dummy,1,3,psd__relative_power__gamma__roi__R3__median__OE,,
dummy,1,3,psd__relative_power__gamma__roi__R4__iqr__CE,,
dummy,1,3,psd__relative_power__gamma__roi__R4__iqr__CE_minus_OE,,
dummy,1,3,psd__relative_power__gamma__roi__R4__iqr__OE,,
dummy,1,3,psd__relative_power__gamma__roi__R4__median__CE,,
dummy,1,3,psd__relative_power__gamma__roi__R4__median__CE_minus_OE,,
dummy,1,3,psd__relative_power__gamma__roi__R4__median__OE,,
dummy,1,3,psd__relative_power__gamma__roi__R5__iqr__CE,,
dummy,1,3,psd__relative_power__gamma__roi__R5__iqr__CE_minus_OE,,
dummy,1,3,psd__relative_power__gamma__roi__R5__iqr__OE,,
dummy,1,3,psd__relative_power__gamma__roi__R5__median__CE,,
dummy,1,3,psd__relative_power__gamma__roi__R5__median__CE_minus_OE,,
dummy,1,3,psd__relative_power__gamma__roi__R5__median__OE,,
dummy,1,3,psd__relative_power__gamma__roi__R6__iqr__CE,,
dummy,1,3,psd__relative_power__gamma__roi__R6__iqr__CE_minus_OE,,
dummy,1,3,psd__relative_power__gamma__roi__R6__iqr__OE,,
dummy,1,3,psd__relative_power__gamma__roi__R6__median__CE,,
dummy,1,3,psd__relative_power__gamma__roi__R6__median__CE_minus_OE,,
dummy,1,3,psd__relative_power__gamma__roi__R6__median__OE,,
dummy,1,3,psd__relative_power__theta__roi__R1__iqr__CE,,
dummy,1,3,psd__relative_power__theta__roi__R1__iqr__CE_minus_OE,,
dummy,1,3,psd__relative_power__theta__roi__R1__iqr__OE,,
dummy,1,3,psd__relative_power__theta__roi__R1__median__CE,,
dummy,1,3,psd__relative_power__theta__roi__R1__median__CE_minus_OE,,
dummy,1,3,psd__relative_power__theta__roi__R1__median__OE,,
dummy,1,3,psd__relative_power__theta__roi__R2__iqr__CE,,
dummy,1,3,psd__relative_power__theta__roi__R2__iqr__CE_minus_OE,,
dummy,1,3,psd__relative_power__theta__roi__R2__iqr__OE,,
dummy,1,3,psd__relative_power__theta__roi__R2__median__CE,,
dummy,1,3,psd__relative_power__theta__roi__R2__median__CE_minus_OE,,
dummy,1,3,psd__relative_power__theta__roi__R2__median__OE,,
dummy,1,3,psd__relative_power__theta__roi__R3__iqr__CE,,
dummy,1,3,psd__relative_power__theta__roi__R3__iqr__CE_minus_OE,,
dummy,1,3,psd__relative_power__theta__roi__R3__iqr__OE,,
dummy,1,3,psd__relative_power__theta__roi__R3__median__CE,,
dummy,1,3,psd__relative_power__theta__roi__R3__median__CE_minus_OE,,
dummy,1,3,psd__relative_power__theta__roi__R3__median__OE,,
dummy,1,3,psd__relative_power__theta__roi__R4__iqr__CE,,
dummy,1,3,psd__relative_power__theta__roi__R4__iqr__CE_minus_OE,,
dummy,1,3,psd__relative_power__theta__roi__R4__iqr__OE,,
dummy,1,3,psd__relative_power__theta__roi__R4__median__CE,,
dummy,1,3,psd__relative_power__theta__roi__R4__median__CE_minus_OE,,
dummy,1,3,psd__relative_power__theta__roi__R4__median__OE,,
dummy,1,3,psd__relative_power__theta__roi__R5__iqr__CE,,
dummy,1,3,psd__relative_power__theta__roi__R5__iqr__CE_minus_OE,,
dummy,1,3,psd__relative_power__theta__roi__R5__iqr__OE,,
dummy,1,3,psd__relative_power__theta__roi__R5__median__CE,,
dummy,1,3,psd__relative_power__theta__roi__R5__median__CE_minus_OE,,
dummy,1,3,psd__relative_power__theta__roi__R5__median__OE,,
dummy,1,3,psd__relative_power__theta__roi__R6__iqr__CE,,
dummy,1,3,psd__relative_power__theta__roi__R6__iqr__CE_minus_OE,,
dummy,1,3,psd__relative_power__theta__roi__R6__iqr__OE,,
dummy,1,3,psd__relative_power__theta__roi__R6__median__CE,,
dummy,1,3,psd__relative_power__theta__roi__R6__median__CE_minus_OE,,
dummy,1,3,psd__relative_power__theta__roi__R6__median__OE,,
dummy,1,3,psd__sfr__derived__roi__R1__iqr__CE,,
dummy,1,3,psd__sfr__derived__roi__R1__iqr__CE_minus_OE,,
dummy,1,3,psd__sfr__derived__roi__R1__iqr__OE,,
dummy,1,3,psd__sfr__derived__roi__R1__median__CE,,
dummy,1,3,psd__sfr__derived__roi__R1__median__CE_minus_OE,,
dummy,1,3,psd__sfr__derived__roi__R1__median__OE,,
dummy,1,3,psd__sfr__derived__roi__R2__iqr__CE,,
dummy,1,3,psd__sfr__derived__roi__R2__iqr__CE_minus_OE,,
dummy,1,3,psd__sfr__derived__roi__R2__iqr__OE,,
dummy,1,3,psd__sfr__derived__roi__R2__median__CE,,
dummy,1,3,psd__sfr__derived__roi__R2__median__CE_minus_OE,,
dummy,1,3,psd__sfr__derived__roi__R2__median__OE,,
dummy,1,3,psd__sfr__derived__roi__R3__iqr__CE,,
dummy,1,3,psd__sfr__derived__roi__R3__iqr__CE_minus_OE,,
dummy,1,3,psd__sfr__derived__roi__R3__iqr__OE,,
dummy,1,3,psd__sfr__derived__roi__R3__median__CE,,
dummy,1,3,psd__sfr__derived__roi__R3__median__CE_minus_OE,,
dummy,1,3,psd__sfr__derived__roi__R3__median__OE,,
dummy,1,3,psd__sfr__derived__roi__R4__iqr__CE,,
dummy,1,3,psd__sfr__derived__roi__R4__iqr__CE_minus_OE,,
dummy,1,3,psd__sfr__derived__roi__R4__iqr__OE,,
dummy,1,3,psd__sfr__derived__roi__R4__median__CE,,
dummy,1,3,psd__sfr__derived__roi__R4__median__CE_minus_OE,,
dummy,1,3,psd__sfr__derived__roi__R4__median__OE,,
dummy,1,3,psd__sfr__derived__roi__R5__iqr__CE,,
dummy,1,3,psd__sfr__derived__roi__R5__iqr__CE_minus_OE,,
dummy,1,3,psd__sfr__derived__roi__R5__iqr__OE,,
dummy,1,3,psd__sfr__derived__roi__R5__median__CE,,
dummy,1,3,psd__sfr__derived__roi__R5__median__CE_minus_OE,,
dummy,1,3,psd__sfr__derived__roi__R5__median__OE,,
dummy,1,3,psd__sfr__derived__roi__R6__iqr__CE,,
dummy,1,3,psd__sfr__derived__roi__R6__iqr__CE_minus_OE,,
dummy,1,3,psd__sfr__derived__roi__R6__iqr__OE,,
dummy,1,3,psd__sfr__derived__roi__R6__median__CE,,
dummy,1,3,psd__sfr__derived__roi__R6__median__CE_minus_OE,,
dummy,1,3,psd__sfr__derived__roi__R6__median__OE,,
dummy,1,3,psd__theta_alpha_ratio__derived__roi__R1__iqr__CE,,
dummy,1,3,psd__theta_alpha_ratio__derived__roi__R1__iqr__CE_minus_OE,,
dummy,1,3,psd__theta_alpha_ratio__derived__roi__R1__iqr__OE,,
dummy,1,3,psd__theta_alpha_ratio__derived__roi__R1__median__CE,,
dummy,1,3,psd__theta_alpha_ratio__derived__roi__R1__median__CE_minus_OE,,
dummy,1,3,psd__theta_alpha_ratio__derived__roi__R1__median__OE,,
dummy,1,3,psd__theta_alpha_ratio__derived__roi__R2__iqr__CE,,
dummy,1,3,psd__theta_alpha_ratio__derived__roi__R2__iqr__CE_minus_OE,,
dummy,1,3,psd__theta_alpha_ratio__derived__roi__R2__iqr__OE,,
dummy,1,3,psd__theta_alpha_ratio__derived__roi__R2__median__CE,,
dummy,1,3,psd__theta_alpha_ratio__derived__roi__R2__median__CE_minus_OE,,
dummy,1,3,psd__theta_alpha_ratio__derived__roi__R2__median__OE,,
dummy,1,3,psd__theta_alpha_ratio__derived__roi__R3__iqr__CE,,
dummy,1,3,psd__theta_alpha_ratio__derived__roi__R3__iqr__CE_minus_OE,,
dummy,1,3,psd__theta_alpha_ratio__derived__roi__R3__iqr__OE,,
dummy,1,3,psd__theta_alpha_ratio__derived__roi__R3__median__CE,,
dummy,1,3,psd__theta_alpha_ratio__derived__roi__R3__median__CE_minus_OE,,
dummy,1,3,psd__theta_alpha_ratio__derived__roi__R3__median__OE,,
dummy,1,3,psd__theta_alpha_ratio__derived__roi__R4__iqr__CE,,
dummy,1,3,psd__theta_alpha_ratio__derived__roi__R4__iqr__CE_minus_OE,,
dummy,1,3,psd__theta_alpha_ratio__derived__roi__R4__iqr__OE,,
dummy,1,3,psd__theta_alpha_ratio__derived__roi__R4__median__CE,,
dummy,1,3,psd__theta_alpha_ratio__derived__roi__R4__median__CE_minus_OE,,
dummy,1,3,psd__theta_alpha_ratio__derived__roi__R4__median__OE,,
dummy,1,3,psd__theta_alpha_ratio__derived__roi__R5__iqr__CE,,
dummy,1,3,psd__theta_alpha_ratio__derived__roi__R5__iqr__CE_minus_OE,,
dummy,1,3,psd__theta_alpha_ratio__derived__roi__R5__iqr__OE,,
dummy,1,3,psd__theta_alpha_ratio__derived__roi__R5__median__CE,,
dummy,1,3,psd__theta_alpha_ratio__derived__roi__R5__median__CE_minus_OE,,
dummy,1,3,psd__theta_alpha_ratio__derived__roi__R5__median__OE,,
dummy,1,3,psd__theta_alpha_ratio__derived__roi__R6__iqr__CE,,
dummy,1,3,psd__theta_alpha_ratio__derived__roi__R6__iqr__CE_minus_OE,,
dummy,1,3,psd__theta_alpha_ratio__derived__roi__R6__iqr__OE,,
dummy,1,3,psd__theta_alpha_ratio__derived__roi__R6__median__CE,,
dummy,1,3,psd__theta_alpha_ratio__derived__roi__R6__median__CE_minus_OE,,
dummy,1,3,psd__theta_alpha_ratio__derived__roi__R6__median__OE,,
dummy,1,4,complexity__spectral_entropy__broadband__roi__R1__iqr__CE,,
dummy,1,4,complexity__spectral_entropy__broadband__roi__R1__iqr__CE_minus_OE,,
dummy,1,4,complexity__spectral_entropy__broadband__roi__R1__iqr__OE,,
dummy,1,4,complexity__spectral_entropy__broadband__roi__R1__median__CE,,
dummy,1,4,complexity__spectral_entropy__broadband__roi__R1__median__CE_minus_OE,,
dummy,1,4,complexity__spectral_entropy__broadband__roi__R1__median__OE,,
dummy,1,4,complexity__spectral_entropy__broadband__roi__R2__iqr__CE,,
dummy,1,4,complexity__spectral_entropy__broadband__roi__R2__iqr__CE_minus_OE,,
dummy,1,4,complexity__spectral_entropy__broadband__roi__R2__iqr__OE,,
dummy,1,4,complexity__spectral_entropy__broadband__roi__R2__median__CE,,
dummy,1,4,complexity__spectral_entropy__broadband__roi__R2__median__CE_minus_OE,,
dummy,1,4,complexity__spectral_entropy__broadband__roi__R2__median__OE,,
dummy,1,4,complexity__spectral_entropy__broadband__roi__R3__iqr__CE,,
dummy,1,4,complexity__spectral_entropy__broadband__roi__R3__iqr__CE_minus_OE,,
dummy,1,4,complexity__spectral_entropy__broadband__roi__R3__iqr__OE,,
dummy,1,4,complexity__spectral_entropy__broadband__roi__R3__median__CE,,
dummy,1,4,complexity__spectral_entropy__broadband__roi__R3__median__CE_minus_OE,,
dummy,1,4,complexity__spectral_entropy__broadband__roi__R3__median__OE,,
dummy,1,4,complexity__spectral_entropy__broadband__roi__R4__iqr__CE,,
dummy,1,4,complexity__spectral_entropy__broadband__roi__R4__iqr__CE_minus_OE,,
dummy,1,4,complexity__spectral_entropy__broadband__roi__R4__iqr__OE,,
dummy,1,4,complexity__spectral_entropy__broadband__roi__R4__median__CE,,
dummy,1,4,complexity__spectral_entropy__broadband__roi__R4__median__CE_minus_OE,,
dummy,1,4,complexity__spectral_entropy__broadband__roi__R4__median__OE,,
dummy,1,4,complexity__spectral_entropy__broadband__roi__R5__iqr__CE,,
dummy,1,4,complexity__spectral_entropy__broadband__roi__R5__iqr__CE_minus_OE,,
dummy,1,4,complexity__spectral_entropy__broadband__roi__R5__iqr__OE,,
dummy,1,4,complexity__spectral_entropy__broadband__roi__R5__median__CE,,
dummy,1,4,complexity__spectral_entropy__broadband__roi__R5__median__CE_minus_OE,,
dummy,1,4,complexity__spectral_entropy__broadband__roi__R5__median__OE,,
dummy,1,4,complexity__spectral_entropy__broadband__roi__R6__iqr__CE,,
dummy,1,4,complexity__spectral_entropy__broadband__roi__R6__iqr__CE_minus_OE,,
dummy,1,4,complexity__spectral_entropy__broadband__roi__R6__iqr__OE,,
dummy,1,4,complexity__spectral_entropy__broadband__roi__R6__median__CE,,
dummy,1,4,complexity__spectral_entropy__broadband__roi__R6__median__CE_minus_OE,,
dummy,1,4,complexity__spectral_entropy__broadband__roi__R6__median__OE,,
dummy,1,4,psd__absolute_power__alpha__roi__R1__iqr__CE,,
dummy,1,4,psd__absolute_power__alpha__roi__R1__iqr__CE_minus_OE,,
dummy,1,4,psd__absolute_power__alpha__roi__R1__iqr__OE,,
dummy,1,4,psd__absolute_power__alpha__roi__R1__median__CE,,
dummy,1,4,psd__absolute_power__alpha__roi__R1__median__CE_minus_OE,,
dummy,1,4,psd__absolute_power__alpha__roi__R1__median__OE,,
dummy,1,4,psd__absolute_power__alpha__roi__R2__iqr__CE,,
dummy,1,4,psd__absolute_power__alpha__roi__R2__iqr__CE_minus_OE,,
dummy,1,4,psd__absolute_power__alpha__roi__R2__iqr__OE,,
dummy,1,4,psd__absolute_power__alpha__roi__R2__median__CE,,
dummy,1,4,psd__absolute_power__alpha__roi__R2__median__CE_minus_OE,,
dummy,1,4,psd__absolute_power__alpha__roi__R2__median__OE,,
dummy,1,4,psd__absolute_power__alpha__roi__R3__iqr__CE,,
dummy,1,4,psd__absolute_power__alpha__roi__R3__iqr__CE_minus_OE,,
dummy,1,4,psd__absolute_power__alpha__roi__R3__iqr__OE,,
dummy,1,4,psd__absolute_power__alpha__roi__R3__median__CE,,
dummy,1,4,psd__absolute_power__alpha__roi__R3__median__CE_minus_OE,,
dummy,1,4,psd__absolute_power__alpha__roi__R3__median__OE,,
dummy,1,4,psd__absolute_power__alpha__roi__R4__iqr__CE,,
dummy,1,4,psd__absolute_power__alpha__roi__R4__iqr__CE_minus_OE,,
dummy,1,4,psd__absolute_power__alpha__roi__R4__iqr__OE,,
dummy,1,4,psd__absolute_power__alpha__roi__R4__median__CE,,
dummy,1,4,psd__absolute_power__alpha__roi__R4__median__CE_minus_OE,,
dummy,1,4,psd__absolute_power__alpha__roi__R4__median__OE,,
dummy,1,4,psd__absolute_power__alpha__roi__R5__iqr__CE,,
dummy,1,4,psd__absolute_power__alpha__roi__R5__iqr__CE_minus_OE,,
dummy,1,4,psd__absolute_power__alpha__roi__R5__iqr__OE,,
dummy,1,4,psd__absolute_power__alpha__roi__R5__median__CE,,
dummy,1,4,psd__absolute_power__alpha__roi__R5__median__CE_minus_OE,,
dummy,1,4,psd__absolute_power__alpha__roi__R5__median__OE,,
dummy,1,4,psd__absolute_power__alpha__roi__R6__iqr__CE,,
dummy,1,4,psd__absolute_power__alpha__roi__R6__iqr__CE_minus_OE,,
dummy,1,4,psd__absolute_power__alpha__roi__R6__iqr__OE,,
dummy,1,4,psd__absolute_power__alpha__roi__R6__median__CE,,
dummy,1,4,psd__absolute_power__alpha__roi__R6__median__CE_minus_OE,,
dummy,1,4,psd__absolute_power__alpha__roi__R6__median__OE,,
dummy,1,4,psd__absolute_power__beta__roi__R1__iqr__CE,,
dummy,1,4,psd__absolute_power__beta__roi__R1__iqr__CE_minus_OE,,
dummy,1,4,psd__absolute_power__beta__roi__R1__iqr__OE,,
dummy,1,4,psd__absolute_power__beta__roi__R1__median__CE,,
dummy,1,4,psd__absolute_power__beta__roi__R1__median__CE_minus_OE,,
dummy,1,4,psd__absolute_power__beta__roi__R1__median__OE,,
dummy,1,4,psd__absolute_power__beta__roi__R2__iqr__CE,,
dummy,1,4,psd__absolute_power__beta__roi__R2__iqr__CE_minus_OE,,
dummy,1,4,psd__absolute_power__beta__roi__R2__iqr__OE,,
dummy,1,4,psd__absolute_power__beta__roi__R2__median__CE,,
dummy,1,4,psd__absolute_power__beta__roi__R2__median__CE_minus_OE,,
dummy,1,4,psd__absolute_power__beta__roi__R2__median__OE,,
dummy,1,4,psd__absolute_power__beta__roi__R3__iqr__CE,,
dummy,1,4,psd__absolute_power__beta__roi__R3__iqr__CE_minus_OE,,
dummy,1,4,psd__absolute_power__beta__roi__R3__iqr__OE,,
dummy,1,4,psd__absolute_power__beta__roi__R3__median__CE,,
dummy,1,4,psd__absolute_power__beta__roi__R3__median__CE_minus_OE,,
dummy,1,4,psd__absolute_power__beta__roi__R3__median__OE,,
dummy,1,4,psd__absolute_power__beta__roi__R4__iqr__CE,,
dummy,1,4,psd__absolute_power__beta__roi__R4__iqr__CE_minus_OE,,
dummy,1,4,psd__absolute_power__beta__roi__R4__iqr__OE,,
dummy,1,4,psd__absolute_power__beta__roi__R4__median__CE,,
dummy,1,4,psd__absolute_power__beta__roi__R4__median__CE_minus_OE,,
dummy,1,4,psd__absolute_power__beta__roi__R4__median__OE,,
dummy,1,4,psd__absolute_power__beta__roi__R5__iqr__CE,,
dummy,1,4,psd__absolute_power__beta__roi__R5__iqr__CE_minus_OE,,
dummy,1,4,psd__absolute_power__beta__roi__R5__iqr__OE,,
dummy,1,4,psd__absolute_power__beta__roi__R5__median__CE,,
dummy,1,4,psd__absolute_power__beta__roi__R5__median__CE_minus_OE,,
dummy,1,4,psd__absolute_power__beta__roi__R5__median__OE,,
dummy,1,4,psd__absolute_power__beta__roi__R6__iqr__CE,,
dummy,1,4,psd__absolute_power__beta__roi__R6__iqr__CE_minus_OE,,
dummy,1,4,psd__absolute_power__beta__roi__R6__iqr__OE,,
dummy,1,4,psd__absolute_power__beta__roi__R6__median__CE,,
dummy,1,4,psd__absolute_power__beta__roi__R6__median__CE_minus_OE,,
dummy,1,4,psd__absolute_power__beta__roi__R6__median__OE,,
dummy,1,4,psd__absolute_power__delta__roi__R1__iqr__CE,,
dummy,1,4,psd__absolute_power__delta__roi__R1__iqr__CE_minus_OE,,
dummy,1,4,psd__absolute_power__delta__roi__R1__iqr__OE,,
dummy,1,4,psd__absolute_power__delta__roi__R1__median__CE,,
dummy,1,4,psd__absolute_power__delta__roi__R1__median__CE_minus_OE,,
dummy,1,4,psd__absolute_power__delta__roi__R1__median__OE,,
dummy,1,4,psd__absolute_power__delta__roi__R2__iqr__CE,,
dummy,1,4,psd__absolute_power__delta__roi__R2__iqr__CE_minus_OE,,
dummy,1,4,psd__absolute_power__delta__roi__R2__iqr__OE,,
dummy,1,4,psd__absolute_power__delta__roi__R2__median__CE,,
dummy,1,4,psd__absolute_power__delta__roi__R2__median__CE_minus_OE,,
dummy,1,4,psd__absolute_power__delta__roi__R2__median__OE,,
dummy,1,4,psd__absolute_power__delta__roi__R3__iqr__CE,,
dummy,1,4,psd__absolute_power__delta__roi__R3__iqr__CE_minus_OE,,
dummy,1,4,psd__absolute_power__delta__roi__R3__iqr__OE,,
dummy,1,4,psd__absolute_power__delta__roi__R3__median__CE,,
dummy,1,4,psd__absolute_power__delta__roi__R3__median__CE_minus_OE,,
dummy,1,4,psd__absolute_power__delta__roi__R3__median__OE,,
dummy,1,4,psd__absolute_power__delta__roi__R4__iqr__CE,,
dummy,1,4,psd__absolute_power__delta__roi__R4__iqr__CE_minus_OE,,
dummy,1,4,psd__absolute_power__delta__roi__R4__iqr__OE,,
dummy,1,4,psd__absolute_power__delta__roi__R4__median__CE,,
dummy,1,4,psd__absolute_power__delta__roi__R4__median__CE_minus_OE,,
dummy,1,4,psd__absolute_power__delta__roi__R4__median__OE,,
dummy,1,4,psd__absolute_power__delta__roi__R5__iqr__CE,,
dummy,1,4,psd__absolute_power__delta__roi__R5__iqr__CE_minus_OE,,
dummy,1,4,psd__absolute_power__delta__roi__R5__iqr__OE,,
dummy,1,4,psd__absolute_power__delta__roi__R5__median__CE,,
dummy,1,4,psd__absolute_power__delta__roi__R5__median__CE_minus_OE,,
dummy,1,4,psd__absolute_power__delta__roi__R5__median__OE,,
dummy,1,4,psd__absolute_power__delta__roi__R6__iqr__CE,,
dummy,1,4,psd__absolute_power__delta__roi__R6__iqr__CE_minus_OE,,
dummy,1,4,psd__absolute_power__delta__roi__R6__iqr__OE,,
dummy,1,4,psd__absolute_power__delta__roi__R6__median__CE,,
dummy,1,4,psd__absolute_power__delta__roi__R6__median__CE_minus_OE,,
dummy,1,4,psd__absolute_power__delta__roi__R6__median__OE,,
dummy,1,4,psd__absolute_power__gamma__roi__R1__iqr__CE,,
dummy,1,4,psd__absolute_power__gamma__roi__R1__iqr__CE_minus_OE,,
dummy,1,4,psd__absolute_power__gamma__roi__R1__iqr__OE,,
dummy,1,4,psd__absolute_power__gamma__roi__R1__median__CE,,
dummy,1,4,psd__absolute_power__gamma__roi__R1__median__CE_minus_OE,,
dummy,1,4,psd__absolute_power__gamma__roi__R1__median__OE,,
dummy,1,4,psd__absolute_power__gamma__roi__R2__iqr__CE,,
dummy,1,4,psd__absolute_power__gamma__roi__R2__iqr__CE_minus_OE,,
dummy,1,4,psd__absolute_power__gamma__roi__R2__iqr__OE,,
dummy,1,4,psd__absolute_power__gamma__roi__R2__median__CE,,
dummy,1,4,psd__absolute_power__gamma__roi__R2__median__CE_minus_OE,,
dummy,1,4,psd__absolute_power__gamma__roi__R2__median__OE,,
dummy,1,4,psd__absolute_power__gamma__roi__R3__iqr__CE,,
dummy,1,4,psd__absolute_power__gamma__roi__R3__iqr__CE_minus_OE,,
dummy,1,4,psd__absolute_power__gamma__roi__R3__iqr__OE,,
dummy,1,4,psd__absolute_power__gamma__roi__R3__median__CE,,
dummy,1,4,psd__absolute_power__gamma__roi__R3__median__CE_minus_OE,,
dummy,1,4,psd__absolute_power__gamma__roi__R3__median__OE,,
dummy,1,4,psd__absolute_power__gamma__roi__R4__iqr__CE,,
dummy,1,4,psd__absolute_power__gamma__roi__R4__iqr__CE_minus_OE,,
dummy,1,4,psd__absolute_power__gamma__roi__R4__iqr__OE,,
dummy,1,4,psd__absolute_power__gamma__roi__R4__median__CE,,
dummy,1,4,psd__absolute_power__gamma__roi__R4__median__CE_minus_OE,,
dummy,1,4,psd__absolute_power__gamma__roi__R4__median__OE,,
dummy,1,4,psd__absolute_power__gamma__roi__R5__iqr__CE,,
dummy,1,4,psd__absolute_power__gamma__roi__R5__iqr__CE_minus_OE,,
dummy,1,4,psd__absolute_power__gamma__roi__R5__iqr__OE,,
dummy,1,4,psd__absolute_power__gamma__roi__R5__median__CE,,
dummy,1,4,psd__absolute_power__gamma__roi__R5__median__CE_minus_OE,,
dummy,1,4,psd__absolute_power__gamma__roi__R5__median__OE,,
dummy,1,4,psd__absolute_power__gamma__roi__R6__iqr__CE,,
dummy,1,4,psd__absolute_power__gamma__roi__R6__iqr__CE_minus_OE,,
dummy,1,4,psd__absolute_power__gamma__roi__R6__iqr__OE,,
dummy,1,4,psd__absolute_power__gamma__roi__R6__median__CE,,
dummy,1,4,psd__absolute_power__gamma__roi__R6__median__CE_minus_OE,,
dummy,1,4,psd__absolute_power__gamma__roi__R6__median__OE,,
dummy,1,4,psd__absolute_power__theta__roi__R1__iqr__CE,,
dummy,1,4,psd__absolute_power__theta__roi__R1__iqr__CE_minus_OE,,
dummy,1,4,psd__absolute_power__theta__roi__R1__iqr__OE,,
dummy,1,4,psd__absolute_power__theta__roi__R1__median__CE,,
dummy,1,4,psd__absolute_power__theta__roi__R1__median__CE_minus_OE,,
dummy,1,4,psd__absolute_power__theta__roi__R1__median__OE,,
dummy,1,4,psd__absolute_power__theta__roi__R2__iqr__CE,,
dummy,1,4,psd__absolute_power__theta__roi__R2__iqr__CE_minus_OE,,
dummy,1,4,psd__absolute_power__theta__roi__R2__iqr__OE,,
dummy,1,4,psd__absolute_power__theta__roi__R2__median__CE,,
dummy,1,4,psd__absolute_power__theta__roi__R2__median__CE_minus_OE,,
dummy,1,4,psd__absolute_power__theta__roi__R2__median__OE,,
dummy,1,4,psd__absolute_power__theta__roi__R3__iqr__CE,,
dummy,1,4,psd__absolute_power__theta__roi__R3__iqr__CE_minus_OE,,
dummy,1,4,psd__absolute_power__theta__roi__R3__iqr__OE,,
dummy,1,4,psd__absolute_power__theta__roi__R3__median__CE,,
dummy,1,4,psd__absolute_power__theta__roi__R3__median__CE_minus_OE,,
dummy,1,4,psd__absolute_power__theta__roi__R3__median__OE,,
dummy,1,4,psd__absolute_power__theta__roi__R4__iqr__CE,,
dummy,1,4,psd__absolute_power__theta__roi__R4__iqr__CE_minus_OE,,
dummy,1,4,psd__absolute_power__theta__roi__R4__iqr__OE,,
dummy,1,4,psd__absolute_power__theta__roi__R4__median__CE,,
dummy,1,4,psd__absolute_power__theta__roi__R4__median__CE_minus_OE,,
dummy,1,4,psd__absolute_power__theta__roi__R4__median__OE,,
dummy,1,4,psd__absolute_power__theta__roi__R5__iqr__CE,,
dummy,1,4,psd__absolute_power__theta__roi__R5__iqr__CE_minus_OE,,
dummy,1,4,psd__absolute_power__theta__roi__R5__iqr__OE,,
dummy,1,4,psd__absolute_power__theta__roi__R5__median__CE,,
dummy,1,4,psd__absolute_power__theta__roi__R5__median__CE_minus_OE,,
dummy,1,4,psd__absolute_power__theta__roi__R5__median__OE,,
dummy,1,4,psd__absolute_power__theta__roi__R6__iqr__CE,,
dummy,1,4,psd__absolute_power__theta__roi__R6__iqr__CE_minus_OE,,
dummy,1,4,psd__absolute_power__theta__roi__R6__iqr__OE,,
dummy,1,4,psd__absolute_power__theta__roi__R6__median__CE,,
dummy,1,4,psd__absolute_power__theta__roi__R6__median__CE_minus_OE,,
dummy,1,4,psd__absolute_power__theta__roi__R6__median__OE,,
dummy,1,4,psd__delta_alpha_ratio__derived__roi__R1__iqr__CE,,
dummy,1,4,psd__delta_alpha_ratio__derived__roi__R1__iqr__CE_minus_OE,,
dummy,1,4,psd__delta_alpha_ratio__derived__roi__R1__iqr__OE,,
dummy,1,4,psd__delta_alpha_ratio__derived__roi__R1__median__CE,,
dummy,1,4,psd__delta_alpha_ratio__derived__roi__R1__median__CE_minus_OE,,
dummy,1,4,psd__delta_alpha_ratio__derived__roi__R1__median__OE,,
dummy,1,4,psd__delta_alpha_ratio__derived__roi__R2__iqr__CE,,
dummy,1,4,psd__delta_alpha_ratio__derived__roi__R2__iqr__CE_minus_OE,,
dummy,1,4,psd__delta_alpha_ratio__derived__roi__R2__iqr__OE,,
dummy,1,4,psd__delta_alpha_ratio__derived__roi__R2__median__CE,,
dummy,1,4,psd__delta_alpha_ratio__derived__roi__R2__median__CE_minus_OE,,
dummy,1,4,psd__delta_alpha_ratio__derived__roi__R2__median__OE,,
dummy,1,4,psd__delta_alpha_ratio__derived__roi__R3__iqr__CE,,
dummy,1,4,psd__delta_alpha_ratio__derived__roi__R3__iqr__CE_minus_OE,,
dummy,1,4,psd__delta_alpha_ratio__derived__roi__R3__iqr__OE,,
dummy,1,4,psd__delta_alpha_ratio__derived__roi__R3__median__CE,,
dummy,1,4,psd__delta_alpha_ratio__derived__roi__R3__median__CE_minus_OE,,
dummy,1,4,psd__delta_alpha_ratio__derived__roi__R3__median__OE,,
dummy,1,4,psd__delta_alpha_ratio__derived__roi__R4__iqr__CE,,
dummy,1,4,psd__delta_alpha_ratio__derived__roi__R4__iqr__CE_minus_OE,,
dummy,1,4,psd__delta_alpha_ratio__derived__roi__R4__iqr__OE,,
dummy,1,4,psd__delta_alpha_ratio__derived__roi__R4__median__CE,,
dummy,1,4,psd__delta_alpha_ratio__derived__roi__R4__median__CE_minus_OE,,
dummy,1,4,psd__delta_alpha_ratio__derived__roi__R4__median__OE,,
dummy,1,4,psd__delta_alpha_ratio__derived__roi__R5__iqr__CE,,
dummy,1,4,psd__delta_alpha_ratio__derived__roi__R5__iqr__CE_minus_OE,,
dummy,1,4,psd__delta_alpha_ratio__derived__roi__R5__iqr__OE,,
dummy,1,4,psd__delta_alpha_ratio__derived__roi__R5__median__CE,,
dummy,1,4,psd__delta_alpha_ratio__derived__roi__R5__median__CE_minus_OE,,
dummy,1,4,psd__delta_alpha_ratio__derived__roi__R5__median__OE,,
dummy,1,4,psd__delta_alpha_ratio__derived__roi__R6__iqr__CE,,
dummy,1,4,psd__delta_alpha_ratio__derived__roi__R6__iqr__CE_minus_OE,,
dummy,1,4,psd__delta_alpha_ratio__derived__roi__R6__iqr__OE,,
dummy,1,4,psd__delta_alpha_ratio__derived__roi__R6__median__CE,,
dummy,1,4,psd__delta_alpha_ratio__derived__roi__R6__median__CE_minus_OE,,
dummy,1,4,psd__delta_alpha_ratio__derived__roi__R6__median__OE,,
dummy,1,4,psd__relative_power__alpha__roi__R1__iqr__CE,,
dummy,1,4,psd__relative_power__alpha__roi__R1__iqr__CE_minus_OE,,
dummy,1,4,psd__relative_power__alpha__roi__R1__iqr__OE,,
dummy,1,4,psd__relative_power__alpha__roi__R1__median__CE,,
dummy,1,4,psd__relative_power__alpha__roi__R1__median__CE_minus_OE,,
dummy,1,4,psd__relative_power__alpha__roi__R1__median__OE,,
dummy,1,4,psd__relative_power__alpha__roi__R2__iqr__CE,,
dummy,1,4,psd__relative_power__alpha__roi__R2__iqr__CE_minus_OE,,
dummy,1,4,psd__relative_power__alpha__roi__R2__iqr__OE,,
dummy,1,4,psd__relative_power__alpha__roi__R2__median__CE,,
dummy,1,4,psd__relative_power__alpha__roi__R2__median__CE_minus_OE,,
dummy,1,4,psd__relative_power__alpha__roi__R2__median__OE,,
dummy,1,4,psd__relative_power__alpha__roi__R3__iqr__CE,,
dummy,1,4,psd__relative_power__alpha__roi__R3__iqr__CE_minus_OE,,
dummy,1,4,psd__relative_power__alpha__roi__R3__iqr__OE,,
dummy,1,4,psd__relative_power__alpha__roi__R3__median__CE,,
dummy,1,4,psd__relative_power__alpha__roi__R3__median__CE_minus_OE,,
dummy,1,4,psd__relative_power__alpha__roi__R3__median__OE,,
dummy,1,4,psd__relative_power__alpha__roi__R4__iqr__CE,,
dummy,1,4,psd__relative_power__alpha__roi__R4__iqr__CE_minus_OE,,
dummy,1,4,psd__relative_power__alpha__roi__R4__iqr__OE,,
dummy,1,4,psd__relative_power__alpha__roi__R4__median__CE,,
dummy,1,4,psd__relative_power__alpha__roi__R4__median__CE_minus_OE,,
dummy,1,4,psd__relative_power__alpha__roi__R4__median__OE,,
dummy,1,4,psd__relative_power__alpha__roi__R5__iqr__CE,,
dummy,1,4,psd__relative_power__alpha__roi__R5__iqr__CE_minus_OE,,
dummy,1,4,psd__relative_power__alpha__roi__R5__iqr__OE,,
dummy,1,4,psd__relative_power__alpha__roi__R5__median__CE,,
dummy,1,4,psd__relative_power__alpha__roi__R5__median__CE_minus_OE,,
dummy,1,4,psd__relative_power__alpha__roi__R5__median__OE,,
dummy,1,4,psd__relative_power__alpha__roi__R6__iqr__CE,,
dummy,1,4,psd__relative_power__alpha__roi__R6__iqr__CE_minus_OE,,
dummy,1,4,psd__relative_power__alpha__roi__R6__iqr__OE,,
dummy,1,4,psd__relative_power__alpha__roi__R6__median__CE,,
dummy,1,4,psd__relative_power__alpha__roi__R6__median__CE_minus_OE,,
dummy,1,4,psd__relative_power__alpha__roi__R6__median__OE,,
dummy,1,4,psd__relative_power__beta__roi__R1__iqr__CE,,
dummy,1,4,psd__relative_power__beta__roi__R1__iqr__CE_minus_OE,,
dummy,1,4,psd__relative_power__beta__roi__R1__iqr__OE,,
dummy,1,4,psd__relative_power__beta__roi__R1__median__CE,,
dummy,1,4,psd__relative_power__beta__roi__R1__median__CE_minus_OE,,
dummy,1,4,psd__relative_power__beta__roi__R1__median__OE,,
dummy,1,4,psd__relative_power__beta__roi__R2__iqr__CE,,
dummy,1,4,psd__relative_power__beta__roi__R2__iqr__CE_minus_OE,,
dummy,1,4,psd__relative_power__beta__roi__R2__iqr__OE,,
dummy,1,4,psd__relative_power__beta__roi__R2__median__CE,,
dummy,1,4,psd__relative_power__beta__roi__R2__median__CE_minus_OE,,
dummy,1,4,psd__relative_power__beta__roi__R2__median__OE,,
dummy,1,4,psd__relative_power__beta__roi__R3__iqr__CE,,
dummy,1,4,psd__relative_power__beta__roi__R3__iqr__CE_minus_OE,,
dummy,1,4,psd__relative_power__beta__roi__R3__iqr__OE,,
dummy,1,4,psd__relative_power__beta__roi__R3__median__CE,,
dummy,1,4,psd__relative_power__beta__roi__R3__median__CE_minus_OE,,
dummy,1,4,psd__relative_power__beta__roi__R3__median__OE,,
dummy,1,4,psd__relative_power__beta__roi__R4__iqr__CE,,
dummy,1,4,psd__relative_power__beta__roi__R4__iqr__CE_minus_OE,,
dummy,1,4,psd__relative_power__beta__roi__R4__iqr__OE,,
dummy,1,4,psd__relative_power__beta__roi__R4__median__CE,,
dummy,1,4,psd__relative_power__beta__roi__R4__median__CE_minus_OE,,
dummy,1,4,psd__relative_power__beta__roi__R4__median__OE,,
dummy,1,4,psd__relative_power__beta__roi__R5__iqr__CE,,
dummy,1,4,psd__relative_power__beta__roi__R5__iqr__CE_minus_OE,,
dummy,1,4,psd__relative_power__beta__roi__R5__iqr__OE,,
dummy,1,4,psd__relative_power__beta__roi__R5__median__CE,,
dummy,1,4,psd__relative_power__beta__roi__R5__median__CE_minus_OE,,
dummy,1,4,psd__relative_power__beta__roi__R5__median__OE,,
dummy,1,4,psd__relative_power__beta__roi__R6__iqr__CE,,
dummy,1,4,psd__relative_power__beta__roi__R6__iqr__CE_minus_OE,,
dummy,1,4,psd__relative_power__beta__roi__R6__iqr__OE,,
dummy,1,4,psd__relative_power__beta__roi__R6__median__CE,,
dummy,1,4,psd__relative_power__beta__roi__R6__median__CE_minus_OE,,
dummy,1,4,psd__relative_power__beta__roi__R6__median__OE,,
dummy,1,4,psd__relative_power__delta__roi__R1__iqr__CE,,
dummy,1,4,psd__relative_power__delta__roi__R1__iqr__CE_minus_OE,,
dummy,1,4,psd__relative_power__delta__roi__R1__iqr__OE,,
dummy,1,4,psd__relative_power__delta__roi__R1__median__CE,,
dummy,1,4,psd__relative_power__delta__roi__R1__median__CE_minus_OE,,
dummy,1,4,psd__relative_power__delta__roi__R1__median__OE,,
dummy,1,4,psd__relative_power__delta__roi__R2__iqr__CE,,
dummy,1,4,psd__relative_power__delta__roi__R2__iqr__CE_minus_OE,,
dummy,1,4,psd__relative_power__delta__roi__R2__iqr__OE,,
dummy,1,4,psd__relative_power__delta__roi__R2__median__CE,,
dummy,1,4,psd__relative_power__delta__roi__R2__median__CE_minus_OE,,
dummy,1,4,psd__relative_power__delta__roi__R2__median__OE,,
dummy,1,4,psd__relative_power__delta__roi__R3__iqr__CE,,
dummy,1,4,psd__relative_power__delta__roi__R3__iqr__CE_minus_OE,,
dummy,1,4,psd__relative_power__delta__roi__R3__iqr__OE,,
dummy,1,4,psd__relative_power__delta__roi__R3__median__CE,,
dummy,1,4,psd__relative_power__delta__roi__R3__median__CE_minus_OE,,
dummy,1,4,psd__relative_power__delta__roi__R3__median__OE,,
dummy,1,4,psd__relative_power__delta__roi__R4__iqr__CE,,
dummy,1,4,psd__relative_power__delta__roi__R4__iqr__CE_minus_OE,,
dummy,1,4,psd__relative_power__delta__roi__R4__iqr__OE,,
dummy,1,4,psd__relative_power__delta__roi__R4__median__CE,,
dummy,1,4,psd__relative_power__delta__roi__R4__median__CE_minus_OE,,
dummy,1,4,psd__relative_power__delta__roi__R4__median__OE,,
dummy,1,4,psd__relative_power__delta__roi__R5__iqr__CE,,
dummy,1,4,psd__relative_power__delta__roi__R5__iqr__CE_minus_OE,,
dummy,1,4,psd__relative_power__delta__roi__R5__iqr__OE,,
dummy,1,4,psd__relative_power__delta__roi__R5__median__CE,,
dummy,1,4,psd__relative_power__delta__roi__R5__median__CE_minus_OE,,
dummy,1,4,psd__relative_power__delta__roi__R5__median__OE,,
dummy,1,4,psd__relative_power__delta__roi__R6__iqr__CE,,
dummy,1,4,psd__relative_power__delta__roi__R6__iqr__CE_minus_OE,,
dummy,1,4,psd__relative_power__delta__roi__R6__iqr__OE,,
dummy,1,4,psd__relative_power__delta__roi__R6__median__CE,,
dummy,1,4,psd__relative_power__delta__roi__R6__median__CE_minus_OE,,
dummy,1,4,psd__relative_power__delta__roi__R6__median__OE,,
dummy,1,4,psd__relative_power__gamma__roi__R1__iqr__CE,,
dummy,1,4,psd__relative_power__gamma__roi__R1__iqr__CE_minus_OE,,
dummy,1,4,psd__relative_power__gamma__roi__R1__iqr__OE,,
dummy,1,4,psd__relative_power__gamma__roi__R1__median__CE,,
dummy,1,4,psd__relative_power__gamma__roi__R1__median__CE_minus_OE,,
dummy,1,4,psd__relative_power__gamma__roi__R1__median__OE,,
dummy,1,4,psd__relative_power__gamma__roi__R2__iqr__CE,,
dummy,1,4,psd__relative_power__gamma__roi__R2__iqr__CE_minus_OE,,
dummy,1,4,psd__relative_power__gamma__roi__R2__iqr__OE,,
dummy,1,4,psd__relative_power__gamma__roi__R2__median__CE,,
dummy,1,4,psd__relative_power__gamma__roi__R2__median__CE_minus_OE,,
dummy,1,4,psd__relative_power__gamma__roi__R2__median__OE,,
dummy,1,4,psd__relative_power__gamma__roi__R3__iqr__CE,,
dummy,1,4,psd__relative_power__gamma__roi__R3__iqr__CE_minus_OE,,
dummy,1,4,psd__relative_power__gamma__roi__R3__iqr__OE,,
dummy,1,4,psd__relative_power__gamma__roi__R3__median__CE,,
dummy,1,4,psd__relative_power__gamma__roi__R3__median__CE_minus_OE,,
dummy,1,4,psd__relative_power__gamma__roi__R3__median__OE,,
dummy,1,4,psd__relative_power__gamma__roi__R4__iqr__CE,,
dummy,1,4,psd__relative_power__gamma__roi__R4__iqr__CE_minus_OE,,
dummy,1,4,psd__relative_power__gamma__roi__R4__iqr__OE,,
dummy,1,4,psd__relative_power__gamma__roi__R4__median__CE,,
dummy,1,4,psd__relative_power__gamma__roi__R4__median__CE_minus_OE,,
dummy,1,4,psd__relative_power__gamma__roi__R4__median__OE,,
dummy,1,4,psd__relative_power__gamma__roi__R5__iqr__CE,,
dummy,1,4,psd__relative_power__gamma__roi__R5__iqr__CE_minus_OE,,
dummy,1,4,psd__relative_power__gamma__roi__R5__iqr__OE,,
dummy,1,4,psd__relative_power__gamma__roi__R5__median__CE,,
dummy,1,4,psd__relative_power__gamma__roi__R5__median__CE_minus_OE,,
dummy,1,4,psd__relative_power__gamma__roi__R5__median__OE,,
dummy,1,4,psd__relative_power__gamma__roi__R6__iqr__CE,,
dummy,1,4,psd__relative_power__gamma__roi__R6__iqr__CE_minus_OE,,
dummy,1,4,psd__relative_power__gamma__roi__R6__iqr__OE,,
dummy,1,4,psd__relative_power__gamma__roi__R6__median__CE,,
dummy,1,4,psd__relative_power__gamma__roi__R6__median__CE_minus_OE,,
dummy,1,4,psd__relative_power__gamma__roi__R6__median__OE,,
dummy,1,4,psd__relative_power__theta__roi__R1__iqr__CE,,
dummy,1,4,psd__relative_power__theta__roi__R1__iqr__CE_minus_OE,,
dummy,1,4,psd__relative_power__theta__roi__R1__iqr__OE,,
dummy,1,4,psd__relative_power__theta__roi__R1__median__CE,,
dummy,1,4,psd__relative_power__theta__roi__R1__median__CE_minus_OE,,
dummy,1,4,psd__relative_power__theta__roi__R1__median__OE,,
dummy,1,4,psd__relative_power__theta__roi__R2__iqr__CE,,
dummy,1,4,psd__relative_power__theta__roi__R2__iqr__CE_minus_OE,,
dummy,1,4,psd__relative_power__theta__roi__R2__iqr__OE,,
dummy,1,4,psd__relative_power__theta__roi__R2__median__CE,,
dummy,1,4,psd__relative_power__theta__roi__R2__median__CE_minus_OE,,
dummy,1,4,psd__relative_power__theta__roi__R2__median__OE,,
dummy,1,4,psd__relative_power__theta__roi__R3__iqr__CE,,
dummy,1,4,psd__relative_power__theta__roi__R3__iqr__CE_minus_OE,,
dummy,1,4,psd__relative_power__theta__roi__R3__iqr__OE,,
dummy,1,4,psd__relative_power__theta__roi__R3__median__CE,,
dummy,1,4,psd__relative_power__theta__roi__R3__median__CE_minus_OE,,
dummy,1,4,psd__relative_power__theta__roi__R3__median__OE,,
dummy,1,4,psd__relative_power__theta__roi__R4__iqr__CE,,
dummy,1,4,psd__relative_power__theta__roi__R4__iqr__CE_minus_OE,,
dummy,1,4,psd__relative_power__theta__roi__R4__iqr__OE,,
dummy,1,4,psd__relative_power__theta__roi__R4__median__CE,,
dummy,1,4,psd__relative_power__theta__roi__R4__median__CE_minus_OE,,
dummy,1,4,psd__relative_power__theta__roi__R4__median__OE,,
dummy,1,4,psd__relative_power__theta__roi__R5__iqr__CE,,
dummy,1,4,psd__relative_power__theta__roi__R5__iqr__CE_minus_OE,,
dummy,1,4,psd__relative_power__theta__roi__R5__iqr__OE,,
dummy,1,4,psd__relative_power__theta__roi__R5__median__CE,,
dummy,1,4,psd__relative_power__theta__roi__R5__median__CE_minus_OE,,
dummy,1,4,psd__relative_power__theta__roi__R5__median__OE,,
dummy,1,4,psd__relative_power__theta__roi__R6__iqr__CE,,
dummy,1,4,psd__relative_power__theta__roi__R6__iqr__CE_minus_OE,,
dummy,1,4,psd__relative_power__theta__roi__R6__iqr__OE,,
dummy,1,4,psd__relative_power__theta__roi__R6__median__CE,,
dummy,1,4,psd__relative_power__theta__roi__R6__median__CE_minus_OE,,
dummy,1,4,psd__relative_power__theta__roi__R6__median__OE,,
dummy,1,4,psd__sfr__derived__roi__R1__iqr__CE,,
dummy,1,4,psd__sfr__derived__roi__R1__iqr__CE_minus_OE,,
dummy,1,4,psd__sfr__derived__roi__R1__iqr__OE,,
dummy,1,4,psd__sfr__derived__roi__R1__median__CE,,
dummy,1,4,psd__sfr__derived__roi__R1__median__CE_minus_OE,,
dummy,1,4,psd__sfr__derived__roi__R1__median__OE,,
dummy,1,4,psd__sfr__derived__roi__R2__iqr__CE,,
dummy,1,4,psd__sfr__derived__roi__R2__iqr__CE_minus_OE,,
dummy,1,4,psd__sfr__derived__roi__R2__iqr__OE,,
dummy,1,4,psd__sfr__derived__roi__R2__median__CE,,
dummy,1,4,psd__sfr__derived__roi__R2__median__CE_minus_OE,,
dummy,1,4,psd__sfr__derived__roi__R2__median__OE,,
dummy,1,4,psd__sfr__derived__roi__R3__iqr__CE,,
dummy,1,4,psd__sfr__derived__roi__R3__iqr__CE_minus_OE,,
dummy,1,4,psd__sfr__derived__roi__R3__iqr__OE,,
dummy,1,4,psd__sfr__derived__roi__R3__median__CE,,
dummy,1,4,psd__sfr__derived__roi__R3__median__CE_minus_OE,,
dummy,1,4,psd__sfr__derived__roi__R3__median__OE,,
dummy,1,4,psd__sfr__derived__roi__R4__iqr__CE,,
dummy,1,4,psd__sfr__derived__roi__R4__iqr__CE_minus_OE,,
dummy,1,4,psd__sfr__derived__roi__R4__iqr__OE,,
dummy,1,4,psd__sfr__derived__roi__R4__median__CE,,
dummy,1,4,psd__sfr__derived__roi__R4__median__CE_minus_OE,,
dummy,1,4,psd__sfr__derived__roi__R4__median__OE,,
dummy,1,4,psd__sfr__derived__roi__R5__iqr__CE,,
dummy,1,4,psd__sfr__derived__roi__R5__iqr__CE_minus_OE,,
dummy,1,4,psd__sfr__derived__roi__R5__iqr__OE,,
dummy,1,4,psd__sfr__derived__roi__R5__median__CE,,
dummy,1,4,psd__sfr__derived__roi__R5__median__CE_minus_OE,,
dummy,1,4,psd__sfr__derived__roi__R5__median__OE,,
dummy,1,4,psd__sfr__derived__roi__R6__iqr__CE,,
dummy,1,4,psd__sfr__derived__roi__R6__iqr__CE_minus_OE,,
dummy,1,4,psd__sfr__derived__roi__R6__iqr__OE,,
dummy,1,4,psd__sfr__derived__roi__R6__median__CE,,
dummy,1,4,psd__sfr__derived__roi__R6__median__CE_minus_OE,,
dummy,1,4,psd__sfr__derived__roi__R6__median__OE,,
dummy,1,4,psd__theta_alpha_ratio__derived__roi__R1__iqr__CE,,
dummy,1,4,psd__theta_alpha_ratio__derived__roi__R1__iqr__CE_minus_OE,,
dummy,1,4,psd__theta_alpha_ratio__derived__roi__R1__iqr__OE,,
dummy,1,4,psd__theta_alpha_ratio__derived__roi__R1__median__CE,,
dummy,1,4,psd__theta_alpha_ratio__derived__roi__R1__median__CE_minus_OE,,
dummy,1,4,psd__theta_alpha_ratio__derived__roi__R1__median__OE,,
dummy,1,4,psd__theta_alpha_ratio__derived__roi__R2__iqr__CE,,
dummy,1,4,psd__theta_alpha_ratio__derived__roi__R2__iqr__CE_minus_OE,,
dummy,1,4,psd__theta_alpha_ratio__derived__roi__R2__iqr__OE,,
dummy,1,4,psd__theta_alpha_ratio__derived__roi__R2__median__CE,,
dummy,1,4,psd__theta_alpha_ratio__derived__roi__R2__median__CE_minus_OE,,
dummy,1,4,psd__theta_alpha_ratio__derived__roi__R2__median__OE,,
dummy,1,4,psd__theta_alpha_ratio__derived__roi__R3__iqr__CE,,
dummy,1,4,psd__theta_alpha_ratio__derived__roi__R3__iqr__CE_minus_OE,,
dummy,1,4,psd__theta_alpha_ratio__derived__roi__R3__iqr__OE,,
dummy,1,4,psd__theta_alpha_ratio__derived__roi__R3__median__CE,,
dummy,1,4,psd__theta_alpha_ratio__derived__roi__R3__median__CE_minus_OE,,
dummy,1,4,psd__theta_alpha_ratio__derived__roi__R3__median__OE,,
dummy,1,4,psd__theta_alpha_ratio__derived__roi__R4__iqr__CE,,
dummy,1,4,psd__theta_alpha_ratio__derived__roi__R4__iqr__CE_minus_OE,,
dummy,1,4,psd__theta_alpha_ratio__derived__roi__R4__iqr__OE,,
dummy,1,4,psd__theta_alpha_ratio__derived__roi__R4__median__CE,,
dummy,1,4,psd__theta_alpha_ratio__derived__roi__R4__median__CE_minus_OE,,
dummy,1,4,psd__theta_alpha_ratio__derived__roi__R4__median__OE,,
dummy,1,4,psd__theta_alpha_ratio__derived__roi__R5__iqr__CE,,
dummy,1,4,psd__theta_alpha_ratio__derived__roi__R5__iqr__CE_minus_OE,,
dummy,1,4,psd__theta_alpha_ratio__derived__roi__R5__iqr__OE,,
dummy,1,4,psd__theta_alpha_ratio__derived__roi__R5__median__CE,,
dummy,1,4,psd__theta_alpha_ratio__derived__roi__R5__median__CE_minus_OE,,
dummy,1,4,psd__theta_alpha_ratio__derived__roi__R5__median__OE,,
dummy,1,4,psd__theta_alpha_ratio__derived__roi__R6__iqr__CE,,
dummy,1,4,psd__theta_alpha_ratio__derived__roi__R6__iqr__CE_minus_OE,,
dummy,1,4,psd__theta_alpha_ratio__derived__roi__R6__iqr__OE,,
dummy,1,4,psd__theta_alpha_ratio__derived__roi__R6__median__CE,,
dummy,1,4,psd__theta_alpha_ratio__derived__roi__R6__median__CE_minus_OE,,
dummy,1,4,psd__theta_alpha_ratio__derived__roi__R6__median__OE,,
dummy,2,1,complexity__spectral_entropy__broadband__roi__R1__iqr__CE,,
dummy,2,1,complexity__spectral_entropy__broadband__roi__R1__iqr__CE_minus_OE,,
dummy,2,1,complexity__spectral_entropy__broadband__roi__R1__iqr__OE,,
dummy,2,1,complexity__spectral_entropy__broadband__roi__R1__median__CE,,
dummy,2,1,complexity__spectral_entropy__broadband__roi__R1__median__CE_minus_OE,,
dummy,2,1,complexity__spectral_entropy__broadband__roi__R1__median__OE,,
dummy,2,1,complexity__spectral_entropy__broadband__roi__R2__iqr__CE,,
dummy,2,1,complexity__spectral_entropy__broadband__roi__R2__iqr__CE_minus_OE,,
dummy,2,1,complexity__spectral_entropy__broadband__roi__R2__iqr__OE,,
dummy,2,1,complexity__spectral_entropy__broadband__roi__R2__median__CE,,
dummy,2,1,complexity__spectral_entropy__broadband__roi__R2__median__CE_minus_OE,,
dummy,2,1,complexity__spectral_entropy__broadband__roi__R2__median__OE,,
dummy,2,1,complexity__spectral_entropy__broadband__roi__R3__iqr__CE,,
dummy,2,1,complexity__spectral_entropy__broadband__roi__R3__iqr__CE_minus_OE,,
dummy,2,1,complexity__spectral_entropy__broadband__roi__R3__iqr__OE,,
dummy,2,1,complexity__spectral_entropy__broadband__roi__R3__median__CE,,
dummy,2,1,complexity__spectral_entropy__broadband__roi__R3__median__CE_minus_OE,,
dummy,2,1,complexity__spectral_entropy__broadband__roi__R3__median__OE,,
dummy,2,1,complexity__spectral_entropy__broadband__roi__R4__iqr__CE,,
dummy,2,1,complexity__spectral_entropy__broadband__roi__R4__iqr__CE_minus_OE,,
dummy,2,1,complexity__spectral_entropy__broadband__roi__R4__iqr__OE,,
dummy,2,1,complexity__spectral_entropy__broadband__roi__R4__median__CE,,
dummy,2,1,complexity__spectral_entropy__broadband__roi__R4__median__CE_minus_OE,,
dummy,2,1,complexity__spectral_entropy__broadband__roi__R4__median__OE,,
dummy,2,1,complexity__spectral_entropy__broadband__roi__R5__iqr__CE,,
dummy,2,1,complexity__spectral_entropy__broadband__roi__R5__iqr__CE_minus_OE,,
dummy,2,1,complexity__spectral_entropy__broadband__roi__R5__iqr__OE,,
dummy,2,1,complexity__spectral_entropy__broadband__roi__R5__median__CE,,
dummy,2,1,complexity__spectral_entropy__broadband__roi__R5__median__CE_minus_OE,,
dummy,2,1,complexity__spectral_entropy__broadband__roi__R5__median__OE,,
dummy,2,1,complexity__spectral_entropy__broadband__roi__R6__iqr__CE,,
dummy,2,1,complexity__spectral_entropy__broadband__roi__R6__iqr__CE_minus_OE,,
dummy,2,1,complexity__spectral_entropy__broadband__roi__R6__iqr__OE,,
dummy,2,1,complexity__spectral_entropy__broadband__roi__R6__median__CE,,
dummy,2,1,complexity__spectral_entropy__broadband__roi__R6__median__CE_minus_OE,,
dummy,2,1,complexity__spectral_entropy__broadband__roi__R6__median__OE,,
dummy,2,1,psd__absolute_power__alpha__roi__R1__iqr__CE,,
dummy,2,1,psd__absolute_power__alpha__roi__R1__iqr__CE_minus_OE,,
dummy,2,1,psd__absolute_power__alpha__roi__R1__iqr__OE,,
dummy,2,1,psd__absolute_power__alpha__roi__R1__median__CE,,
dummy,2,1,psd__absolute_power__alpha__roi__R1__median__CE_minus_OE,,
dummy,2,1,psd__absolute_power__alpha__roi__R1__median__OE,,
dummy,2,1,psd__absolute_power__alpha__roi__R2__iqr__CE,,
dummy,2,1,psd__absolute_power__alpha__roi__R2__iqr__CE_minus_OE,,
dummy,2,1,psd__absolute_power__alpha__roi__R2__iqr__OE,,
dummy,2,1,psd__absolute_power__alpha__roi__R2__median__CE,,
dummy,2,1,psd__absolute_power__alpha__roi__R2__median__CE_minus_OE,,
dummy,2,1,psd__absolute_power__alpha__roi__R2__median__OE,,
dummy,2,1,psd__absolute_power__alpha__roi__R3__iqr__CE,,
dummy,2,1,psd__absolute_power__alpha__roi__R3__iqr__CE_minus_OE,,
dummy,2,1,psd__absolute_power__alpha__roi__R3__iqr__OE,,
dummy,2,1,psd__absolute_power__alpha__roi__R3__median__CE,,
dummy,2,1,psd__absolute_power__alpha__roi__R3__median__CE_minus_OE,,
dummy,2,1,psd__absolute_power__alpha__roi__R3__median__OE,,
dummy,2,1,psd__absolute_power__alpha__roi__R4__iqr__CE,,
dummy,2,1,psd__absolute_power__alpha__roi__R4__iqr__CE_minus_OE,,
dummy,2,1,psd__absolute_power__alpha__roi__R4__iqr__OE,,
dummy,2,1,psd__absolute_power__alpha__roi__R4__median__CE,,
dummy,2,1,psd__absolute_power__alpha__roi__R4__median__CE_minus_OE,,
dummy,2,1,psd__absolute_power__alpha__roi__R4__median__OE,,
dummy,2,1,psd__absolute_power__alpha__roi__R5__iqr__CE,,
dummy,2,1,psd__absolute_power__alpha__roi__R5__iqr__CE_minus_OE,,
dummy,2,1,psd__absolute_power__alpha__roi__R5__iqr__OE,,
dummy,2,1,psd__absolute_power__alpha__roi__R5__median__CE,,
dummy,2,1,psd__absolute_power__alpha__roi__R5__median__CE_minus_OE,,
dummy,2,1,psd__absolute_power__alpha__roi__R5__median__OE,,
dummy,2,1,psd__absolute_power__alpha__roi__R6__iqr__CE,,
dummy,2,1,psd__absolute_power__alpha__roi__R6__iqr__CE_minus_OE,,
dummy,2,1,psd__absolute_power__alpha__roi__R6__iqr__OE,,
dummy,2,1,psd__absolute_power__alpha__roi__R6__median__CE,,
dummy,2,1,psd__absolute_power__alpha__roi__R6__median__CE_minus_OE,,
dummy,2,1,psd__absolute_power__alpha__roi__R6__median__OE,,
dummy,2,1,psd__absolute_power__beta__roi__R1__iqr__CE,,
dummy,2,1,psd__absolute_power__beta__roi__R1__iqr__CE_minus_OE,,
dummy,2,1,psd__absolute_power__beta__roi__R1__iqr__OE,,
dummy,2,1,psd__absolute_power__beta__roi__R1__median__CE,,
dummy,2,1,psd__absolute_power__beta__roi__R1__median__CE_minus_OE,,
dummy,2,1,psd__absolute_power__beta__roi__R1__median__OE,,
dummy,2,1,psd__absolute_power__beta__roi__R2__iqr__CE,,
dummy,2,1,psd__absolute_power__beta__roi__R2__iqr__CE_minus_OE,,
dummy,2,1,psd__absolute_power__beta__roi__R2__iqr__OE,,
dummy,2,1,psd__absolute_power__beta__roi__R2__median__CE,,
dummy,2,1,psd__absolute_power__beta__roi__R2__median__CE_minus_OE,,
dummy,2,1,psd__absolute_power__beta__roi__R2__median__OE,,
dummy,2,1,psd__absolute_power__beta__roi__R3__iqr__CE,,
dummy,2,1,psd__absolute_power__beta__roi__R3__iqr__CE_minus_OE,,
dummy,2,1,psd__absolute_power__beta__roi__R3__iqr__OE,,
dummy,2,1,psd__absolute_power__beta__roi__R3__median__CE,,
dummy,2,1,psd__absolute_power__beta__roi__R3__median__CE_minus_OE,,
dummy,2,1,psd__absolute_power__beta__roi__R3__median__OE,,
dummy,2,1,psd__absolute_power__beta__roi__R4__iqr__CE,,
dummy,2,1,psd__absolute_power__beta__roi__R4__iqr__CE_minus_OE,,
dummy,2,1,psd__absolute_power__beta__roi__R4__iqr__OE,,
dummy,2,1,psd__absolute_power__beta__roi__R4__median__CE,,
dummy,2,1,psd__absolute_power__beta__roi__R4__median__CE_minus_OE,,
dummy,2,1,psd__absolute_power__beta__roi__R4__median__OE,,
dummy,2,1,psd__absolute_power__beta__roi__R5__iqr__CE,,
dummy,2,1,psd__absolute_power__beta__roi__R5__iqr__CE_minus_OE,,
dummy,2,1,psd__absolute_power__beta__roi__R5__iqr__OE,,
dummy,2,1,psd__absolute_power__beta__roi__R5__median__CE,,
dummy,2,1,psd__absolute_power__beta__roi__R5__median__CE_minus_OE,,
dummy,2,1,psd__absolute_power__beta__roi__R5__median__OE,,
dummy,2,1,psd__absolute_power__beta__roi__R6__iqr__CE,,
dummy,2,1,psd__absolute_power__beta__roi__R6__iqr__CE_minus_OE,,
dummy,2,1,psd__absolute_power__beta__roi__R6__iqr__OE,,
dummy,2,1,psd__absolute_power__beta__roi__R6__median__CE,,
dummy,2,1,psd__absolute_power__beta__roi__R6__median__CE_minus_OE,,
dummy,2,1,psd__absolute_power__beta__roi__R6__median__OE,,
dummy,2,1,psd__absolute_power__delta__roi__R1__iqr__CE,,
dummy,2,1,psd__absolute_power__delta__roi__R1__iqr__CE_minus_OE,,
dummy,2,1,psd__absolute_power__delta__roi__R1__iqr__OE,,
dummy,2,1,psd__absolute_power__delta__roi__R1__median__CE,,
dummy,2,1,psd__absolute_power__delta__roi__R1__median__CE_minus_OE,,
dummy,2,1,psd__absolute_power__delta__roi__R1__median__OE,,
dummy,2,1,psd__absolute_power__delta__roi__R2__iqr__CE,,
dummy,2,1,psd__absolute_power__delta__roi__R2__iqr__CE_minus_OE,,
dummy,2,1,psd__absolute_power__delta__roi__R2__iqr__OE,,
dummy,2,1,psd__absolute_power__delta__roi__R2__median__CE,,
dummy,2,1,psd__absolute_power__delta__roi__R2__median__CE_minus_OE,,
dummy,2,1,psd__absolute_power__delta__roi__R2__median__OE,,
dummy,2,1,psd__absolute_power__delta__roi__R3__iqr__CE,,
dummy,2,1,psd__absolute_power__delta__roi__R3__iqr__CE_minus_OE,,
dummy,2,1,psd__absolute_power__delta__roi__R3__iqr__OE,,
dummy,2,1,psd__absolute_power__delta__roi__R3__median__CE,,
dummy,2,1,psd__absolute_power__delta__roi__R3__median__CE_minus_OE,,
dummy,2,1,psd__absolute_power__delta__roi__R3__median__OE,,
dummy,2,1,psd__absolute_power__delta__roi__R4__iqr__CE,,
dummy,2,1,psd__absolute_power__delta__roi__R4__iqr__CE_minus_OE,,
dummy,2,1,psd__absolute_power__delta__roi__R4__iqr__OE,,
dummy,2,1,psd__absolute_power__delta__roi__R4__median__CE,,
dummy,2,1,psd__absolute_power__delta__roi__R4__median__CE_minus_OE,,
dummy,2,1,psd__absolute_power__delta__roi__R4__median__OE,,
dummy,2,1,psd__absolute_power__delta__roi__R5__iqr__CE,,
dummy,2,1,psd__absolute_power__delta__roi__R5__iqr__CE_minus_OE,,
dummy,2,1,psd__absolute_power__delta__roi__R5__iqr__OE,,
dummy,2,1,psd__absolute_power__delta__roi__R5__median__CE,,
dummy,2,1,psd__absolute_power__delta__roi__R5__median__CE_minus_OE,,
dummy,2,1,psd__absolute_power__delta__roi__R5__median__OE,,
dummy,2,1,psd__absolute_power__delta__roi__R6__iqr__CE,,
dummy,2,1,psd__absolute_power__delta__roi__R6__iqr__CE_minus_OE,,
dummy,2,1,psd__absolute_power__delta__roi__R6__iqr__OE,,
dummy,2,1,psd__absolute_power__delta__roi__R6__median__CE,,
dummy,2,1,psd__absolute_power__delta__roi__R6__median__CE_minus_OE,,
dummy,2,1,psd__absolute_power__delta__roi__R6__median__OE,,
dummy,2,1,psd__absolute_power__gamma__roi__R1__iqr__CE,,
dummy,2,1,psd__absolute_power__gamma__roi__R1__iqr__CE_minus_OE,,
dummy,2,1,psd__absolute_power__gamma__roi__R1__iqr__OE,,
dummy,2,1,psd__absolute_power__gamma__roi__R1__median__CE,,
dummy,2,1,psd__absolute_power__gamma__roi__R1__median__CE_minus_OE,,
dummy,2,1,psd__absolute_power__gamma__roi__R1__median__OE,,
dummy,2,1,psd__absolute_power__gamma__roi__R2__iqr__CE,,
dummy,2,1,psd__absolute_power__gamma__roi__R2__iqr__CE_minus_OE,,
dummy,2,1,psd__absolute_power__gamma__roi__R2__iqr__OE,,
dummy,2,1,psd__absolute_power__gamma__roi__R2__median__CE,,
dummy,2,1,psd__absolute_power__gamma__roi__R2__median__CE_minus_OE,,
dummy,2,1,psd__absolute_power__gamma__roi__R2__median__OE,,
dummy,2,1,psd__absolute_power__gamma__roi__R3__iqr__CE,,
dummy,2,1,psd__absolute_power__gamma__roi__R3__iqr__CE_minus_OE,,
dummy,2,1,psd__absolute_power__gamma__roi__R3__iqr__OE,,
dummy,2,1,psd__absolute_power__gamma__roi__R3__median__CE,,
dummy,2,1,psd__absolute_power__gamma__roi__R3__median__CE_minus_OE,,
dummy,2,1,psd__absolute_power__gamma__roi__R3__median__OE,,
dummy,2,1,psd__absolute_power__gamma__roi__R4__iqr__CE,,
dummy,2,1,psd__absolute_power__gamma__roi__R4__iqr__CE_minus_OE,,
dummy,2,1,psd__absolute_power__gamma__roi__R4__iqr__OE,,
dummy,2,1,psd__absolute_power__gamma__roi__R4__median__CE,,
dummy,2,1,psd__absolute_power__gamma__roi__R4__median__CE_minus_OE,,
dummy,2,1,psd__absolute_power__gamma__roi__R4__median__OE,,
dummy,2,1,psd__absolute_power__gamma__roi__R5__iqr__CE,,
dummy,2,1,psd__absolute_power__gamma__roi__R5__iqr__CE_minus_OE,,
dummy,2,1,psd__absolute_power__gamma__roi__R5__iqr__OE,,
dummy,2,1,psd__absolute_power__gamma__roi__R5__median__CE,,
dummy,2,1,psd__absolute_power__gamma__roi__R5__median__CE_minus_OE,,
dummy,2,1,psd__absolute_power__gamma__roi__R5__median__OE,,
dummy,2,1,psd__absolute_power__gamma__roi__R6__iqr__CE,,
dummy,2,1,psd__absolute_power__gamma__roi__R6__iqr__CE_minus_OE,,
dummy,2,1,psd__absolute_power__gamma__roi__R6__iqr__OE,,
dummy,2,1,psd__absolute_power__gamma__roi__R6__median__CE,,
dummy,2,1,psd__absolute_power__gamma__roi__R6__median__CE_minus_OE,,
dummy,2,1,psd__absolute_power__gamma__roi__R6__median__OE,,
dummy,2,1,psd__absolute_power__theta__roi__R1__iqr__CE,,
dummy,2,1,psd__absolute_power__theta__roi__R1__iqr__CE_minus_OE,,
dummy,2,1,psd__absolute_power__theta__roi__R1__iqr__OE,,
dummy,2,1,psd__absolute_power__theta__roi__R1__median__CE,,
dummy,2,1,psd__absolute_power__theta__roi__R1__median__CE_minus_OE,,
dummy,2,1,psd__absolute_power__theta__roi__R1__median__OE,,
dummy,2,1,psd__absolute_power__theta__roi__R2__iqr__CE,,
dummy,2,1,psd__absolute_power__theta__roi__R2__iqr__CE_minus_OE,,
dummy,2,1,psd__absolute_power__theta__roi__R2__iqr__OE,,
dummy,2,1,psd__absolute_power__theta__roi__R2__median__CE,,
dummy,2,1,psd__absolute_power__theta__roi__R2__median__CE_minus_OE,,
dummy,2,1,psd__absolute_power__theta__roi__R2__median__OE,,
dummy,2,1,psd__absolute_power__theta__roi__R3__iqr__CE,,
dummy,2,1,psd__absolute_power__theta__roi__R3__iqr__CE_minus_OE,,
dummy,2,1,psd__absolute_power__theta__roi__R3__iqr__OE,,
dummy,2,1,psd__absolute_power__theta__roi__R3__median__CE,,
dummy,2,1,psd__absolute_power__theta__roi__R3__median__CE_minus_OE,,
dummy,2,1,psd__absolute_power__theta__roi__R3__median__OE,,
dummy,2,1,psd__absolute_power__theta__roi__R4__iqr__CE,,
dummy,2,1,psd__absolute_power__theta__roi__R4__iqr__CE_minus_OE,,
dummy,2,1,psd__absolute_power__theta__roi__R4__iqr__OE,,
dummy,2,1,psd__absolute_power__theta__roi__R4__median__CE,,
dummy,2,1,psd__absolute_power__theta__roi__R4__median__CE_minus_OE,,
dummy,2,1,psd__absolute_power__theta__roi__R4__median__OE,,
dummy,2,1,psd__absolute_power__theta__roi__R5__iqr__CE,,
dummy,2,1,psd__absolute_power__theta__roi__R5__iqr__CE_minus_OE,,
dummy,2,1,psd__absolute_power__theta__roi__R5__iqr__OE,,
dummy,2,1,psd__absolute_power__theta__roi__R5__median__CE,,
dummy,2,1,psd__absolute_power__theta__roi__R5__median__CE_minus_OE,,
dummy,2,1,psd__absolute_power__theta__roi__R5__median__OE,,
dummy,2,1,psd__absolute_power__theta__roi__R6__iqr__CE,,
dummy,2,1,psd__absolute_power__theta__roi__R6__iqr__CE_minus_OE,,
dummy,2,1,psd__absolute_power__theta__roi__R6__iqr__OE,,
dummy,2,1,psd__absolute_power__theta__roi__R6__median__CE,,
dummy,2,1,psd__absolute_power__theta__roi__R6__median__CE_minus_OE,,
dummy,2,1,psd__absolute_power__theta__roi__R6__median__OE,,
dummy,2,1,psd__delta_alpha_ratio__derived__roi__R1__iqr__CE,,
dummy,2,1,psd__delta_alpha_ratio__derived__roi__R1__iqr__CE_minus_OE,,
dummy,2,1,psd__delta_alpha_ratio__derived__roi__R1__iqr__OE,,
dummy,2,1,psd__delta_alpha_ratio__derived__roi__R1__median__CE,,
dummy,2,1,psd__delta_alpha_ratio__derived__roi__R1__median__CE_minus_OE,,
dummy,2,1,psd__delta_alpha_ratio__derived__roi__R1__median__OE,,
dummy,2,1,psd__delta_alpha_ratio__derived__roi__R2__iqr__CE,,
dummy,2,1,psd__delta_alpha_ratio__derived__roi__R2__iqr__CE_minus_OE,,
dummy,2,1,psd__delta_alpha_ratio__derived__roi__R2__iqr__OE,,
dummy,2,1,psd__delta_alpha_ratio__derived__roi__R2__median__CE,,
dummy,2,1,psd__delta_alpha_ratio__derived__roi__R2__median__CE_minus_OE,,
dummy,2,1,psd__delta_alpha_ratio__derived__roi__R2__median__OE,,
dummy,2,1,psd__delta_alpha_ratio__derived__roi__R3__iqr__CE,,
dummy,2,1,psd__delta_alpha_ratio__derived__roi__R3__iqr__CE_minus_OE,,
dummy,2,1,psd__delta_alpha_ratio__derived__roi__R3__iqr__OE,,
dummy,2,1,psd__delta_alpha_ratio__derived__roi__R3__median__CE,,
dummy,2,1,psd__delta_alpha_ratio__derived__roi__R3__median__CE_minus_OE,,
dummy,2,1,psd__delta_alpha_ratio__derived__roi__R3__median__OE,,
dummy,2,1,psd__delta_alpha_ratio__derived__roi__R4__iqr__CE,,
dummy,2,1,psd__delta_alpha_ratio__derived__roi__R4__iqr__CE_minus_OE,,
dummy,2,1,psd__delta_alpha_ratio__derived__roi__R4__iqr__OE,,
dummy,2,1,psd__delta_alpha_ratio__derived__roi__R4__median__CE,,
dummy,2,1,psd__delta_alpha_ratio__derived__roi__R4__median__CE_minus_OE,,
dummy,2,1,psd__delta_alpha_ratio__derived__roi__R4__median__OE,,
dummy,2,1,psd__delta_alpha_ratio__derived__roi__R5__iqr__CE,,
dummy,2,1,psd__delta_alpha_ratio__derived__roi__R5__iqr__CE_minus_OE,,
dummy,2,1,psd__delta_alpha_ratio__derived__roi__R5__iqr__OE,,
dummy,2,1,psd__delta_alpha_ratio__derived__roi__R5__median__CE,,
dummy,2,1,psd__delta_alpha_ratio__derived__roi__R5__median__CE_minus_OE,,
dummy,2,1,psd__delta_alpha_ratio__derived__roi__R5__median__OE,,
dummy,2,1,psd__delta_alpha_ratio__derived__roi__R6__iqr__CE,,
dummy,2,1,psd__delta_alpha_ratio__derived__roi__R6__iqr__CE_minus_OE,,
dummy,2,1,psd__delta_alpha_ratio__derived__roi__R6__iqr__OE,,
dummy,2,1,psd__delta_alpha_ratio__derived__roi__R6__median__CE,,
dummy,2,1,psd__delta_alpha_ratio__derived__roi__R6__median__CE_minus_OE,,
dummy,2,1,psd__delta_alpha_ratio__derived__roi__R6__median__OE,,
dummy,2,1,psd__relative_power__alpha__roi__R1__iqr__CE,,
dummy,2,1,psd__relative_power__alpha__roi__R1__iqr__CE_minus_OE,,
dummy,2,1,psd__relative_power__alpha__roi__R1__iqr__OE,,
dummy,2,1,psd__relative_power__alpha__roi__R1__median__CE,,
dummy,2,1,psd__relative_power__alpha__roi__R1__median__CE_minus_OE,,
dummy,2,1,psd__relative_power__alpha__roi__R1__median__OE,,
dummy,2,1,psd__relative_power__alpha__roi__R2__iqr__CE,,
dummy,2,1,psd__relative_power__alpha__roi__R2__iqr__CE_minus_OE,,
dummy,2,1,psd__relative_power__alpha__roi__R2__iqr__OE,,
dummy,2,1,psd__relative_power__alpha__roi__R2__median__CE,,
dummy,2,1,psd__relative_power__alpha__roi__R2__median__CE_minus_OE,,
dummy,2,1,psd__relative_power__alpha__roi__R2__median__OE,,
dummy,2,1,psd__relative_power__alpha__roi__R3__iqr__CE,,
dummy,2,1,psd__relative_power__alpha__roi__R3__iqr__CE_minus_OE,,
dummy,2,1,psd__relative_power__alpha__roi__R3__iqr__OE,,
dummy,2,1,psd__relative_power__alpha__roi__R3__median__CE,,
dummy,2,1,psd__relative_power__alpha__roi__R3__median__CE_minus_OE,,
dummy,2,1,psd__relative_power__alpha__roi__R3__median__OE,,
dummy,2,1,psd__relative_power__alpha__roi__R4__iqr__CE,,
dummy,2,1,psd__relative_power__alpha__roi__R4__iqr__CE_minus_OE,,
dummy,2,1,psd__relative_power__alpha__roi__R4__iqr__OE,,
dummy,2,1,psd__relative_power__alpha__roi__R4__median__CE,,
dummy,2,1,psd__relative_power__alpha__roi__R4__median__CE_minus_OE,,
dummy,2,1,psd__relative_power__alpha__roi__R4__median__OE,,
dummy,2,1,psd__relative_power__alpha__roi__R5__iqr__CE,,
dummy,2,1,psd__relative_power__alpha__roi__R5__iqr__CE_minus_OE,,
dummy,2,1,psd__relative_power__alpha__roi__R5__iqr__OE,,
dummy,2,1,psd__relative_power__alpha__roi__R5__median__CE,,
dummy,2,1,psd__relative_power__alpha__roi__R5__median__CE_minus_OE,,
dummy,2,1,psd__relative_power__alpha__roi__R5__median__OE,,
dummy,2,1,psd__relative_power__alpha__roi__R6__iqr__CE,,
dummy,2,1,psd__relative_power__alpha__roi__R6__iqr__CE_minus_OE,,
dummy,2,1,psd__relative_power__alpha__roi__R6__iqr__OE,,
dummy,2,1,psd__relative_power__alpha__roi__R6__median__CE,,
dummy,2,1,psd__relative_power__alpha__roi__R6__median__CE_minus_OE,,
dummy,2,1,psd__relative_power__alpha__roi__R6__median__OE,,
dummy,2,1,psd__relative_power__beta__roi__R1__iqr__CE,,
dummy,2,1,psd__relative_power__beta__roi__R1__iqr__CE_minus_OE,,
dummy,2,1,psd__relative_power__beta__roi__R1__iqr__OE,,
dummy,2,1,psd__relative_power__beta__roi__R1__median__CE,,
dummy,2,1,psd__relative_power__beta__roi__R1__median__CE_minus_OE,,
dummy,2,1,psd__relative_power__beta__roi__R1__median__OE,,
dummy,2,1,psd__relative_power__beta__roi__R2__iqr__CE,,
dummy,2,1,psd__relative_power__beta__roi__R2__iqr__CE_minus_OE,,
dummy,2,1,psd__relative_power__beta__roi__R2__iqr__OE,,
dummy,2,1,psd__relative_power__beta__roi__R2__median__CE,,
dummy,2,1,psd__relative_power__beta__roi__R2__median__CE_minus_OE,,
dummy,2,1,psd__relative_power__beta__roi__R2__median__OE,,
dummy,2,1,psd__relative_power__beta__roi__R3__iqr__CE,,
dummy,2,1,psd__relative_power__beta__roi__R3__iqr__CE_minus_OE,,
dummy,2,1,psd__relative_power__beta__roi__R3__iqr__OE,,
dummy,2,1,psd__relative_power__beta__roi__R3__median__CE,,
dummy,2,1,psd__relative_power__beta__roi__R3__median__CE_minus_OE,,
dummy,2,1,psd__relative_power__beta__roi__R3__median__OE,,
dummy,2,1,psd__relative_power__beta__roi__R4__iqr__CE,,
dummy,2,1,psd__relative_power__beta__roi__R4__iqr__CE_minus_OE,,
dummy,2,1,psd__relative_power__beta__roi__R4__iqr__OE,,
dummy,2,1,psd__relative_power__beta__roi__R4__median__CE,,
dummy,2,1,psd__relative_power__beta__roi__R4__median__CE_minus_OE,,
dummy,2,1,psd__relative_power__beta__roi__R4__median__OE,,
dummy,2,1,psd__relative_power__beta__roi__R5__iqr__CE,,
dummy,2,1,psd__relative_power__beta__roi__R5__iqr__CE_minus_OE,,
dummy,2,1,psd__relative_power__beta__roi__R5__iqr__OE,,
dummy,2,1,psd__relative_power__beta__roi__R5__median__CE,,
dummy,2,1,psd__relative_power__beta__roi__R5__median__CE_minus_OE,,
dummy,2,1,psd__relative_power__beta__roi__R5__median__OE,,
dummy,2,1,psd__relative_power__beta__roi__R6__iqr__CE,,
dummy,2,1,psd__relative_power__beta__roi__R6__iqr__CE_minus_OE,,
dummy,2,1,psd__relative_power__beta__roi__R6__iqr__OE,,
dummy,2,1,psd__relative_power__beta__roi__R6__median__CE,,
dummy,2,1,psd__relative_power__beta__roi__R6__median__CE_minus_OE,,
dummy,2,1,psd__relative_power__beta__roi__R6__median__OE,,
dummy,2,1,psd__relative_power__delta__roi__R1__iqr__CE,,
dummy,2,1,psd__relative_power__delta__roi__R1__iqr__CE_minus_OE,,
dummy,2,1,psd__relative_power__delta__roi__R1__iqr__OE,,
dummy,2,1,psd__relative_power__delta__roi__R1__median__CE,,
dummy,2,1,psd__relative_power__delta__roi__R1__median__CE_minus_OE,,
dummy,2,1,psd__relative_power__delta__roi__R1__median__OE,,
dummy,2,1,psd__relative_power__delta__roi__R2__iqr__CE,,
dummy,2,1,psd__relative_power__delta__roi__R2__iqr__CE_minus_OE,,
dummy,2,1,psd__relative_power__delta__roi__R2__iqr__OE,,
dummy,2,1,psd__relative_power__delta__roi__R2__median__CE,,
dummy,2,1,psd__relative_power__delta__roi__R2__median__CE_minus_OE,,
dummy,2,1,psd__relative_power__delta__roi__R2__median__OE,,
dummy,2,1,psd__relative_power__delta__roi__R3__iqr__CE,,
dummy,2,1,psd__relative_power__delta__roi__R3__iqr__CE_minus_OE,,
dummy,2,1,psd__relative_power__delta__roi__R3__iqr__OE,,
dummy,2,1,psd__relative_power__delta__roi__R3__median__CE,,
dummy,2,1,psd__relative_power__delta__roi__R3__median__CE_minus_OE,,
dummy,2,1,psd__relative_power__delta__roi__R3__median__OE,,
dummy,2,1,psd__relative_power__delta__roi__R4__iqr__CE,,
dummy,2,1,psd__relative_power__delta__roi__R4__iqr__CE_minus_OE,,
dummy,2,1,psd__relative_power__delta__roi__R4__iqr__OE,,
dummy,2,1,psd__relative_power__delta__roi__R4__median__CE,,
dummy,2,1,psd__relative_power__delta__roi__R4__median__CE_minus_OE,,
dummy,2,1,psd__relative_power__delta__roi__R4__median__OE,,
dummy,2,1,psd__relative_power__delta__roi__R5__iqr__CE,,
dummy,2,1,psd__relative_power__delta__roi__R5__iqr__CE_minus_OE,,
dummy,2,1,psd__relative_power__delta__roi__R5__iqr__OE,,
dummy,2,1,psd__relative_power__delta__roi__R5__median__CE,,
dummy,2,1,psd__relative_power__delta__roi__R5__median__CE_minus_OE,,
dummy,2,1,psd__relative_power__delta__roi__R5__median__OE,,
dummy,2,1,psd__relative_power__delta__roi__R6__iqr__CE,,
dummy,2,1,psd__relative_power__delta__roi__R6__iqr__CE_minus_OE,,
dummy,2,1,psd__relative_power__delta__roi__R6__iqr__OE,,
dummy,2,1,psd__relative_power__delta__roi__R6__median__CE,,
dummy,2,1,psd__relative_power__delta__roi__R6__median__CE_minus_OE,,
dummy,2,1,psd__relative_power__delta__roi__R6__median__OE,,
dummy,2,1,psd__relative_power__gamma__roi__R1__iqr__CE,,
dummy,2,1,psd__relative_power__gamma__roi__R1__iqr__CE_minus_OE,,
dummy,2,1,psd__relative_power__gamma__roi__R1__iqr__OE,,
dummy,2,1,psd__relative_power__gamma__roi__R1__median__CE,,
dummy,2,1,psd__relative_power__gamma__roi__R1__median__CE_minus_OE,,
dummy,2,1,psd__relative_power__gamma__roi__R1__median__OE,,
dummy,2,1,psd__relative_power__gamma__roi__R2__iqr__CE,,
dummy,2,1,psd__relative_power__gamma__roi__R2__iqr__CE_minus_OE,,
dummy,2,1,psd__relative_power__gamma__roi__R2__iqr__OE,,
dummy,2,1,psd__relative_power__gamma__roi__R2__median__CE,,
dummy,2,1,psd__relative_power__gamma__roi__R2__median__CE_minus_OE,,
dummy,2,1,psd__relative_power__gamma__roi__R2__median__OE,,
dummy,2,1,psd__relative_power__gamma__roi__R3__iqr__CE,,
dummy,2,1,psd__relative_power__gamma__roi__R3__iqr__CE_minus_OE,,
dummy,2,1,psd__relative_power__gamma__roi__R3__iqr__OE,,
dummy,2,1,psd__relative_power__gamma__roi__R3__median__CE,,
dummy,2,1,psd__relative_power__gamma__roi__R3__median__CE_minus_OE,,
dummy,2,1,psd__relative_power__gamma__roi__R3__median__OE,,
dummy,2,1,psd__relative_power__gamma__roi__R4__iqr__CE,,
dummy,2,1,psd__relative_power__gamma__roi__R4__iqr__CE_minus_OE,,
dummy,2,1,psd__relative_power__gamma__roi__R4__iqr__OE,,
dummy,2,1,psd__relative_power__gamma__roi__R4__median__CE,,
dummy,2,1,psd__relative_power__gamma__roi__R4__median__CE_minus_OE,,
dummy,2,1,psd__relative_power__gamma__roi__R4__median__OE,,
dummy,2,1,psd__relative_power__gamma__roi__R5__iqr__CE,,
dummy,2,1,psd__relative_power__gamma__roi__R5__iqr__CE_minus_OE,,
dummy,2,1,psd__relative_power__gamma__roi__R5__iqr__OE,,
dummy,2,1,psd__relative_power__gamma__roi__R5__median__CE,,
dummy,2,1,psd__relative_power__gamma__roi__R5__median__CE_minus_OE,,
dummy,2,1,psd__relative_power__gamma__roi__R5__median__OE,,
dummy,2,1,psd__relative_power__gamma__roi__R6__iqr__CE,,
dummy,2,1,psd__relative_power__gamma__roi__R6__iqr__CE_minus_OE,,
dummy,2,1,psd__relative_power__gamma__roi__R6__iqr__OE,,
dummy,2,1,psd__relative_power__gamma__roi__R6__median__CE,,
dummy,2,1,psd__relative_power__gamma__roi__R6__median__CE_minus_OE,,
dummy,2,1,psd__relative_power__gamma__roi__R6__median__OE,,
dummy,2,1,psd__relative_power__theta__roi__R1__iqr__CE,,
dummy,2,1,psd__relative_power__theta__roi__R1__iqr__CE_minus_OE,,
dummy,2,1,psd__relative_power__theta__roi__R1__iqr__OE,,
dummy,2,1,psd__relative_power__theta__roi__R1__median__CE,,
dummy,2,1,psd__relative_power__theta__roi__R1__median__CE_minus_OE,,
dummy,2,1,psd__relative_power__theta__roi__R1__median__OE,,
dummy,2,1,psd__relative_power__theta__roi__R2__iqr__CE,,
dummy,2,1,psd__relative_power__theta__roi__R2__iqr__CE_minus_OE,,
dummy,2,1,psd__relative_power__theta__roi__R2__iqr__OE,,
dummy,2,1,psd__relative_power__theta__roi__R2__median__CE,,
dummy,2,1,psd__relative_power__theta__roi__R2__median__CE_minus_OE,,
dummy,2,1,psd__relative_power__theta__roi__R2__median__OE,,
dummy,2,1,psd__relative_power__theta__roi__R3__iqr__CE,,
dummy,2,1,psd__relative_power__theta__roi__R3__iqr__CE_minus_OE,,
dummy,2,1,psd__relative_power__theta__roi__R3__iqr__OE,,
dummy,2,1,psd__relative_power__theta__roi__R3__median__CE,,
dummy,2,1,psd__relative_power__theta__roi__R3__median__CE_minus_OE,,
dummy,2,1,psd__relative_power__theta__roi__R3__median__OE,,
dummy,2,1,psd__relative_power__theta__roi__R4__iqr__CE,,
dummy,2,1,psd__relative_power__theta__roi__R4__iqr__CE_minus_OE,,
dummy,2,1,psd__relative_power__theta__roi__R4__iqr__OE,,
dummy,2,1,psd__relative_power__theta__roi__R4__median__CE,,
dummy,2,1,psd__relative_power__theta__roi__R4__median__CE_minus_OE,,
dummy,2,1,psd__relative_power__theta__roi__R4__median__OE,,
dummy,2,1,psd__relative_power__theta__roi__R5__iqr__CE,,
dummy,2,1,psd__relative_power__theta__roi__R5__iqr__CE_minus_OE,,
dummy,2,1,psd__relative_power__theta__roi__R5__iqr__OE,,
dummy,2,1,psd__relative_power__theta__roi__R5__median__CE,,
dummy,2,1,psd__relative_power__theta__roi__R5__median__CE_minus_OE,,
dummy,2,1,psd__relative_power__theta__roi__R5__median__OE,,
dummy,2,1,psd__relative_power__theta__roi__R6__iqr__CE,,
dummy,2,1,psd__relative_power__theta__roi__R6__iqr__CE_minus_OE,,
dummy,2,1,psd__relative_power__theta__roi__R6__iqr__OE,,
dummy,2,1,psd__relative_power__theta__roi__R6__median__CE,,
dummy,2,1,psd__relative_power__theta__roi__R6__median__CE_minus_OE,,
dummy,2,1,psd__relative_power__theta__roi__R6__median__OE,,
dummy,2,1,psd__sfr__derived__roi__R1__iqr__CE,,
dummy,2,1,psd__sfr__derived__roi__R1__iqr__CE_minus_OE,,
dummy,2,1,psd__sfr__derived__roi__R1__iqr__OE,,
dummy,2,1,psd__sfr__derived__roi__R1__median__CE,,
dummy,2,1,psd__sfr__derived__roi__R1__median__CE_minus_OE,,
dummy,2,1,psd__sfr__derived__roi__R1__median__OE,,
dummy,2,1,psd__sfr__derived__roi__R2__iqr__CE,,
dummy,2,1,psd__sfr__derived__roi__R2__iqr__CE_minus_OE,,
dummy,2,1,psd__sfr__derived__roi__R2__iqr__OE,,
dummy,2,1,psd__sfr__derived__roi__R2__median__CE,,
dummy,2,1,psd__sfr__derived__roi__R2__median__CE_minus_OE,,
dummy,2,1,psd__sfr__derived__roi__R2__median__OE,,
dummy,2,1,psd__sfr__derived__roi__R3__iqr__CE,,
dummy,2,1,psd__sfr__derived__roi__R3__iqr__CE_minus_OE,,
dummy,2,1,psd__sfr__derived__roi__R3__iqr__OE,,
dummy,2,1,psd__sfr__derived__roi__R3__median__CE,,
dummy,2,1,psd__sfr__derived__roi__R3__median__CE_minus_OE,,
dummy,2,1,psd__sfr__derived__roi__R3__median__OE,,
dummy,2,1,psd__sfr__derived__roi__R4__iqr__CE,,
dummy,2,1,psd__sfr__derived__roi__R4__iqr__CE_minus_OE,,
dummy,2,1,psd__sfr__derived__roi__R4__iqr__OE,,
dummy,2,1,psd__sfr__derived__roi__R4__median__CE,,
dummy,2,1,psd__sfr__derived__roi__R4__median__CE_minus_OE,,
dummy,2,1,psd__sfr__derived__roi__R4__median__OE,,
dummy,2,1,psd__sfr__derived__roi__R5__iqr__CE,,
dummy,2,1,psd__sfr__derived__roi__R5__iqr__CE_minus_OE,,
dummy,2,1,psd__sfr__derived__roi__R5__iqr__OE,,
dummy,2,1,psd__sfr__derived__roi__R5__median__CE,,
dummy,2,1,psd__sfr__derived__roi__R5__median__CE_minus_OE,,
dummy,2,1,psd__sfr__derived__roi__R5__median__OE,,
dummy,2,1,psd__sfr__derived__roi__R6__iqr__CE,,
dummy,2,1,psd__sfr__derived__roi__R6__iqr__CE_minus_OE,,
dummy,2,1,psd__sfr__derived__roi__R6__iqr__OE,,
dummy,2,1,psd__sfr__derived__roi__R6__median__CE,,
dummy,2,1,psd__sfr__derived__roi__R6__median__CE_minus_OE,,
dummy,2,1,psd__sfr__derived__roi__R6__median__OE,,
dummy,2,1,psd__theta_alpha_ratio__derived__roi__R1__iqr__CE,,
dummy,2,1,psd__theta_alpha_ratio__derived__roi__R1__iqr__CE_minus_OE,,
dummy,2,1,psd__theta_alpha_ratio__derived__roi__R1__iqr__OE,,
dummy,2,1,psd__theta_alpha_ratio__derived__roi__R1__median__CE,,
dummy,2,1,psd__theta_alpha_ratio__derived__roi__R1__median__CE_minus_OE,,
dummy,2,1,psd__theta_alpha_ratio__derived__roi__R1__median__OE,,
dummy,2,1,psd__theta_alpha_ratio__derived__roi__R2__iqr__CE,,
dummy,2,1,psd__theta_alpha_ratio__derived__roi__R2__iqr__CE_minus_OE,,
dummy,2,1,psd__theta_alpha_ratio__derived__roi__R2__iqr__OE,,
dummy,2,1,psd__theta_alpha_ratio__derived__roi__R2__median__CE,,
dummy,2,1,psd__theta_alpha_ratio__derived__roi__R2__median__CE_minus_OE,,
dummy,2,1,psd__theta_alpha_ratio__derived__roi__R2__median__OE,,
dummy,2,1,psd__theta_alpha_ratio__derived__roi__R3__iqr__CE,,
dummy,2,1,psd__theta_alpha_ratio__derived__roi__R3__iqr__CE_minus_OE,,
dummy,2,1,psd__theta_alpha_ratio__derived__roi__R3__iqr__OE,,
dummy,2,1,psd__theta_alpha_ratio__derived__roi__R3__median__CE,,
dummy,2,1,psd__theta_alpha_ratio__derived__roi__R3__median__CE_minus_OE,,
dummy,2,1,psd__theta_alpha_ratio__derived__roi__R3__median__OE,,
dummy,2,1,psd__theta_alpha_ratio__derived__roi__R4__iqr__CE,,
dummy,2,1,psd__theta_alpha_ratio__derived__roi__R4__iqr__CE_minus_OE,,
dummy,2,1,psd__theta_alpha_ratio__derived__roi__R4__iqr__OE,,
dummy,2,1,psd__theta_alpha_ratio__derived__roi__R4__median__CE,,
dummy,2,1,psd__theta_alpha_ratio__derived__roi__R4__median__CE_minus_OE,,
dummy,2,1,psd__theta_alpha_ratio__derived__roi__R4__median__OE,,
dummy,2,1,psd__theta_alpha_ratio__derived__roi__R5__iqr__CE,,
dummy,2,1,psd__theta_alpha_ratio__derived__roi__R5__iqr__CE_minus_OE,,
dummy,2,1,psd__theta_alpha_ratio__derived__roi__R5__iqr__OE,,
dummy,2,1,psd__theta_alpha_ratio__derived__roi__R5__median__CE,,
dummy,2,1,psd__theta_alpha_ratio__derived__roi__R5__median__CE_minus_OE,,
dummy,2,1,psd__theta_alpha_ratio__derived__roi__R5__median__OE,,
dummy,2,1,psd__theta_alpha_ratio__derived__roi__R6__iqr__CE,,
dummy,2,1,psd__theta_alpha_ratio__derived__roi__R6__iqr__CE_minus_OE,,
dummy,2,1,psd__theta_alpha_ratio__derived__roi__R6__iqr__OE,,
dummy,2,1,psd__theta_alpha_ratio__derived__roi__R6__median__CE,,
dummy,2,1,psd__theta_alpha_ratio__derived__roi__R6__median__CE_minus_OE,,
dummy,2,1,psd__theta_alpha_ratio__derived__roi__R6__median__OE,,
dummy,2,2,complexity__spectral_entropy__broadband__roi__R1__iqr__CE,,
dummy,2,2,complexity__spectral_entropy__broadband__roi__R1__iqr__CE_minus_OE,,
dummy,2,2,complexity__spectral_entropy__broadband__roi__R1__iqr__OE,,
dummy,2,2,complexity__spectral_entropy__broadband__roi__R1__median__CE,,
dummy,2,2,complexity__spectral_entropy__broadband__roi__R1__median__CE_minus_OE,,
dummy,2,2,complexity__spectral_entropy__broadband__roi__R1__median__OE,,
dummy,2,2,complexity__spectral_entropy__broadband__roi__R2__iqr__CE,,
dummy,2,2,complexity__spectral_entropy__broadband__roi__R2__iqr__CE_minus_OE,,
dummy,2,2,complexity__spectral_entropy__broadband__roi__R2__iqr__OE,,
dummy,2,2,complexity__spectral_entropy__broadband__roi__R2__median__CE,,
dummy,2,2,complexity__spectral_entropy__broadband__roi__R2__median__CE_minus_OE,,
dummy,2,2,complexity__spectral_entropy__broadband__roi__R2__median__OE,,
dummy,2,2,complexity__spectral_entropy__broadband__roi__R3__iqr__CE,,
dummy,2,2,complexity__spectral_entropy__broadband__roi__R3__iqr__CE_minus_OE,,
dummy,2,2,complexity__spectral_entropy__broadband__roi__R3__iqr__OE,,
dummy,2,2,complexity__spectral_entropy__broadband__roi__R3__median__CE,,
dummy,2,2,complexity__spectral_entropy__broadband__roi__R3__median__CE_minus_OE,,
dummy,2,2,complexity__spectral_entropy__broadband__roi__R3__median__OE,,
dummy,2,2,complexity__spectral_entropy__broadband__roi__R4__iqr__CE,,
dummy,2,2,complexity__spectral_entropy__broadband__roi__R4__iqr__CE_minus_OE,,
dummy,2,2,complexity__spectral_entropy__broadband__roi__R4__iqr__OE,,
dummy,2,2,complexity__spectral_entropy__broadband__roi__R4__median__CE,,
dummy,2,2,complexity__spectral_entropy__broadband__roi__R4__median__CE_minus_OE,,
dummy,2,2,complexity__spectral_entropy__broadband__roi__R4__median__OE,,
dummy,2,2,complexity__spectral_entropy__broadband__roi__R5__iqr__CE,,
dummy,2,2,complexity__spectral_entropy__broadband__roi__R5__iqr__CE_minus_OE,,
dummy,2,2,complexity__spectral_entropy__broadband__roi__R5__iqr__OE,,
dummy,2,2,complexity__spectral_entropy__broadband__roi__R5__median__CE,,
dummy,2,2,complexity__spectral_entropy__broadband__roi__R5__median__CE_minus_OE,,
dummy,2,2,complexity__spectral_entropy__broadband__roi__R5__median__OE,,
dummy,2,2,complexity__spectral_entropy__broadband__roi__R6__iqr__CE,,
dummy,2,2,complexity__spectral_entropy__broadband__roi__R6__iqr__CE_minus_OE,,
dummy,2,2,complexity__spectral_entropy__broadband__roi__R6__iqr__OE,,
dummy,2,2,complexity__spectral_entropy__broadband__roi__R6__median__CE,,
dummy,2,2,complexity__spectral_entropy__broadband__roi__R6__median__CE_minus_OE,,
dummy,2,2,complexity__spectral_entropy__broadband__roi__R6__median__OE,,
dummy,2,2,psd__absolute_power__alpha__roi__R1__iqr__CE,,
dummy,2,2,psd__absolute_power__alpha__roi__R1__iqr__CE_minus_OE,,
dummy,2,2,psd__absolute_power__alpha__roi__R1__iqr__OE,,
dummy,2,2,psd__absolute_power__alpha__roi__R1__median__CE,,
dummy,2,2,psd__absolute_power__alpha__roi__R1__median__CE_minus_OE,,
dummy,2,2,psd__absolute_power__alpha__roi__R1__median__OE,,
dummy,2,2,psd__absolute_power__alpha__roi__R2__iqr__CE,,
dummy,2,2,psd__absolute_power__alpha__roi__R2__iqr__CE_minus_OE,,
dummy,2,2,psd__absolute_power__alpha__roi__R2__iqr__OE,,
dummy,2,2,psd__absolute_power__alpha__roi__R2__median__CE,,
dummy,2,2,psd__absolute_power__alpha__roi__R2__median__CE_minus_OE,,
dummy,2,2,psd__absolute_power__alpha__roi__R2__median__OE,,
dummy,2,2,psd__absolute_power__alpha__roi__R3__iqr__CE,,
dummy,2,2,psd__absolute_power__alpha__roi__R3__iqr__CE_minus_OE,,
dummy,2,2,psd__absolute_power__alpha__roi__R3__iqr__OE,,
dummy,2,2,psd__absolute_power__alpha__roi__R3__median__CE,,
dummy,2,2,psd__absolute_power__alpha__roi__R3__median__CE_minus_OE,,
dummy,2,2,psd__absolute_power__alpha__roi__R3__median__OE,,
dummy,2,2,psd__absolute_power__alpha__roi__R4__iqr__CE,,
dummy,2,2,psd__absolute_power__alpha__roi__R4__iqr__CE_minus_OE,,
dummy,2,2,psd__absolute_power__alpha__roi__R4__iqr__OE,,
dummy,2,2,psd__absolute_power__alpha__roi__R4__median__CE,,
dummy,2,2,psd__absolute_power__alpha__roi__R4__median__CE_minus_OE,,
dummy,2,2,psd__absolute_power__alpha__roi__R4__median__OE,,
dummy,2,2,psd__absolute_power__alpha__roi__R5__iqr__CE,,
dummy,2,2,psd__absolute_power__alpha__roi__R5__iqr__CE_minus_OE,,
dummy,2,2,psd__absolute_power__alpha__roi__R5__iqr__OE,,
dummy,2,2,psd__absolute_power__alpha__roi__R5__median__CE,,
dummy,2,2,psd__absolute_power__alpha__roi__R5__median__CE_minus_OE,,
dummy,2,2,psd__absolute_power__alpha__roi__R5__median__OE,,
dummy,2,2,psd__absolute_power__alpha__roi__R6__iqr__CE,,
dummy,2,2,psd__absolute_power__alpha__roi__R6__iqr__CE_minus_OE,,
dummy,2,2,psd__absolute_power__alpha__roi__R6__iqr__OE,,
dummy,2,2,psd__absolute_power__alpha__roi__R6__median__CE,,
dummy,2,2,psd__absolute_power__alpha__roi__R6__median__CE_minus_OE,,
dummy,2,2,psd__absolute_power__alpha__roi__R6__median__OE,,
dummy,2,2,psd__absolute_power__beta__roi__R1__iqr__CE,,
dummy,2,2,psd__absolute_power__beta__roi__R1__iqr__CE_minus_OE,,
dummy,2,2,psd__absolute_power__beta__roi__R1__iqr__OE,,
dummy,2,2,psd__absolute_power__beta__roi__R1__median__CE,,
dummy,2,2,psd__absolute_power__beta__roi__R1__median__CE_minus_OE,,
dummy,2,2,psd__absolute_power__beta__roi__R1__median__OE,,
dummy,2,2,psd__absolute_power__beta__roi__R2__iqr__CE,,
dummy,2,2,psd__absolute_power__beta__roi__R2__iqr__CE_minus_OE,,
dummy,2,2,psd__absolute_power__beta__roi__R2__iqr__OE,,
dummy,2,2,psd__absolute_power__beta__roi__R2__median__CE,,
dummy,2,2,psd__absolute_power__beta__roi__R2__median__CE_minus_OE,,
dummy,2,2,psd__absolute_power__beta__roi__R2__median__OE,,
dummy,2,2,psd__absolute_power__beta__roi__R3__iqr__CE,,
dummy,2,2,psd__absolute_power__beta__roi__R3__iqr__CE_minus_OE,,
dummy,2,2,psd__absolute_power__beta__roi__R3__iqr__OE,,
dummy,2,2,psd__absolute_power__beta__roi__R3__median__CE,,
dummy,2,2,psd__absolute_power__beta__roi__R3__median__CE_minus_OE,,
dummy,2,2,psd__absolute_power__beta__roi__R3__median__OE,,
dummy,2,2,psd__absolute_power__beta__roi__R4__iqr__CE,,
dummy,2,2,psd__absolute_power__beta__roi__R4__iqr__CE_minus_OE,,
dummy,2,2,psd__absolute_power__beta__roi__R4__iqr__OE,,
dummy,2,2,psd__absolute_power__beta__roi__R4__median__CE,,
dummy,2,2,psd__absolute_power__beta__roi__R4__median__CE_minus_OE,,
dummy,2,2,psd__absolute_power__beta__roi__R4__median__OE,,
dummy,2,2,psd__absolute_power__beta__roi__R5__iqr__CE,,
dummy,2,2,psd__absolute_power__beta__roi__R5__iqr__CE_minus_OE,,
dummy,2,2,psd__absolute_power__beta__roi__R5__iqr__OE,,
dummy,2,2,psd__absolute_power__beta__roi__R5__median__CE,,
dummy,2,2,psd__absolute_power__beta__roi__R5__median__CE_minus_OE,,
dummy,2,2,psd__absolute_power__beta__roi__R5__median__OE,,
dummy,2,2,psd__absolute_power__beta__roi__R6__iqr__CE,,
dummy,2,2,psd__absolute_power__beta__roi__R6__iqr__CE_minus_OE,,
dummy,2,2,psd__absolute_power__beta__roi__R6__iqr__OE,,
dummy,2,2,psd__absolute_power__beta__roi__R6__median__CE,,
dummy,2,2,psd__absolute_power__beta__roi__R6__median__CE_minus_OE,,
dummy,2,2,psd__absolute_power__beta__roi__R6__median__OE,,
dummy,2,2,psd__absolute_power__delta__roi__R1__iqr__CE,,
dummy,2,2,psd__absolute_power__delta__roi__R1__iqr__CE_minus_OE,,
dummy,2,2,psd__absolute_power__delta__roi__R1__iqr__OE,,
dummy,2,2,psd__absolute_power__delta__roi__R1__median__CE,,
dummy,2,2,psd__absolute_power__delta__roi__R1__median__CE_minus_OE,,
dummy,2,2,psd__absolute_power__delta__roi__R1__median__OE,,
dummy,2,2,psd__absolute_power__delta__roi__R2__iqr__CE,,
dummy,2,2,psd__absolute_power__delta__roi__R2__iqr__CE_minus_OE,,
dummy,2,2,psd__absolute_power__delta__roi__R2__iqr__OE,,
dummy,2,2,psd__absolute_power__delta__roi__R2__median__CE,,
dummy,2,2,psd__absolute_power__delta__roi__R2__median__CE_minus_OE,,
dummy,2,2,psd__absolute_power__delta__roi__R2__median__OE,,
dummy,2,2,psd__absolute_power__delta__roi__R3__iqr__CE,,
dummy,2,2,psd__absolute_power__delta__roi__R3__iqr__CE_minus_OE,,
dummy,2,2,psd__absolute_power__delta__roi__R3__iqr__OE,,
dummy,2,2,psd__absolute_power__delta__roi__R3__median__CE,,
dummy,2,2,psd__absolute_power__delta__roi__R3__median__CE_minus_OE,,
dummy,2,2,psd__absolute_power__delta__roi__R3__median__OE,,
dummy,2,2,psd__absolute_power__delta__roi__R4__iqr__CE,,
dummy,2,2,psd__absolute_power__delta__roi__R4__iqr__CE_minus_OE,,
dummy,2,2,psd__absolute_power__delta__roi__R4__iqr__OE,,
dummy,2,2,psd__absolute_power__delta__roi__R4__median__CE,,
dummy,2,2,psd__absolute_power__delta__roi__R4__median__CE_minus_OE,,
dummy,2,2,psd__absolute_power__delta__roi__R4__median__OE,,
dummy,2,2,psd__absolute_power__delta__roi__R5__iqr__CE,,
dummy,2,2,psd__absolute_power__delta__roi__R5__iqr__CE_minus_OE,,
dummy,2,2,psd__absolute_power__delta__roi__R5__iqr__OE,,
dummy,2,2,psd__absolute_power__delta__roi__R5__median__CE,,
dummy,2,2,psd__absolute_power__delta__roi__R5__median__CE_minus_OE,,
dummy,2,2,psd__absolute_power__delta__roi__R5__median__OE,,
dummy,2,2,psd__absolute_power__delta__roi__R6__iqr__CE,,
dummy,2,2,psd__absolute_power__delta__roi__R6__iqr__CE_minus_OE,,
dummy,2,2,psd__absolute_power__delta__roi__R6__iqr__OE,,
dummy,2,2,psd__absolute_power__delta__roi__R6__median__CE,,
dummy,2,2,psd__absolute_power__delta__roi__R6__median__CE_minus_OE,,
dummy,2,2,psd__absolute_power__delta__roi__R6__median__OE,,
dummy,2,2,psd__absolute_power__gamma__roi__R1__iqr__CE,,
dummy,2,2,psd__absolute_power__gamma__roi__R1__iqr__CE_minus_OE,,
dummy,2,2,psd__absolute_power__gamma__roi__R1__iqr__OE,,
dummy,2,2,psd__absolute_power__gamma__roi__R1__median__CE,,
dummy,2,2,psd__absolute_power__gamma__roi__R1__median__CE_minus_OE,,
dummy,2,2,psd__absolute_power__gamma__roi__R1__median__OE,,
dummy,2,2,psd__absolute_power__gamma__roi__R2__iqr__CE,,
dummy,2,2,psd__absolute_power__gamma__roi__R2__iqr__CE_minus_OE,,
dummy,2,2,psd__absolute_power__gamma__roi__R2__iqr__OE,,
dummy,2,2,psd__absolute_power__gamma__roi__R2__median__CE,,
dummy,2,2,psd__absolute_power__gamma__roi__R2__median__CE_minus_OE,,
dummy,2,2,psd__absolute_power__gamma__roi__R2__median__OE,,
dummy,2,2,psd__absolute_power__gamma__roi__R3__iqr__CE,,
dummy,2,2,psd__absolute_power__gamma__roi__R3__iqr__CE_minus_OE,,
dummy,2,2,psd__absolute_power__gamma__roi__R3__iqr__OE,,
dummy,2,2,psd__absolute_power__gamma__roi__R3__median__CE,,
dummy,2,2,psd__absolute_power__gamma__roi__R3__median__CE_minus_OE,,
dummy,2,2,psd__absolute_power__gamma__roi__R3__median__OE,,
dummy,2,2,psd__absolute_power__gamma__roi__R4__iqr__CE,,
dummy,2,2,psd__absolute_power__gamma__roi__R4__iqr__CE_minus_OE,,
dummy,2,2,psd__absolute_power__gamma__roi__R4__iqr__OE,,
dummy,2,2,psd__absolute_power__gamma__roi__R4__median__CE,,
dummy,2,2,psd__absolute_power__gamma__roi__R4__median__CE_minus_OE,,
dummy,2,2,psd__absolute_power__gamma__roi__R4__median__OE,,
dummy,2,2,psd__absolute_power__gamma__roi__R5__iqr__CE,,
dummy,2,2,psd__absolute_power__gamma__roi__R5__iqr__CE_minus_OE,,
dummy,2,2,psd__absolute_power__gamma__roi__R5__iqr__OE,,
dummy,2,2,psd__absolute_power__gamma__roi__R5__median__CE,,
dummy,2,2,psd__absolute_power__gamma__roi__R5__median__CE_minus_OE,,
dummy,2,2,psd__absolute_power__gamma__roi__R5__median__OE,,
dummy,2,2,psd__absolute_power__gamma__roi__R6__iqr__CE,,
dummy,2,2,psd__absolute_power__gamma__roi__R6__iqr__CE_minus_OE,,
dummy,2,2,psd__absolute_power__gamma__roi__R6__iqr__OE,,
dummy,2,2,psd__absolute_power__gamma__roi__R6__median__CE,,
dummy,2,2,psd__absolute_power__gamma__roi__R6__median__CE_minus_OE,,
dummy,2,2,psd__absolute_power__gamma__roi__R6__median__OE,,
dummy,2,2,psd__absolute_power__theta__roi__R1__iqr__CE,,
dummy,2,2,psd__absolute_power__theta__roi__R1__iqr__CE_minus_OE,,
dummy,2,2,psd__absolute_power__theta__roi__R1__iqr__OE,,
dummy,2,2,psd__absolute_power__theta__roi__R1__median__CE,,
dummy,2,2,psd__absolute_power__theta__roi__R1__median__CE_minus_OE,,
dummy,2,2,psd__absolute_power__theta__roi__R1__median__OE,,
dummy,2,2,psd__absolute_power__theta__roi__R2__iqr__CE,,
dummy,2,2,psd__absolute_power__theta__roi__R2__iqr__CE_minus_OE,,
dummy,2,2,psd__absolute_power__theta__roi__R2__iqr__OE,,
dummy,2,2,psd__absolute_power__theta__roi__R2__median__CE,,
dummy,2,2,psd__absolute_power__theta__roi__R2__median__CE_minus_OE,,
dummy,2,2,psd__absolute_power__theta__roi__R2__median__OE,,
dummy,2,2,psd__absolute_power__theta__roi__R3__iqr__CE,,
dummy,2,2,psd__absolute_power__theta__roi__R3__iqr__CE_minus_OE,,
dummy,2,2,psd__absolute_power__theta__roi__R3__iqr__OE,,
dummy,2,2,psd__absolute_power__theta__roi__R3__median__CE,,
dummy,2,2,psd__absolute_power__theta__roi__R3__median__CE_minus_OE,,
dummy,2,2,psd__absolute_power__theta__roi__R3__median__OE,,
dummy,2,2,psd__absolute_power__theta__roi__R4__iqr__CE,,
dummy,2,2,psd__absolute_power__theta__roi__R4__iqr__CE_minus_OE,,
dummy,2,2,psd__absolute_power__theta__roi__R4__iqr__OE,,
dummy,2,2,psd__absolute_power__theta__roi__R4__median__CE,,
dummy,2,2,psd__absolute_power__theta__roi__R4__median__CE_minus_OE,,
dummy,2,2,psd__absolute_power__theta__roi__R4__median__OE,,
dummy,2,2,psd__absolute_power__theta__roi__R5__iqr__CE,,
dummy,2,2,psd__absolute_power__theta__roi__R5__iqr__CE_minus_OE,,
dummy,2,2,psd__absolute_power__theta__roi__R5__iqr__OE,,
dummy,2,2,psd__absolute_power__theta__roi__R5__median__CE,,
dummy,2,2,psd__absolute_power__theta__roi__R5__median__CE_minus_OE,,
dummy,2,2,psd__absolute_power__theta__roi__R5__median__OE,,
dummy,2,2,psd__absolute_power__theta__roi__R6__iqr__CE,,
dummy,2,2,psd__absolute_power__theta__roi__R6__iqr__CE_minus_OE,,
dummy,2,2,psd__absolute_power__theta__roi__R6__iqr__OE,,
dummy,2,2,psd__absolute_power__theta__roi__R6__median__CE,,
dummy,2,2,psd__absolute_power__theta__roi__R6__median__CE_minus_OE,,
dummy,2,2,psd__absolute_power__theta__roi__R6__median__OE,,
dummy,2,2,psd__delta_alpha_ratio__derived__roi__R1__iqr__CE,,
dummy,2,2,psd__delta_alpha_ratio__derived__roi__R1__iqr__CE_minus_OE,,
dummy,2,2,psd__delta_alpha_ratio__derived__roi__R1__iqr__OE,,
dummy,2,2,psd__delta_alpha_ratio__derived__roi__R1__median__CE,,
dummy,2,2,psd__delta_alpha_ratio__derived__roi__R1__median__CE_minus_OE,,
dummy,2,2,psd__delta_alpha_ratio__derived__roi__R1__median__OE,,
dummy,2,2,psd__delta_alpha_ratio__derived__roi__R2__iqr__CE,,
dummy,2,2,psd__delta_alpha_ratio__derived__roi__R2__iqr__CE_minus_OE,,
dummy,2,2,psd__delta_alpha_ratio__derived__roi__R2__iqr__OE,,
dummy,2,2,psd__delta_alpha_ratio__derived__roi__R2__median__CE,,
dummy,2,2,psd__delta_alpha_ratio__derived__roi__R2__median__CE_minus_OE,,
dummy,2,2,psd__delta_alpha_ratio__derived__roi__R2__median__OE,,
dummy,2,2,psd__delta_alpha_ratio__derived__roi__R3__iqr__CE,,
dummy,2,2,psd__delta_alpha_ratio__derived__roi__R3__iqr__CE_minus_OE,,
dummy,2,2,psd__delta_alpha_ratio__derived__roi__R3__iqr__OE,,
dummy,2,2,psd__delta_alpha_ratio__derived__roi__R3__median__CE,,
dummy,2,2,psd__delta_alpha_ratio__derived__roi__R3__median__CE_minus_OE,,
dummy,2,2,psd__delta_alpha_ratio__derived__roi__R3__median__OE,,
dummy,2,2,psd__delta_alpha_ratio__derived__roi__R4__iqr__CE,,
dummy,2,2,psd__delta_alpha_ratio__derived__roi__R4__iqr__CE_minus_OE,,
dummy,2,2,psd__delta_alpha_ratio__derived__roi__R4__iqr__OE,,
dummy,2,2,psd__delta_alpha_ratio__derived__roi__R4__median__CE,,
dummy,2,2,psd__delta_alpha_ratio__derived__roi__R4__median__CE_minus_OE,,
dummy,2,2,psd__delta_alpha_ratio__derived__roi__R4__median__OE,,
dummy,2,2,psd__delta_alpha_ratio__derived__roi__R5__iqr__CE,,
dummy,2,2,psd__delta_alpha_ratio__derived__roi__R5__iqr__CE_minus_OE,,
dummy,2,2,psd__delta_alpha_ratio__derived__roi__R5__iqr__OE,,
dummy,2,2,psd__delta_alpha_ratio__derived__roi__R5__median__CE,,
dummy,2,2,psd__delta_alpha_ratio__derived__roi__R5__median__CE_minus_OE,,
dummy,2,2,psd__delta_alpha_ratio__derived__roi__R5__median__OE,,
dummy,2,2,psd__delta_alpha_ratio__derived__roi__R6__iqr__CE,,
dummy,2,2,psd__delta_alpha_ratio__derived__roi__R6__iqr__CE_minus_OE,,
dummy,2,2,psd__delta_alpha_ratio__derived__roi__R6__iqr__OE,,
dummy,2,2,psd__delta_alpha_ratio__derived__roi__R6__median__CE,,
dummy,2,2,psd__delta_alpha_ratio__derived__roi__R6__median__CE_minus_OE,,
dummy,2,2,psd__delta_alpha_ratio__derived__roi__R6__median__OE,,
dummy,2,2,psd__relative_power__alpha__roi__R1__iqr__CE,,
dummy,2,2,psd__relative_power__alpha__roi__R1__iqr__CE_minus_OE,,
dummy,2,2,psd__relative_power__alpha__roi__R1__iqr__OE,,
dummy,2,2,psd__relative_power__alpha__roi__R1__median__CE,,
dummy,2,2,psd__relative_power__alpha__roi__R1__median__CE_minus_OE,,
dummy,2,2,psd__relative_power__alpha__roi__R1__median__OE,,
dummy,2,2,psd__relative_power__alpha__roi__R2__iqr__CE,,
dummy,2,2,psd__relative_power__alpha__roi__R2__iqr__CE_minus_OE,,
dummy,2,2,psd__relative_power__alpha__roi__R2__iqr__OE,,
dummy,2,2,psd__relative_power__alpha__roi__R2__median__CE,,
dummy,2,2,psd__relative_power__alpha__roi__R2__median__CE_minus_OE,,
dummy,2,2,psd__relative_power__alpha__roi__R2__median__OE,,
dummy,2,2,psd__relative_power__alpha__roi__R3__iqr__CE,,
dummy,2,2,psd__relative_power__alpha__roi__R3__iqr__CE_minus_OE,,
dummy,2,2,psd__relative_power__alpha__roi__R3__iqr__OE,,
dummy,2,2,psd__relative_power__alpha__roi__R3__median__CE,,
dummy,2,2,psd__relative_power__alpha__roi__R3__median__CE_minus_OE,,
dummy,2,2,psd__relative_power__alpha__roi__R3__median__OE,,
dummy,2,2,psd__relative_power__alpha__roi__R4__iqr__CE,,
dummy,2,2,psd__relative_power__alpha__roi__R4__iqr__CE_minus_OE,,
dummy,2,2,psd__relative_power__alpha__roi__R4__iqr__OE,,
dummy,2,2,psd__relative_power__alpha__roi__R4__median__CE,,
dummy,2,2,psd__relative_power__alpha__roi__R4__median__CE_minus_OE,,
dummy,2,2,psd__relative_power__alpha__roi__R4__median__OE,,
dummy,2,2,psd__relative_power__alpha__roi__R5__iqr__CE,,
dummy,2,2,psd__relative_power__alpha__roi__R5__iqr__CE_minus_OE,,
dummy,2,2,psd__relative_power__alpha__roi__R5__iqr__OE,,
dummy,2,2,psd__relative_power__alpha__roi__R5__median__CE,,
dummy,2,2,psd__relative_power__alpha__roi__R5__median__CE_minus_OE,,
dummy,2,2,psd__relative_power__alpha__roi__R5__median__OE,,
dummy,2,2,psd__relative_power__alpha__roi__R6__iqr__CE,,
dummy,2,2,psd__relative_power__alpha__roi__R6__iqr__CE_minus_OE,,
dummy,2,2,psd__relative_power__alpha__roi__R6__iqr__OE,,
dummy,2,2,psd__relative_power__alpha__roi__R6__median__CE,,
dummy,2,2,psd__relative_power__alpha__roi__R6__median__CE_minus_OE,,
dummy,2,2,psd__relative_power__alpha__roi__R6__median__OE,,
dummy,2,2,psd__relative_power__beta__roi__R1__iqr__CE,,
dummy,2,2,psd__relative_power__beta__roi__R1__iqr__CE_minus_OE,,
dummy,2,2,psd__relative_power__beta__roi__R1__iqr__OE,,
dummy,2,2,psd__relative_power__beta__roi__R1__median__CE,,
dummy,2,2,psd__relative_power__beta__roi__R1__median__CE_minus_OE,,
dummy,2,2,psd__relative_power__beta__roi__R1__median__OE,,
dummy,2,2,psd__relative_power__beta__roi__R2__iqr__CE,,
dummy,2,2,psd__relative_power__beta__roi__R2__iqr__CE_minus_OE,,
dummy,2,2,psd__relative_power__beta__roi__R2__iqr__OE,,
dummy,2,2,psd__relative_power__beta__roi__R2__median__CE,,
dummy,2,2,psd__relative_power__beta__roi__R2__median__CE_minus_OE,,
dummy,2,2,psd__relative_power__beta__roi__R2__median__OE,,
dummy,2,2,psd__relative_power__beta__roi__R3__iqr__CE,,
dummy,2,2,psd__relative_power__beta__roi__R3__iqr__CE_minus_OE,,
dummy,2,2,psd__relative_power__beta__roi__R3__iqr__OE,,
dummy,2,2,psd__relative_power__beta__roi__R3__median__CE,,
dummy,2,2,psd__relative_power__beta__roi__R3__median__CE_minus_OE,,
dummy,2,2,psd__relative_power__beta__roi__R3__median__OE,,
dummy,2,2,psd__relative_power__beta__roi__R4__iqr__CE,,
dummy,2,2,psd__relative_power__beta__roi__R4__iqr__CE_minus_OE,,
dummy,2,2,psd__relative_power__beta__roi__R4__iqr__OE,,
dummy,2,2,psd__relative_power__beta__roi__R4__median__CE,,
dummy,2,2,psd__relative_power__beta__roi__R4__median__CE_minus_OE,,
dummy,2,2,psd__relative_power__beta__roi__R4__median__OE,,
dummy,2,2,psd__relative_power__beta__roi__R5__iqr__CE,,
dummy,2,2,psd__relative_power__beta__roi__R5__iqr__CE_minus_OE,,
dummy,2,2,psd__relative_power__beta__roi__R5__iqr__OE,,
dummy,2,2,psd__relative_power__beta__roi__R5__median__CE,,
dummy,2,2,psd__relative_power__beta__roi__R5__median__CE_minus_OE,,
dummy,2,2,psd__relative_power__beta__roi__R5__median__OE,,
dummy,2,2,psd__relative_power__beta__roi__R6__iqr__CE,,
dummy,2,2,psd__relative_power__beta__roi__R6__iqr__CE_minus_OE,,
dummy,2,2,psd__relative_power__beta__roi__R6__iqr__OE,,
dummy,2,2,psd__relative_power__beta__roi__R6__median__CE,,
dummy,2,2,psd__relative_power__beta__roi__R6__median__CE_minus_OE,,
dummy,2,2,psd__relative_power__beta__roi__R6__median__OE,,
dummy,2,2,psd__relative_power__delta__roi__R1__iqr__CE,,
dummy,2,2,psd__relative_power__delta__roi__R1__iqr__CE_minus_OE,,
dummy,2,2,psd__relative_power__delta__roi__R1__iqr__OE,,
dummy,2,2,psd__relative_power__delta__roi__R1__median__CE,,
dummy,2,2,psd__relative_power__delta__roi__R1__median__CE_minus_OE,,
dummy,2,2,psd__relative_power__delta__roi__R1__median__OE,,
dummy,2,2,psd__relative_power__delta__roi__R2__iqr__CE,,
dummy,2,2,psd__relative_power__delta__roi__R2__iqr__CE_minus_OE,,
dummy,2,2,psd__relative_power__delta__roi__R2__iqr__OE,,
dummy,2,2,psd__relative_power__delta__roi__R2__median__CE,,
dummy,2,2,psd__relative_power__delta__roi__R2__median__CE_minus_OE,,
dummy,2,2,psd__relative_power__delta__roi__R2__median__OE,,
dummy,2,2,psd__relative_power__delta__roi__R3__iqr__CE,,
dummy,2,2,psd__relative_power__delta__roi__R3__iqr__CE_minus_OE,,
dummy,2,2,psd__relative_power__delta__roi__R3__iqr__OE,,
dummy,2,2,psd__relative_power__delta__roi__R3__median__CE,,
dummy,2,2,psd__relative_power__delta__roi__R3__median__CE_minus_OE,,
dummy,2,2,psd__relative_power__delta__roi__R3__median__OE,,
dummy,2,2,psd__relative_power__delta__roi__R4__iqr__CE,,
dummy,2,2,psd__relative_power__delta__roi__R4__iqr__CE_minus_OE,,
dummy,2,2,psd__relative_power__delta__roi__R4__iqr__OE,,
dummy,2,2,psd__relative_power__delta__roi__R4__median__CE,,
dummy,2,2,psd__relative_power__delta__roi__R4__median__CE_minus_OE,,
dummy,2,2,psd__relative_power__delta__roi__R4__median__OE,,
dummy,2,2,psd__relative_power__delta__roi__R5__iqr__CE,,
dummy,2,2,psd__relative_power__delta__roi__R5__iqr__CE_minus_OE,,
dummy,2,2,psd__relative_power__delta__roi__R5__iqr__OE,,
dummy,2,2,psd__relative_power__delta__roi__R5__median__CE,,
dummy,2,2,psd__relative_power__delta__roi__R5__median__CE_minus_OE,,
dummy,2,2,psd__relative_power__delta__roi__R5__median__OE,,
dummy,2,2,psd__relative_power__delta__roi__R6__iqr__CE,,
dummy,2,2,psd__relative_power__delta__roi__R6__iqr__CE_minus_OE,,
dummy,2,2,psd__relative_power__delta__roi__R6__iqr__OE,,
dummy,2,2,psd__relative_power__delta__roi__R6__median__CE,,
dummy,2,2,psd__relative_power__delta__roi__R6__median__CE_minus_OE,,
dummy,2,2,psd__relative_power__delta__roi__R6__median__OE,,
dummy,2,2,psd__relative_power__gamma__roi__R1__iqr__CE,,
dummy,2,2,psd__relative_power__gamma__roi__R1__iqr__CE_minus_OE,,
dummy,2,2,psd__relative_power__gamma__roi__R1__iqr__OE,,
dummy,2,2,psd__relative_power__gamma__roi__R1__median__CE,,
dummy,2,2,psd__relative_power__gamma__roi__R1__median__CE_minus_OE,,
dummy,2,2,psd__relative_power__gamma__roi__R1__median__OE,,
dummy,2,2,psd__relative_power__gamma__roi__R2__iqr__CE,,
dummy,2,2,psd__relative_power__gamma__roi__R2__iqr__CE_minus_OE,,
dummy,2,2,psd__relative_power__gamma__roi__R2__iqr__OE,,
dummy,2,2,psd__relative_power__gamma__roi__R2__median__CE,,
dummy,2,2,psd__relative_power__gamma__roi__R2__median__CE_minus_OE,,
dummy,2,2,psd__relative_power__gamma__roi__R2__median__OE,,
dummy,2,2,psd__relative_power__gamma__roi__R3__iqr__CE,,
dummy,2,2,psd__relative_power__gamma__roi__R3__iqr__CE_minus_OE,,
dummy,2,2,psd__relative_power__gamma__roi__R3__iqr__OE,,
dummy,2,2,psd__relative_power__gamma__roi__R3__median__CE,,
dummy,2,2,psd__relative_power__gamma__roi__R3__median__CE_minus_OE,,
dummy,2,2,psd__relative_power__gamma__roi__R3__median__OE,,
dummy,2,2,psd__relative_power__gamma__roi__R4__iqr__CE,,
dummy,2,2,psd__relative_power__gamma__roi__R4__iqr__CE_minus_OE,,
dummy,2,2,psd__relative_power__gamma__roi__R4__iqr__OE,,
dummy,2,2,psd__relative_power__gamma__roi__R4__median__CE,,
dummy,2,2,psd__relative_power__gamma__roi__R4__median__CE_minus_OE,,
dummy,2,2,psd__relative_power__gamma__roi__R4__median__OE,,
dummy,2,2,psd__relative_power__gamma__roi__R5__iqr__CE,,
dummy,2,2,psd__relative_power__gamma__roi__R5__iqr__CE_minus_OE,,
dummy,2,2,psd__relative_power__gamma__roi__R5__iqr__OE,,
dummy,2,2,psd__relative_power__gamma__roi__R5__median__CE,,
dummy,2,2,psd__relative_power__gamma__roi__R5__median__CE_minus_OE,,
dummy,2,2,psd__relative_power__gamma__roi__R5__median__OE,,
dummy,2,2,psd__relative_power__gamma__roi__R6__iqr__CE,,
dummy,2,2,psd__relative_power__gamma__roi__R6__iqr__CE_minus_OE,,
dummy,2,2,psd__relative_power__gamma__roi__R6__iqr__OE,,
dummy,2,2,psd__relative_power__gamma__roi__R6__median__CE,,
dummy,2,2,psd__relative_power__gamma__roi__R6__median__CE_minus_OE,,
dummy,2,2,psd__relative_power__gamma__roi__R6__median__OE,,
dummy,2,2,psd__relative_power__theta__roi__R1__iqr__CE,,
dummy,2,2,psd__relative_power__theta__roi__R1__iqr__CE_minus_OE,,
dummy,2,2,psd__relative_power__theta__roi__R1__iqr__OE,,
dummy,2,2,psd__relative_power__theta__roi__R1__median__CE,,
dummy,2,2,psd__relative_power__theta__roi__R1__median__CE_minus_OE,,
dummy,2,2,psd__relative_power__theta__roi__R1__median__OE,,
dummy,2,2,psd__relative_power__theta__roi__R2__iqr__CE,,
dummy,2,2,psd__relative_power__theta__roi__R2__iqr__CE_minus_OE,,
dummy,2,2,psd__relative_power__theta__roi__R2__iqr__OE,,
dummy,2,2,psd__relative_power__theta__roi__R2__median__CE,,
dummy,2,2,psd__relative_power__theta__roi__R2__median__CE_minus_OE,,
dummy,2,2,psd__relative_power__theta__roi__R2__median__OE,,
dummy,2,2,psd__relative_power__theta__roi__R3__iqr__CE,,
dummy,2,2,psd__relative_power__theta__roi__R3__iqr__CE_minus_OE,,
dummy,2,2,psd__relative_power__theta__roi__R3__iqr__OE,,
dummy,2,2,psd__relative_power__theta__roi__R3__median__CE,,
dummy,2,2,psd__relative_power__theta__roi__R3__median__CE_minus_OE,,
dummy,2,2,psd__relative_power__theta__roi__R3__median__OE,,
dummy,2,2,psd__relative_power__theta__roi__R4__iqr__CE,,
dummy,2,2,psd__relative_power__theta__roi__R4__iqr__CE_minus_OE,,
dummy,2,2,psd__relative_power__theta__roi__R4__iqr__OE,,
dummy,2,2,psd__relative_power__theta__roi__R4__median__CE,,
dummy,2,2,psd__relative_power__theta__roi__R4__median__CE_minus_OE,,
dummy,2,2,psd__relative_power__theta__roi__R4__median__OE,,
dummy,2,2,psd__relative_power__theta__roi__R5__iqr__CE,,
dummy,2,2,psd__relative_power__theta__roi__R5__iqr__CE_minus_OE,,
dummy,2,2,psd__relative_power__theta__roi__R5__iqr__OE,,
dummy,2,2,psd__relative_power__theta__roi__R5__median__CE,,
dummy,2,2,psd__relative_power__theta__roi__R5__median__CE_minus_OE,,
dummy,2,2,psd__relative_power__theta__roi__R5__median__OE,,
dummy,2,2,psd__relative_power__theta__roi__R6__iqr__CE,,
dummy,2,2,psd__relative_power__theta__roi__R6__iqr__CE_minus_OE,,
dummy,2,2,psd__relative_power__theta__roi__R6__iqr__OE,,
dummy,2,2,psd__relative_power__theta__roi__R6__median__CE,,
dummy,2,2,psd__relative_power__theta__roi__R6__median__CE_minus_OE,,
dummy,2,2,psd__relative_power__theta__roi__R6__median__OE,,
dummy,2,2,psd__sfr__derived__roi__R1__iqr__CE,,
dummy,2,2,psd__sfr__derived__roi__R1__iqr__CE_minus_OE,,
dummy,2,2,psd__sfr__derived__roi__R1__iqr__OE,,
dummy,2,2,psd__sfr__derived__roi__R1__median__CE,,
dummy,2,2,psd__sfr__derived__roi__R1__median__CE_minus_OE,,
dummy,2,2,psd__sfr__derived__roi__R1__median__OE,,
dummy,2,2,psd__sfr__derived__roi__R2__iqr__CE,,
dummy,2,2,psd__sfr__derived__roi__R2__iqr__CE_minus_OE,,
dummy,2,2,psd__sfr__derived__roi__R2__iqr__OE,,
dummy,2,2,psd__sfr__derived__roi__R2__median__CE,,
dummy,2,2,psd__sfr__derived__roi__R2__median__CE_minus_OE,,
dummy,2,2,psd__sfr__derived__roi__R2__median__OE,,
dummy,2,2,psd__sfr__derived__roi__R3__iqr__CE,,
dummy,2,2,psd__sfr__derived__roi__R3__iqr__CE_minus_OE,,
dummy,2,2,psd__sfr__derived__roi__R3__iqr__OE,,
dummy,2,2,psd__sfr__derived__roi__R3__median__CE,,
dummy,2,2,psd__sfr__derived__roi__R3__median__CE_minus_OE,,
dummy,2,2,psd__sfr__derived__roi__R3__median__OE,,
dummy,2,2,psd__sfr__derived__roi__R4__iqr__CE,,
dummy,2,2,psd__sfr__derived__roi__R4__iqr__CE_minus_OE,,
dummy,2,2,psd__sfr__derived__roi__R4__iqr__OE,,
dummy,2,2,psd__sfr__derived__roi__R4__median__CE,,
dummy,2,2,psd__sfr__derived__roi__R4__median__CE_minus_OE,,
dummy,2,2,psd__sfr__derived__roi__R4__median__OE,,
dummy,2,2,psd__sfr__derived__roi__R5__iqr__CE,,
dummy,2,2,psd__sfr__derived__roi__R5__iqr__CE_minus_OE,,
dummy,2,2,psd__sfr__derived__roi__R5__iqr__OE,,
dummy,2,2,psd__sfr__derived__roi__R5__median__CE,,
dummy,2,2,psd__sfr__derived__roi__R5__median__CE_minus_OE,,
dummy,2,2,psd__sfr__derived__roi__R5__median__OE,,
dummy,2,2,psd__sfr__derived__roi__R6__iqr__CE,,
dummy,2,2,psd__sfr__derived__roi__R6__iqr__CE_minus_OE,,
dummy,2,2,psd__sfr__derived__roi__R6__iqr__OE,,
dummy,2,2,psd__sfr__derived__roi__R6__median__CE,,
dummy,2,2,psd__sfr__derived__roi__R6__median__CE_minus_OE,,
dummy,2,2,psd__sfr__derived__roi__R6__median__OE,,
dummy,2,2,psd__theta_alpha_ratio__derived__roi__R1__iqr__CE,,
dummy,2,2,psd__theta_alpha_ratio__derived__roi__R1__iqr__CE_minus_OE,,
dummy,2,2,psd__theta_alpha_ratio__derived__roi__R1__iqr__OE,,
dummy,2,2,psd__theta_alpha_ratio__derived__roi__R1__median__CE,,
dummy,2,2,psd__theta_alpha_ratio__derived__roi__R1__median__CE_minus_OE,,
dummy,2,2,psd__theta_alpha_ratio__derived__roi__R1__median__OE,,
dummy,2,2,psd__theta_alpha_ratio__derived__roi__R2__iqr__CE,,
dummy,2,2,psd__theta_alpha_ratio__derived__roi__R2__iqr__CE_minus_OE,,
dummy,2,2,psd__theta_alpha_ratio__derived__roi__R2__iqr__OE,,
dummy,2,2,psd__theta_alpha_ratio__derived__roi__R2__median__CE,,
dummy,2,2,psd__theta_alpha_ratio__derived__roi__R2__median__CE_minus_OE,,
dummy,2,2,psd__theta_alpha_ratio__derived__roi__R2__median__OE,,
dummy,2,2,psd__theta_alpha_ratio__derived__roi__R3__iqr__CE,,
dummy,2,2,psd__theta_alpha_ratio__derived__roi__R3__iqr__CE_minus_OE,,
dummy,2,2,psd__theta_alpha_ratio__derived__roi__R3__iqr__OE,,
dummy,2,2,psd__theta_alpha_ratio__derived__roi__R3__median__CE,,
dummy,2,2,psd__theta_alpha_ratio__derived__roi__R3__median__CE_minus_OE,,
dummy,2,2,psd__theta_alpha_ratio__derived__roi__R3__median__OE,,
dummy,2,2,psd__theta_alpha_ratio__derived__roi__R4__iqr__CE,,
dummy,2,2,psd__theta_alpha_ratio__derived__roi__R4__iqr__CE_minus_OE,,
dummy,2,2,psd__theta_alpha_ratio__derived__roi__R4__iqr__OE,,
dummy,2,2,psd__theta_alpha_ratio__derived__roi__R4__median__CE,,
dummy,2,2,psd__theta_alpha_ratio__derived__roi__R4__median__CE_minus_OE,,
dummy,2,2,psd__theta_alpha_ratio__derived__roi__R4__median__OE,,
dummy,2,2,psd__theta_alpha_ratio__derived__roi__R5__iqr__CE,,
dummy,2,2,psd__theta_alpha_ratio__derived__roi__R5__iqr__CE_minus_OE,,
dummy,2,2,psd__theta_alpha_ratio__derived__roi__R5__iqr__OE,,
dummy,2,2,psd__theta_alpha_ratio__derived__roi__R5__median__CE,,
dummy,2,2,psd__theta_alpha_ratio__derived__roi__R5__median__CE_minus_OE,,
dummy,2,2,psd__theta_alpha_ratio__derived__roi__R5__median__OE,,
dummy,2,2,psd__theta_alpha_ratio__derived__roi__R6__iqr__CE,,
dummy,2,2,psd__theta_alpha_ratio__derived__roi__R6__iqr__CE_minus_OE,,
dummy,2,2,psd__theta_alpha_ratio__derived__roi__R6__iqr__OE,,
dummy,2,2,psd__theta_alpha_ratio__derived__roi__R6__median__CE,,
dummy,2,2,psd__theta_alpha_ratio__derived__roi__R6__median__CE_minus_OE,,
dummy,2,2,psd__theta_alpha_ratio__derived__roi__R6__median__OE,,
dummy,2,3,complexity__spectral_entropy__broadband__roi__R1__iqr__CE,,
dummy,2,3,complexity__spectral_entropy__broadband__roi__R1__iqr__CE_minus_OE,,
dummy,2,3,complexity__spectral_entropy__broadband__roi__R1__iqr__OE,,
dummy,2,3,complexity__spectral_entropy__broadband__roi__R1__median__CE,,
dummy,2,3,complexity__spectral_entropy__broadband__roi__R1__median__CE_minus_OE,,
dummy,2,3,complexity__spectral_entropy__broadband__roi__R1__median__OE,,
dummy,2,3,complexity__spectral_entropy__broadband__roi__R2__iqr__CE,,
dummy,2,3,complexity__spectral_entropy__broadband__roi__R2__iqr__CE_minus_OE,,
dummy,2,3,complexity__spectral_entropy__broadband__roi__R2__iqr__OE,,
dummy,2,3,complexity__spectral_entropy__broadband__roi__R2__median__CE,,
dummy,2,3,complexity__spectral_entropy__broadband__roi__R2__median__CE_minus_OE,,
dummy,2,3,complexity__spectral_entropy__broadband__roi__R2__median__OE,,
dummy,2,3,complexity__spectral_entropy__broadband__roi__R3__iqr__CE,,
dummy,2,3,complexity__spectral_entropy__broadband__roi__R3__iqr__CE_minus_OE,,
dummy,2,3,complexity__spectral_entropy__broadband__roi__R3__iqr__OE,,
dummy,2,3,complexity__spectral_entropy__broadband__roi__R3__median__CE,,
dummy,2,3,complexity__spectral_entropy__broadband__roi__R3__median__CE_minus_OE,,
dummy,2,3,complexity__spectral_entropy__broadband__roi__R3__median__OE,,
dummy,2,3,complexity__spectral_entropy__broadband__roi__R4__iqr__CE,,
dummy,2,3,complexity__spectral_entropy__broadband__roi__R4__iqr__CE_minus_OE,,
dummy,2,3,complexity__spectral_entropy__broadband__roi__R4__iqr__OE,,
dummy,2,3,complexity__spectral_entropy__broadband__roi__R4__median__CE,,
dummy,2,3,complexity__spectral_entropy__broadband__roi__R4__median__CE_minus_OE,,
dummy,2,3,complexity__spectral_entropy__broadband__roi__R4__median__OE,,
dummy,2,3,complexity__spectral_entropy__broadband__roi__R5__iqr__CE,,
dummy,2,3,complexity__spectral_entropy__broadband__roi__R5__iqr__CE_minus_OE,,
dummy,2,3,complexity__spectral_entropy__broadband__roi__R5__iqr__OE,,
dummy,2,3,complexity__spectral_entropy__broadband__roi__R5__median__CE,,
dummy,2,3,complexity__spectral_entropy__broadband__roi__R5__median__CE_minus_OE,,
dummy,2,3,complexity__spectral_entropy__broadband__roi__R5__median__OE,,
dummy,2,3,complexity__spectral_entropy__broadband__roi__R6__iqr__CE,,
dummy,2,3,complexity__spectral_entropy__broadband__roi__R6__iqr__CE_minus_OE,,
dummy,2,3,complexity__spectral_entropy__broadband__roi__R6__iqr__OE,,
dummy,2,3,complexity__spectral_entropy__broadband__roi__R6__median__CE,,
dummy,2,3,complexity__spectral_entropy__broadband__roi__R6__median__CE_minus_OE,,
dummy,2,3,complexity__spectral_entropy__broadband__roi__R6__median__OE,,
dummy,2,3,psd__absolute_power__alpha__roi__R1__iqr__CE,,
dummy,2,3,psd__absolute_power__alpha__roi__R1__iqr__CE_minus_OE,,
dummy,2,3,psd__absolute_power__alpha__roi__R1__iqr__OE,,
dummy,2,3,psd__absolute_power__alpha__roi__R1__median__CE,,
dummy,2,3,psd__absolute_power__alpha__roi__R1__median__CE_minus_OE,,
dummy,2,3,psd__absolute_power__alpha__roi__R1__median__OE,,
dummy,2,3,psd__absolute_power__alpha__roi__R2__iqr__CE,,
dummy,2,3,psd__absolute_power__alpha__roi__R2__iqr__CE_minus_OE,,
dummy,2,3,psd__absolute_power__alpha__roi__R2__iqr__OE,,
dummy,2,3,psd__absolute_power__alpha__roi__R2__median__CE,,
dummy,2,3,psd__absolute_power__alpha__roi__R2__median__CE_minus_OE,,
dummy,2,3,psd__absolute_power__alpha__roi__R2__median__OE,,
dummy,2,3,psd__absolute_power__alpha__roi__R3__iqr__CE,,
dummy,2,3,psd__absolute_power__alpha__roi__R3__iqr__CE_minus_OE,,
dummy,2,3,psd__absolute_power__alpha__roi__R3__iqr__OE,,
dummy,2,3,psd__absolute_power__alpha__roi__R3__median__CE,,
dummy,2,3,psd__absolute_power__alpha__roi__R3__median__CE_minus_OE,,
dummy,2,3,psd__absolute_power__alpha__roi__R3__median__OE,,
dummy,2,3,psd__absolute_power__alpha__roi__R4__iqr__CE,,
dummy,2,3,psd__absolute_power__alpha__roi__R4__iqr__CE_minus_OE,,
dummy,2,3,psd__absolute_power__alpha__roi__R4__iqr__OE,,
dummy,2,3,psd__absolute_power__alpha__roi__R4__median__CE,,
dummy,2,3,psd__absolute_power__alpha__roi__R4__median__CE_minus_OE,,
dummy,2,3,psd__absolute_power__alpha__roi__R4__median__OE,,
dummy,2,3,psd__absolute_power__alpha__roi__R5__iqr__CE,,
dummy,2,3,psd__absolute_power__alpha__roi__R5__iqr__CE_minus_OE,,
dummy,2,3,psd__absolute_power__alpha__roi__R5__iqr__OE,,
dummy,2,3,psd__absolute_power__alpha__roi__R5__median__CE,,
dummy,2,3,psd__absolute_power__alpha__roi__R5__median__CE_minus_OE,,
dummy,2,3,psd__absolute_power__alpha__roi__R5__median__OE,,
dummy,2,3,psd__absolute_power__alpha__roi__R6__iqr__CE,,
dummy,2,3,psd__absolute_power__alpha__roi__R6__iqr__CE_minus_OE,,
dummy,2,3,psd__absolute_power__alpha__roi__R6__iqr__OE,,
dummy,2,3,psd__absolute_power__alpha__roi__R6__median__CE,,
dummy,2,3,psd__absolute_power__alpha__roi__R6__median__CE_minus_OE,,
dummy,2,3,psd__absolute_power__alpha__roi__R6__median__OE,,
dummy,2,3,psd__absolute_power__beta__roi__R1__iqr__CE,,
dummy,2,3,psd__absolute_power__beta__roi__R1__iqr__CE_minus_OE,,
dummy,2,3,psd__absolute_power__beta__roi__R1__iqr__OE,,
dummy,2,3,psd__absolute_power__beta__roi__R1__median__CE,,
dummy,2,3,psd__absolute_power__beta__roi__R1__median__CE_minus_OE,,
dummy,2,3,psd__absolute_power__beta__roi__R1__median__OE,,
dummy,2,3,psd__absolute_power__beta__roi__R2__iqr__CE,,
dummy,2,3,psd__absolute_power__beta__roi__R2__iqr__CE_minus_OE,,
dummy,2,3,psd__absolute_power__beta__roi__R2__iqr__OE,,
dummy,2,3,psd__absolute_power__beta__roi__R2__median__CE,,
dummy,2,3,psd__absolute_power__beta__roi__R2__median__CE_minus_OE,,
dummy,2,3,psd__absolute_power__beta__roi__R2__median__OE,,
dummy,2,3,psd__absolute_power__beta__roi__R3__iqr__CE,,
dummy,2,3,psd__absolute_power__beta__roi__R3__iqr__CE_minus_OE,,
dummy,2,3,psd__absolute_power__beta__roi__R3__iqr__OE,,
dummy,2,3,psd__absolute_power__beta__roi__R3__median__CE,,
dummy,2,3,psd__absolute_power__beta__roi__R3__median__CE_minus_OE,,
dummy,2,3,psd__absolute_power__beta__roi__R3__median__OE,,
dummy,2,3,psd__absolute_power__beta__roi__R4__iqr__CE,,
dummy,2,3,psd__absolute_power__beta__roi__R4__iqr__CE_minus_OE,,
dummy,2,3,psd__absolute_power__beta__roi__R4__iqr__OE,,
dummy,2,3,psd__absolute_power__beta__roi__R4__median__CE,,
dummy,2,3,psd__absolute_power__beta__roi__R4__median__CE_minus_OE,,
dummy,2,3,psd__absolute_power__beta__roi__R4__median__OE,,
dummy,2,3,psd__absolute_power__beta__roi__R5__iqr__CE,,
dummy,2,3,psd__absolute_power__beta__roi__R5__iqr__CE_minus_OE,,
dummy,2,3,psd__absolute_power__beta__roi__R5__iqr__OE,,
dummy,2,3,psd__absolute_power__beta__roi__R5__median__CE,,
dummy,2,3,psd__absolute_power__beta__roi__R5__median__CE_minus_OE,,
dummy,2,3,psd__absolute_power__beta__roi__R5__median__OE,,
dummy,2,3,psd__absolute_power__beta__roi__R6__iqr__CE,,
dummy,2,3,psd__absolute_power__beta__roi__R6__iqr__CE_minus_OE,,
dummy,2,3,psd__absolute_power__beta__roi__R6__iqr__OE,,
dummy,2,3,psd__absolute_power__beta__roi__R6__median__CE,,
dummy,2,3,psd__absolute_power__beta__roi__R6__median__CE_minus_OE,,
dummy,2,3,psd__absolute_power__beta__roi__R6__median__OE,,
dummy,2,3,psd__absolute_power__delta__roi__R1__iqr__CE,,
dummy,2,3,psd__absolute_power__delta__roi__R1__iqr__CE_minus_OE,,
dummy,2,3,psd__absolute_power__delta__roi__R1__iqr__OE,,
dummy,2,3,psd__absolute_power__delta__roi__R1__median__CE,,
dummy,2,3,psd__absolute_power__delta__roi__R1__median__CE_minus_OE,,
dummy,2,3,psd__absolute_power__delta__roi__R1__median__OE,,
dummy,2,3,psd__absolute_power__delta__roi__R2__iqr__CE,,
dummy,2,3,psd__absolute_power__delta__roi__R2__iqr__CE_minus_OE,,
dummy,2,3,psd__absolute_power__delta__roi__R2__iqr__OE,,
dummy,2,3,psd__absolute_power__delta__roi__R2__median__CE,,
dummy,2,3,psd__absolute_power__delta__roi__R2__median__CE_minus_OE,,
dummy,2,3,psd__absolute_power__delta__roi__R2__median__OE,,
dummy,2,3,psd__absolute_power__delta__roi__R3__iqr__CE,,
dummy,2,3,psd__absolute_power__delta__roi__R3__iqr__CE_minus_OE,,
dummy,2,3,psd__absolute_power__delta__roi__R3__iqr__OE,,
dummy,2,3,psd__absolute_power__delta__roi__R3__median__CE,,
dummy,2,3,psd__absolute_power__delta__roi__R3__median__CE_minus_OE,,
dummy,2,3,psd__absolute_power__delta__roi__R3__median__OE,,
dummy,2,3,psd__absolute_power__delta__roi__R4__iqr__CE,,
dummy,2,3,psd__absolute_power__delta__roi__R4__iqr__CE_minus_OE,,
dummy,2,3,psd__absolute_power__delta__roi__R4__iqr__OE,,
dummy,2,3,psd__absolute_power__delta__roi__R4__median__CE,,
dummy,2,3,psd__absolute_power__delta__roi__R4__median__CE_minus_OE,,
dummy,2,3,psd__absolute_power__delta__roi__R4__median__OE,,
dummy,2,3,psd__absolute_power__delta__roi__R5__iqr__CE,,
dummy,2,3,psd__absolute_power__delta__roi__R5__iqr__CE_minus_OE,,
dummy,2,3,psd__absolute_power__delta__roi__R5__iqr__OE,,
dummy,2,3,psd__absolute_power__delta__roi__R5__median__CE,,
dummy,2,3,psd__absolute_power__delta__roi__R5__median__CE_minus_OE,,
dummy,2,3,psd__absolute_power__delta__roi__R5__median__OE,,
dummy,2,3,psd__absolute_power__delta__roi__R6__iqr__CE,,
dummy,2,3,psd__absolute_power__delta__roi__R6__iqr__CE_minus_OE,,
dummy,2,3,psd__absolute_power__delta__roi__R6__iqr__OE,,
dummy,2,3,psd__absolute_power__delta__roi__R6__median__CE,,
dummy,2,3,psd__absolute_power__delta__roi__R6__median__CE_minus_OE,,
dummy,2,3,psd__absolute_power__delta__roi__R6__median__OE,,
dummy,2,3,psd__absolute_power__gamma__roi__R1__iqr__CE,,
dummy,2,3,psd__absolute_power__gamma__roi__R1__iqr__CE_minus_OE,,
dummy,2,3,psd__absolute_power__gamma__roi__R1__iqr__OE,,
dummy,2,3,psd__absolute_power__gamma__roi__R1__median__CE,,
dummy,2,3,psd__absolute_power__gamma__roi__R1__median__CE_minus_OE,,
dummy,2,3,psd__absolute_power__gamma__roi__R1__median__OE,,
dummy,2,3,psd__absolute_power__gamma__roi__R2__iqr__CE,,
dummy,2,3,psd__absolute_power__gamma__roi__R2__iqr__CE_minus_OE,,
dummy,2,3,psd__absolute_power__gamma__roi__R2__iqr__OE,,
dummy,2,3,psd__absolute_power__gamma__roi__R2__median__CE,,
dummy,2,3,psd__absolute_power__gamma__roi__R2__median__CE_minus_OE,,
dummy,2,3,psd__absolute_power__gamma__roi__R2__median__OE,,
dummy,2,3,psd__absolute_power__gamma__roi__R3__iqr__CE,,
dummy,2,3,psd__absolute_power__gamma__roi__R3__iqr__CE_minus_OE,,
dummy,2,3,psd__absolute_power__gamma__roi__R3__iqr__OE,,
dummy,2,3,psd__absolute_power__gamma__roi__R3__median__CE,,
dummy,2,3,psd__absolute_power__gamma__roi__R3__median__CE_minus_OE,,
dummy,2,3,psd__absolute_power__gamma__roi__R3__median__OE,,
dummy,2,3,psd__absolute_power__gamma__roi__R4__iqr__CE,,
dummy,2,3,psd__absolute_power__gamma__roi__R4__iqr__CE_minus_OE,,
dummy,2,3,psd__absolute_power__gamma__roi__R4__iqr__OE,,
dummy,2,3,psd__absolute_power__gamma__roi__R4__median__CE,,
dummy,2,3,psd__absolute_power__gamma__roi__R4__median__CE_minus_OE,,
dummy,2,3,psd__absolute_power__gamma__roi__R4__median__OE,,
dummy,2,3,psd__absolute_power__gamma__roi__R5__iqr__CE,,
dummy,2,3,psd__absolute_power__gamma__roi__R5__iqr__CE_minus_OE,,
dummy,2,3,psd__absolute_power__gamma__roi__R5__iqr__OE,,
dummy,2,3,psd__absolute_power__gamma__roi__R5__median__CE,,
dummy,2,3,psd__absolute_power__gamma__roi__R5__median__CE_minus_OE,,
dummy,2,3,psd__absolute_power__gamma__roi__R5__median__OE,,
dummy,2,3,psd__absolute_power__gamma__roi__R6__iqr__CE,,
dummy,2,3,psd__absolute_power__gamma__roi__R6__iqr__CE_minus_OE,,
dummy,2,3,psd__absolute_power__gamma__roi__R6__iqr__OE,,
dummy,2,3,psd__absolute_power__gamma__roi__R6__median__CE,,
dummy,2,3,psd__absolute_power__gamma__roi__R6__median__CE_minus_OE,,
dummy,2,3,psd__absolute_power__gamma__roi__R6__median__OE,,
dummy,2,3,psd__absolute_power__theta__roi__R1__iqr__CE,,
dummy,2,3,psd__absolute_power__theta__roi__R1__iqr__CE_minus_OE,,
dummy,2,3,psd__absolute_power__theta__roi__R1__iqr__OE,,
dummy,2,3,psd__absolute_power__theta__roi__R1__median__CE,,
dummy,2,3,psd__absolute_power__theta__roi__R1__median__CE_minus_OE,,
dummy,2,3,psd__absolute_power__theta__roi__R1__median__OE,,
dummy,2,3,psd__absolute_power__theta__roi__R2__iqr__CE,,
dummy,2,3,psd__absolute_power__theta__roi__R2__iqr__CE_minus_OE,,
dummy,2,3,psd__absolute_power__theta__roi__R2__iqr__OE,,
dummy,2,3,psd__absolute_power__theta__roi__R2__median__CE,,
dummy,2,3,psd__absolute_power__theta__roi__R2__median__CE_minus_OE,,
dummy,2,3,psd__absolute_power__theta__roi__R2__median__OE,,
dummy,2,3,psd__absolute_power__theta__roi__R3__iqr__CE,,
dummy,2,3,psd__absolute_power__theta__roi__R3__iqr__CE_minus_OE,,
dummy,2,3,psd__absolute_power__theta__roi__R3__iqr__OE,,
dummy,2,3,psd__absolute_power__theta__roi__R3__median__CE,,
dummy,2,3,psd__absolute_power__theta__roi__R3__median__CE_minus_OE,,
dummy,2,3,psd__absolute_power__theta__roi__R3__median__OE,,
dummy,2,3,psd__absolute_power__theta__roi__R4__iqr__CE,,
dummy,2,3,psd__absolute_power__theta__roi__R4__iqr__CE_minus_OE,,
dummy,2,3,psd__absolute_power__theta__roi__R4__iqr__OE,,
dummy,2,3,psd__absolute_power__theta__roi__R4__median__CE,,
dummy,2,3,psd__absolute_power__theta__roi__R4__median__CE_minus_OE,,
dummy,2,3,psd__absolute_power__theta__roi__R4__median__OE,,
dummy,2,3,psd__absolute_power__theta__roi__R5__iqr__CE,,
dummy,2,3,psd__absolute_power__theta__roi__R5__iqr__CE_minus_OE,,
dummy,2,3,psd__absolute_power__theta__roi__R5__iqr__OE,,
dummy,2,3,psd__absolute_power__theta__roi__R5__median__CE,,
dummy,2,3,psd__absolute_power__theta__roi__R5__median__CE_minus_OE,,
dummy,2,3,psd__absolute_power__theta__roi__R5__median__OE,,
dummy,2,3,psd__absolute_power__theta__roi__R6__iqr__CE,,
dummy,2,3,psd__absolute_power__theta__roi__R6__iqr__CE_minus_OE,,
dummy,2,3,psd__absolute_power__theta__roi__R6__iqr__OE,,
dummy,2,3,psd__absolute_power__theta__roi__R6__median__CE,,
dummy,2,3,psd__absolute_power__theta__roi__R6__median__CE_minus_OE,,
dummy,2,3,psd__absolute_power__theta__roi__R6__median__OE,,
dummy,2,3,psd__delta_alpha_ratio__derived__roi__R1__iqr__CE,,
dummy,2,3,psd__delta_alpha_ratio__derived__roi__R1__iqr__CE_minus_OE,,
dummy,2,3,psd__delta_alpha_ratio__derived__roi__R1__iqr__OE,,
dummy,2,3,psd__delta_alpha_ratio__derived__roi__R1__median__CE,,
dummy,2,3,psd__delta_alpha_ratio__derived__roi__R1__median__CE_minus_OE,,
dummy,2,3,psd__delta_alpha_ratio__derived__roi__R1__median__OE,,
dummy,2,3,psd__delta_alpha_ratio__derived__roi__R2__iqr__CE,,
dummy,2,3,psd__delta_alpha_ratio__derived__roi__R2__iqr__CE_minus_OE,,
dummy,2,3,psd__delta_alpha_ratio__derived__roi__R2__iqr__OE,,
dummy,2,3,psd__delta_alpha_ratio__derived__roi__R2__median__CE,,
dummy,2,3,psd__delta_alpha_ratio__derived__roi__R2__median__CE_minus_OE,,
dummy,2,3,psd__delta_alpha_ratio__derived__roi__R2__median__OE,,
dummy,2,3,psd__delta_alpha_ratio__derived__roi__R3__iqr__CE,,
dummy,2,3,psd__delta_alpha_ratio__derived__roi__R3__iqr__CE_minus_OE,,
dummy,2,3,psd__delta_alpha_ratio__derived__roi__R3__iqr__OE,,
dummy,2,3,psd__delta_alpha_ratio__derived__roi__R3__median__CE,,
dummy,2,3,psd__delta_alpha_ratio__derived__roi__R3__median__CE_minus_OE,,
dummy,2,3,psd__delta_alpha_ratio__derived__roi__R3__median__OE,,
dummy,2,3,psd__delta_alpha_ratio__derived__roi__R4__iqr__CE,,
dummy,2,3,psd__delta_alpha_ratio__derived__roi__R4__iqr__CE_minus_OE,,
dummy,2,3,psd__delta_alpha_ratio__derived__roi__R4__iqr__OE,,
dummy,2,3,psd__delta_alpha_ratio__derived__roi__R4__median__CE,,
dummy,2,3,psd__delta_alpha_ratio__derived__roi__R4__median__CE_minus_OE,,
dummy,2,3,psd__delta_alpha_ratio__derived__roi__R4__median__OE,,
dummy,2,3,psd__delta_alpha_ratio__derived__roi__R5__iqr__CE,,
dummy,2,3,psd__delta_alpha_ratio__derived__roi__R5__iqr__CE_minus_OE,,
dummy,2,3,psd__delta_alpha_ratio__derived__roi__R5__iqr__OE,,
dummy,2,3,psd__delta_alpha_ratio__derived__roi__R5__median__CE,,
dummy,2,3,psd__delta_alpha_ratio__derived__roi__R5__median__CE_minus_OE,,
dummy,2,3,psd__delta_alpha_ratio__derived__roi__R5__median__OE,,
dummy,2,3,psd__delta_alpha_ratio__derived__roi__R6__iqr__CE,,
dummy,2,3,psd__delta_alpha_ratio__derived__roi__R6__iqr__CE_minus_OE,,
dummy,2,3,psd__delta_alpha_ratio__derived__roi__R6__iqr__OE,,
dummy,2,3,psd__delta_alpha_ratio__derived__roi__R6__median__CE,,
dummy,2,3,psd__delta_alpha_ratio__derived__roi__R6__median__CE_minus_OE,,
dummy,2,3,psd__delta_alpha_ratio__derived__roi__R6__median__OE,,
dummy,2,3,psd__relative_power__alpha__roi__R1__iqr__CE,,
dummy,2,3,psd__relative_power__alpha__roi__R1__iqr__CE_minus_OE,,
dummy,2,3,psd__relative_power__alpha__roi__R1__iqr__OE,,
dummy,2,3,psd__relative_power__alpha__roi__R1__median__CE,,
dummy,2,3,psd__relative_power__alpha__roi__R1__median__CE_minus_OE,,
dummy,2,3,psd__relative_power__alpha__roi__R1__median__OE,,
dummy,2,3,psd__relative_power__alpha__roi__R2__iqr__CE,,
dummy,2,3,psd__relative_power__alpha__roi__R2__iqr__CE_minus_OE,,
dummy,2,3,psd__relative_power__alpha__roi__R2__iqr__OE,,
dummy,2,3,psd__relative_power__alpha__roi__R2__median__CE,,
dummy,2,3,psd__relative_power__alpha__roi__R2__median__CE_minus_OE,,
dummy,2,3,psd__relative_power__alpha__roi__R2__median__OE,,
dummy,2,3,psd__relative_power__alpha__roi__R3__iqr__CE,,
dummy,2,3,psd__relative_power__alpha__roi__R3__iqr__CE_minus_OE,,
dummy,2,3,psd__relative_power__alpha__roi__R3__iqr__OE,,
dummy,2,3,psd__relative_power__alpha__roi__R3__median__CE,,
dummy,2,3,psd__relative_power__alpha__roi__R3__median__CE_minus_OE,,
dummy,2,3,psd__relative_power__alpha__roi__R3__median__OE,,
dummy,2,3,psd__relative_power__alpha__roi__R4__iqr__CE,,
dummy,2,3,psd__relative_power__alpha__roi__R4__iqr__CE_minus_OE,,
dummy,2,3,psd__relative_power__alpha__roi__R4__iqr__OE,,
dummy,2,3,psd__relative_power__alpha__roi__R4__median__CE,,
dummy,2,3,psd__relative_power__alpha__roi__R4__median__CE_minus_OE,,
dummy,2,3,psd__relative_power__alpha__roi__R4__median__OE,,
dummy,2,3,psd__relative_power__alpha__roi__R5__iqr__CE,,
dummy,2,3,psd__relative_power__alpha__roi__R5__iqr__CE_minus_OE,,
dummy,2,3,psd__relative_power__alpha__roi__R5__iqr__OE,,
dummy,2,3,psd__relative_power__alpha__roi__R5__median__CE,,
dummy,2,3,psd__relative_power__alpha__roi__R5__median__CE_minus_OE,,
dummy,2,3,psd__relative_power__alpha__roi__R5__median__OE,,
dummy,2,3,psd__relative_power__alpha__roi__R6__iqr__CE,,
dummy,2,3,psd__relative_power__alpha__roi__R6__iqr__CE_minus_OE,,
dummy,2,3,psd__relative_power__alpha__roi__R6__iqr__OE,,
dummy,2,3,psd__relative_power__alpha__roi__R6__median__CE,,
dummy,2,3,psd__relative_power__alpha__roi__R6__median__CE_minus_OE,,
dummy,2,3,psd__relative_power__alpha__roi__R6__median__OE,,
dummy,2,3,psd__relative_power__beta__roi__R1__iqr__CE,,
dummy,2,3,psd__relative_power__beta__roi__R1__iqr__CE_minus_OE,,
dummy,2,3,psd__relative_power__beta__roi__R1__iqr__OE,,
dummy,2,3,psd__relative_power__beta__roi__R1__median__CE,,
dummy,2,3,psd__relative_power__beta__roi__R1__median__CE_minus_OE,,
dummy,2,3,psd__relative_power__beta__roi__R1__median__OE,,
dummy,2,3,psd__relative_power__beta__roi__R2__iqr__CE,,
dummy,2,3,psd__relative_power__beta__roi__R2__iqr__CE_minus_OE,,
dummy,2,3,psd__relative_power__beta__roi__R2__iqr__OE,,
dummy,2,3,psd__relative_power__beta__roi__R2__median__CE,,
dummy,2,3,psd__relative_power__beta__roi__R2__median__CE_minus_OE,,
dummy,2,3,psd__relative_power__beta__roi__R2__median__OE,,
dummy,2,3,psd__relative_power__beta__roi__R3__iqr__CE,,
dummy,2,3,psd__relative_power__beta__roi__R3__iqr__CE_minus_OE,,
dummy,2,3,psd__relative_power__beta__roi__R3__iqr__OE,,
dummy,2,3,psd__relative_power__beta__roi__R3__median__CE,,
dummy,2,3,psd__relative_power__beta__roi__R3__median__CE_minus_OE,,
dummy,2,3,psd__relative_power__beta__roi__R3__median__OE,,
dummy,2,3,psd__relative_power__beta__roi__R4__iqr__CE,,
dummy,2,3,psd__relative_power__beta__roi__R4__iqr__CE_minus_OE,,
dummy,2,3,psd__relative_power__beta__roi__R4__iqr__OE,,
dummy,2,3,psd__relative_power__beta__roi__R4__median__CE,,
dummy,2,3,psd__relative_power__beta__roi__R4__median__CE_minus_OE,,
dummy,2,3,psd__relative_power__beta__roi__R4__median__OE,,
dummy,2,3,psd__relative_power__beta__roi__R5__iqr__CE,,
dummy,2,3,psd__relative_power__beta__roi__R5__iqr__CE_minus_OE,,
dummy,2,3,psd__relative_power__beta__roi__R5__iqr__OE,,
dummy,2,3,psd__relative_power__beta__roi__R5__median__CE,,
dummy,2,3,psd__relative_power__beta__roi__R5__median__CE_minus_OE,,
dummy,2,3,psd__relative_power__beta__roi__R5__median__OE,,
dummy,2,3,psd__relative_power__beta__roi__R6__iqr__CE,,
dummy,2,3,psd__relative_power__beta__roi__R6__iqr__CE_minus_OE,,
dummy,2,3,psd__relative_power__beta__roi__R6__iqr__OE,,
dummy,2,3,psd__relative_power__beta__roi__R6__median__CE,,
dummy,2,3,psd__relative_power__beta__roi__R6__median__CE_minus_OE,,
dummy,2,3,psd__relative_power__beta__roi__R6__median__OE,,
dummy,2,3,psd__relative_power__delta__roi__R1__iqr__CE,,
dummy,2,3,psd__relative_power__delta__roi__R1__iqr__CE_minus_OE,,
dummy,2,3,psd__relative_power__delta__roi__R1__iqr__OE,,
dummy,2,3,psd__relative_power__delta__roi__R1__median__CE,,
dummy,2,3,psd__relative_power__delta__roi__R1__median__CE_minus_OE,,
dummy,2,3,psd__relative_power__delta__roi__R1__median__OE,,
dummy,2,3,psd__relative_power__delta__roi__R2__iqr__CE,,
dummy,2,3,psd__relative_power__delta__roi__R2__iqr__CE_minus_OE,,
dummy,2,3,psd__relative_power__delta__roi__R2__iqr__OE,,
dummy,2,3,psd__relative_power__delta__roi__R2__median__CE,,
dummy,2,3,psd__relative_power__delta__roi__R2__median__CE_minus_OE,,
dummy,2,3,psd__relative_power__delta__roi__R2__median__OE,,
dummy,2,3,psd__relative_power__delta__roi__R3__iqr__CE,,
dummy,2,3,psd__relative_power__delta__roi__R3__iqr__CE_minus_OE,,
dummy,2,3,psd__relative_power__delta__roi__R3__iqr__OE,,
dummy,2,3,psd__relative_power__delta__roi__R3__median__CE,,
dummy,2,3,psd__relative_power__delta__roi__R3__median__CE_minus_OE,,
dummy,2,3,psd__relative_power__delta__roi__R3__median__OE,,
dummy,2,3,psd__relative_power__delta__roi__R4__iqr__CE,,
dummy,2,3,psd__relative_power__delta__roi__R4__iqr__CE_minus_OE,,
dummy,2,3,psd__relative_power__delta__roi__R4__iqr__OE,,
dummy,2,3,psd__relative_power__delta__roi__R4__median__CE,,
dummy,2,3,psd__relative_power__delta__roi__R4__median__CE_minus_OE,,
dummy,2,3,psd__relative_power__delta__roi__R4__median__OE,,
dummy,2,3,psd__relative_power__delta__roi__R5__iqr__CE,,
dummy,2,3,psd__relative_power__delta__roi__R5__iqr__CE_minus_OE,,
dummy,2,3,psd__relative_power__delta__roi__R5__iqr__OE,,
dummy,2,3,psd__relative_power__delta__roi__R5__median__CE,,
dummy,2,3,psd__relative_power__delta__roi__R5__median__CE_minus_OE,,
dummy,2,3,psd__relative_power__delta__roi__R5__median__OE,,
dummy,2,3,psd__relative_power__delta__roi__R6__iqr__CE,,
dummy,2,3,psd__relative_power__delta__roi__R6__iqr__CE_minus_OE,,
dummy,2,3,psd__relative_power__delta__roi__R6__iqr__OE,,
dummy,2,3,psd__relative_power__delta__roi__R6__median__CE,,
dummy,2,3,psd__relative_power__delta__roi__R6__median__CE_minus_OE,,
dummy,2,3,psd__relative_power__delta__roi__R6__median__OE,,
dummy,2,3,psd__relative_power__gamma__roi__R1__iqr__CE,,
dummy,2,3,psd__relative_power__gamma__roi__R1__iqr__CE_minus_OE,,
dummy,2,3,psd__relative_power__gamma__roi__R1__iqr__OE,,
dummy,2,3,psd__relative_power__gamma__roi__R1__median__CE,,
dummy,2,3,psd__relative_power__gamma__roi__R1__median__CE_minus_OE,,
dummy,2,3,psd__relative_power__gamma__roi__R1__median__OE,,
dummy,2,3,psd__relative_power__gamma__roi__R2__iqr__CE,,
dummy,2,3,psd__relative_power__gamma__roi__R2__iqr__CE_minus_OE,,
dummy,2,3,psd__relative_power__gamma__roi__R2__iqr__OE,,
dummy,2,3,psd__relative_power__gamma__roi__R2__median__CE,,
dummy,2,3,psd__relative_power__gamma__roi__R2__median__CE_minus_OE,,
dummy,2,3,psd__relative_power__gamma__roi__R2__median__OE,,
dummy,2,3,psd__relative_power__gamma__roi__R3__iqr__CE,,
dummy,2,3,psd__relative_power__gamma__roi__R3__iqr__CE_minus_OE,,
dummy,2,3,psd__relative_power__gamma__roi__R3__iqr__OE,,
dummy,2,3,psd__relative_power__gamma__roi__R3__median__CE,,
dummy,2,3,psd__relative_power__gamma__roi__R3__median__CE_minus_OE,,
dummy,2,3,psd__relative_power__gamma__roi__R3__median__OE,,
dummy,2,3,psd__relative_power__gamma__roi__R4__iqr__CE,,
dummy,2,3,psd__relative_power__gamma__roi__R4__iqr__CE_minus_OE,,
dummy,2,3,psd__relative_power__gamma__roi__R4__iqr__OE,,
dummy,2,3,psd__relative_power__gamma__roi__R4__median__CE,,
dummy,2,3,psd__relative_power__gamma__roi__R4__median__CE_minus_OE,,
dummy,2,3,psd__relative_power__gamma__roi__R4__median__OE,,
dummy,2,3,psd__relative_power__gamma__roi__R5__iqr__CE,,
dummy,2,3,psd__relative_power__gamma__roi__R5__iqr__CE_minus_OE,,
dummy,2,3,psd__relative_power__gamma__roi__R5__iqr__OE,,
dummy,2,3,psd__relative_power__gamma__roi__R5__median__CE,,
dummy,2,3,psd__relative_power__gamma__roi__R5__median__CE_minus_OE,,
dummy,2,3,psd__relative_power__gamma__roi__R5__median__OE,,
dummy,2,3,psd__relative_power__gamma__roi__R6__iqr__CE,,
dummy,2,3,psd__relative_power__gamma__roi__R6__iqr__CE_minus_OE,,
dummy,2,3,psd__relative_power__gamma__roi__R6__iqr__OE,,
dummy,2,3,psd__relative_power__gamma__roi__R6__median__CE,,
dummy,2,3,psd__relative_power__gamma__roi__R6__median__CE_minus_OE,,
dummy,2,3,psd__relative_power__gamma__roi__R6__median__OE,,
dummy,2,3,psd__relative_power__theta__roi__R1__iqr__CE,,
dummy,2,3,psd__relative_power__theta__roi__R1__iqr__CE_minus_OE,,
dummy,2,3,psd__relative_power__theta__roi__R1__iqr__OE,,
dummy,2,3,psd__relative_power__theta__roi__R1__median__CE,,
dummy,2,3,psd__relative_power__theta__roi__R1__median__CE_minus_OE,,
dummy,2,3,psd__relative_power__theta__roi__R1__median__OE,,
dummy,2,3,psd__relative_power__theta__roi__R2__iqr__CE,,
dummy,2,3,psd__relative_power__theta__roi__R2__iqr__CE_minus_OE,,
dummy,2,3,psd__relative_power__theta__roi__R2__iqr__OE,,
dummy,2,3,psd__relative_power__theta__roi__R2__median__CE,,
dummy,2,3,psd__relative_power__theta__roi__R2__median__CE_minus_OE,,
dummy,2,3,psd__relative_power__theta__roi__R2__median__OE,,
dummy,2,3,psd__relative_power__theta__roi__R3__iqr__CE,,
dummy,2,3,psd__relative_power__theta__roi__R3__iqr__CE_minus_OE,,
dummy,2,3,psd__relative_power__theta__roi__R3__iqr__OE,,
dummy,2,3,psd__relative_power__theta__roi__R3__median__CE,,
dummy,2,3,psd__relative_power__theta__roi__R3__median__CE_minus_OE,,
dummy,2,3,psd__relative_power__theta__roi__R3__median__OE,,
dummy,2,3,psd__relative_power__theta__roi__R4__iqr__CE,,
dummy,2,3,psd__relative_power__theta__roi__R4__iqr__CE_minus_OE,,
dummy,2,3,psd__relative_power__theta__roi__R4__iqr__OE,,
dummy,2,3,psd__relative_power__theta__roi__R4__median__CE,,
dummy,2,3,psd__relative_power__theta__roi__R4__median__CE_minus_OE,,
dummy,2,3,psd__relative_power__theta__roi__R4__median__OE,,
dummy,2,3,psd__relative_power__theta__roi__R5__iqr__CE,,
dummy,2,3,psd__relative_power__theta__roi__R5__iqr__CE_minus_OE,,
dummy,2,3,psd__relative_power__theta__roi__R5__iqr__OE,,
dummy,2,3,psd__relative_power__theta__roi__R5__median__CE,,
dummy,2,3,psd__relative_power__theta__roi__R5__median__CE_minus_OE,,
dummy,2,3,psd__relative_power__theta__roi__R5__median__OE,,
dummy,2,3,psd__relative_power__theta__roi__R6__iqr__CE,,
dummy,2,3,psd__relative_power__theta__roi__R6__iqr__CE_minus_OE,,
dummy,2,3,psd__relative_power__theta__roi__R6__iqr__OE,,
dummy,2,3,psd__relative_power__theta__roi__R6__median__CE,,
dummy,2,3,psd__relative_power__theta__roi__R6__median__CE_minus_OE,,
dummy,2,3,psd__relative_power__theta__roi__R6__median__OE,,
dummy,2,3,psd__sfr__derived__roi__R1__iqr__CE,,
dummy,2,3,psd__sfr__derived__roi__R1__iqr__CE_minus_OE,,
dummy,2,3,psd__sfr__derived__roi__R1__iqr__OE,,
dummy,2,3,psd__sfr__derived__roi__R1__median__CE,,
dummy,2,3,psd__sfr__derived__roi__R1__median__CE_minus_OE,,
dummy,2,3,psd__sfr__derived__roi__R1__median__OE,,
dummy,2,3,psd__sfr__derived__roi__R2__iqr__CE,,
dummy,2,3,psd__sfr__derived__roi__R2__iqr__CE_minus_OE,,
dummy,2,3,psd__sfr__derived__roi__R2__iqr__OE,,
dummy,2,3,psd__sfr__derived__roi__R2__median__CE,,
dummy,2,3,psd__sfr__derived__roi__R2__median__CE_minus_OE,,
dummy,2,3,psd__sfr__derived__roi__R2__median__OE,,
dummy,2,3,psd__sfr__derived__roi__R3__iqr__CE,,
dummy,2,3,psd__sfr__derived__roi__R3__iqr__CE_minus_OE,,
dummy,2,3,psd__sfr__derived__roi__R3__iqr__OE,,
dummy,2,3,psd__sfr__derived__roi__R3__median__CE,,
dummy,2,3,psd__sfr__derived__roi__R3__median__CE_minus_OE,,
dummy,2,3,psd__sfr__derived__roi__R3__median__OE,,
dummy,2,3,psd__sfr__derived__roi__R4__iqr__CE,,
dummy,2,3,psd__sfr__derived__roi__R4__iqr__CE_minus_OE,,
dummy,2,3,psd__sfr__derived__roi__R4__iqr__OE,,
dummy,2,3,psd__sfr__derived__roi__R4__median__CE,,
dummy,2,3,psd__sfr__derived__roi__R4__median__CE_minus_OE,,
dummy,2,3,psd__sfr__derived__roi__R4__median__OE,,
dummy,2,3,psd__sfr__derived__roi__R5__iqr__CE,,
dummy,2,3,psd__sfr__derived__roi__R5__iqr__CE_minus_OE,,
dummy,2,3,psd__sfr__derived__roi__R5__iqr__OE,,
dummy,2,3,psd__sfr__derived__roi__R5__median__CE,,
dummy,2,3,psd__sfr__derived__roi__R5__median__CE_minus_OE,,
dummy,2,3,psd__sfr__derived__roi__R5__median__OE,,
dummy,2,3,psd__sfr__derived__roi__R6__iqr__CE,,
dummy,2,3,psd__sfr__derived__roi__R6__iqr__CE_minus_OE,,
dummy,2,3,psd__sfr__derived__roi__R6__iqr__OE,,
dummy,2,3,psd__sfr__derived__roi__R6__median__CE,,
dummy,2,3,psd__sfr__derived__roi__R6__median__CE_minus_OE,,
dummy,2,3,psd__sfr__derived__roi__R6__median__OE,,
dummy,2,3,psd__theta_alpha_ratio__derived__roi__R1__iqr__CE,,
dummy,2,3,psd__theta_alpha_ratio__derived__roi__R1__iqr__CE_minus_OE,,
dummy,2,3,psd__theta_alpha_ratio__derived__roi__R1__iqr__OE,,
dummy,2,3,psd__theta_alpha_ratio__derived__roi__R1__median__CE,,
dummy,2,3,psd__theta_alpha_ratio__derived__roi__R1__median__CE_minus_OE,,
dummy,2,3,psd__theta_alpha_ratio__derived__roi__R1__median__OE,,
dummy,2,3,psd__theta_alpha_ratio__derived__roi__R2__iqr__CE,,
dummy,2,3,psd__theta_alpha_ratio__derived__roi__R2__iqr__CE_minus_OE,,
dummy,2,3,psd__theta_alpha_ratio__derived__roi__R2__iqr__OE,,
dummy,2,3,psd__theta_alpha_ratio__derived__roi__R2__median__CE,,
dummy,2,3,psd__theta_alpha_ratio__derived__roi__R2__median__CE_minus_OE,,
dummy,2,3,psd__theta_alpha_ratio__derived__roi__R2__median__OE,,
dummy,2,3,psd__theta_alpha_ratio__derived__roi__R3__iqr__CE,,
dummy,2,3,psd__theta_alpha_ratio__derived__roi__R3__iqr__CE_minus_OE,,
dummy,2,3,psd__theta_alpha_ratio__derived__roi__R3__iqr__OE,,
dummy,2,3,psd__theta_alpha_ratio__derived__roi__R3__median__CE,,
dummy,2,3,psd__theta_alpha_ratio__derived__roi__R3__median__CE_minus_OE,,
dummy,2,3,psd__theta_alpha_ratio__derived__roi__R3__median__OE,,
dummy,2,3,psd__theta_alpha_ratio__derived__roi__R4__iqr__CE,,
dummy,2,3,psd__theta_alpha_ratio__derived__roi__R4__iqr__CE_minus_OE,,
dummy,2,3,psd__theta_alpha_ratio__derived__roi__R4__iqr__OE,,
dummy,2,3,psd__theta_alpha_ratio__derived__roi__R4__median__CE,,
dummy,2,3,psd__theta_alpha_ratio__derived__roi__R4__median__CE_minus_OE,,
dummy,2,3,psd__theta_alpha_ratio__derived__roi__R4__median__OE,,
dummy,2,3,psd__theta_alpha_ratio__derived__roi__R5__iqr__CE,,
dummy,2,3,psd__theta_alpha_ratio__derived__roi__R5__iqr__CE_minus_OE,,
dummy,2,3,psd__theta_alpha_ratio__derived__roi__R5__iqr__OE,,
dummy,2,3,psd__theta_alpha_ratio__derived__roi__R5__median__CE,,
dummy,2,3,psd__theta_alpha_ratio__derived__roi__R5__median__CE_minus_OE,,
dummy,2,3,psd__theta_alpha_ratio__derived__roi__R5__median__OE,,
dummy,2,3,psd__theta_alpha_ratio__derived__roi__R6__iqr__CE,,
dummy,2,3,psd__theta_alpha_ratio__derived__roi__R6__iqr__CE_minus_OE,,
dummy,2,3,psd__theta_alpha_ratio__derived__roi__R6__iqr__OE,,
dummy,2,3,psd__theta_alpha_ratio__derived__roi__R6__median__CE,,
dummy,2,3,psd__theta_alpha_ratio__derived__roi__R6__median__CE_minus_OE,,
dummy,2,3,psd__theta_alpha_ratio__derived__roi__R6__median__OE,,
dummy,2,4,complexity__spectral_entropy__broadband__roi__R1__iqr__CE,,
dummy,2,4,complexity__spectral_entropy__broadband__roi__R1__iqr__CE_minus_OE,,
dummy,2,4,complexity__spectral_entropy__broadband__roi__R1__iqr__OE,,
dummy,2,4,complexity__spectral_entropy__broadband__roi__R1__median__CE,,
dummy,2,4,complexity__spectral_entropy__broadband__roi__R1__median__CE_minus_OE,,
dummy,2,4,complexity__spectral_entropy__broadband__roi__R1__median__OE,,
dummy,2,4,complexity__spectral_entropy__broadband__roi__R2__iqr__CE,,
dummy,2,4,complexity__spectral_entropy__broadband__roi__R2__iqr__CE_minus_OE,,
dummy,2,4,complexity__spectral_entropy__broadband__roi__R2__iqr__OE,,
dummy,2,4,complexity__spectral_entropy__broadband__roi__R2__median__CE,,
dummy,2,4,complexity__spectral_entropy__broadband__roi__R2__median__CE_minus_OE,,
dummy,2,4,complexity__spectral_entropy__broadband__roi__R2__median__OE,,
dummy,2,4,complexity__spectral_entropy__broadband__roi__R3__iqr__CE,,
dummy,2,4,complexity__spectral_entropy__broadband__roi__R3__iqr__CE_minus_OE,,
dummy,2,4,complexity__spectral_entropy__broadband__roi__R3__iqr__OE,,
dummy,2,4,complexity__spectral_entropy__broadband__roi__R3__median__CE,,
dummy,2,4,complexity__spectral_entropy__broadband__roi__R3__median__CE_minus_OE,,
dummy,2,4,complexity__spectral_entropy__broadband__roi__R3__median__OE,,
dummy,2,4,complexity__spectral_entropy__broadband__roi__R4__iqr__CE,,
dummy,2,4,complexity__spectral_entropy__broadband__roi__R4__iqr__CE_minus_OE,,
dummy,2,4,complexity__spectral_entropy__broadband__roi__R4__iqr__OE,,
dummy,2,4,complexity__spectral_entropy__broadband__roi__R4__median__CE,,
dummy,2,4,complexity__spectral_entropy__broadband__roi__R4__median__CE_minus_OE,,
dummy,2,4,complexity__spectral_entropy__broadband__roi__R4__median__OE,,
dummy,2,4,complexity__spectral_entropy__broadband__roi__R5__iqr__CE,,
dummy,2,4,complexity__spectral_entropy__broadband__roi__R5__iqr__CE_minus_OE,,
dummy,2,4,complexity__spectral_entropy__broadband__roi__R5__iqr__OE,,
dummy,2,4,complexity__spectral_entropy__broadband__roi__R5__median__CE,,
dummy,2,4,complexity__spectral_entropy__broadband__roi__R5__median__CE_minus_OE,,
dummy,2,4,complexity__spectral_entropy__broadband__roi__R5__median__OE,,
dummy,2,4,complexity__spectral_entropy__broadband__roi__R6__iqr__CE,,
dummy,2,4,complexity__spectral_entropy__broadband__roi__R6__iqr__CE_minus_OE,,
dummy,2,4,complexity__spectral_entropy__broadband__roi__R6__iqr__OE,,
dummy,2,4,complexity__spectral_entropy__broadband__roi__R6__median__CE,,
dummy,2,4,complexity__spectral_entropy__broadband__roi__R6__median__CE_minus_OE,,
dummy,2,4,complexity__spectral_entropy__broadband__roi__R6__median__OE,,
dummy,2,4,psd__absolute_power__alpha__roi__R1__iqr__CE,,
dummy,2,4,psd__absolute_power__alpha__roi__R1__iqr__CE_minus_OE,,
dummy,2,4,psd__absolute_power__alpha__roi__R1__iqr__OE,,
dummy,2,4,psd__absolute_power__alpha__roi__R1__median__CE,,
dummy,2,4,psd__absolute_power__alpha__roi__R1__median__CE_minus_OE,,
dummy,2,4,psd__absolute_power__alpha__roi__R1__median__OE,,
dummy,2,4,psd__absolute_power__alpha__roi__R2__iqr__CE,,
dummy,2,4,psd__absolute_power__alpha__roi__R2__iqr__CE_minus_OE,,
dummy,2,4,psd__absolute_power__alpha__roi__R2__iqr__OE,,
dummy,2,4,psd__absolute_power__alpha__roi__R2__median__CE,,
dummy,2,4,psd__absolute_power__alpha__roi__R2__median__CE_minus_OE,,
dummy,2,4,psd__absolute_power__alpha__roi__R2__median__OE,,
dummy,2,4,psd__absolute_power__alpha__roi__R3__iqr__CE,,
dummy,2,4,psd__absolute_power__alpha__roi__R3__iqr__CE_minus_OE,,
dummy,2,4,psd__absolute_power__alpha__roi__R3__iqr__OE,,
dummy,2,4,psd__absolute_power__alpha__roi__R3__median__CE,,
dummy,2,4,psd__absolute_power__alpha__roi__R3__median__CE_minus_OE,,
dummy,2,4,psd__absolute_power__alpha__roi__R3__median__OE,,
dummy,2,4,psd__absolute_power__alpha__roi__R4__iqr__CE,,
dummy,2,4,psd__absolute_power__alpha__roi__R4__iqr__CE_minus_OE,,
dummy,2,4,psd__absolute_power__alpha__roi__R4__iqr__OE,,
dummy,2,4,psd__absolute_power__alpha__roi__R4__median__CE,,
dummy,2,4,psd__absolute_power__alpha__roi__R4__median__CE_minus_OE,,
dummy,2,4,psd__absolute_power__alpha__roi__R4__median__OE,,
dummy,2,4,psd__absolute_power__alpha__roi__R5__iqr__CE,,
dummy,2,4,psd__absolute_power__alpha__roi__R5__iqr__CE_minus_OE,,
dummy,2,4,psd__absolute_power__alpha__roi__R5__iqr__OE,,
dummy,2,4,psd__absolute_power__alpha__roi__R5__median__CE,,
dummy,2,4,psd__absolute_power__alpha__roi__R5__median__CE_minus_OE,,
dummy,2,4,psd__absolute_power__alpha__roi__R5__median__OE,,
dummy,2,4,psd__absolute_power__alpha__roi__R6__iqr__CE,,
dummy,2,4,psd__absolute_power__alpha__roi__R6__iqr__CE_minus_OE,,
dummy,2,4,psd__absolute_power__alpha__roi__R6__iqr__OE,,
dummy,2,4,psd__absolute_power__alpha__roi__R6__median__CE,,
dummy,2,4,psd__absolute_power__alpha__roi__R6__median__CE_minus_OE,,
dummy,2,4,psd__absolute_power__alpha__roi__R6__median__OE,,
dummy,2,4,psd__absolute_power__beta__roi__R1__iqr__CE,,
dummy,2,4,psd__absolute_power__beta__roi__R1__iqr__CE_minus_OE,,
dummy,2,4,psd__absolute_power__beta__roi__R1__iqr__OE,,
dummy,2,4,psd__absolute_power__beta__roi__R1__median__CE,,
dummy,2,4,psd__absolute_power__beta__roi__R1__median__CE_minus_OE,,
dummy,2,4,psd__absolute_power__beta__roi__R1__median__OE,,
dummy,2,4,psd__absolute_power__beta__roi__R2__iqr__CE,,
dummy,2,4,psd__absolute_power__beta__roi__R2__iqr__CE_minus_OE,,
dummy,2,4,psd__absolute_power__beta__roi__R2__iqr__OE,,
dummy,2,4,psd__absolute_power__beta__roi__R2__median__CE,,
dummy,2,4,psd__absolute_power__beta__roi__R2__median__CE_minus_OE,,
dummy,2,4,psd__absolute_power__beta__roi__R2__median__OE,,
dummy,2,4,psd__absolute_power__beta__roi__R3__iqr__CE,,
dummy,2,4,psd__absolute_power__beta__roi__R3__iqr__CE_minus_OE,,
dummy,2,4,psd__absolute_power__beta__roi__R3__iqr__OE,,
dummy,2,4,psd__absolute_power__beta__roi__R3__median__CE,,
dummy,2,4,psd__absolute_power__beta__roi__R3__median__CE_minus_OE,,
dummy,2,4,psd__absolute_power__beta__roi__R3__median__OE,,
dummy,2,4,psd__absolute_power__beta__roi__R4__iqr__CE,,
dummy,2,4,psd__absolute_power__beta__roi__R4__iqr__CE_minus_OE,,
dummy,2,4,psd__absolute_power__beta__roi__R4__iqr__OE,,
dummy,2,4,psd__absolute_power__beta__roi__R4__median__CE,,
dummy,2,4,psd__absolute_power__beta__roi__R4__median__CE_minus_OE,,
dummy,2,4,psd__absolute_power__beta__roi__R4__median__OE,,
dummy,2,4,psd__absolute_power__beta__roi__R5__iqr__CE,,
dummy,2,4,psd__absolute_power__beta__roi__R5__iqr__CE_minus_OE,,
dummy,2,4,psd__absolute_power__beta__roi__R5__iqr__OE,,
dummy,2,4,psd__absolute_power__beta__roi__R5__median__CE,,
dummy,2,4,psd__absolute_power__beta__roi__R5__median__CE_minus_OE,,
dummy,2,4,psd__absolute_power__beta__roi__R5__median__OE,,
dummy,2,4,psd__absolute_power__beta__roi__R6__iqr__CE,,
dummy,2,4,psd__absolute_power__beta__roi__R6__iqr__CE_minus_OE,,
dummy,2,4,psd__absolute_power__beta__roi__R6__iqr__OE,,
dummy,2,4,psd__absolute_power__beta__roi__R6__median__CE,,
dummy,2,4,psd__absolute_power__beta__roi__R6__median__CE_minus_OE,,
dummy,2,4,psd__absolute_power__beta__roi__R6__median__OE,,
dummy,2,4,psd__absolute_power__delta__roi__R1__iqr__CE,,
dummy,2,4,psd__absolute_power__delta__roi__R1__iqr__CE_minus_OE,,
dummy,2,4,psd__absolute_power__delta__roi__R1__iqr__OE,,
dummy,2,4,psd__absolute_power__delta__roi__R1__median__CE,,
dummy,2,4,psd__absolute_power__delta__roi__R1__median__CE_minus_OE,,
dummy,2,4,psd__absolute_power__delta__roi__R1__median__OE,,
dummy,2,4,psd__absolute_power__delta__roi__R2__iqr__CE,,
dummy,2,4,psd__absolute_power__delta__roi__R2__iqr__CE_minus_OE,,
dummy,2,4,psd__absolute_power__delta__roi__R2__iqr__OE,,
dummy,2,4,psd__absolute_power__delta__roi__R2__median__CE,,
dummy,2,4,psd__absolute_power__delta__roi__R2__median__CE_minus_OE,,
dummy,2,4,psd__absolute_power__delta__roi__R2__median__OE,,
dummy,2,4,psd__absolute_power__delta__roi__R3__iqr__CE,,
dummy,2,4,psd__absolute_power__delta__roi__R3__iqr__CE_minus_OE,,
dummy,2,4,psd__absolute_power__delta__roi__R3__iqr__OE,,
dummy,2,4,psd__absolute_power__delta__roi__R3__median__CE,,
dummy,2,4,psd__absolute_power__delta__roi__R3__median__CE_minus_OE,,
dummy,2,4,psd__absolute_power__delta__roi__R3__median__OE,,
dummy,2,4,psd__absolute_power__delta__roi__R4__iqr__CE,,
dummy,2,4,psd__absolute_power__delta__roi__R4__iqr__CE_minus_OE,,
dummy,2,4,psd__absolute_power__delta__roi__R4__iqr__OE,,
dummy,2,4,psd__absolute_power__delta__roi__R4__median__CE,,
dummy,2,4,psd__absolute_power__delta__roi__R4__median__CE_minus_OE,,
dummy,2,4,psd__absolute_power__delta__roi__R4__median__OE,,
dummy,2,4,psd__absolute_power__delta__roi__R5__iqr__CE,,
dummy,2,4,psd__absolute_power__delta__roi__R5__iqr__CE_minus_OE,,
dummy,2,4,psd__absolute_power__delta__roi__R5__iqr__OE,,
dummy,2,4,psd__absolute_power__delta__roi__R5__median__CE,,
dummy,2,4,psd__absolute_power__delta__roi__R5__median__CE_minus_OE,,
dummy,2,4,psd__absolute_power__delta__roi__R5__median__OE,,
dummy,2,4,psd__absolute_power__delta__roi__R6__iqr__CE,,
dummy,2,4,psd__absolute_power__delta__roi__R6__iqr__CE_minus_OE,,
dummy,2,4,psd__absolute_power__delta__roi__R6__iqr__OE,,
dummy,2,4,psd__absolute_power__delta__roi__R6__median__CE,,
dummy,2,4,psd__absolute_power__delta__roi__R6__median__CE_minus_OE,,
dummy,2,4,psd__absolute_power__delta__roi__R6__median__OE,,
dummy,2,4,psd__absolute_power__gamma__roi__R1__iqr__CE,,
dummy,2,4,psd__absolute_power__gamma__roi__R1__iqr__CE_minus_OE,,
dummy,2,4,psd__absolute_power__gamma__roi__R1__iqr__OE,,
dummy,2,4,psd__absolute_power__gamma__roi__R1__median__CE,,
dummy,2,4,psd__absolute_power__gamma__roi__R1__median__CE_minus_OE,,
dummy,2,4,psd__absolute_power__gamma__roi__R1__median__OE,,
dummy,2,4,psd__absolute_power__gamma__roi__R2__iqr__CE,,
dummy,2,4,psd__absolute_power__gamma__roi__R2__iqr__CE_minus_OE,,
dummy,2,4,psd__absolute_power__gamma__roi__R2__iqr__OE,,
dummy,2,4,psd__absolute_power__gamma__roi__R2__median__CE,,
dummy,2,4,psd__absolute_power__gamma__roi__R2__median__CE_minus_OE,,
dummy,2,4,psd__absolute_power__gamma__roi__R2__median__OE,,
dummy,2,4,psd__absolute_power__gamma__roi__R3__iqr__CE,,
dummy,2,4,psd__absolute_power__gamma__roi__R3__iqr__CE_minus_OE,,
dummy,2,4,psd__absolute_power__gamma__roi__R3__iqr__OE,,
dummy,2,4,psd__absolute_power__gamma__roi__R3__median__CE,,
dummy,2,4,psd__absolute_power__gamma__roi__R3__median__CE_minus_OE,,
dummy,2,4,psd__absolute_power__gamma__roi__R3__median__OE,,
dummy,2,4,psd__absolute_power__gamma__roi__R4__iqr__CE,,
dummy,2,4,psd__absolute_power__gamma__roi__R4__iqr__CE_minus_OE,,
dummy,2,4,psd__absolute_power__gamma__roi__R4__iqr__OE,,
dummy,2,4,psd__absolute_power__gamma__roi__R4__median__CE,,
dummy,2,4,psd__absolute_power__gamma__roi__R4__median__CE_minus_OE,,
dummy,2,4,psd__absolute_power__gamma__roi__R4__median__OE,,
dummy,2,4,psd__absolute_power__gamma__roi__R5__iqr__CE,,
dummy,2,4,psd__absolute_power__gamma__roi__R5__iqr__CE_minus_OE,,
dummy,2,4,psd__absolute_power__gamma__roi__R5__iqr__OE,,
dummy,2,4,psd__absolute_power__gamma__roi__R5__median__CE,,
dummy,2,4,psd__absolute_power__gamma__roi__R5__median__CE_minus_OE,,
dummy,2,4,psd__absolute_power__gamma__roi__R5__median__OE,,
dummy,2,4,psd__absolute_power__gamma__roi__R6__iqr__CE,,
dummy,2,4,psd__absolute_power__gamma__roi__R6__iqr__CE_minus_OE,,
dummy,2,4,psd__absolute_power__gamma__roi__R6__iqr__OE,,
dummy,2,4,psd__absolute_power__gamma__roi__R6__median__CE,,
dummy,2,4,psd__absolute_power__gamma__roi__R6__median__CE_minus_OE,,
dummy,2,4,psd__absolute_power__gamma__roi__R6__median__OE,,
dummy,2,4,psd__absolute_power__theta__roi__R1__iqr__CE,,
dummy,2,4,psd__absolute_power__theta__roi__R1__iqr__CE_minus_OE,,
dummy,2,4,psd__absolute_power__theta__roi__R1__iqr__OE,,
dummy,2,4,psd__absolute_power__theta__roi__R1__median__CE,,
dummy,2,4,psd__absolute_power__theta__roi__R1__median__CE_minus_OE,,
dummy,2,4,psd__absolute_power__theta__roi__R1__median__OE,,
dummy,2,4,psd__absolute_power__theta__roi__R2__iqr__CE,,
dummy,2,4,psd__absolute_power__theta__roi__R2__iqr__CE_minus_OE,,
dummy,2,4,psd__absolute_power__theta__roi__R2__iqr__OE,,
dummy,2,4,psd__absolute_power__theta__roi__R2__median__CE,,
dummy,2,4,psd__absolute_power__theta__roi__R2__median__CE_minus_OE,,
dummy,2,4,psd__absolute_power__theta__roi__R2__median__OE,,
dummy,2,4,psd__absolute_power__theta__roi__R3__iqr__CE,,
dummy,2,4,psd__absolute_power__theta__roi__R3__iqr__CE_minus_OE,,
dummy,2,4,psd__absolute_power__theta__roi__R3__iqr__OE,,
dummy,2,4,psd__absolute_power__theta__roi__R3__median__CE,,
dummy,2,4,psd__absolute_power__theta__roi__R3__median__CE_minus_OE,,
dummy,2,4,psd__absolute_power__theta__roi__R3__median__OE,,
dummy,2,4,psd__absolute_power__theta__roi__R4__iqr__CE,,
dummy,2,4,psd__absolute_power__theta__roi__R4__iqr__CE_minus_OE,,
dummy,2,4,psd__absolute_power__theta__roi__R4__iqr__OE,,
dummy,2,4,psd__absolute_power__theta__roi__R4__median__CE,,
dummy,2,4,psd__absolute_power__theta__roi__R4__median__CE_minus_OE,,
dummy,2,4,psd__absolute_power__theta__roi__R4__median__OE,,
dummy,2,4,psd__absolute_power__theta__roi__R5__iqr__CE,,
dummy,2,4,psd__absolute_power__theta__roi__R5__iqr__CE_minus_OE,,
dummy,2,4,psd__absolute_power__theta__roi__R5__iqr__OE,,
dummy,2,4,psd__absolute_power__theta__roi__R5__median__CE,,
dummy,2,4,psd__absolute_power__theta__roi__R5__median__CE_minus_OE,,
dummy,2,4,psd__absolute_power__theta__roi__R5__median__OE,,
dummy,2,4,psd__absolute_power__theta__roi__R6__iqr__CE,,
dummy,2,4,psd__absolute_power__theta__roi__R6__iqr__CE_minus_OE,,
dummy,2,4,psd__absolute_power__theta__roi__R6__iqr__OE,,
dummy,2,4,psd__absolute_power__theta__roi__R6__median__CE,,
dummy,2,4,psd__absolute_power__theta__roi__R6__median__CE_minus_OE,,
dummy,2,4,psd__absolute_power__theta__roi__R6__median__OE,,
dummy,2,4,psd__delta_alpha_ratio__derived__roi__R1__iqr__CE,,
dummy,2,4,psd__delta_alpha_ratio__derived__roi__R1__iqr__CE_minus_OE,,
dummy,2,4,psd__delta_alpha_ratio__derived__roi__R1__iqr__OE,,
dummy,2,4,psd__delta_alpha_ratio__derived__roi__R1__median__CE,,
dummy,2,4,psd__delta_alpha_ratio__derived__roi__R1__median__CE_minus_OE,,
dummy,2,4,psd__delta_alpha_ratio__derived__roi__R1__median__OE,,
dummy,2,4,psd__delta_alpha_ratio__derived__roi__R2__iqr__CE,,
dummy,2,4,psd__delta_alpha_ratio__derived__roi__R2__iqr__CE_minus_OE,,
dummy,2,4,psd__delta_alpha_ratio__derived__roi__R2__iqr__OE,,
dummy,2,4,psd__delta_alpha_ratio__derived__roi__R2__median__CE,,
dummy,2,4,psd__delta_alpha_ratio__derived__roi__R2__median__CE_minus_OE,,
dummy,2,4,psd__delta_alpha_ratio__derived__roi__R2__median__OE,,
dummy,2,4,psd__delta_alpha_ratio__derived__roi__R3__iqr__CE,,
dummy,2,4,psd__delta_alpha_ratio__derived__roi__R3__iqr__CE_minus_OE,,
dummy,2,4,psd__delta_alpha_ratio__derived__roi__R3__iqr__OE,,
dummy,2,4,psd__delta_alpha_ratio__derived__roi__R3__median__CE,,
dummy,2,4,psd__delta_alpha_ratio__derived__roi__R3__median__CE_minus_OE,,
dummy,2,4,psd__delta_alpha_ratio__derived__roi__R3__median__OE,,
dummy,2,4,psd__delta_alpha_ratio__derived__roi__R4__iqr__CE,,
dummy,2,4,psd__delta_alpha_ratio__derived__roi__R4__iqr__CE_minus_OE,,
dummy,2,4,psd__delta_alpha_ratio__derived__roi__R4__iqr__OE,,
dummy,2,4,psd__delta_alpha_ratio__derived__roi__R4__median__CE,,
dummy,2,4,psd__delta_alpha_ratio__derived__roi__R4__median__CE_minus_OE,,
dummy,2,4,psd__delta_alpha_ratio__derived__roi__R4__median__OE,,
dummy,2,4,psd__delta_alpha_ratio__derived__roi__R5__iqr__CE,,
dummy,2,4,psd__delta_alpha_ratio__derived__roi__R5__iqr__CE_minus_OE,,
dummy,2,4,psd__delta_alpha_ratio__derived__roi__R5__iqr__OE,,
dummy,2,4,psd__delta_alpha_ratio__derived__roi__R5__median__CE,,
dummy,2,4,psd__delta_alpha_ratio__derived__roi__R5__median__CE_minus_OE,,
dummy,2,4,psd__delta_alpha_ratio__derived__roi__R5__median__OE,,
dummy,2,4,psd__delta_alpha_ratio__derived__roi__R6__iqr__CE,,
dummy,2,4,psd__delta_alpha_ratio__derived__roi__R6__iqr__CE_minus_OE,,
dummy,2,4,psd__delta_alpha_ratio__derived__roi__R6__iqr__OE,,
dummy,2,4,psd__delta_alpha_ratio__derived__roi__R6__median__CE,,
dummy,2,4,psd__delta_alpha_ratio__derived__roi__R6__median__CE_minus_OE,,
dummy,2,4,psd__delta_alpha_ratio__derived__roi__R6__median__OE,,
dummy,2,4,psd__relative_power__alpha__roi__R1__iqr__CE,,
dummy,2,4,psd__relative_power__alpha__roi__R1__iqr__CE_minus_OE,,
dummy,2,4,psd__relative_power__alpha__roi__R1__iqr__OE,,
dummy,2,4,psd__relative_power__alpha__roi__R1__median__CE,,
dummy,2,4,psd__relative_power__alpha__roi__R1__median__CE_minus_OE,,
dummy,2,4,psd__relative_power__alpha__roi__R1__median__OE,,
dummy,2,4,psd__relative_power__alpha__roi__R2__iqr__CE,,
dummy,2,4,psd__relative_power__alpha__roi__R2__iqr__CE_minus_OE,,
dummy,2,4,psd__relative_power__alpha__roi__R2__iqr__OE,,
dummy,2,4,psd__relative_power__alpha__roi__R2__median__CE,,
dummy,2,4,psd__relative_power__alpha__roi__R2__median__CE_minus_OE,,
dummy,2,4,psd__relative_power__alpha__roi__R2__median__OE,,
dummy,2,4,psd__relative_power__alpha__roi__R3__iqr__CE,,
dummy,2,4,psd__relative_power__alpha__roi__R3__iqr__CE_minus_OE,,
dummy,2,4,psd__relative_power__alpha__roi__R3__iqr__OE,,
dummy,2,4,psd__relative_power__alpha__roi__R3__median__CE,,
dummy,2,4,psd__relative_power__alpha__roi__R3__median__CE_minus_OE,,
dummy,2,4,psd__relative_power__alpha__roi__R3__median__OE,,
dummy,2,4,psd__relative_power__alpha__roi__R4__iqr__CE,,
dummy,2,4,psd__relative_power__alpha__roi__R4__iqr__CE_minus_OE,,
dummy,2,4,psd__relative_power__alpha__roi__R4__iqr__OE,,
dummy,2,4,psd__relative_power__alpha__roi__R4__median__CE,,
dummy,2,4,psd__relative_power__alpha__roi__R4__median__CE_minus_OE,,
dummy,2,4,psd__relative_power__alpha__roi__R4__median__OE,,
dummy,2,4,psd__relative_power__alpha__roi__R5__iqr__CE,,
dummy,2,4,psd__relative_power__alpha__roi__R5__iqr__CE_minus_OE,,
dummy,2,4,psd__relative_power__alpha__roi__R5__iqr__OE,,
dummy,2,4,psd__relative_power__alpha__roi__R5__median__CE,,
dummy,2,4,psd__relative_power__alpha__roi__R5__median__CE_minus_OE,,
dummy,2,4,psd__relative_power__alpha__roi__R5__median__OE,,
dummy,2,4,psd__relative_power__alpha__roi__R6__iqr__CE,,
dummy,2,4,psd__relative_power__alpha__roi__R6__iqr__CE_minus_OE,,
dummy,2,4,psd__relative_power__alpha__roi__R6__iqr__OE,,
dummy,2,4,psd__relative_power__alpha__roi__R6__median__CE,,
dummy,2,4,psd__relative_power__alpha__roi__R6__median__CE_minus_OE,,
dummy,2,4,psd__relative_power__alpha__roi__R6__median__OE,,
dummy,2,4,psd__relative_power__beta__roi__R1__iqr__CE,,
dummy,2,4,psd__relative_power__beta__roi__R1__iqr__CE_minus_OE,,
dummy,2,4,psd__relative_power__beta__roi__R1__iqr__OE,,
dummy,2,4,psd__relative_power__beta__roi__R1__median__CE,,
dummy,2,4,psd__relative_power__beta__roi__R1__median__CE_minus_OE,,
dummy,2,4,psd__relative_power__beta__roi__R1__median__OE,,
dummy,2,4,psd__relative_power__beta__roi__R2__iqr__CE,,
dummy,2,4,psd__relative_power__beta__roi__R2__iqr__CE_minus_OE,,
dummy,2,4,psd__relative_power__beta__roi__R2__iqr__OE,,
dummy,2,4,psd__relative_power__beta__roi__R2__median__CE,,
dummy,2,4,psd__relative_power__beta__roi__R2__median__CE_minus_OE,,
dummy,2,4,psd__relative_power__beta__roi__R2__median__OE,,
dummy,2,4,psd__relative_power__beta__roi__R3__iqr__CE,,
dummy,2,4,psd__relative_power__beta__roi__R3__iqr__CE_minus_OE,,
dummy,2,4,psd__relative_power__beta__roi__R3__iqr__OE,,
dummy,2,4,psd__relative_power__beta__roi__R3__median__CE,,
dummy,2,4,psd__relative_power__beta__roi__R3__median__CE_minus_OE,,
dummy,2,4,psd__relative_power__beta__roi__R3__median__OE,,
dummy,2,4,psd__relative_power__beta__roi__R4__iqr__CE,,
dummy,2,4,psd__relative_power__beta__roi__R4__iqr__CE_minus_OE,,
dummy,2,4,psd__relative_power__beta__roi__R4__iqr__OE,,
dummy,2,4,psd__relative_power__beta__roi__R4__median__CE,,
dummy,2,4,psd__relative_power__beta__roi__R4__median__CE_minus_OE,,
dummy,2,4,psd__relative_power__beta__roi__R4__median__OE,,
dummy,2,4,psd__relative_power__beta__roi__R5__iqr__CE,,
dummy,2,4,psd__relative_power__beta__roi__R5__iqr__CE_minus_OE,,
dummy,2,4,psd__relative_power__beta__roi__R5__iqr__OE,,
dummy,2,4,psd__relative_power__beta__roi__R5__median__CE,,
dummy,2,4,psd__relative_power__beta__roi__R5__median__CE_minus_OE,,
dummy,2,4,psd__relative_power__beta__roi__R5__median__OE,,
dummy,2,4,psd__relative_power__beta__roi__R6__iqr__CE,,
dummy,2,4,psd__relative_power__beta__roi__R6__iqr__CE_minus_OE,,
dummy,2,4,psd__relative_power__beta__roi__R6__iqr__OE,,
dummy,2,4,psd__relative_power__beta__roi__R6__median__CE,,
dummy,2,4,psd__relative_power__beta__roi__R6__median__CE_minus_OE,,
dummy,2,4,psd__relative_power__beta__roi__R6__median__OE,,
dummy,2,4,psd__relative_power__delta__roi__R1__iqr__CE,,
dummy,2,4,psd__relative_power__delta__roi__R1__iqr__CE_minus_OE,,
dummy,2,4,psd__relative_power__delta__roi__R1__iqr__OE,,
dummy,2,4,psd__relative_power__delta__roi__R1__median__CE,,
dummy,2,4,psd__relative_power__delta__roi__R1__median__CE_minus_OE,,
dummy,2,4,psd__relative_power__delta__roi__R1__median__OE,,
dummy,2,4,psd__relative_power__delta__roi__R2__iqr__CE,,
dummy,2,4,psd__relative_power__delta__roi__R2__iqr__CE_minus_OE,,
dummy,2,4,psd__relative_power__delta__roi__R2__iqr__OE,,
dummy,2,4,psd__relative_power__delta__roi__R2__median__CE,,
dummy,2,4,psd__relative_power__delta__roi__R2__median__CE_minus_OE,,
dummy,2,4,psd__relative_power__delta__roi__R2__median__OE,,
dummy,2,4,psd__relative_power__delta__roi__R3__iqr__CE,,
dummy,2,4,psd__relative_power__delta__roi__R3__iqr__CE_minus_OE,,
dummy,2,4,psd__relative_power__delta__roi__R3__iqr__OE,,
dummy,2,4,psd__relative_power__delta__roi__R3__median__CE,,
dummy,2,4,psd__relative_power__delta__roi__R3__median__CE_minus_OE,,
dummy,2,4,psd__relative_power__delta__roi__R3__median__OE,,
dummy,2,4,psd__relative_power__delta__roi__R4__iqr__CE,,
dummy,2,4,psd__relative_power__delta__roi__R4__iqr__CE_minus_OE,,
dummy,2,4,psd__relative_power__delta__roi__R4__iqr__OE,,
dummy,2,4,psd__relative_power__delta__roi__R4__median__CE,,
dummy,2,4,psd__relative_power__delta__roi__R4__median__CE_minus_OE,,
dummy,2,4,psd__relative_power__delta__roi__R4__median__OE,,
dummy,2,4,psd__relative_power__delta__roi__R5__iqr__CE,,
dummy,2,4,psd__relative_power__delta__roi__R5__iqr__CE_minus_OE,,
dummy,2,4,psd__relative_power__delta__roi__R5__iqr__OE,,
dummy,2,4,psd__relative_power__delta__roi__R5__median__CE,,
dummy,2,4,psd__relative_power__delta__roi__R5__median__CE_minus_OE,,
dummy,2,4,psd__relative_power__delta__roi__R5__median__OE,,
dummy,2,4,psd__relative_power__delta__roi__R6__iqr__CE,,
dummy,2,4,psd__relative_power__delta__roi__R6__iqr__CE_minus_OE,,
dummy,2,4,psd__relative_power__delta__roi__R6__iqr__OE,,
dummy,2,4,psd__relative_power__delta__roi__R6__median__CE,,
dummy,2,4,psd__relative_power__delta__roi__R6__median__CE_minus_OE,,
dummy,2,4,psd__relative_power__delta__roi__R6__median__OE,,
dummy,2,4,psd__relative_power__gamma__roi__R1__iqr__CE,,
dummy,2,4,psd__relative_power__gamma__roi__R1__iqr__CE_minus_OE,,
dummy,2,4,psd__relative_power__gamma__roi__R1__iqr__OE,,
dummy,2,4,psd__relative_power__gamma__roi__R1__median__CE,,
dummy,2,4,psd__relative_power__gamma__roi__R1__median__CE_minus_OE,,
dummy,2,4,psd__relative_power__gamma__roi__R1__median__OE,,
dummy,2,4,psd__relative_power__gamma__roi__R2__iqr__CE,,
dummy,2,4,psd__relative_power__gamma__roi__R2__iqr__CE_minus_OE,,
dummy,2,4,psd__relative_power__gamma__roi__R2__iqr__OE,,
dummy,2,4,psd__relative_power__gamma__roi__R2__median__CE,,
dummy,2,4,psd__relative_power__gamma__roi__R2__median__CE_minus_OE,,
dummy,2,4,psd__relative_power__gamma__roi__R2__median__OE,,
dummy,2,4,psd__relative_power__gamma__roi__R3__iqr__CE,,
dummy,2,4,psd__relative_power__gamma__roi__R3__iqr__CE_minus_OE,,
dummy,2,4,psd__relative_power__gamma__roi__R3__iqr__OE,,
dummy,2,4,psd__relative_power__gamma__roi__R3__median__CE,,
dummy,2,4,psd__relative_power__gamma__roi__R3__median__CE_minus_OE,,
dummy,2,4,psd__relative_power__gamma__roi__R3__median__OE,,
dummy,2,4,psd__relative_power__gamma__roi__R4__iqr__CE,,
dummy,2,4,psd__relative_power__gamma__roi__R4__iqr__CE_minus_OE,,
dummy,2,4,psd__relative_power__gamma__roi__R4__iqr__OE,,
dummy,2,4,psd__relative_power__gamma__roi__R4__median__CE,,
dummy,2,4,psd__relative_power__gamma__roi__R4__median__CE_minus_OE,,
dummy,2,4,psd__relative_power__gamma__roi__R4__median__OE,,
dummy,2,4,psd__relative_power__gamma__roi__R5__iqr__CE,,
dummy,2,4,psd__relative_power__gamma__roi__R5__iqr__CE_minus_OE,,
dummy,2,4,psd__relative_power__gamma__roi__R5__iqr__OE,,
dummy,2,4,psd__relative_power__gamma__roi__R5__median__CE,,
dummy,2,4,psd__relative_power__gamma__roi__R5__median__CE_minus_OE,,
dummy,2,4,psd__relative_power__gamma__roi__R5__median__OE,,
dummy,2,4,psd__relative_power__gamma__roi__R6__iqr__CE,,
dummy,2,4,psd__relative_power__gamma__roi__R6__iqr__CE_minus_OE,,
dummy,2,4,psd__relative_power__gamma__roi__R6__iqr__OE,,
dummy,2,4,psd__relative_power__gamma__roi__R6__median__CE,,
dummy,2,4,psd__relative_power__gamma__roi__R6__median__CE_minus_OE,,
dummy,2,4,psd__relative_power__gamma__roi__R6__median__OE,,
dummy,2,4,psd__relative_power__theta__roi__R1__iqr__CE,,
dummy,2,4,psd__relative_power__theta__roi__R1__iqr__CE_minus_OE,,
dummy,2,4,psd__relative_power__theta__roi__R1__iqr__OE,,
dummy,2,4,psd__relative_power__theta__roi__R1__median__CE,,
dummy,2,4,psd__relative_power__theta__roi__R1__median__CE_minus_OE,,
dummy,2,4,psd__relative_power__theta__roi__R1__median__OE,,
dummy,2,4,psd__relative_power__theta__roi__R2__iqr__CE,,
dummy,2,4,psd__relative_power__theta__roi__R2__iqr__CE_minus_OE,,
dummy,2,4,psd__relative_power__theta__roi__R2__iqr__OE,,
dummy,2,4,psd__relative_power__theta__roi__R2__median__CE,,
dummy,2,4,psd__relative_power__theta__roi__R2__median__CE_minus_OE,,
dummy,2,4,psd__relative_power__theta__roi__R2__median__OE,,
dummy,2,4,psd__relative_power__theta__roi__R3__iqr__CE,,
dummy,2,4,psd__relative_power__theta__roi__R3__iqr__CE_minus_OE,,
dummy,2,4,psd__relative_power__theta__roi__R3__iqr__OE,,
dummy,2,4,psd__relative_power__theta__roi__R3__median__CE,,
dummy,2,4,psd__relative_power__theta__roi__R3__median__CE_minus_OE,,
dummy,2,4,psd__relative_power__theta__roi__R3__median__OE,,
dummy,2,4,psd__relative_power__theta__roi__R4__iqr__CE,,
dummy,2,4,psd__relative_power__theta__roi__R4__iqr__CE_minus_OE,,
dummy,2,4,psd__relative_power__theta__roi__R4__iqr__OE,,
dummy,2,4,psd__relative_power__theta__roi__R4__median__CE,,
dummy,2,4,psd__relative_power__theta__roi__R4__median__CE_minus_OE,,
dummy,2,4,psd__relative_power__theta__roi__R4__median__OE,,
dummy,2,4,psd__relative_power__theta__roi__R5__iqr__CE,,
dummy,2,4,psd__relative_power__theta__roi__R5__iqr__CE_minus_OE,,
dummy,2,4,psd__relative_power__theta__roi__R5__iqr__OE,,
dummy,2,4,psd__relative_power__theta__roi__R5__median__CE,,
dummy,2,4,psd__relative_power__theta__roi__R5__median__CE_minus_OE,,
dummy,2,4,psd__relative_power__theta__roi__R5__median__OE,,
dummy,2,4,psd__relative_power__theta__roi__R6__iqr__CE,,
dummy,2,4,psd__relative_power__theta__roi__R6__iqr__CE_minus_OE,,
dummy,2,4,psd__relative_power__theta__roi__R6__iqr__OE,,
dummy,2,4,psd__relative_power__theta__roi__R6__median__CE,,
dummy,2,4,psd__relative_power__theta__roi__R6__median__CE_minus_OE,,
dummy,2,4,psd__relative_power__theta__roi__R6__median__OE,,
dummy,2,4,psd__sfr__derived__roi__R1__iqr__CE,,
dummy,2,4,psd__sfr__derived__roi__R1__iqr__CE_minus_OE,,
dummy,2,4,psd__sfr__derived__roi__R1__iqr__OE,,
dummy,2,4,psd__sfr__derived__roi__R1__median__CE,,
dummy,2,4,psd__sfr__derived__roi__R1__median__CE_minus_OE,,
dummy,2,4,psd__sfr__derived__roi__R1__median__OE,,
dummy,2,4,psd__sfr__derived__roi__R2__iqr__CE,,
dummy,2,4,psd__sfr__derived__roi__R2__iqr__CE_minus_OE,,
dummy,2,4,psd__sfr__derived__roi__R2__iqr__OE,,
dummy,2,4,psd__sfr__derived__roi__R2__median__CE,,
dummy,2,4,psd__sfr__derived__roi__R2__median__CE_minus_OE,,
dummy,2,4,psd__sfr__derived__roi__R2__median__OE,,
dummy,2,4,psd__sfr__derived__roi__R3__iqr__CE,,
dummy,2,4,psd__sfr__derived__roi__R3__iqr__CE_minus_OE,,
dummy,2,4,psd__sfr__derived__roi__R3__iqr__OE,,
dummy,2,4,psd__sfr__derived__roi__R3__median__CE,,
dummy,2,4,psd__sfr__derived__roi__R3__median__CE_minus_OE,,
dummy,2,4,psd__sfr__derived__roi__R3__median__OE,,
dummy,2,4,psd__sfr__derived__roi__R4__iqr__CE,,
dummy,2,4,psd__sfr__derived__roi__R4__iqr__CE_minus_OE,,
dummy,2,4,psd__sfr__derived__roi__R4__iqr__OE,,
dummy,2,4,psd__sfr__derived__roi__R4__median__CE,,
dummy,2,4,psd__sfr__derived__roi__R4__median__CE_minus_OE,,
dummy,2,4,psd__sfr__derived__roi__R4__median__OE,,
dummy,2,4,psd__sfr__derived__roi__R5__iqr__CE,,
dummy,2,4,psd__sfr__derived__roi__R5__iqr__CE_minus_OE,,
dummy,2,4,psd__sfr__derived__roi__R5__iqr__OE,,
dummy,2,4,psd__sfr__derived__roi__R5__median__CE,,
dummy,2,4,psd__sfr__derived__roi__R5__median__CE_minus_OE,,
dummy,2,4,psd__sfr__derived__roi__R5__median__OE,,
dummy,2,4,psd__sfr__derived__roi__R6__iqr__CE,,
dummy,2,4,psd__sfr__derived__roi__R6__iqr__CE_minus_OE,,
dummy,2,4,psd__sfr__derived__roi__R6__iqr__OE,,
dummy,2,4,psd__sfr__derived__roi__R6__median__CE,,
dummy,2,4,psd__sfr__derived__roi__R6__median__CE_minus_OE,,
dummy,2,4,psd__sfr__derived__roi__R6__median__OE,,
dummy,2,4,psd__theta_alpha_ratio__derived__roi__R1__iqr__CE,,
dummy,2,4,psd__theta_alpha_ratio__derived__roi__R1__iqr__CE_minus_OE,,
dummy,2,4,psd__theta_alpha_ratio__derived__roi__R1__iqr__OE,,
dummy,2,4,psd__theta_alpha_ratio__derived__roi__R1__median__CE,,
dummy,2,4,psd__theta_alpha_ratio__derived__roi__R1__median__CE_minus_OE,,
dummy,2,4,psd__theta_alpha_ratio__derived__roi__R1__median__OE,,
dummy,2,4,psd__theta_alpha_ratio__derived__roi__R2__iqr__CE,,
dummy,2,4,psd__theta_alpha_ratio__derived__roi__R2__iqr__CE_minus_OE,,
dummy,2,4,psd__theta_alpha_ratio__derived__roi__R2__iqr__OE,,
dummy,2,4,psd__theta_alpha_ratio__derived__roi__R2__median__CE,,
dummy,2,4,psd__theta_alpha_ratio__derived__roi__R2__median__CE_minus_OE,,
dummy,2,4,psd__theta_alpha_ratio__derived__roi__R2__median__OE,,
dummy,2,4,psd__theta_alpha_ratio__derived__roi__R3__iqr__CE,,
dummy,2,4,psd__theta_alpha_ratio__derived__roi__R3__iqr__CE_minus_OE,,
dummy,2,4,psd__theta_alpha_ratio__derived__roi__R3__iqr__OE,,
dummy,2,4,psd__theta_alpha_ratio__derived__roi__R3__median__CE,,
dummy,2,4,psd__theta_alpha_ratio__derived__roi__R3__median__CE_minus_OE,,
dummy,2,4,psd__theta_alpha_ratio__derived__roi__R3__median__OE,,
dummy,2,4,psd__theta_alpha_ratio__derived__roi__R4__iqr__CE,,
dummy,2,4,psd__theta_alpha_ratio__derived__roi__R4__iqr__CE_minus_OE,,
dummy,2,4,psd__theta_alpha_ratio__derived__roi__R4__iqr__OE,,
dummy,2,4,psd__theta_alpha_ratio__derived__roi__R4__median__CE,,
dummy,2,4,psd__theta_alpha_ratio__derived__roi__R4__median__CE_minus_OE,,
dummy,2,4,psd__theta_alpha_ratio__derived__roi__R4__median__OE,,
dummy,2,4,psd__theta_alpha_ratio__derived__roi__R5__iqr__CE,,
dummy,2,4,psd__theta_alpha_ratio__derived__roi__R5__iqr__CE_minus_OE,,
dummy,2,4,psd__theta_alpha_ratio__derived__roi__R5__iqr__OE,,
dummy,2,4,psd__theta_alpha_ratio__derived__roi__R5__median__CE,,
dummy,2,4,psd__theta_alpha_ratio__derived__roi__R5__median__CE_minus_OE,,
dummy,2,4,psd__theta_alpha_ratio__derived__roi__R5__median__OE,,
dummy,2,4,psd__theta_alpha_ratio__derived__roi__R6__iqr__CE,,
dummy,2,4,psd__theta_alpha_ratio__derived__roi__R6__iqr__CE_minus_OE,,
dummy,2,4,psd__theta_alpha_ratio__derived__roi__R6__iqr__OE,,
dummy,2,4,psd__theta_alpha_ratio__derived__roi__R6__median__CE,,
dummy,2,4,psd__theta_alpha_ratio__derived__roi__R6__median__CE_minus_OE,,
dummy,2,4,psd__theta_alpha_ratio__derived__roi__R6__median__OE,,
dummy,3,1,complexity__spectral_entropy__broadband__roi__R1__iqr__CE,,
dummy,3,1,complexity__spectral_entropy__broadband__roi__R1__iqr__CE_minus_OE,,
dummy,3,1,complexity__spectral_entropy__broadband__roi__R1__iqr__OE,,
dummy,3,1,complexity__spectral_entropy__broadband__roi__R1__median__CE,,
dummy,3,1,complexity__spectral_entropy__broadband__roi__R1__median__CE_minus_OE,,
dummy,3,1,complexity__spectral_entropy__broadband__roi__R1__median__OE,,
dummy,3,1,complexity__spectral_entropy__broadband__roi__R2__iqr__CE,,
dummy,3,1,complexity__spectral_entropy__broadband__roi__R2__iqr__CE_minus_OE,,
dummy,3,1,complexity__spectral_entropy__broadband__roi__R2__iqr__OE,,
dummy,3,1,complexity__spectral_entropy__broadband__roi__R2__median__CE,,
dummy,3,1,complexity__spectral_entropy__broadband__roi__R2__median__CE_minus_OE,,
dummy,3,1,complexity__spectral_entropy__broadband__roi__R2__median__OE,,
dummy,3,1,complexity__spectral_entropy__broadband__roi__R3__iqr__CE,,
dummy,3,1,complexity__spectral_entropy__broadband__roi__R3__iqr__CE_minus_OE,,
dummy,3,1,complexity__spectral_entropy__broadband__roi__R3__iqr__OE,,
dummy,3,1,complexity__spectral_entropy__broadband__roi__R3__median__CE,,
dummy,3,1,complexity__spectral_entropy__broadband__roi__R3__median__CE_minus_OE,,
dummy,3,1,complexity__spectral_entropy__broadband__roi__R3__median__OE,,
dummy,3,1,complexity__spectral_entropy__broadband__roi__R4__iqr__CE,,
dummy,3,1,complexity__spectral_entropy__broadband__roi__R4__iqr__CE_minus_OE,,
dummy,3,1,complexity__spectral_entropy__broadband__roi__R4__iqr__OE,,
dummy,3,1,complexity__spectral_entropy__broadband__roi__R4__median__CE,,
dummy,3,1,complexity__spectral_entropy__broadband__roi__R4__median__CE_minus_OE,,
dummy,3,1,complexity__spectral_entropy__broadband__roi__R4__median__OE,,
dummy,3,1,complexity__spectral_entropy__broadband__roi__R5__iqr__CE,,
dummy,3,1,complexity__spectral_entropy__broadband__roi__R5__iqr__CE_minus_OE,,
dummy,3,1,complexity__spectral_entropy__broadband__roi__R5__iqr__OE,,
dummy,3,1,complexity__spectral_entropy__broadband__roi__R5__median__CE,,
dummy,3,1,complexity__spectral_entropy__broadband__roi__R5__median__CE_minus_OE,,
dummy,3,1,complexity__spectral_entropy__broadband__roi__R5__median__OE,,
dummy,3,1,complexity__spectral_entropy__broadband__roi__R6__iqr__CE,,
dummy,3,1,complexity__spectral_entropy__broadband__roi__R6__iqr__CE_minus_OE,,
dummy,3,1,complexity__spectral_entropy__broadband__roi__R6__iqr__OE,,
dummy,3,1,complexity__spectral_entropy__broadband__roi__R6__median__CE,,
dummy,3,1,complexity__spectral_entropy__broadband__roi__R6__median__CE_minus_OE,,
dummy,3,1,complexity__spectral_entropy__broadband__roi__R6__median__OE,,
dummy,3,1,psd__absolute_power__alpha__roi__R1__iqr__CE,,
dummy,3,1,psd__absolute_power__alpha__roi__R1__iqr__CE_minus_OE,,
dummy,3,1,psd__absolute_power__alpha__roi__R1__iqr__OE,,
dummy,3,1,psd__absolute_power__alpha__roi__R1__median__CE,,
dummy,3,1,psd__absolute_power__alpha__roi__R1__median__CE_minus_OE,,
dummy,3,1,psd__absolute_power__alpha__roi__R1__median__OE,,
dummy,3,1,psd__absolute_power__alpha__roi__R2__iqr__CE,,
dummy,3,1,psd__absolute_power__alpha__roi__R2__iqr__CE_minus_OE,,
dummy,3,1,psd__absolute_power__alpha__roi__R2__iqr__OE,,
dummy,3,1,psd__absolute_power__alpha__roi__R2__median__CE,,
dummy,3,1,psd__absolute_power__alpha__roi__R2__median__CE_minus_OE,,
dummy,3,1,psd__absolute_power__alpha__roi__R2__median__OE,,
dummy,3,1,psd__absolute_power__alpha__roi__R3__iqr__CE,,
dummy,3,1,psd__absolute_power__alpha__roi__R3__iqr__CE_minus_OE,,
dummy,3,1,psd__absolute_power__alpha__roi__R3__iqr__OE,,
dummy,3,1,psd__absolute_power__alpha__roi__R3__median__CE,,
dummy,3,1,psd__absolute_power__alpha__roi__R3__median__CE_minus_OE,,
dummy,3,1,psd__absolute_power__alpha__roi__R3__median__OE,,
dummy,3,1,psd__absolute_power__alpha__roi__R4__iqr__CE,,
dummy,3,1,psd__absolute_power__alpha__roi__R4__iqr__CE_minus_OE,,
dummy,3,1,psd__absolute_power__alpha__roi__R4__iqr__OE,,
dummy,3,1,psd__absolute_power__alpha__roi__R4__median__CE,,
dummy,3,1,psd__absolute_power__alpha__roi__R4__median__CE_minus_OE,,
dummy,3,1,psd__absolute_power__alpha__roi__R4__median__OE,,
dummy,3,1,psd__absolute_power__alpha__roi__R5__iqr__CE,,
dummy,3,1,psd__absolute_power__alpha__roi__R5__iqr__CE_minus_OE,,
dummy,3,1,psd__absolute_power__alpha__roi__R5__iqr__OE,,
dummy,3,1,psd__absolute_power__alpha__roi__R5__median__CE,,
dummy,3,1,psd__absolute_power__alpha__roi__R5__median__CE_minus_OE,,
dummy,3,1,psd__absolute_power__alpha__roi__R5__median__OE,,
dummy,3,1,psd__absolute_power__alpha__roi__R6__iqr__CE,,
dummy,3,1,psd__absolute_power__alpha__roi__R6__iqr__CE_minus_OE,,
dummy,3,1,psd__absolute_power__alpha__roi__R6__iqr__OE,,
dummy,3,1,psd__absolute_power__alpha__roi__R6__median__CE,,
dummy,3,1,psd__absolute_power__alpha__roi__R6__median__CE_minus_OE,,
dummy,3,1,psd__absolute_power__alpha__roi__R6__median__OE,,
dummy,3,1,psd__absolute_power__beta__roi__R1__iqr__CE,,
dummy,3,1,psd__absolute_power__beta__roi__R1__iqr__CE_minus_OE,,
dummy,3,1,psd__absolute_power__beta__roi__R1__iqr__OE,,
dummy,3,1,psd__absolute_power__beta__roi__R1__median__CE,,
dummy,3,1,psd__absolute_power__beta__roi__R1__median__CE_minus_OE,,
dummy,3,1,psd__absolute_power__beta__roi__R1__median__OE,,
dummy,3,1,psd__absolute_power__beta__roi__R2__iqr__CE,,
dummy,3,1,psd__absolute_power__beta__roi__R2__iqr__CE_minus_OE,,
dummy,3,1,psd__absolute_power__beta__roi__R2__iqr__OE,,
dummy,3,1,psd__absolute_power__beta__roi__R2__median__CE,,
dummy,3,1,psd__absolute_power__beta__roi__R2__median__CE_minus_OE,,
dummy,3,1,psd__absolute_power__beta__roi__R2__median__OE,,
dummy,3,1,psd__absolute_power__beta__roi__R3__iqr__CE,,
dummy,3,1,psd__absolute_power__beta__roi__R3__iqr__CE_minus_OE,,
dummy,3,1,psd__absolute_power__beta__roi__R3__iqr__OE,,
dummy,3,1,psd__absolute_power__beta__roi__R3__median__CE,,
dummy,3,1,psd__absolute_power__beta__roi__R3__median__CE_minus_OE,,
dummy,3,1,psd__absolute_power__beta__roi__R3__median__OE,,
dummy,3,1,psd__absolute_power__beta__roi__R4__iqr__CE,,
dummy,3,1,psd__absolute_power__beta__roi__R4__iqr__CE_minus_OE,,
dummy,3,1,psd__absolute_power__beta__roi__R4__iqr__OE,,
dummy,3,1,psd__absolute_power__beta__roi__R4__median__CE,,
dummy,3,1,psd__absolute_power__beta__roi__R4__median__CE_minus_OE,,
dummy,3,1,psd__absolute_power__beta__roi__R4__median__OE,,
dummy,3,1,psd__absolute_power__beta__roi__R5__iqr__CE,,
dummy,3,1,psd__absolute_power__beta__roi__R5__iqr__CE_minus_OE,,
dummy,3,1,psd__absolute_power__beta__roi__R5__iqr__OE,,
dummy,3,1,psd__absolute_power__beta__roi__R5__median__CE,,
dummy,3,1,psd__absolute_power__beta__roi__R5__median__CE_minus_OE,,
dummy,3,1,psd__absolute_power__beta__roi__R5__median__OE,,
dummy,3,1,psd__absolute_power__beta__roi__R6__iqr__CE,,
dummy,3,1,psd__absolute_power__beta__roi__R6__iqr__CE_minus_OE,,
dummy,3,1,psd__absolute_power__beta__roi__R6__iqr__OE,,
dummy,3,1,psd__absolute_power__beta__roi__R6__median__CE,,
dummy,3,1,psd__absolute_power__beta__roi__R6__median__CE_minus_OE,,
dummy,3,1,psd__absolute_power__beta__roi__R6__median__OE,,
dummy,3,1,psd__absolute_power__delta__roi__R1__iqr__CE,,
dummy,3,1,psd__absolute_power__delta__roi__R1__iqr__CE_minus_OE,,
dummy,3,1,psd__absolute_power__delta__roi__R1__iqr__OE,,
dummy,3,1,psd__absolute_power__delta__roi__R1__median__CE,,
dummy,3,1,psd__absolute_power__delta__roi__R1__median__CE_minus_OE,,
dummy,3,1,psd__absolute_power__delta__roi__R1__median__OE,,
dummy,3,1,psd__absolute_power__delta__roi__R2__iqr__CE,,
dummy,3,1,psd__absolute_power__delta__roi__R2__iqr__CE_minus_OE,,
dummy,3,1,psd__absolute_power__delta__roi__R2__iqr__OE,,
dummy,3,1,psd__absolute_power__delta__roi__R2__median__CE,,
dummy,3,1,psd__absolute_power__delta__roi__R2__median__CE_minus_OE,,
dummy,3,1,psd__absolute_power__delta__roi__R2__median__OE,,
dummy,3,1,psd__absolute_power__delta__roi__R3__iqr__CE,,
dummy,3,1,psd__absolute_power__delta__roi__R3__iqr__CE_minus_OE,,
dummy,3,1,psd__absolute_power__delta__roi__R3__iqr__OE,,
dummy,3,1,psd__absolute_power__delta__roi__R3__median__CE,,
dummy,3,1,psd__absolute_power__delta__roi__R3__median__CE_minus_OE,,
dummy,3,1,psd__absolute_power__delta__roi__R3__median__OE,,
dummy,3,1,psd__absolute_power__delta__roi__R4__iqr__CE,,
dummy,3,1,psd__absolute_power__delta__roi__R4__iqr__CE_minus_OE,,
dummy,3,1,psd__absolute_power__delta__roi__R4__iqr__OE,,
dummy,3,1,psd__absolute_power__delta__roi__R4__median__CE,,
dummy,3,1,psd__absolute_power__delta__roi__R4__median__CE_minus_OE,,
dummy,3,1,psd__absolute_power__delta__roi__R4__median__OE,,
dummy,3,1,psd__absolute_power__delta__roi__R5__iqr__CE,,
dummy,3,1,psd__absolute_power__delta__roi__R5__iqr__CE_minus_OE,,
dummy,3,1,psd__absolute_power__delta__roi__R5__iqr__OE,,
dummy,3,1,psd__absolute_power__delta__roi__R5__median__CE,,
dummy,3,1,psd__absolute_power__delta__roi__R5__median__CE_minus_OE,,
dummy,3,1,psd__absolute_power__delta__roi__R5__median__OE,,
dummy,3,1,psd__absolute_power__delta__roi__R6__iqr__CE,,
dummy,3,1,psd__absolute_power__delta__roi__R6__iqr__CE_minus_OE,,
dummy,3,1,psd__absolute_power__delta__roi__R6__iqr__OE,,
dummy,3,1,psd__absolute_power__delta__roi__R6__median__CE,,
dummy,3,1,psd__absolute_power__delta__roi__R6__median__CE_minus_OE,,
dummy,3,1,psd__absolute_power__delta__roi__R6__median__OE,,
dummy,3,1,psd__absolute_power__gamma__roi__R1__iqr__CE,,
dummy,3,1,psd__absolute_power__gamma__roi__R1__iqr__CE_minus_OE,,
dummy,3,1,psd__absolute_power__gamma__roi__R1__iqr__OE,,
dummy,3,1,psd__absolute_power__gamma__roi__R1__median__CE,,
dummy,3,1,psd__absolute_power__gamma__roi__R1__median__CE_minus_OE,,
dummy,3,1,psd__absolute_power__gamma__roi__R1__median__OE,,
dummy,3,1,psd__absolute_power__gamma__roi__R2__iqr__CE,,
dummy,3,1,psd__absolute_power__gamma__roi__R2__iqr__CE_minus_OE,,
dummy,3,1,psd__absolute_power__gamma__roi__R2__iqr__OE,,
dummy,3,1,psd__absolute_power__gamma__roi__R2__median__CE,,
dummy,3,1,psd__absolute_power__gamma__roi__R2__median__CE_minus_OE,,
dummy,3,1,psd__absolute_power__gamma__roi__R2__median__OE,,
dummy,3,1,psd__absolute_power__gamma__roi__R3__iqr__CE,,
dummy,3,1,psd__absolute_power__gamma__roi__R3__iqr__CE_minus_OE,,
dummy,3,1,psd__absolute_power__gamma__roi__R3__iqr__OE,,
dummy,3,1,psd__absolute_power__gamma__roi__R3__median__CE,,
dummy,3,1,psd__absolute_power__gamma__roi__R3__median__CE_minus_OE,,
dummy,3,1,psd__absolute_power__gamma__roi__R3__median__OE,,
dummy,3,1,psd__absolute_power__gamma__roi__R4__iqr__CE,,
dummy,3,1,psd__absolute_power__gamma__roi__R4__iqr__CE_minus_OE,,
dummy,3,1,psd__absolute_power__gamma__roi__R4__iqr__OE,,
dummy,3,1,psd__absolute_power__gamma__roi__R4__median__CE,,
dummy,3,1,psd__absolute_power__gamma__roi__R4__median__CE_minus_OE,,
dummy,3,1,psd__absolute_power__gamma__roi__R4__median__OE,,
dummy,3,1,psd__absolute_power__gamma__roi__R5__iqr__CE,,
dummy,3,1,psd__absolute_power__gamma__roi__R5__iqr__CE_minus_OE,,
dummy,3,1,psd__absolute_power__gamma__roi__R5__iqr__OE,,
dummy,3,1,psd__absolute_power__gamma__roi__R5__median__CE,,
dummy,3,1,psd__absolute_power__gamma__roi__R5__median__CE_minus_OE,,
dummy,3,1,psd__absolute_power__gamma__roi__R5__median__OE,,
dummy,3,1,psd__absolute_power__gamma__roi__R6__iqr__CE,,
dummy,3,1,psd__absolute_power__gamma__roi__R6__iqr__CE_minus_OE,,
dummy,3,1,psd__absolute_power__gamma__roi__R6__iqr__OE,,
dummy,3,1,psd__absolute_power__gamma__roi__R6__median__CE,,
dummy,3,1,psd__absolute_power__gamma__roi__R6__median__CE_minus_OE,,
dummy,3,1,psd__absolute_power__gamma__roi__R6__median__OE,,
dummy,3,1,psd__absolute_power__theta__roi__R1__iqr__CE,,
dummy,3,1,psd__absolute_power__theta__roi__R1__iqr__CE_minus_OE,,
dummy,3,1,psd__absolute_power__theta__roi__R1__iqr__OE,,
dummy,3,1,psd__absolute_power__theta__roi__R1__median__CE,,
dummy,3,1,psd__absolute_power__theta__roi__R1__median__CE_minus_OE,,
dummy,3,1,psd__absolute_power__theta__roi__R1__median__OE,,
dummy,3,1,psd__absolute_power__theta__roi__R2__iqr__CE,,
dummy,3,1,psd__absolute_power__theta__roi__R2__iqr__CE_minus_OE,,
dummy,3,1,psd__absolute_power__theta__roi__R2__iqr__OE,,
dummy,3,1,psd__absolute_power__theta__roi__R2__median__CE,,
dummy,3,1,psd__absolute_power__theta__roi__R2__median__CE_minus_OE,,
dummy,3,1,psd__absolute_power__theta__roi__R2__median__OE,,
dummy,3,1,psd__absolute_power__theta__roi__R3__iqr__CE,,
dummy,3,1,psd__absolute_power__theta__roi__R3__iqr__CE_minus_OE,,
dummy,3,1,psd__absolute_power__theta__roi__R3__iqr__OE,,
dummy,3,1,psd__absolute_power__theta__roi__R3__median__CE,,
dummy,3,1,psd__absolute_power__theta__roi__R3__median__CE_minus_OE,,
dummy,3,1,psd__absolute_power__theta__roi__R3__median__OE,,
dummy,3,1,psd__absolute_power__theta__roi__R4__iqr__CE,,
dummy,3,1,psd__absolute_power__theta__roi__R4__iqr__CE_minus_OE,,
dummy,3,1,psd__absolute_power__theta__roi__R4__iqr__OE,,
dummy,3,1,psd__absolute_power__theta__roi__R4__median__CE,,
dummy,3,1,psd__absolute_power__theta__roi__R4__median__CE_minus_OE,,
dummy,3,1,psd__absolute_power__theta__roi__R4__median__OE,,
dummy,3,1,psd__absolute_power__theta__roi__R5__iqr__CE,,
dummy,3,1,psd__absolute_power__theta__roi__R5__iqr__CE_minus_OE,,
dummy,3,1,psd__absolute_power__theta__roi__R5__iqr__OE,,
dummy,3,1,psd__absolute_power__theta__roi__R5__median__CE,,
dummy,3,1,psd__absolute_power__theta__roi__R5__median__CE_minus_OE,,
dummy,3,1,psd__absolute_power__theta__roi__R5__median__OE,,
dummy,3,1,psd__absolute_power__theta__roi__R6__iqr__CE,,
dummy,3,1,psd__absolute_power__theta__roi__R6__iqr__CE_minus_OE,,
dummy,3,1,psd__absolute_power__theta__roi__R6__iqr__OE,,
dummy,3,1,psd__absolute_power__theta__roi__R6__median__CE,,
dummy,3,1,psd__absolute_power__theta__roi__R6__median__CE_minus_OE,,
dummy,3,1,psd__absolute_power__theta__roi__R6__median__OE,,
dummy,3,1,psd__delta_alpha_ratio__derived__roi__R1__iqr__CE,,
dummy,3,1,psd__delta_alpha_ratio__derived__roi__R1__iqr__CE_minus_OE,,
dummy,3,1,psd__delta_alpha_ratio__derived__roi__R1__iqr__OE,,
dummy,3,1,psd__delta_alpha_ratio__derived__roi__R1__median__CE,,
dummy,3,1,psd__delta_alpha_ratio__derived__roi__R1__median__CE_minus_OE,,
dummy,3,1,psd__delta_alpha_ratio__derived__roi__R1__median__OE,,
dummy,3,1,psd__delta_alpha_ratio__derived__roi__R2__iqr__CE,,
dummy,3,1,psd__delta_alpha_ratio__derived__roi__R2__iqr__CE_minus_OE,,
dummy,3,1,psd__delta_alpha_ratio__derived__roi__R2__iqr__OE,,
dummy,3,1,psd__delta_alpha_ratio__derived__roi__R2__median__CE,,
dummy,3,1,psd__delta_alpha_ratio__derived__roi__R2__median__CE_minus_OE,,
dummy,3,1,psd__delta_alpha_ratio__derived__roi__R2__median__OE,,
dummy,3,1,psd__delta_alpha_ratio__derived__roi__R3__iqr__CE,,
dummy,3,1,psd__delta_alpha_ratio__derived__roi__R3__iqr__CE_minus_OE,,
dummy,3,1,psd__delta_alpha_ratio__derived__roi__R3__iqr__OE,,
dummy,3,1,psd__delta_alpha_ratio__derived__roi__R3__median__CE,,
dummy,3,1,psd__delta_alpha_ratio__derived__roi__R3__median__CE_minus_OE,,
dummy,3,1,psd__delta_alpha_ratio__derived__roi__R3__median__OE,,
dummy,3,1,psd__delta_alpha_ratio__derived__roi__R4__iqr__CE,,
dummy,3,1,psd__delta_alpha_ratio__derived__roi__R4__iqr__CE_minus_OE,,
dummy,3,1,psd__delta_alpha_ratio__derived__roi__R4__iqr__OE,,
dummy,3,1,psd__delta_alpha_ratio__derived__roi__R4__median__CE,,
dummy,3,1,psd__delta_alpha_ratio__derived__roi__R4__median__CE_minus_OE,,
dummy,3,1,psd__delta_alpha_ratio__derived__roi__R4__median__OE,,
dummy,3,1,psd__delta_alpha_ratio__derived__roi__R5__iqr__CE,,
dummy,3,1,psd__delta_alpha_ratio__derived__roi__R5__iqr__CE_minus_OE,,
dummy,3,1,psd__delta_alpha_ratio__derived__roi__R5__iqr__OE,,
dummy,3,1,psd__delta_alpha_ratio__derived__roi__R5__median__CE,,
dummy,3,1,psd__delta_alpha_ratio__derived__roi__R5__median__CE_minus_OE,,
dummy,3,1,psd__delta_alpha_ratio__derived__roi__R5__median__OE,,
dummy,3,1,psd__delta_alpha_ratio__derived__roi__R6__iqr__CE,,
dummy,3,1,psd__delta_alpha_ratio__derived__roi__R6__iqr__CE_minus_OE,,
dummy,3,1,psd__delta_alpha_ratio__derived__roi__R6__iqr__OE,,
dummy,3,1,psd__delta_alpha_ratio__derived__roi__R6__median__CE,,
dummy,3,1,psd__delta_alpha_ratio__derived__roi__R6__median__CE_minus_OE,,
dummy,3,1,psd__delta_alpha_ratio__derived__roi__R6__median__OE,,
dummy,3,1,psd__relative_power__alpha__roi__R1__iqr__CE,,
dummy,3,1,psd__relative_power__alpha__roi__R1__iqr__CE_minus_OE,,
dummy,3,1,psd__relative_power__alpha__roi__R1__iqr__OE,,
dummy,3,1,psd__relative_power__alpha__roi__R1__median__CE,,
dummy,3,1,psd__relative_power__alpha__roi__R1__median__CE_minus_OE,,
dummy,3,1,psd__relative_power__alpha__roi__R1__median__OE,,
dummy,3,1,psd__relative_power__alpha__roi__R2__iqr__CE,,
dummy,3,1,psd__relative_power__alpha__roi__R2__iqr__CE_minus_OE,,
dummy,3,1,psd__relative_power__alpha__roi__R2__iqr__OE,,
dummy,3,1,psd__relative_power__alpha__roi__R2__median__CE,,
dummy,3,1,psd__relative_power__alpha__roi__R2__median__CE_minus_OE,,
dummy,3,1,psd__relative_power__alpha__roi__R2__median__OE,,
dummy,3,1,psd__relative_power__alpha__roi__R3__iqr__CE,,
dummy,3,1,psd__relative_power__alpha__roi__R3__iqr__CE_minus_OE,,
dummy,3,1,psd__relative_power__alpha__roi__R3__iqr__OE,,
dummy,3,1,psd__relative_power__alpha__roi__R3__median__CE,,
dummy,3,1,psd__relative_power__alpha__roi__R3__median__CE_minus_OE,,
dummy,3,1,psd__relative_power__alpha__roi__R3__median__OE,,
dummy,3,1,psd__relative_power__alpha__roi__R4__iqr__CE,,
dummy,3,1,psd__relative_power__alpha__roi__R4__iqr__CE_minus_OE,,
dummy,3,1,psd__relative_power__alpha__roi__R4__iqr__OE,,
dummy,3,1,psd__relative_power__alpha__roi__R4__median__CE,,
dummy,3,1,psd__relative_power__alpha__roi__R4__median__CE_minus_OE,,
dummy,3,1,psd__relative_power__alpha__roi__R4__median__OE,,
dummy,3,1,psd__relative_power__alpha__roi__R5__iqr__CE,,
dummy,3,1,psd__relative_power__alpha__roi__R5__iqr__CE_minus_OE,,
dummy,3,1,psd__relative_power__alpha__roi__R5__iqr__OE,,
dummy,3,1,psd__relative_power__alpha__roi__R5__median__CE,,
dummy,3,1,psd__relative_power__alpha__roi__R5__median__CE_minus_OE,,
dummy,3,1,psd__relative_power__alpha__roi__R5__median__OE,,
dummy,3,1,psd__relative_power__alpha__roi__R6__iqr__CE,,
dummy,3,1,psd__relative_power__alpha__roi__R6__iqr__CE_minus_OE,,
dummy,3,1,psd__relative_power__alpha__roi__R6__iqr__OE,,
dummy,3,1,psd__relative_power__alpha__roi__R6__median__CE,,
dummy,3,1,psd__relative_power__alpha__roi__R6__median__CE_minus_OE,,
dummy,3,1,psd__relative_power__alpha__roi__R6__median__OE,,
dummy,3,1,psd__relative_power__beta__roi__R1__iqr__CE,,
dummy,3,1,psd__relative_power__beta__roi__R1__iqr__CE_minus_OE,,
dummy,3,1,psd__relative_power__beta__roi__R1__iqr__OE,,
dummy,3,1,psd__relative_power__beta__roi__R1__median__CE,,
dummy,3,1,psd__relative_power__beta__roi__R1__median__CE_minus_OE,,
dummy,3,1,psd__relative_power__beta__roi__R1__median__OE,,
dummy,3,1,psd__relative_power__beta__roi__R2__iqr__CE,,
dummy,3,1,psd__relative_power__beta__roi__R2__iqr__CE_minus_OE,,
dummy,3,1,psd__relative_power__beta__roi__R2__iqr__OE,,
dummy,3,1,psd__relative_power__beta__roi__R2__median__CE,,
dummy,3,1,psd__relative_power__beta__roi__R2__median__CE_minus_OE,,
dummy,3,1,psd__relative_power__beta__roi__R2__median__OE,,
dummy,3,1,psd__relative_power__beta__roi__R3__iqr__CE,,
dummy,3,1,psd__relative_power__beta__roi__R3__iqr__CE_minus_OE,,
dummy,3,1,psd__relative_power__beta__roi__R3__iqr__OE,,
dummy,3,1,psd__relative_power__beta__roi__R3__median__CE,,
dummy,3,1,psd__relative_power__beta__roi__R3__median__CE_minus_OE,,
dummy,3,1,psd__relative_power__beta__roi__R3__median__OE,,
dummy,3,1,psd__relative_power__beta__roi__R4__iqr__CE,,
dummy,3,1,psd__relative_power__beta__roi__R4__iqr__CE_minus_OE,,
dummy,3,1,psd__relative_power__beta__roi__R4__iqr__OE,,
dummy,3,1,psd__relative_power__beta__roi__R4__median__CE,,
dummy,3,1,psd__relative_power__beta__roi__R4__median__CE_minus_OE,,
dummy,3,1,psd__relative_power__beta__roi__R4__median__OE,,
dummy,3,1,psd__relative_power__beta__roi__R5__iqr__CE,,
dummy,3,1,psd__relative_power__beta__roi__R5__iqr__CE_minus_OE,,
dummy,3,1,psd__relative_power__beta__roi__R5__iqr__OE,,
dummy,3,1,psd__relative_power__beta__roi__R5__median__CE,,
dummy,3,1,psd__relative_power__beta__roi__R5__median__CE_minus_OE,,
dummy,3,1,psd__relative_power__beta__roi__R5__median__OE,,
dummy,3,1,psd__relative_power__beta__roi__R6__iqr__CE,,
dummy,3,1,psd__relative_power__beta__roi__R6__iqr__CE_minus_OE,,
dummy,3,1,psd__relative_power__beta__roi__R6__iqr__OE,,
dummy,3,1,psd__relative_power__beta__roi__R6__median__CE,,
dummy,3,1,psd__relative_power__beta__roi__R6__median__CE_minus_OE,,
dummy,3,1,psd__relative_power__beta__roi__R6__median__OE,,
dummy,3,1,psd__relative_power__delta__roi__R1__iqr__CE,,
dummy,3,1,psd__relative_power__delta__roi__R1__iqr__CE_minus_OE,,
dummy,3,1,psd__relative_power__delta__roi__R1__iqr__OE,,
dummy,3,1,psd__relative_power__delta__roi__R1__median__CE,,
dummy,3,1,psd__relative_power__delta__roi__R1__median__CE_minus_OE,,
dummy,3,1,psd__relative_power__delta__roi__R1__median__OE,,
dummy,3,1,psd__relative_power__delta__roi__R2__iqr__CE,,
dummy,3,1,psd__relative_power__delta__roi__R2__iqr__CE_minus_OE,,
dummy,3,1,psd__relative_power__delta__roi__R2__iqr__OE,,
dummy,3,1,psd__relative_power__delta__roi__R2__median__CE,,
dummy,3,1,psd__relative_power__delta__roi__R2__median__CE_minus_OE,,
dummy,3,1,psd__relative_power__delta__roi__R2__median__OE,,
dummy,3,1,psd__relative_power__delta__roi__R3__iqr__CE,,
dummy,3,1,psd__relative_power__delta__roi__R3__iqr__CE_minus_OE,,
dummy,3,1,psd__relative_power__delta__roi__R3__iqr__OE,,
dummy,3,1,psd__relative_power__delta__roi__R3__median__CE,,
dummy,3,1,psd__relative_power__delta__roi__R3__median__CE_minus_OE,,
dummy,3,1,psd__relative_power__delta__roi__R3__median__OE,,
dummy,3,1,psd__relative_power__delta__roi__R4__iqr__CE,,
dummy,3,1,psd__relative_power__delta__roi__R4__iqr__CE_minus_OE,,
dummy,3,1,psd__relative_power__delta__roi__R4__iqr__OE,,
dummy,3,1,psd__relative_power__delta__roi__R4__median__CE,,
dummy,3,1,psd__relative_power__delta__roi__R4__median__CE_minus_OE,,
dummy,3,1,psd__relative_power__delta__roi__R4__median__OE,,
dummy,3,1,psd__relative_power__delta__roi__R5__iqr__CE,,
dummy,3,1,psd__relative_power__delta__roi__R5__iqr__CE_minus_OE,,
dummy,3,1,psd__relative_power__delta__roi__R5__iqr__OE,,
dummy,3,1,psd__relative_power__delta__roi__R5__median__CE,,
dummy,3,1,psd__relative_power__delta__roi__R5__median__CE_minus_OE,,
dummy,3,1,psd__relative_power__delta__roi__R5__median__OE,,
dummy,3,1,psd__relative_power__delta__roi__R6__iqr__CE,,
dummy,3,1,psd__relative_power__delta__roi__R6__iqr__CE_minus_OE,,
dummy,3,1,psd__relative_power__delta__roi__R6__iqr__OE,,
dummy,3,1,psd__relative_power__delta__roi__R6__median__CE,,
dummy,3,1,psd__relative_power__delta__roi__R6__median__CE_minus_OE,,
dummy,3,1,psd__relative_power__delta__roi__R6__median__OE,,
dummy,3,1,psd__relative_power__gamma__roi__R1__iqr__CE,,
dummy,3,1,psd__relative_power__gamma__roi__R1__iqr__CE_minus_OE,,
dummy,3,1,psd__relative_power__gamma__roi__R1__iqr__OE,,
dummy,3,1,psd__relative_power__gamma__roi__R1__median__CE,,
dummy,3,1,psd__relative_power__gamma__roi__R1__median__CE_minus_OE,,
dummy,3,1,psd__relative_power__gamma__roi__R1__median__OE,,
dummy,3,1,psd__relative_power__gamma__roi__R2__iqr__CE,,
dummy,3,1,psd__relative_power__gamma__roi__R2__iqr__CE_minus_OE,,
dummy,3,1,psd__relative_power__gamma__roi__R2__iqr__OE,,
dummy,3,1,psd__relative_power__gamma__roi__R2__median__CE,,
dummy,3,1,psd__relative_power__gamma__roi__R2__median__CE_minus_OE,,
dummy,3,1,psd__relative_power__gamma__roi__R2__median__OE,,
dummy,3,1,psd__relative_power__gamma__roi__R3__iqr__CE,,
dummy,3,1,psd__relative_power__gamma__roi__R3__iqr__CE_minus_OE,,
dummy,3,1,psd__relative_power__gamma__roi__R3__iqr__OE,,
dummy,3,1,psd__relative_power__gamma__roi__R3__median__CE,,
dummy,3,1,psd__relative_power__gamma__roi__R3__median__CE_minus_OE,,
dummy,3,1,psd__relative_power__gamma__roi__R3__median__OE,,
dummy,3,1,psd__relative_power__gamma__roi__R4__iqr__CE,,
dummy,3,1,psd__relative_power__gamma__roi__R4__iqr__CE_minus_OE,,
dummy,3,1,psd__relative_power__gamma__roi__R4__iqr__OE,,
dummy,3,1,psd__relative_power__gamma__roi__R4__median__CE,,
dummy,3,1,psd__relative_power__gamma__roi__R4__median__CE_minus_OE,,
dummy,3,1,psd__relative_power__gamma__roi__R4__median__OE,,
dummy,3,1,psd__relative_power__gamma__roi__R5__iqr__CE,,
dummy,3,1,psd__relative_power__gamma__roi__R5__iqr__CE_minus_OE,,
dummy,3,1,psd__relative_power__gamma__roi__R5__iqr__OE,,
dummy,3,1,psd__relative_power__gamma__roi__R5__median__CE,,
dummy,3,1,psd__relative_power__gamma__roi__R5__median__CE_minus_OE,,
dummy,3,1,psd__relative_power__gamma__roi__R5__median__OE,,
dummy,3,1,psd__relative_power__gamma__roi__R6__iqr__CE,,
dummy,3,1,psd__relative_power__gamma__roi__R6__iqr__CE_minus_OE,,
dummy,3,1,psd__relative_power__gamma__roi__R6__iqr__OE,,
dummy,3,1,psd__relative_power__gamma__roi__R6__median__CE,,
dummy,3,1,psd__relative_power__gamma__roi__R6__median__CE_minus_OE,,
dummy,3,1,psd__relative_power__gamma__roi__R6__median__OE,,
dummy,3,1,psd__relative_power__theta__roi__R1__iqr__CE,,
dummy,3,1,psd__relative_power__theta__roi__R1__iqr__CE_minus_OE,,
dummy,3,1,psd__relative_power__theta__roi__R1__iqr__OE,,
dummy,3,1,psd__relative_power__theta__roi__R1__median__CE,,
dummy,3,1,psd__relative_power__theta__roi__R1__median__CE_minus_OE,,
dummy,3,1,psd__relative_power__theta__roi__R1__median__OE,,
dummy,3,1,psd__relative_power__theta__roi__R2__iqr__CE,,
dummy,3,1,psd__relative_power__theta__roi__R2__iqr__CE_minus_OE,,
dummy,3,1,psd__relative_power__theta__roi__R2__iqr__OE,,
dummy,3,1,psd__relative_power__theta__roi__R2__median__CE,,
dummy,3,1,psd__relative_power__theta__roi__R2__median__CE_minus_OE,,
dummy,3,1,psd__relative_power__theta__roi__R2__median__OE,,
dummy,3,1,psd__relative_power__theta__roi__R3__iqr__CE,,
dummy,3,1,psd__relative_power__theta__roi__R3__iqr__CE_minus_OE,,
dummy,3,1,psd__relative_power__theta__roi__R3__iqr__OE,,
dummy,3,1,psd__relative_power__theta__roi__R3__median__CE,,
dummy,3,1,psd__relative_power__theta__roi__R3__median__CE_minus_OE,,
dummy,3,1,psd__relative_power__theta__roi__R3__median__OE,,
dummy,3,1,psd__relative_power__theta__roi__R4__iqr__CE,,
dummy,3,1,psd__relative_power__theta__roi__R4__iqr__CE_minus_OE,,
dummy,3,1,psd__relative_power__theta__roi__R4__iqr__OE,,
dummy,3,1,psd__relative_power__theta__roi__R4__median__CE,,
dummy,3,1,psd__relative_power__theta__roi__R4__median__CE_minus_OE,,
dummy,3,1,psd__relative_power__theta__roi__R4__median__OE,,
dummy,3,1,psd__relative_power__theta__roi__R5__iqr__CE,,
dummy,3,1,psd__relative_power__theta__roi__R5__iqr__CE_minus_OE,,
dummy,3,1,psd__relative_power__theta__roi__R5__iqr__OE,,
dummy,3,1,psd__relative_power__theta__roi__R5__median__CE,,
dummy,3,1,psd__relative_power__theta__roi__R5__median__CE_minus_OE,,
dummy,3,1,psd__relative_power__theta__roi__R5__median__OE,,
dummy,3,1,psd__relative_power__theta__roi__R6__iqr__CE,,
dummy,3,1,psd__relative_power__theta__roi__R6__iqr__CE_minus_OE,,
dummy,3,1,psd__relative_power__theta__roi__R6__iqr__OE,,
dummy,3,1,psd__relative_power__theta__roi__R6__median__CE,,
dummy,3,1,psd__relative_power__theta__roi__R6__median__CE_minus_OE,,
dummy,3,1,psd__relative_power__theta__roi__R6__median__OE,,
dummy,3,1,psd__sfr__derived__roi__R1__iqr__CE,,
dummy,3,1,psd__sfr__derived__roi__R1__iqr__CE_minus_OE,,
dummy,3,1,psd__sfr__derived__roi__R1__iqr__OE,,
dummy,3,1,psd__sfr__derived__roi__R1__median__CE,,
dummy,3,1,psd__sfr__derived__roi__R1__median__CE_minus_OE,,
dummy,3,1,psd__sfr__derived__roi__R1__median__OE,,
dummy,3,1,psd__sfr__derived__roi__R2__iqr__CE,,
dummy,3,1,psd__sfr__derived__roi__R2__iqr__CE_minus_OE,,
dummy,3,1,psd__sfr__derived__roi__R2__iqr__OE,,
dummy,3,1,psd__sfr__derived__roi__R2__median__CE,,
dummy,3,1,psd__sfr__derived__roi__R2__median__CE_minus_OE,,
dummy,3,1,psd__sfr__derived__roi__R2__median__OE,,
dummy,3,1,psd__sfr__derived__roi__R3__iqr__CE,,
dummy,3,1,psd__sfr__derived__roi__R3__iqr__CE_minus_OE,,
dummy,3,1,psd__sfr__derived__roi__R3__iqr__OE,,
dummy,3,1,psd__sfr__derived__roi__R3__median__CE,,
dummy,3,1,psd__sfr__derived__roi__R3__median__CE_minus_OE,,
dummy,3,1,psd__sfr__derived__roi__R3__median__OE,,
dummy,3,1,psd__sfr__derived__roi__R4__iqr__CE,,
dummy,3,1,psd__sfr__derived__roi__R4__iqr__CE_minus_OE,,
dummy,3,1,psd__sfr__derived__roi__R4__iqr__OE,,
dummy,3,1,psd__sfr__derived__roi__R4__median__CE,,
dummy,3,1,psd__sfr__derived__roi__R4__median__CE_minus_OE,,
dummy,3,1,psd__sfr__derived__roi__R4__median__OE,,
dummy,3,1,psd__sfr__derived__roi__R5__iqr__CE,,
dummy,3,1,psd__sfr__derived__roi__R5__iqr__CE_minus_OE,,
dummy,3,1,psd__sfr__derived__roi__R5__iqr__OE,,
dummy,3,1,psd__sfr__derived__roi__R5__median__CE,,
dummy,3,1,psd__sfr__derived__roi__R5__median__CE_minus_OE,,
dummy,3,1,psd__sfr__derived__roi__R5__median__OE,,
dummy,3,1,psd__sfr__derived__roi__R6__iqr__CE,,
dummy,3,1,psd__sfr__derived__roi__R6__iqr__CE_minus_OE,,
dummy,3,1,psd__sfr__derived__roi__R6__iqr__OE,,
dummy,3,1,psd__sfr__derived__roi__R6__median__CE,,
dummy,3,1,psd__sfr__derived__roi__R6__median__CE_minus_OE,,
dummy,3,1,psd__sfr__derived__roi__R6__median__OE,,
dummy,3,1,psd__theta_alpha_ratio__derived__roi__R1__iqr__CE,,
dummy,3,1,psd__theta_alpha_ratio__derived__roi__R1__iqr__CE_minus_OE,,
dummy,3,1,psd__theta_alpha_ratio__derived__roi__R1__iqr__OE,,
dummy,3,1,psd__theta_alpha_ratio__derived__roi__R1__median__CE,,
dummy,3,1,psd__theta_alpha_ratio__derived__roi__R1__median__CE_minus_OE,,
dummy,3,1,psd__theta_alpha_ratio__derived__roi__R1__median__OE,,
dummy,3,1,psd__theta_alpha_ratio__derived__roi__R2__iqr__CE,,
dummy,3,1,psd__theta_alpha_ratio__derived__roi__R2__iqr__CE_minus_OE,,
dummy,3,1,psd__theta_alpha_ratio__derived__roi__R2__iqr__OE,,
dummy,3,1,psd__theta_alpha_ratio__derived__roi__R2__median__CE,,
dummy,3,1,psd__theta_alpha_ratio__derived__roi__R2__median__CE_minus_OE,,
dummy,3,1,psd__theta_alpha_ratio__derived__roi__R2__median__OE,,
dummy,3,1,psd__theta_alpha_ratio__derived__roi__R3__iqr__CE,,
dummy,3,1,psd__theta_alpha_ratio__derived__roi__R3__iqr__CE_minus_OE,,
dummy,3,1,psd__theta_alpha_ratio__derived__roi__R3__iqr__OE,,
dummy,3,1,psd__theta_alpha_ratio__derived__roi__R3__median__CE,,
dummy,3,1,psd__theta_alpha_ratio__derived__roi__R3__median__CE_minus_OE,,
dummy,3,1,psd__theta_alpha_ratio__derived__roi__R3__median__OE,,
dummy,3,1,psd__theta_alpha_ratio__derived__roi__R4__iqr__CE,,
dummy,3,1,psd__theta_alpha_ratio__derived__roi__R4__iqr__CE_minus_OE,,
dummy,3,1,psd__theta_alpha_ratio__derived__roi__R4__iqr__OE,,
dummy,3,1,psd__theta_alpha_ratio__derived__roi__R4__median__CE,,
dummy,3,1,psd__theta_alpha_ratio__derived__roi__R4__median__CE_minus_OE,,
dummy,3,1,psd__theta_alpha_ratio__derived__roi__R4__median__OE,,
dummy,3,1,psd__theta_alpha_ratio__derived__roi__R5__iqr__CE,,
dummy,3,1,psd__theta_alpha_ratio__derived__roi__R5__iqr__CE_minus_OE,,
dummy,3,1,psd__theta_alpha_ratio__derived__roi__R5__iqr__OE,,
dummy,3,1,psd__theta_alpha_ratio__derived__roi__R5__median__CE,,
dummy,3,1,psd__theta_alpha_ratio__derived__roi__R5__median__CE_minus_OE,,
dummy,3,1,psd__theta_alpha_ratio__derived__roi__R5__median__OE,,
dummy,3,1,psd__theta_alpha_ratio__derived__roi__R6__iqr__CE,,
dummy,3,1,psd__theta_alpha_ratio__derived__roi__R6__iqr__CE_minus_OE,,
dummy,3,1,psd__theta_alpha_ratio__derived__roi__R6__iqr__OE,,
dummy,3,1,psd__theta_alpha_ratio__derived__roi__R6__median__CE,,
dummy,3,1,psd__theta_alpha_ratio__derived__roi__R6__median__CE_minus_OE,,
dummy,3,1,psd__theta_alpha_ratio__derived__roi__R6__median__OE,,
dummy,3,2,complexity__spectral_entropy__broadband__roi__R1__iqr__CE,,
dummy,3,2,complexity__spectral_entropy__broadband__roi__R1__iqr__CE_minus_OE,,
dummy,3,2,complexity__spectral_entropy__broadband__roi__R1__iqr__OE,,
dummy,3,2,complexity__spectral_entropy__broadband__roi__R1__median__CE,,
dummy,3,2,complexity__spectral_entropy__broadband__roi__R1__median__CE_minus_OE,,
dummy,3,2,complexity__spectral_entropy__broadband__roi__R1__median__OE,,
dummy,3,2,complexity__spectral_entropy__broadband__roi__R2__iqr__CE,,
dummy,3,2,complexity__spectral_entropy__broadband__roi__R2__iqr__CE_minus_OE,,
dummy,3,2,complexity__spectral_entropy__broadband__roi__R2__iqr__OE,,
dummy,3,2,complexity__spectral_entropy__broadband__roi__R2__median__CE,,
dummy,3,2,complexity__spectral_entropy__broadband__roi__R2__median__CE_minus_OE,,
dummy,3,2,complexity__spectral_entropy__broadband__roi__R2__median__OE,,
dummy,3,2,complexity__spectral_entropy__broadband__roi__R3__iqr__CE,,
dummy,3,2,complexity__spectral_entropy__broadband__roi__R3__iqr__CE_minus_OE,,
dummy,3,2,complexity__spectral_entropy__broadband__roi__R3__iqr__OE,,
dummy,3,2,complexity__spectral_entropy__broadband__roi__R3__median__CE,,
dummy,3,2,complexity__spectral_entropy__broadband__roi__R3__median__CE_minus_OE,,
dummy,3,2,complexity__spectral_entropy__broadband__roi__R3__median__OE,,
dummy,3,2,complexity__spectral_entropy__broadband__roi__R4__iqr__CE,,
dummy,3,2,complexity__spectral_entropy__broadband__roi__R4__iqr__CE_minus_OE,,
dummy,3,2,complexity__spectral_entropy__broadband__roi__R4__iqr__OE,,
dummy,3,2,complexity__spectral_entropy__broadband__roi__R4__median__CE,,
dummy,3,2,complexity__spectral_entropy__broadband__roi__R4__median__CE_minus_OE,,
dummy,3,2,complexity__spectral_entropy__broadband__roi__R4__median__OE,,
dummy,3,2,complexity__spectral_entropy__broadband__roi__R5__iqr__CE,,
dummy,3,2,complexity__spectral_entropy__broadband__roi__R5__iqr__CE_minus_OE,,
dummy,3,2,complexity__spectral_entropy__broadband__roi__R5__iqr__OE,,
dummy,3,2,complexity__spectral_entropy__broadband__roi__R5__median__CE,,
dummy,3,2,complexity__spectral_entropy__broadband__roi__R5__median__CE_minus_OE,,
dummy,3,2,complexity__spectral_entropy__broadband__roi__R5__median__OE,,
dummy,3,2,complexity__spectral_entropy__broadband__roi__R6__iqr__CE,,
dummy,3,2,complexity__spectral_entropy__broadband__roi__R6__iqr__CE_minus_OE,,
dummy,3,2,complexity__spectral_entropy__broadband__roi__R6__iqr__OE,,
dummy,3,2,complexity__spectral_entropy__broadband__roi__R6__median__CE,,
dummy,3,2,complexity__spectral_entropy__broadband__roi__R6__median__CE_minus_OE,,
dummy,3,2,complexity__spectral_entropy__broadband__roi__R6__median__OE,,
dummy,3,2,psd__absolute_power__alpha__roi__R1__iqr__CE,,
dummy,3,2,psd__absolute_power__alpha__roi__R1__iqr__CE_minus_OE,,
dummy,3,2,psd__absolute_power__alpha__roi__R1__iqr__OE,,
dummy,3,2,psd__absolute_power__alpha__roi__R1__median__CE,,
dummy,3,2,psd__absolute_power__alpha__roi__R1__median__CE_minus_OE,,
dummy,3,2,psd__absolute_power__alpha__roi__R1__median__OE,,
dummy,3,2,psd__absolute_power__alpha__roi__R2__iqr__CE,,
dummy,3,2,psd__absolute_power__alpha__roi__R2__iqr__CE_minus_OE,,
dummy,3,2,psd__absolute_power__alpha__roi__R2__iqr__OE,,
dummy,3,2,psd__absolute_power__alpha__roi__R2__median__CE,,
dummy,3,2,psd__absolute_power__alpha__roi__R2__median__CE_minus_OE,,
dummy,3,2,psd__absolute_power__alpha__roi__R2__median__OE,,
dummy,3,2,psd__absolute_power__alpha__roi__R3__iqr__CE,,
dummy,3,2,psd__absolute_power__alpha__roi__R3__iqr__CE_minus_OE,,
dummy,3,2,psd__absolute_power__alpha__roi__R3__iqr__OE,,
dummy,3,2,psd__absolute_power__alpha__roi__R3__median__CE,,
dummy,3,2,psd__absolute_power__alpha__roi__R3__median__CE_minus_OE,,
dummy,3,2,psd__absolute_power__alpha__roi__R3__median__OE,,
dummy,3,2,psd__absolute_power__alpha__roi__R4__iqr__CE,,
dummy,3,2,psd__absolute_power__alpha__roi__R4__iqr__CE_minus_OE,,
dummy,3,2,psd__absolute_power__alpha__roi__R4__iqr__OE,,
dummy,3,2,psd__absolute_power__alpha__roi__R4__median__CE,,
dummy,3,2,psd__absolute_power__alpha__roi__R4__median__CE_minus_OE,,
dummy,3,2,psd__absolute_power__alpha__roi__R4__median__OE,,
dummy,3,2,psd__absolute_power__alpha__roi__R5__iqr__CE,,
dummy,3,2,psd__absolute_power__alpha__roi__R5__iqr__CE_minus_OE,,
dummy,3,2,psd__absolute_power__alpha__roi__R5__iqr__OE,,
dummy,3,2,psd__absolute_power__alpha__roi__R5__median__CE,,
dummy,3,2,psd__absolute_power__alpha__roi__R5__median__CE_minus_OE,,
dummy,3,2,psd__absolute_power__alpha__roi__R5__median__OE,,
dummy,3,2,psd__absolute_power__alpha__roi__R6__iqr__CE,,
dummy,3,2,psd__absolute_power__alpha__roi__R6__iqr__CE_minus_OE,,
dummy,3,2,psd__absolute_power__alpha__roi__R6__iqr__OE,,
dummy,3,2,psd__absolute_power__alpha__roi__R6__median__CE,,
dummy,3,2,psd__absolute_power__alpha__roi__R6__median__CE_minus_OE,,
dummy,3,2,psd__absolute_power__alpha__roi__R6__median__OE,,
dummy,3,2,psd__absolute_power__beta__roi__R1__iqr__CE,,
dummy,3,2,psd__absolute_power__beta__roi__R1__iqr__CE_minus_OE,,
dummy,3,2,psd__absolute_power__beta__roi__R1__iqr__OE,,
dummy,3,2,psd__absolute_power__beta__roi__R1__median__CE,,
dummy,3,2,psd__absolute_power__beta__roi__R1__median__CE_minus_OE,,
dummy,3,2,psd__absolute_power__beta__roi__R1__median__OE,,
dummy,3,2,psd__absolute_power__beta__roi__R2__iqr__CE,,
dummy,3,2,psd__absolute_power__beta__roi__R2__iqr__CE_minus_OE,,
dummy,3,2,psd__absolute_power__beta__roi__R2__iqr__OE,,
dummy,3,2,psd__absolute_power__beta__roi__R2__median__CE,,
dummy,3,2,psd__absolute_power__beta__roi__R2__median__CE_minus_OE,,
dummy,3,2,psd__absolute_power__beta__roi__R2__median__OE,,
dummy,3,2,psd__absolute_power__beta__roi__R3__iqr__CE,,
dummy,3,2,psd__absolute_power__beta__roi__R3__iqr__CE_minus_OE,,
dummy,3,2,psd__absolute_power__beta__roi__R3__iqr__OE,,
dummy,3,2,psd__absolute_power__beta__roi__R3__median__CE,,
dummy,3,2,psd__absolute_power__beta__roi__R3__median__CE_minus_OE,,
dummy,3,2,psd__absolute_power__beta__roi__R3__median__OE,,
dummy,3,2,psd__absolute_power__beta__roi__R4__iqr__CE,,
dummy,3,2,psd__absolute_power__beta__roi__R4__iqr__CE_minus_OE,,
dummy,3,2,psd__absolute_power__beta__roi__R4__iqr__OE,,
dummy,3,2,psd__absolute_power__beta__roi__R4__median__CE,,
dummy,3,2,psd__absolute_power__beta__roi__R4__median__CE_minus_OE,,
dummy,3,2,psd__absolute_power__beta__roi__R4__median__OE,,
dummy,3,2,psd__absolute_power__beta__roi__R5__iqr__CE,,
dummy,3,2,psd__absolute_power__beta__roi__R5__iqr__CE_minus_OE,,
dummy,3,2,psd__absolute_power__beta__roi__R5__iqr__OE,,
dummy,3,2,psd__absolute_power__beta__roi__R5__median__CE,,
dummy,3,2,psd__absolute_power__beta__roi__R5__median__CE_minus_OE,,
dummy,3,2,psd__absolute_power__beta__roi__R5__median__OE,,
dummy,3,2,psd__absolute_power__beta__roi__R6__iqr__CE,,
dummy,3,2,psd__absolute_power__beta__roi__R6__iqr__CE_minus_OE,,
dummy,3,2,psd__absolute_power__beta__roi__R6__iqr__OE,,
dummy,3,2,psd__absolute_power__beta__roi__R6__median__CE,,
dummy,3,2,psd__absolute_power__beta__roi__R6__median__CE_minus_OE,,
dummy,3,2,psd__absolute_power__beta__roi__R6__median__OE,,
dummy,3,2,psd__absolute_power__delta__roi__R1__iqr__CE,,
dummy,3,2,psd__absolute_power__delta__roi__R1__iqr__CE_minus_OE,,
dummy,3,2,psd__absolute_power__delta__roi__R1__iqr__OE,,
dummy,3,2,psd__absolute_power__delta__roi__R1__median__CE,,
dummy,3,2,psd__absolute_power__delta__roi__R1__median__CE_minus_OE,,
dummy,3,2,psd__absolute_power__delta__roi__R1__median__OE,,
dummy,3,2,psd__absolute_power__delta__roi__R2__iqr__CE,,
dummy,3,2,psd__absolute_power__delta__roi__R2__iqr__CE_minus_OE,,
dummy,3,2,psd__absolute_power__delta__roi__R2__iqr__OE,,
dummy,3,2,psd__absolute_power__delta__roi__R2__median__CE,,
dummy,3,2,psd__absolute_power__delta__roi__R2__median__CE_minus_OE,,
dummy,3,2,psd__absolute_power__delta__roi__R2__median__OE,,
dummy,3,2,psd__absolute_power__delta__roi__R3__iqr__CE,,
dummy,3,2,psd__absolute_power__delta__roi__R3__iqr__CE_minus_OE,,
dummy,3,2,psd__absolute_power__delta__roi__R3__iqr__OE,,
dummy,3,2,psd__absolute_power__delta__roi__R3__median__CE,,
dummy,3,2,psd__absolute_power__delta__roi__R3__median__CE_minus_OE,,
dummy,3,2,psd__absolute_power__delta__roi__R3__median__OE,,
dummy,3,2,psd__absolute_power__delta__roi__R4__iqr__CE,,
dummy,3,2,psd__absolute_power__delta__roi__R4__iqr__CE_minus_OE,,
dummy,3,2,psd__absolute_power__delta__roi__R4__iqr__OE,,
dummy,3,2,psd__absolute_power__delta__roi__R4__median__CE,,
dummy,3,2,psd__absolute_power__delta__roi__R4__median__CE_minus_OE,,
dummy,3,2,psd__absolute_power__delta__roi__R4__median__OE,,
dummy,3,2,psd__absolute_power__delta__roi__R5__iqr__CE,,
dummy,3,2,psd__absolute_power__delta__roi__R5__iqr__CE_minus_OE,,
dummy,3,2,psd__absolute_power__delta__roi__R5__iqr__OE,,
dummy,3,2,psd__absolute_power__delta__roi__R5__median__CE,,
dummy,3,2,psd__absolute_power__delta__roi__R5__median__CE_minus_OE,,
dummy,3,2,psd__absolute_power__delta__roi__R5__median__OE,,
dummy,3,2,psd__absolute_power__delta__roi__R6__iqr__CE,,
dummy,3,2,psd__absolute_power__delta__roi__R6__iqr__CE_minus_OE,,
dummy,3,2,psd__absolute_power__delta__roi__R6__iqr__OE,,
dummy,3,2,psd__absolute_power__delta__roi__R6__median__CE,,
dummy,3,2,psd__absolute_power__delta__roi__R6__median__CE_minus_OE,,
dummy,3,2,psd__absolute_power__delta__roi__R6__median__OE,,
dummy,3,2,psd__absolute_power__gamma__roi__R1__iqr__CE,,
dummy,3,2,psd__absolute_power__gamma__roi__R1__iqr__CE_minus_OE,,
dummy,3,2,psd__absolute_power__gamma__roi__R1__iqr__OE,,
dummy,3,2,psd__absolute_power__gamma__roi__R1__median__CE,,
dummy,3,2,psd__absolute_power__gamma__roi__R1__median__CE_minus_OE,,
dummy,3,2,psd__absolute_power__gamma__roi__R1__median__OE,,
dummy,3,2,psd__absolute_power__gamma__roi__R2__iqr__CE,,
dummy,3,2,psd__absolute_power__gamma__roi__R2__iqr__CE_minus_OE,,
dummy,3,2,psd__absolute_power__gamma__roi__R2__iqr__OE,,
dummy,3,2,psd__absolute_power__gamma__roi__R2__median__CE,,
dummy,3,2,psd__absolute_power__gamma__roi__R2__median__CE_minus_OE,,
dummy,3,2,psd__absolute_power__gamma__roi__R2__median__OE,,
dummy,3,2,psd__absolute_power__gamma__roi__R3__iqr__CE,,
dummy,3,2,psd__absolute_power__gamma__roi__R3__iqr__CE_minus_OE,,
dummy,3,2,psd__absolute_power__gamma__roi__R3__iqr__OE,,
dummy,3,2,psd__absolute_power__gamma__roi__R3__median__CE,,
dummy,3,2,psd__absolute_power__gamma__roi__R3__median__CE_minus_OE,,
dummy,3,2,psd__absolute_power__gamma__roi__R3__median__OE,,
dummy,3,2,psd__absolute_power__gamma__roi__R4__iqr__CE,,
dummy,3,2,psd__absolute_power__gamma__roi__R4__iqr__CE_minus_OE,,
dummy,3,2,psd__absolute_power__gamma__roi__R4__iqr__OE,,
dummy,3,2,psd__absolute_power__gamma__roi__R4__median__CE,,
dummy,3,2,psd__absolute_power__gamma__roi__R4__median__CE_minus_OE,,
dummy,3,2,psd__absolute_power__gamma__roi__R4__median__OE,,
dummy,3,2,psd__absolute_power__gamma__roi__R5__iqr__CE,,
dummy,3,2,psd__absolute_power__gamma__roi__R5__iqr__CE_minus_OE,,
dummy,3,2,psd__absolute_power__gamma__roi__R5__iqr__OE,,
dummy,3,2,psd__absolute_power__gamma__roi__R5__median__CE,,
dummy,3,2,psd__absolute_power__gamma__roi__R5__median__CE_minus_OE,,
dummy,3,2,psd__absolute_power__gamma__roi__R5__median__OE,,
dummy,3,2,psd__absolute_power__gamma__roi__R6__iqr__CE,,
dummy,3,2,psd__absolute_power__gamma__roi__R6__iqr__CE_minus_OE,,
dummy,3,2,psd__absolute_power__gamma__roi__R6__iqr__OE,,
dummy,3,2,psd__absolute_power__gamma__roi__R6__median__CE,,
dummy,3,2,psd__absolute_power__gamma__roi__R6__median__CE_minus_OE,,
dummy,3,2,psd__absolute_power__gamma__roi__R6__median__OE,,
dummy,3,2,psd__absolute_power__theta__roi__R1__iqr__CE,,
dummy,3,2,psd__absolute_power__theta__roi__R1__iqr__CE_minus_OE,,
dummy,3,2,psd__absolute_power__theta__roi__R1__iqr__OE,,
dummy,3,2,psd__absolute_power__theta__roi__R1__median__CE,,
dummy,3,2,psd__absolute_power__theta__roi__R1__median__CE_minus_OE,,
dummy,3,2,psd__absolute_power__theta__roi__R1__median__OE,,
dummy,3,2,psd__absolute_power__theta__roi__R2__iqr__CE,,
dummy,3,2,psd__absolute_power__theta__roi__R2__iqr__CE_minus_OE,,
dummy,3,2,psd__absolute_power__theta__roi__R2__iqr__OE,,
dummy,3,2,psd__absolute_power__theta__roi__R2__median__CE,,
dummy,3,2,psd__absolute_power__theta__roi__R2__median__CE_minus_OE,,
dummy,3,2,psd__absolute_power__theta__roi__R2__median__OE,,
dummy,3,2,psd__absolute_power__theta__roi__R3__iqr__CE,,
dummy,3,2,psd__absolute_power__theta__roi__R3__iqr__CE_minus_OE,,
dummy,3,2,psd__absolute_power__theta__roi__R3__iqr__OE,,
dummy,3,2,psd__absolute_power__theta__roi__R3__median__CE,,
dummy,3,2,psd__absolute_power__theta__roi__R3__median__CE_minus_OE,,
dummy,3,2,psd__absolute_power__theta__roi__R3__median__OE,,
dummy,3,2,psd__absolute_power__theta__roi__R4__iqr__CE,,
dummy,3,2,psd__absolute_power__theta__roi__R4__iqr__CE_minus_OE,,
dummy,3,2,psd__absolute_power__theta__roi__R4__iqr__OE,,
dummy,3,2,psd__absolute_power__theta__roi__R4__median__CE,,
dummy,3,2,psd__absolute_power__theta__roi__R4__median__CE_minus_OE,,
dummy,3,2,psd__absolute_power__theta__roi__R4__median__OE,,
dummy,3,2,psd__absolute_power__theta__roi__R5__iqr__CE,,
dummy,3,2,psd__absolute_power__theta__roi__R5__iqr__CE_minus_OE,,
dummy,3,2,psd__absolute_power__theta__roi__R5__iqr__OE,,
dummy,3,2,psd__absolute_power__theta__roi__R5__median__CE,,
dummy,3,2,psd__absolute_power__theta__roi__R5__median__CE_minus_OE,,
dummy,3,2,psd__absolute_power__theta__roi__R5__median__OE,,
dummy,3,2,psd__absolute_power__theta__roi__R6__iqr__CE,,
dummy,3,2,psd__absolute_power__theta__roi__R6__iqr__CE_minus_OE,,
dummy,3,2,psd__absolute_power__theta__roi__R6__iqr__OE,,
dummy,3,2,psd__absolute_power__theta__roi__R6__median__CE,,
dummy,3,2,psd__absolute_power__theta__roi__R6__median__CE_minus_OE,,
dummy,3,2,psd__absolute_power__theta__roi__R6__median__OE,,
dummy,3,2,psd__delta_alpha_ratio__derived__roi__R1__iqr__CE,,
dummy,3,2,psd__delta_alpha_ratio__derived__roi__R1__iqr__CE_minus_OE,,
dummy,3,2,psd__delta_alpha_ratio__derived__roi__R1__iqr__OE,,
dummy,3,2,psd__delta_alpha_ratio__derived__roi__R1__median__CE,,
dummy,3,2,psd__delta_alpha_ratio__derived__roi__R1__median__CE_minus_OE,,
dummy,3,2,psd__delta_alpha_ratio__derived__roi__R1__median__OE,,
dummy,3,2,psd__delta_alpha_ratio__derived__roi__R2__iqr__CE,,
dummy,3,2,psd__delta_alpha_ratio__derived__roi__R2__iqr__CE_minus_OE,,
dummy,3,2,psd__delta_alpha_ratio__derived__roi__R2__iqr__OE,,
dummy,3,2,psd__delta_alpha_ratio__derived__roi__R2__median__CE,,
dummy,3,2,psd__delta_alpha_ratio__derived__roi__R2__median__CE_minus_OE,,
dummy,3,2,psd__delta_alpha_ratio__derived__roi__R2__median__OE,,
dummy,3,2,psd__delta_alpha_ratio__derived__roi__R3__iqr__CE,,
dummy,3,2,psd__delta_alpha_ratio__derived__roi__R3__iqr__CE_minus_OE,,
dummy,3,2,psd__delta_alpha_ratio__derived__roi__R3__iqr__OE,,
dummy,3,2,psd__delta_alpha_ratio__derived__roi__R3__median__CE,,
dummy,3,2,psd__delta_alpha_ratio__derived__roi__R3__median__CE_minus_OE,,
dummy,3,2,psd__delta_alpha_ratio__derived__roi__R3__median__OE,,
dummy,3,2,psd__delta_alpha_ratio__derived__roi__R4__iqr__CE,,
dummy,3,2,psd__delta_alpha_ratio__derived__roi__R4__iqr__CE_minus_OE,,
dummy,3,2,psd__delta_alpha_ratio__derived__roi__R4__iqr__OE,,
dummy,3,2,psd__delta_alpha_ratio__derived__roi__R4__median__CE,,
dummy,3,2,psd__delta_alpha_ratio__derived__roi__R4__median__CE_minus_OE,,
dummy,3,2,psd__delta_alpha_ratio__derived__roi__R4__median__OE,,
dummy,3,2,psd__delta_alpha_ratio__derived__roi__R5__iqr__CE,,
dummy,3,2,psd__delta_alpha_ratio__derived__roi__R5__iqr__CE_minus_OE,,
dummy,3,2,psd__delta_alpha_ratio__derived__roi__R5__iqr__OE,,
dummy,3,2,psd__delta_alpha_ratio__derived__roi__R5__median__CE,,
dummy,3,2,psd__delta_alpha_ratio__derived__roi__R5__median__CE_minus_OE,,
dummy,3,2,psd__delta_alpha_ratio__derived__roi__R5__median__OE,,
dummy,3,2,psd__delta_alpha_ratio__derived__roi__R6__iqr__CE,,
dummy,3,2,psd__delta_alpha_ratio__derived__roi__R6__iqr__CE_minus_OE,,
dummy,3,2,psd__delta_alpha_ratio__derived__roi__R6__iqr__OE,,
dummy,3,2,psd__delta_alpha_ratio__derived__roi__R6__median__CE,,
dummy,3,2,psd__delta_alpha_ratio__derived__roi__R6__median__CE_minus_OE,,
dummy,3,2,psd__delta_alpha_ratio__derived__roi__R6__median__OE,,
dummy,3,2,psd__relative_power__alpha__roi__R1__iqr__CE,,
dummy,3,2,psd__relative_power__alpha__roi__R1__iqr__CE_minus_OE,,
dummy,3,2,psd__relative_power__alpha__roi__R1__iqr__OE,,
dummy,3,2,psd__relative_power__alpha__roi__R1__median__CE,,
dummy,3,2,psd__relative_power__alpha__roi__R1__median__CE_minus_OE,,
dummy,3,2,psd__relative_power__alpha__roi__R1__median__OE,,
dummy,3,2,psd__relative_power__alpha__roi__R2__iqr__CE,,
dummy,3,2,psd__relative_power__alpha__roi__R2__iqr__CE_minus_OE,,
dummy,3,2,psd__relative_power__alpha__roi__R2__iqr__OE,,
dummy,3,2,psd__relative_power__alpha__roi__R2__median__CE,,
dummy,3,2,psd__relative_power__alpha__roi__R2__median__CE_minus_OE,,
dummy,3,2,psd__relative_power__alpha__roi__R2__median__OE,,
dummy,3,2,psd__relative_power__alpha__roi__R3__iqr__CE,,
dummy,3,2,psd__relative_power__alpha__roi__R3__iqr__CE_minus_OE,,
dummy,3,2,psd__relative_power__alpha__roi__R3__iqr__OE,,
dummy,3,2,psd__relative_power__alpha__roi__R3__median__CE,,
dummy,3,2,psd__relative_power__alpha__roi__R3__median__CE_minus_OE,,
dummy,3,2,psd__relative_power__alpha__roi__R3__median__OE,,
dummy,3,2,psd__relative_power__alpha__roi__R4__iqr__CE,,
dummy,3,2,psd__relative_power__alpha__roi__R4__iqr__CE_minus_OE,,
dummy,3,2,psd__relative_power__alpha__roi__R4__iqr__OE,,
dummy,3,2,psd__relative_power__alpha__roi__R4__median__CE,,
dummy,3,2,psd__relative_power__alpha__roi__R4__median__CE_minus_OE,,
dummy,3,2,psd__relative_power__alpha__roi__R4__median__OE,,
dummy,3,2,psd__relative_power__alpha__roi__R5__iqr__CE,,
dummy,3,2,psd__relative_power__alpha__roi__R5__iqr__CE_minus_OE,,
dummy,3,2,psd__relative_power__alpha__roi__R5__iqr__OE,,
dummy,3,2,psd__relative_power__alpha__roi__R5__median__CE,,
dummy,3,2,psd__relative_power__alpha__roi__R5__median__CE_minus_OE,,
dummy,3,2,psd__relative_power__alpha__roi__R5__median__OE,,
dummy,3,2,psd__relative_power__alpha__roi__R6__iqr__CE,,
dummy,3,2,psd__relative_power__alpha__roi__R6__iqr__CE_minus_OE,,
dummy,3,2,psd__relative_power__alpha__roi__R6__iqr__OE,,
dummy,3,2,psd__relative_power__alpha__roi__R6__median__CE,,
dummy,3,2,psd__relative_power__alpha__roi__R6__median__CE_minus_OE,,
dummy,3,2,psd__relative_power__alpha__roi__R6__median__OE,,
dummy,3,2,psd__relative_power__beta__roi__R1__iqr__CE,,
dummy,3,2,psd__relative_power__beta__roi__R1__iqr__CE_minus_OE,,
dummy,3,2,psd__relative_power__beta__roi__R1__iqr__OE,,
dummy,3,2,psd__relative_power__beta__roi__R1__median__CE,,
dummy,3,2,psd__relative_power__beta__roi__R1__median__CE_minus_OE,,
dummy,3,2,psd__relative_power__beta__roi__R1__median__OE,,
dummy,3,2,psd__relative_power__beta__roi__R2__iqr__CE,,
dummy,3,2,psd__relative_power__beta__roi__R2__iqr__CE_minus_OE,,
dummy,3,2,psd__relative_power__beta__roi__R2__iqr__OE,,
dummy,3,2,psd__relative_power__beta__roi__R2__median__CE,,
dummy,3,2,psd__relative_power__beta__roi__R2__median__CE_minus_OE,,
dummy,3,2,psd__relative_power__beta__roi__R2__median__OE,,
dummy,3,2,psd__relative_power__beta__roi__R3__iqr__CE,,
dummy,3,2,psd__relative_power__beta__roi__R3__iqr__CE_minus_OE,,
dummy,3,2,psd__relative_power__beta__roi__R3__iqr__OE,,
dummy,3,2,psd__relative_power__beta__roi__R3__median__CE,,
dummy,3,2,psd__relative_power__beta__roi__R3__median__CE_minus_OE,,
dummy,3,2,psd__relative_power__beta__roi__R3__median__OE,,
dummy,3,2,psd__relative_power__beta__roi__R4__iqr__CE,,
dummy,3,2,psd__relative_power__beta__roi__R4__iqr__CE_minus_OE,,
dummy,3,2,psd__relative_power__beta__roi__R4__iqr__OE,,
dummy,3,2,psd__relative_power__beta__roi__R4__median__CE,,
dummy,3,2,psd__relative_power__beta__roi__R4__median__CE_minus_OE,,
dummy,3,2,psd__relative_power__beta__roi__R4__median__OE,,
dummy,3,2,psd__relative_power__beta__roi__R5__iqr__CE,,
dummy,3,2,psd__relative_power__beta__roi__R5__iqr__CE_minus_OE,,
dummy,3,2,psd__relative_power__beta__roi__R5__iqr__OE,,
dummy,3,2,psd__relative_power__beta__roi__R5__median__CE,,
dummy,3,2,psd__relative_power__beta__roi__R5__median__CE_minus_OE,,
dummy,3,2,psd__relative_power__beta__roi__R5__median__OE,,
dummy,3,2,psd__relative_power__beta__roi__R6__iqr__CE,,
dummy,3,2,psd__relative_power__beta__roi__R6__iqr__CE_minus_OE,,
dummy,3,2,psd__relative_power__beta__roi__R6__iqr__OE,,
dummy,3,2,psd__relative_power__beta__roi__R6__median__CE,,
dummy,3,2,psd__relative_power__beta__roi__R6__median__CE_minus_OE,,
dummy,3,2,psd__relative_power__beta__roi__R6__median__OE,,
dummy,3,2,psd__relative_power__delta__roi__R1__iqr__CE,,
dummy,3,2,psd__relative_power__delta__roi__R1__iqr__CE_minus_OE,,
dummy,3,2,psd__relative_power__delta__roi__R1__iqr__OE,,
dummy,3,2,psd__relative_power__delta__roi__R1__median__CE,,
dummy,3,2,psd__relative_power__delta__roi__R1__median__CE_minus_OE,,
dummy,3,2,psd__relative_power__delta__roi__R1__median__OE,,
dummy,3,2,psd__relative_power__delta__roi__R2__iqr__CE,,
dummy,3,2,psd__relative_power__delta__roi__R2__iqr__CE_minus_OE,,
dummy,3,2,psd__relative_power__delta__roi__R2__iqr__OE,,
dummy,3,2,psd__relative_power__delta__roi__R2__median__CE,,
dummy,3,2,psd__relative_power__delta__roi__R2__median__CE_minus_OE,,
dummy,3,2,psd__relative_power__delta__roi__R2__median__OE,,
dummy,3,2,psd__relative_power__delta__roi__R3__iqr__CE,,
dummy,3,2,psd__relative_power__delta__roi__R3__iqr__CE_minus_OE,,
dummy,3,2,psd__relative_power__delta__roi__R3__iqr__OE,,
dummy,3,2,psd__relative_power__delta__roi__R3__median__CE,,
dummy,3,2,psd__relative_power__delta__roi__R3__median__CE_minus_OE,,
dummy,3,2,psd__relative_power__delta__roi__R3__median__OE,,
dummy,3,2,psd__relative_power__delta__roi__R4__iqr__CE,,
dummy,3,2,psd__relative_power__delta__roi__R4__iqr__CE_minus_OE,,
dummy,3,2,psd__relative_power__delta__roi__R4__iqr__OE,,
dummy,3,2,psd__relative_power__delta__roi__R4__median__CE,,
dummy,3,2,psd__relative_power__delta__roi__R4__median__CE_minus_OE,,
dummy,3,2,psd__relative_power__delta__roi__R4__median__OE,,
dummy,3,2,psd__relative_power__delta__roi__R5__iqr__CE,,
dummy,3,2,psd__relative_power__delta__roi__R5__iqr__CE_minus_OE,,
dummy,3,2,psd__relative_power__delta__roi__R5__iqr__OE,,
dummy,3,2,psd__relative_power__delta__roi__R5__median__CE,,
dummy,3,2,psd__relative_power__delta__roi__R5__median__CE_minus_OE,,
dummy,3,2,psd__relative_power__delta__roi__R5__median__OE,,
dummy,3,2,psd__relative_power__delta__roi__R6__iqr__CE,,
dummy,3,2,psd__relative_power__delta__roi__R6__iqr__CE_minus_OE,,
dummy,3,2,psd__relative_power__delta__roi__R6__iqr__OE,,
dummy,3,2,psd__relative_power__delta__roi__R6__median__CE,,
dummy,3,2,psd__relative_power__delta__roi__R6__median__CE_minus_OE,,
dummy,3,2,psd__relative_power__delta__roi__R6__median__OE,,
dummy,3,2,psd__relative_power__gamma__roi__R1__iqr__CE,,
dummy,3,2,psd__relative_power__gamma__roi__R1__iqr__CE_minus_OE,,
dummy,3,2,psd__relative_power__gamma__roi__R1__iqr__OE,,
dummy,3,2,psd__relative_power__gamma__roi__R1__median__CE,,
dummy,3,2,psd__relative_power__gamma__roi__R1__median__CE_minus_OE,,
dummy,3,2,psd__relative_power__gamma__roi__R1__median__OE,,
dummy,3,2,psd__relative_power__gamma__roi__R2__iqr__CE,,
dummy,3,2,psd__relative_power__gamma__roi__R2__iqr__CE_minus_OE,,
dummy,3,2,psd__relative_power__gamma__roi__R2__iqr__OE,,
dummy,3,2,psd__relative_power__gamma__roi__R2__median__CE,,
dummy,3,2,psd__relative_power__gamma__roi__R2__median__CE_minus_OE,,
dummy,3,2,psd__relative_power__gamma__roi__R2__median__OE,,
dummy,3,2,psd__relative_power__gamma__roi__R3__iqr__CE,,
dummy,3,2,psd__relative_power__gamma__roi__R3__iqr__CE_minus_OE,,
dummy,3,2,psd__relative_power__gamma__roi__R3__iqr__OE,,
dummy,3,2,psd__relative_power__gamma__roi__R3__median__CE,,
dummy,3,2,psd__relative_power__gamma__roi__R3__median__CE_minus_OE,,
dummy,3,2,psd__relative_power__gamma__roi__R3__median__OE,,
dummy,3,2,psd__relative_power__gamma__roi__R4__iqr__CE,,
dummy,3,2,psd__relative_power__gamma__roi__R4__iqr__CE_minus_OE,,
dummy,3,2,psd__relative_power__gamma__roi__R4__iqr__OE,,
dummy,3,2,psd__relative_power__gamma__roi__R4__median__CE,,
dummy,3,2,psd__relative_power__gamma__roi__R4__median__CE_minus_OE,,
dummy,3,2,psd__relative_power__gamma__roi__R4__median__OE,,
dummy,3,2,psd__relative_power__gamma__roi__R5__iqr__CE,,
dummy,3,2,psd__relative_power__gamma__roi__R5__iqr__CE_minus_OE,,
dummy,3,2,psd__relative_power__gamma__roi__R5__iqr__OE,,
dummy,3,2,psd__relative_power__gamma__roi__R5__median__CE,,
dummy,3,2,psd__relative_power__gamma__roi__R5__median__CE_minus_OE,,
dummy,3,2,psd__relative_power__gamma__roi__R5__median__OE,,
dummy,3,2,psd__relative_power__gamma__roi__R6__iqr__CE,,
dummy,3,2,psd__relative_power__gamma__roi__R6__iqr__CE_minus_OE,,
dummy,3,2,psd__relative_power__gamma__roi__R6__iqr__OE,,
dummy,3,2,psd__relative_power__gamma__roi__R6__median__CE,,
dummy,3,2,psd__relative_power__gamma__roi__R6__median__CE_minus_OE,,
dummy,3,2,psd__relative_power__gamma__roi__R6__median__OE,,
dummy,3,2,psd__relative_power__theta__roi__R1__iqr__CE,,
dummy,3,2,psd__relative_power__theta__roi__R1__iqr__CE_minus_OE,,
dummy,3,2,psd__relative_power__theta__roi__R1__iqr__OE,,
dummy,3,2,psd__relative_power__theta__roi__R1__median__CE,,
dummy,3,2,psd__relative_power__theta__roi__R1__median__CE_minus_OE,,
dummy,3,2,psd__relative_power__theta__roi__R1__median__OE,,
dummy,3,2,psd__relative_power__theta__roi__R2__iqr__CE,,
dummy,3,2,psd__relative_power__theta__roi__R2__iqr__CE_minus_OE,,
dummy,3,2,psd__relative_power__theta__roi__R2__iqr__OE,,
dummy,3,2,psd__relative_power__theta__roi__R2__median__CE,,
dummy,3,2,psd__relative_power__theta__roi__R2__median__CE_minus_OE,,
dummy,3,2,psd__relative_power__theta__roi__R2__median__OE,,
dummy,3,2,psd__relative_power__theta__roi__R3__iqr__CE,,
dummy,3,2,psd__relative_power__theta__roi__R3__iqr__CE_minus_OE,,
dummy,3,2,psd__relative_power__theta__roi__R3__iqr__OE,,
dummy,3,2,psd__relative_power__theta__roi__R3__median__CE,,
dummy,3,2,psd__relative_power__theta__roi__R3__median__CE_minus_OE,,
dummy,3,2,psd__relative_power__theta__roi__R3__median__OE,,
dummy,3,2,psd__relative_power__theta__roi__R4__iqr__CE,,
dummy,3,2,psd__relative_power__theta__roi__R4__iqr__CE_minus_OE,,
dummy,3,2,psd__relative_power__theta__roi__R4__iqr__OE,,
dummy,3,2,psd__relative_power__theta__roi__R4__median__CE,,
dummy,3,2,psd__relative_power__theta__roi__R4__median__CE_minus_OE,,
dummy,3,2,psd__relative_power__theta__roi__R4__median__OE,,
dummy,3,2,psd__relative_power__theta__roi__R5__iqr__CE,,
dummy,3,2,psd__relative_power__theta__roi__R5__iqr__CE_minus_OE,,
dummy,3,2,psd__relative_power__theta__roi__R5__iqr__OE,,
dummy,3,2,psd__relative_power__theta__roi__R5__median__CE,,
dummy,3,2,psd__relative_power__theta__roi__R5__median__CE_minus_OE,,
dummy,3,2,psd__relative_power__theta__roi__R5__median__OE,,
dummy,3,2,psd__relative_power__theta__roi__R6__iqr__CE,,
dummy,3,2,psd__relative_power__theta__roi__R6__iqr__CE_minus_OE,,
dummy,3,2,psd__relative_power__theta__roi__R6__iqr__OE,,
dummy,3,2,psd__relative_power__theta__roi__R6__median__CE,,
dummy,3,2,psd__relative_power__theta__roi__R6__median__CE_minus_OE,,
dummy,3,2,psd__relative_power__theta__roi__R6__median__OE,,
dummy,3,2,psd__sfr__derived__roi__R1__iqr__CE,,
dummy,3,2,psd__sfr__derived__roi__R1__iqr__CE_minus_OE,,
dummy,3,2,psd__sfr__derived__roi__R1__iqr__OE,,
dummy,3,2,psd__sfr__derived__roi__R1__median__CE,,
dummy,3,2,psd__sfr__derived__roi__R1__median__CE_minus_OE,,
dummy,3,2,psd__sfr__derived__roi__R1__median__OE,,
dummy,3,2,psd__sfr__derived__roi__R2__iqr__CE,,
dummy,3,2,psd__sfr__derived__roi__R2__iqr__CE_minus_OE,,
dummy,3,2,psd__sfr__derived__roi__R2__iqr__OE,,
dummy,3,2,psd__sfr__derived__roi__R2__median__CE,,
dummy,3,2,psd__sfr__derived__roi__R2__median__CE_minus_OE,,
dummy,3,2,psd__sfr__derived__roi__R2__median__OE,,
dummy,3,2,psd__sfr__derived__roi__R3__iqr__CE,,
dummy,3,2,psd__sfr__derived__roi__R3__iqr__CE_minus_OE,,
dummy,3,2,psd__sfr__derived__roi__R3__iqr__OE,,
dummy,3,2,psd__sfr__derived__roi__R3__median__CE,,
dummy,3,2,psd__sfr__derived__roi__R3__median__CE_minus_OE,,
dummy,3,2,psd__sfr__derived__roi__R3__median__OE,,
dummy,3,2,psd__sfr__derived__roi__R4__iqr__CE,,
dummy,3,2,psd__sfr__derived__roi__R4__iqr__CE_minus_OE,,
dummy,3,2,psd__sfr__derived__roi__R4__iqr__OE,,
dummy,3,2,psd__sfr__derived__roi__R4__median__CE,,
dummy,3,2,psd__sfr__derived__roi__R4__median__CE_minus_OE,,
dummy,3,2,psd__sfr__derived__roi__R4__median__OE,,
dummy,3,2,psd__sfr__derived__roi__R5__iqr__CE,,
dummy,3,2,psd__sfr__derived__roi__R5__iqr__CE_minus_OE,,
dummy,3,2,psd__sfr__derived__roi__R5__iqr__OE,,
dummy,3,2,psd__sfr__derived__roi__R5__median__CE,,
dummy,3,2,psd__sfr__derived__roi__R5__median__CE_minus_OE,,
dummy,3,2,psd__sfr__derived__roi__R5__median__OE,,
dummy,3,2,psd__sfr__derived__roi__R6__iqr__CE,,
dummy,3,2,psd__sfr__derived__roi__R6__iqr__CE_minus_OE,,
dummy,3,2,psd__sfr__derived__roi__R6__iqr__OE,,
dummy,3,2,psd__sfr__derived__roi__R6__median__CE,,
dummy,3,2,psd__sfr__derived__roi__R6__median__CE_minus_OE,,
dummy,3,2,psd__sfr__derived__roi__R6__median__OE,,
dummy,3,2,psd__theta_alpha_ratio__derived__roi__R1__iqr__CE,,
dummy,3,2,psd__theta_alpha_ratio__derived__roi__R1__iqr__CE_minus_OE,,
dummy,3,2,psd__theta_alpha_ratio__derived__roi__R1__iqr__OE,,
dummy,3,2,psd__theta_alpha_ratio__derived__roi__R1__median__CE,,
dummy,3,2,psd__theta_alpha_ratio__derived__roi__R1__median__CE_minus_OE,,
dummy,3,2,psd__theta_alpha_ratio__derived__roi__R1__median__OE,,
dummy,3,2,psd__theta_alpha_ratio__derived__roi__R2__iqr__CE,,
dummy,3,2,psd__theta_alpha_ratio__derived__roi__R2__iqr__CE_minus_OE,,
dummy,3,2,psd__theta_alpha_ratio__derived__roi__R2__iqr__OE,,
dummy,3,2,psd__theta_alpha_ratio__derived__roi__R2__median__CE,,
dummy,3,2,psd__theta_alpha_ratio__derived__roi__R2__median__CE_minus_OE,,
dummy,3,2,psd__theta_alpha_ratio__derived__roi__R2__median__OE,,
dummy,3,2,psd__theta_alpha_ratio__derived__roi__R3__iqr__CE,,
dummy,3,2,psd__theta_alpha_ratio__derived__roi__R3__iqr__CE_minus_OE,,
dummy,3,2,psd__theta_alpha_ratio__derived__roi__R3__iqr__OE,,
dummy,3,2,psd__theta_alpha_ratio__derived__roi__R3__median__CE,,
dummy,3,2,psd__theta_alpha_ratio__derived__roi__R3__median__CE_minus_OE,,
dummy,3,2,psd__theta_alpha_ratio__derived__roi__R3__median__OE,,
dummy,3,2,psd__theta_alpha_ratio__derived__roi__R4__iqr__CE,,
dummy,3,2,psd__theta_alpha_ratio__derived__roi__R4__iqr__CE_minus_OE,,
dummy,3,2,psd__theta_alpha_ratio__derived__roi__R4__iqr__OE,,
dummy,3,2,psd__theta_alpha_ratio__derived__roi__R4__median__CE,,
dummy,3,2,psd__theta_alpha_ratio__derived__roi__R4__median__CE_minus_OE,,
dummy,3,2,psd__theta_alpha_ratio__derived__roi__R4__median__OE,,
dummy,3,2,psd__theta_alpha_ratio__derived__roi__R5__iqr__CE,,
dummy,3,2,psd__theta_alpha_ratio__derived__roi__R5__iqr__CE_minus_OE,,
dummy,3,2,psd__theta_alpha_ratio__derived__roi__R5__iqr__OE,,
dummy,3,2,psd__theta_alpha_ratio__derived__roi__R5__median__CE,,
dummy,3,2,psd__theta_alpha_ratio__derived__roi__R5__median__CE_minus_OE,,
dummy,3,2,psd__theta_alpha_ratio__derived__roi__R5__median__OE,,
dummy,3,2,psd__theta_alpha_ratio__derived__roi__R6__iqr__CE,,
dummy,3,2,psd__theta_alpha_ratio__derived__roi__R6__iqr__CE_minus_OE,,
dummy,3,2,psd__theta_alpha_ratio__derived__roi__R6__iqr__OE,,
dummy,3,2,psd__theta_alpha_ratio__derived__roi__R6__median__CE,,
dummy,3,2,psd__theta_alpha_ratio__derived__roi__R6__median__CE_minus_OE,,
dummy,3,2,psd__theta_alpha_ratio__derived__roi__R6__median__OE,,
dummy,3,3,complexity__spectral_entropy__broadband__roi__R1__iqr__CE,,
dummy,3,3,complexity__spectral_entropy__broadband__roi__R1__iqr__CE_minus_OE,,
dummy,3,3,complexity__spectral_entropy__broadband__roi__R1__iqr__OE,,
dummy,3,3,complexity__spectral_entropy__broadband__roi__R1__median__CE,,
dummy,3,3,complexity__spectral_entropy__broadband__roi__R1__median__CE_minus_OE,,
dummy,3,3,complexity__spectral_entropy__broadband__roi__R1__median__OE,,
dummy,3,3,complexity__spectral_entropy__broadband__roi__R2__iqr__CE,,
dummy,3,3,complexity__spectral_entropy__broadband__roi__R2__iqr__CE_minus_OE,,
dummy,3,3,complexity__spectral_entropy__broadband__roi__R2__iqr__OE,,
dummy,3,3,complexity__spectral_entropy__broadband__roi__R2__median__CE,,
dummy,3,3,complexity__spectral_entropy__broadband__roi__R2__median__CE_minus_OE,,
dummy,3,3,complexity__spectral_entropy__broadband__roi__R2__median__OE,,
dummy,3,3,complexity__spectral_entropy__broadband__roi__R3__iqr__CE,,
dummy,3,3,complexity__spectral_entropy__broadband__roi__R3__iqr__CE_minus_OE,,
dummy,3,3,complexity__spectral_entropy__broadband__roi__R3__iqr__OE,,
dummy,3,3,complexity__spectral_entropy__broadband__roi__R3__median__CE,,
dummy,3,3,complexity__spectral_entropy__broadband__roi__R3__median__CE_minus_OE,,
dummy,3,3,complexity__spectral_entropy__broadband__roi__R3__median__OE,,
dummy,3,3,complexity__spectral_entropy__broadband__roi__R4__iqr__CE,,
dummy,3,3,complexity__spectral_entropy__broadband__roi__R4__iqr__CE_minus_OE,,
dummy,3,3,complexity__spectral_entropy__broadband__roi__R4__iqr__OE,,
dummy,3,3,complexity__spectral_entropy__broadband__roi__R4__median__CE,,
dummy,3,3,complexity__spectral_entropy__broadband__roi__R4__median__CE_minus_OE,,
dummy,3,3,complexity__spectral_entropy__broadband__roi__R4__median__OE,,
dummy,3,3,complexity__spectral_entropy__broadband__roi__R5__iqr__CE,,
dummy,3,3,complexity__spectral_entropy__broadband__roi__R5__iqr__CE_minus_OE,,
dummy,3,3,complexity__spectral_entropy__broadband__roi__R5__iqr__OE,,
dummy,3,3,complexity__spectral_entropy__broadband__roi__R5__median__CE,,
dummy,3,3,complexity__spectral_entropy__broadband__roi__R5__median__CE_minus_OE,,
dummy,3,3,complexity__spectral_entropy__broadband__roi__R5__median__OE,,
dummy,3,3,complexity__spectral_entropy__broadband__roi__R6__iqr__CE,,
dummy,3,3,complexity__spectral_entropy__broadband__roi__R6__iqr__CE_minus_OE,,
dummy,3,3,complexity__spectral_entropy__broadband__roi__R6__iqr__OE,,
dummy,3,3,complexity__spectral_entropy__broadband__roi__R6__median__CE,,
dummy,3,3,complexity__spectral_entropy__broadband__roi__R6__median__CE_minus_OE,,
dummy,3,3,complexity__spectral_entropy__broadband__roi__R6__median__OE,,
dummy,3,3,psd__absolute_power__alpha__roi__R1__iqr__CE,,
dummy,3,3,psd__absolute_power__alpha__roi__R1__iqr__CE_minus_OE,,
dummy,3,3,psd__absolute_power__alpha__roi__R1__iqr__OE,,
dummy,3,3,psd__absolute_power__alpha__roi__R1__median__CE,,
dummy,3,3,psd__absolute_power__alpha__roi__R1__median__CE_minus_OE,,
dummy,3,3,psd__absolute_power__alpha__roi__R1__median__OE,,
dummy,3,3,psd__absolute_power__alpha__roi__R2__iqr__CE,,
dummy,3,3,psd__absolute_power__alpha__roi__R2__iqr__CE_minus_OE,,
dummy,3,3,psd__absolute_power__alpha__roi__R2__iqr__OE,,
dummy,3,3,psd__absolute_power__alpha__roi__R2__median__CE,,
dummy,3,3,psd__absolute_power__alpha__roi__R2__median__CE_minus_OE,,
dummy,3,3,psd__absolute_power__alpha__roi__R2__median__OE,,
dummy,3,3,psd__absolute_power__alpha__roi__R3__iqr__CE,,
dummy,3,3,psd__absolute_power__alpha__roi__R3__iqr__CE_minus_OE,,
dummy,3,3,psd__absolute_power__alpha__roi__R3__iqr__OE,,
dummy,3,3,psd__absolute_power__alpha__roi__R3__median__CE,,
dummy,3,3,psd__absolute_power__alpha__roi__R3__median__CE_minus_OE,,
dummy,3,3,psd__absolute_power__alpha__roi__R3__median__OE,,
dummy,3,3,psd__absolute_power__alpha__roi__R4__iqr__CE,,
dummy,3,3,psd__absolute_power__alpha__roi__R4__iqr__CE_minus_OE,,
dummy,3,3,psd__absolute_power__alpha__roi__R4__iqr__OE,,
dummy,3,3,psd__absolute_power__alpha__roi__R4__median__CE,,
dummy,3,3,psd__absolute_power__alpha__roi__R4__median__CE_minus_OE,,
dummy,3,3,psd__absolute_power__alpha__roi__R4__median__OE,,
dummy,3,3,psd__absolute_power__alpha__roi__R5__iqr__CE,,
dummy,3,3,psd__absolute_power__alpha__roi__R5__iqr__CE_minus_OE,,
dummy,3,3,psd__absolute_power__alpha__roi__R5__iqr__OE,,
dummy,3,3,psd__absolute_power__alpha__roi__R5__median__CE,,
dummy,3,3,psd__absolute_power__alpha__roi__R5__median__CE_minus_OE,,
dummy,3,3,psd__absolute_power__alpha__roi__R5__median__OE,,
dummy,3,3,psd__absolute_power__alpha__roi__R6__iqr__CE,,
dummy,3,3,psd__absolute_power__alpha__roi__R6__iqr__CE_minus_OE,,
dummy,3,3,psd__absolute_power__alpha__roi__R6__iqr__OE,,
dummy,3,3,psd__absolute_power__alpha__roi__R6__median__CE,,
dummy,3,3,psd__absolute_power__alpha__roi__R6__median__CE_minus_OE,,
dummy,3,3,psd__absolute_power__alpha__roi__R6__median__OE,,
dummy,3,3,psd__absolute_power__beta__roi__R1__iqr__CE,,
dummy,3,3,psd__absolute_power__beta__roi__R1__iqr__CE_minus_OE,,
dummy,3,3,psd__absolute_power__beta__roi__R1__iqr__OE,,
dummy,3,3,psd__absolute_power__beta__roi__R1__median__CE,,
dummy,3,3,psd__absolute_power__beta__roi__R1__median__CE_minus_OE,,
dummy,3,3,psd__absolute_power__beta__roi__R1__median__OE,,
dummy,3,3,psd__absolute_power__beta__roi__R2__iqr__CE,,
dummy,3,3,psd__absolute_power__beta__roi__R2__iqr__CE_minus_OE,,
dummy,3,3,psd__absolute_power__beta__roi__R2__iqr__OE,,
dummy,3,3,psd__absolute_power__beta__roi__R2__median__CE,,
dummy,3,3,psd__absolute_power__beta__roi__R2__median__CE_minus_OE,,
dummy,3,3,psd__absolute_power__beta__roi__R2__median__OE,,
dummy,3,3,psd__absolute_power__beta__roi__R3__iqr__CE,,
dummy,3,3,psd__absolute_power__beta__roi__R3__iqr__CE_minus_OE,,
dummy,3,3,psd__absolute_power__beta__roi__R3__iqr__OE,,
dummy,3,3,psd__absolute_power__beta__roi__R3__median__CE,,
dummy,3,3,psd__absolute_power__beta__roi__R3__median__CE_minus_OE,,
dummy,3,3,psd__absolute_power__beta__roi__R3__median__OE,,
dummy,3,3,psd__absolute_power__beta__roi__R4__iqr__CE,,
dummy,3,3,psd__absolute_power__beta__roi__R4__iqr__CE_minus_OE,,
dummy,3,3,psd__absolute_power__beta__roi__R4__iqr__OE,,
dummy,3,3,psd__absolute_power__beta__roi__R4__median__CE,,
dummy,3,3,psd__absolute_power__beta__roi__R4__median__CE_minus_OE,,
dummy,3,3,psd__absolute_power__beta__roi__R4__median__OE,,
dummy,3,3,psd__absolute_power__beta__roi__R5__iqr__CE,,
dummy,3,3,psd__absolute_power__beta__roi__R5__iqr__CE_minus_OE,,
dummy,3,3,psd__absolute_power__beta__roi__R5__iqr__OE,,
dummy,3,3,psd__absolute_power__beta__roi__R5__median__CE,,
dummy,3,3,psd__absolute_power__beta__roi__R5__median__CE_minus_OE,,
dummy,3,3,psd__absolute_power__beta__roi__R5__median__OE,,
dummy,3,3,psd__absolute_power__beta__roi__R6__iqr__CE,,
dummy,3,3,psd__absolute_power__beta__roi__R6__iqr__CE_minus_OE,,
dummy,3,3,psd__absolute_power__beta__roi__R6__iqr__OE,,
dummy,3,3,psd__absolute_power__beta__roi__R6__median__CE,,
dummy,3,3,psd__absolute_power__beta__roi__R6__median__CE_minus_OE,,
dummy,3,3,psd__absolute_power__beta__roi__R6__median__OE,,
dummy,3,3,psd__absolute_power__delta__roi__R1__iqr__CE,,
dummy,3,3,psd__absolute_power__delta__roi__R1__iqr__CE_minus_OE,,
dummy,3,3,psd__absolute_power__delta__roi__R1__iqr__OE,,
dummy,3,3,psd__absolute_power__delta__roi__R1__median__CE,,
dummy,3,3,psd__absolute_power__delta__roi__R1__median__CE_minus_OE,,
dummy,3,3,psd__absolute_power__delta__roi__R1__median__OE,,
dummy,3,3,psd__absolute_power__delta__roi__R2__iqr__CE,,
dummy,3,3,psd__absolute_power__delta__roi__R2__iqr__CE_minus_OE,,
dummy,3,3,psd__absolute_power__delta__roi__R2__iqr__OE,,
dummy,3,3,psd__absolute_power__delta__roi__R2__median__CE,,
dummy,3,3,psd__absolute_power__delta__roi__R2__median__CE_minus_OE,,
dummy,3,3,psd__absolute_power__delta__roi__R2__median__OE,,
dummy,3,3,psd__absolute_power__delta__roi__R3__iqr__CE,,
dummy,3,3,psd__absolute_power__delta__roi__R3__iqr__CE_minus_OE,,
dummy,3,3,psd__absolute_power__delta__roi__R3__iqr__OE,,
dummy,3,3,psd__absolute_power__delta__roi__R3__median__CE,,
dummy,3,3,psd__absolute_power__delta__roi__R3__median__CE_minus_OE,,
dummy,3,3,psd__absolute_power__delta__roi__R3__median__OE,,
dummy,3,3,psd__absolute_power__delta__roi__R4__iqr__CE,,
dummy,3,3,psd__absolute_power__delta__roi__R4__iqr__CE_minus_OE,,
dummy,3,3,psd__absolute_power__delta__roi__R4__iqr__OE,,
dummy,3,3,psd__absolute_power__delta__roi__R4__median__CE,,
dummy,3,3,psd__absolute_power__delta__roi__R4__median__CE_minus_OE,,
dummy,3,3,psd__absolute_power__delta__roi__R4__median__OE,,
dummy,3,3,psd__absolute_power__delta__roi__R5__iqr__CE,,
dummy,3,3,psd__absolute_power__delta__roi__R5__iqr__CE_minus_OE,,
dummy,3,3,psd__absolute_power__delta__roi__R5__iqr__OE,,
dummy,3,3,psd__absolute_power__delta__roi__R5__median__CE,,
dummy,3,3,psd__absolute_power__delta__roi__R5__median__CE_minus_OE,,
dummy,3,3,psd__absolute_power__delta__roi__R5__median__OE,,
dummy,3,3,psd__absolute_power__delta__roi__R6__iqr__CE,,
dummy,3,3,psd__absolute_power__delta__roi__R6__iqr__CE_minus_OE,,
dummy,3,3,psd__absolute_power__delta__roi__R6__iqr__OE,,
dummy,3,3,psd__absolute_power__delta__roi__R6__median__CE,,
dummy,3,3,psd__absolute_power__delta__roi__R6__median__CE_minus_OE,,
dummy,3,3,psd__absolute_power__delta__roi__R6__median__OE,,
dummy,3,3,psd__absolute_power__gamma__roi__R1__iqr__CE,,
dummy,3,3,psd__absolute_power__gamma__roi__R1__iqr__CE_minus_OE,,
dummy,3,3,psd__absolute_power__gamma__roi__R1__iqr__OE,,
dummy,3,3,psd__absolute_power__gamma__roi__R1__median__CE,,
dummy,3,3,psd__absolute_power__gamma__roi__R1__median__CE_minus_OE,,
dummy,3,3,psd__absolute_power__gamma__roi__R1__median__OE,,
dummy,3,3,psd__absolute_power__gamma__roi__R2__iqr__CE,,
dummy,3,3,psd__absolute_power__gamma__roi__R2__iqr__CE_minus_OE,,
dummy,3,3,psd__absolute_power__gamma__roi__R2__iqr__OE,,
dummy,3,3,psd__absolute_power__gamma__roi__R2__median__CE,,
dummy,3,3,psd__absolute_power__gamma__roi__R2__median__CE_minus_OE,,
dummy,3,3,psd__absolute_power__gamma__roi__R2__median__OE,,
dummy,3,3,psd__absolute_power__gamma__roi__R3__iqr__CE,,
dummy,3,3,psd__absolute_power__gamma__roi__R3__iqr__CE_minus_OE,,
dummy,3,3,psd__absolute_power__gamma__roi__R3__iqr__OE,,
dummy,3,3,psd__absolute_power__gamma__roi__R3__median__CE,,
dummy,3,3,psd__absolute_power__gamma__roi__R3__median__CE_minus_OE,,
dummy,3,3,psd__absolute_power__gamma__roi__R3__median__OE,,
dummy,3,3,psd__absolute_power__gamma__roi__R4__iqr__CE,,
dummy,3,3,psd__absolute_power__gamma__roi__R4__iqr__CE_minus_OE,,
dummy,3,3,psd__absolute_power__gamma__roi__R4__iqr__OE,,
dummy,3,3,psd__absolute_power__gamma__roi__R4__median__CE,,
dummy,3,3,psd__absolute_power__gamma__roi__R4__median__CE_minus_OE,,
dummy,3,3,psd__absolute_power__gamma__roi__R4__median__OE,,
dummy,3,3,psd__absolute_power__gamma__roi__R5__iqr__CE,,
dummy,3,3,psd__absolute_power__gamma__roi__R5__iqr__CE_minus_OE,,
dummy,3,3,psd__absolute_power__gamma__roi__R5__iqr__OE,,
dummy,3,3,psd__absolute_power__gamma__roi__R5__median__CE,,
dummy,3,3,psd__absolute_power__gamma__roi__R5__median__CE_minus_OE,,
dummy,3,3,psd__absolute_power__gamma__roi__R5__median__OE,,
dummy,3,3,psd__absolute_power__gamma__roi__R6__iqr__CE,,
dummy,3,3,psd__absolute_power__gamma__roi__R6__iqr__CE_minus_OE,,
dummy,3,3,psd__absolute_power__gamma__roi__R6__iqr__OE,,
dummy,3,3,psd__absolute_power__gamma__roi__R6__median__CE,,
dummy,3,3,psd__absolute_power__gamma__roi__R6__median__CE_minus_OE,,
dummy,3,3,psd__absolute_power__gamma__roi__R6__median__OE,,
dummy,3,3,psd__absolute_power__theta__roi__R1__iqr__CE,,
dummy,3,3,psd__absolute_power__theta__roi__R1__iqr__CE_minus_OE,,
dummy,3,3,psd__absolute_power__theta__roi__R1__iqr__OE,,
dummy,3,3,psd__absolute_power__theta__roi__R1__median__CE,,
dummy,3,3,psd__absolute_power__theta__roi__R1__median__CE_minus_OE,,
dummy,3,3,psd__absolute_power__theta__roi__R1__median__OE,,
dummy,3,3,psd__absolute_power__theta__roi__R2__iqr__CE,,
dummy,3,3,psd__absolute_power__theta__roi__R2__iqr__CE_minus_OE,,
dummy,3,3,psd__absolute_power__theta__roi__R2__iqr__OE,,
dummy,3,3,psd__absolute_power__theta__roi__R2__median__CE,,
dummy,3,3,psd__absolute_power__theta__roi__R2__median__CE_minus_OE,,
dummy,3,3,psd__absolute_power__theta__roi__R2__median__OE,,
dummy,3,3,psd__absolute_power__theta__roi__R3__iqr__CE,,
dummy,3,3,psd__absolute_power__theta__roi__R3__iqr__CE_minus_OE,,
dummy,3,3,psd__absolute_power__theta__roi__R3__iqr__OE,,
dummy,3,3,psd__absolute_power__theta__roi__R3__median__CE,,
dummy,3,3,psd__absolute_power__theta__roi__R3__median__CE_minus_OE,,
dummy,3,3,psd__absolute_power__theta__roi__R3__median__OE,,
dummy,3,3,psd__absolute_power__theta__roi__R4__iqr__CE,,
dummy,3,3,psd__absolute_power__theta__roi__R4__iqr__CE_minus_OE,,
dummy,3,3,psd__absolute_power__theta__roi__R4__iqr__OE,,
dummy,3,3,psd__absolute_power__theta__roi__R4__median__CE,,
dummy,3,3,psd__absolute_power__theta__roi__R4__median__CE_minus_OE,,
dummy,3,3,psd__absolute_power__theta__roi__R4__median__OE,,
dummy,3,3,psd__absolute_power__theta__roi__R5__iqr__CE,,
dummy,3,3,psd__absolute_power__theta__roi__R5__iqr__CE_minus_OE,,
dummy,3,3,psd__absolute_power__theta__roi__R5__iqr__OE,,
dummy,3,3,psd__absolute_power__theta__roi__R5__median__CE,,
dummy,3,3,psd__absolute_power__theta__roi__R5__median__CE_minus_OE,,
dummy,3,3,psd__absolute_power__theta__roi__R5__median__OE,,
dummy,3,3,psd__absolute_power__theta__roi__R6__iqr__CE,,
dummy,3,3,psd__absolute_power__theta__roi__R6__iqr__CE_minus_OE,,
dummy,3,3,psd__absolute_power__theta__roi__R6__iqr__OE,,
dummy,3,3,psd__absolute_power__theta__roi__R6__median__CE,,
dummy,3,3,psd__absolute_power__theta__roi__R6__median__CE_minus_OE,,
dummy,3,3,psd__absolute_power__theta__roi__R6__median__OE,,
dummy,3,3,psd__delta_alpha_ratio__derived__roi__R1__iqr__CE,,
dummy,3,3,psd__delta_alpha_ratio__derived__roi__R1__iqr__CE_minus_OE,,
dummy,3,3,psd__delta_alpha_ratio__derived__roi__R1__iqr__OE,,
dummy,3,3,psd__delta_alpha_ratio__derived__roi__R1__median__CE,,
dummy,3,3,psd__delta_alpha_ratio__derived__roi__R1__median__CE_minus_OE,,
dummy,3,3,psd__delta_alpha_ratio__derived__roi__R1__median__OE,,
dummy,3,3,psd__delta_alpha_ratio__derived__roi__R2__iqr__CE,,
dummy,3,3,psd__delta_alpha_ratio__derived__roi__R2__iqr__CE_minus_OE,,
dummy,3,3,psd__delta_alpha_ratio__derived__roi__R2__iqr__OE,,
dummy,3,3,psd__delta_alpha_ratio__derived__roi__R2__median__CE,,
dummy,3,3,psd__delta_alpha_ratio__derived__roi__R2__median__CE_minus_OE,,
dummy,3,3,psd__delta_alpha_ratio__derived__roi__R2__median__OE,,
dummy,3,3,psd__delta_alpha_ratio__derived__roi__R3__iqr__CE,,
dummy,3,3,psd__delta_alpha_ratio__derived__roi__R3__iqr__CE_minus_OE,,
dummy,3,3,psd__delta_alpha_ratio__derived__roi__R3__iqr__OE,,
dummy,3,3,psd__delta_alpha_ratio__derived__roi__R3__median__CE,,
dummy,3,3,psd__delta_alpha_ratio__derived__roi__R3__median__CE_minus_OE,,
dummy,3,3,psd__delta_alpha_ratio__derived__roi__R3__median__OE,,
dummy,3,3,psd__delta_alpha_ratio__derived__roi__R4__iqr__CE,,
dummy,3,3,psd__delta_alpha_ratio__derived__roi__R4__iqr__CE_minus_OE,,
dummy,3,3,psd__delta_alpha_ratio__derived__roi__R4__iqr__OE,,
dummy,3,3,psd__delta_alpha_ratio__derived__roi__R4__median__CE,,
dummy,3,3,psd__delta_alpha_ratio__derived__roi__R4__median__CE_minus_OE,,
dummy,3,3,psd__delta_alpha_ratio__derived__roi__R4__median__OE,,
dummy,3,3,psd__delta_alpha_ratio__derived__roi__R5__iqr__CE,,
dummy,3,3,psd__delta_alpha_ratio__derived__roi__R5__iqr__CE_minus_OE,,
dummy,3,3,psd__delta_alpha_ratio__derived__roi__R5__iqr__OE,,
dummy,3,3,psd__delta_alpha_ratio__derived__roi__R5__median__CE,,
dummy,3,3,psd__delta_alpha_ratio__derived__roi__R5__median__CE_minus_OE,,
dummy,3,3,psd__delta_alpha_ratio__derived__roi__R5__median__OE,,
dummy,3,3,psd__delta_alpha_ratio__derived__roi__R6__iqr__CE,,
dummy,3,3,psd__delta_alpha_ratio__derived__roi__R6__iqr__CE_minus_OE,,
dummy,3,3,psd__delta_alpha_ratio__derived__roi__R6__iqr__OE,,
dummy,3,3,psd__delta_alpha_ratio__derived__roi__R6__median__CE,,
dummy,3,3,psd__delta_alpha_ratio__derived__roi__R6__median__CE_minus_OE,,
dummy,3,3,psd__delta_alpha_ratio__derived__roi__R6__median__OE,,
dummy,3,3,psd__relative_power__alpha__roi__R1__iqr__CE,,
dummy,3,3,psd__relative_power__alpha__roi__R1__iqr__CE_minus_OE,,
dummy,3,3,psd__relative_power__alpha__roi__R1__iqr__OE,,
dummy,3,3,psd__relative_power__alpha__roi__R1__median__CE,,
dummy,3,3,psd__relative_power__alpha__roi__R1__median__CE_minus_OE,,
dummy,3,3,psd__relative_power__alpha__roi__R1__median__OE,,
dummy,3,3,psd__relative_power__alpha__roi__R2__iqr__CE,,
dummy,3,3,psd__relative_power__alpha__roi__R2__iqr__CE_minus_OE,,
dummy,3,3,psd__relative_power__alpha__roi__R2__iqr__OE,,
dummy,3,3,psd__relative_power__alpha__roi__R2__median__CE,,
dummy,3,3,psd__relative_power__alpha__roi__R2__median__CE_minus_OE,,
dummy,3,3,psd__relative_power__alpha__roi__R2__median__OE,,
dummy,3,3,psd__relative_power__alpha__roi__R3__iqr__CE,,
dummy,3,3,psd__relative_power__alpha__roi__R3__iqr__CE_minus_OE,,
dummy,3,3,psd__relative_power__alpha__roi__R3__iqr__OE,,
dummy,3,3,psd__relative_power__alpha__roi__R3__median__CE,,
dummy,3,3,psd__relative_power__alpha__roi__R3__median__CE_minus_OE,,
dummy,3,3,psd__relative_power__alpha__roi__R3__median__OE,,
dummy,3,3,psd__relative_power__alpha__roi__R4__iqr__CE,,
dummy,3,3,psd__relative_power__alpha__roi__R4__iqr__CE_minus_OE,,
dummy,3,3,psd__relative_power__alpha__roi__R4__iqr__OE,,
dummy,3,3,psd__relative_power__alpha__roi__R4__median__CE,,
dummy,3,3,psd__relative_power__alpha__roi__R4__median__CE_minus_OE,,
dummy,3,3,psd__relative_power__alpha__roi__R4__median__OE,,
dummy,3,3,psd__relative_power__alpha__roi__R5__iqr__CE,,
dummy,3,3,psd__relative_power__alpha__roi__R5__iqr__CE_minus_OE,,
dummy,3,3,psd__relative_power__alpha__roi__R5__iqr__OE,,
dummy,3,3,psd__relative_power__alpha__roi__R5__median__CE,,
dummy,3,3,psd__relative_power__alpha__roi__R5__median__CE_minus_OE,,
dummy,3,3,psd__relative_power__alpha__roi__R5__median__OE,,
dummy,3,3,psd__relative_power__alpha__roi__R6__iqr__CE,,
dummy,3,3,psd__relative_power__alpha__roi__R6__iqr__CE_minus_OE,,
dummy,3,3,psd__relative_power__alpha__roi__R6__iqr__OE,,
dummy,3,3,psd__relative_power__alpha__roi__R6__median__CE,,
dummy,3,3,psd__relative_power__alpha__roi__R6__median__CE_minus_OE,,
dummy,3,3,psd__relative_power__alpha__roi__R6__median__OE,,
dummy,3,3,psd__relative_power__beta__roi__R1__iqr__CE,,
dummy,3,3,psd__relative_power__beta__roi__R1__iqr__CE_minus_OE,,
dummy,3,3,psd__relative_power__beta__roi__R1__iqr__OE,,
dummy,3,3,psd__relative_power__beta__roi__R1__median__CE,,
dummy,3,3,psd__relative_power__beta__roi__R1__median__CE_minus_OE,,
dummy,3,3,psd__relative_power__beta__roi__R1__median__OE,,
dummy,3,3,psd__relative_power__beta__roi__R2__iqr__CE,,
dummy,3,3,psd__relative_power__beta__roi__R2__iqr__CE_minus_OE,,
dummy,3,3,psd__relative_power__beta__roi__R2__iqr__OE,,
dummy,3,3,psd__relative_power__beta__roi__R2__median__CE,,
dummy,3,3,psd__relative_power__beta__roi__R2__median__CE_minus_OE,,
dummy,3,3,psd__relative_power__beta__roi__R2__median__OE,,
dummy,3,3,psd__relative_power__beta__roi__R3__iqr__CE,,
dummy,3,3,psd__relative_power__beta__roi__R3__iqr__CE_minus_OE,,
dummy,3,3,psd__relative_power__beta__roi__R3__iqr__OE,,
dummy,3,3,psd__relative_power__beta__roi__R3__median__CE,,
dummy,3,3,psd__relative_power__beta__roi__R3__median__CE_minus_OE,,
dummy,3,3,psd__relative_power__beta__roi__R3__median__OE,,
dummy,3,3,psd__relative_power__beta__roi__R4__iqr__CE,,
dummy,3,3,psd__relative_power__beta__roi__R4__iqr__CE_minus_OE,,
dummy,3,3,psd__relative_power__beta__roi__R4__iqr__OE,,
dummy,3,3,psd__relative_power__beta__roi__R4__median__CE,,
dummy,3,3,psd__relative_power__beta__roi__R4__median__CE_minus_OE,,
dummy,3,3,psd__relative_power__beta__roi__R4__median__OE,,
dummy,3,3,psd__relative_power__beta__roi__R5__iqr__CE,,
dummy,3,3,psd__relative_power__beta__roi__R5__iqr__CE_minus_OE,,
dummy,3,3,psd__relative_power__beta__roi__R5__iqr__OE,,
dummy,3,3,psd__relative_power__beta__roi__R5__median__CE,,
dummy,3,3,psd__relative_power__beta__roi__R5__median__CE_minus_OE,,
dummy,3,3,psd__relative_power__beta__roi__R5__median__OE,,
dummy,3,3,psd__relative_power__beta__roi__R6__iqr__CE,,
dummy,3,3,psd__relative_power__beta__roi__R6__iqr__CE_minus_OE,,
dummy,3,3,psd__relative_power__beta__roi__R6__iqr__OE,,
dummy,3,3,psd__relative_power__beta__roi__R6__median__CE,,
dummy,3,3,psd__relative_power__beta__roi__R6__median__CE_minus_OE,,
dummy,3,3,psd__relative_power__beta__roi__R6__median__OE,,
dummy,3,3,psd__relative_power__delta__roi__R1__iqr__CE,,
dummy,3,3,psd__relative_power__delta__roi__R1__iqr__CE_minus_OE,,
dummy,3,3,psd__relative_power__delta__roi__R1__iqr__OE,,
dummy,3,3,psd__relative_power__delta__roi__R1__median__CE,,
dummy,3,3,psd__relative_power__delta__roi__R1__median__CE_minus_OE,,
dummy,3,3,psd__relative_power__delta__roi__R1__median__OE,,
dummy,3,3,psd__relative_power__delta__roi__R2__iqr__CE,,
dummy,3,3,psd__relative_power__delta__roi__R2__iqr__CE_minus_OE,,
dummy,3,3,psd__relative_power__delta__roi__R2__iqr__OE,,
dummy,3,3,psd__relative_power__delta__roi__R2__median__CE,,
dummy,3,3,psd__relative_power__delta__roi__R2__median__CE_minus_OE,,
dummy,3,3,psd__relative_power__delta__roi__R2__median__OE,,
dummy,3,3,psd__relative_power__delta__roi__R3__iqr__CE,,
dummy,3,3,psd__relative_power__delta__roi__R3__iqr__CE_minus_OE,,
dummy,3,3,psd__relative_power__delta__roi__R3__iqr__OE,,
dummy,3,3,psd__relative_power__delta__roi__R3__median__CE,,
dummy,3,3,psd__relative_power__delta__roi__R3__median__CE_minus_OE,,
dummy,3,3,psd__relative_power__delta__roi__R3__median__OE,,
dummy,3,3,psd__relative_power__delta__roi__R4__iqr__CE,,
dummy,3,3,psd__relative_power__delta__roi__R4__iqr__CE_minus_OE,,
dummy,3,3,psd__relative_power__delta__roi__R4__iqr__OE,,
dummy,3,3,psd__relative_power__delta__roi__R4__median__CE,,
dummy,3,3,psd__relative_power__delta__roi__R4__median__CE_minus_OE,,
dummy,3,3,psd__relative_power__delta__roi__R4__median__OE,,
dummy,3,3,psd__relative_power__delta__roi__R5__iqr__CE,,
dummy,3,3,psd__relative_power__delta__roi__R5__iqr__CE_minus_OE,,
dummy,3,3,psd__relative_power__delta__roi__R5__iqr__OE,,
dummy,3,3,psd__relative_power__delta__roi__R5__median__CE,,
dummy,3,3,psd__relative_power__delta__roi__R5__median__CE_minus_OE,,
dummy,3,3,psd__relative_power__delta__roi__R5__median__OE,,
dummy,3,3,psd__relative_power__delta__roi__R6__iqr__CE,,
dummy,3,3,psd__relative_power__delta__roi__R6__iqr__CE_minus_OE,,
dummy,3,3,psd__relative_power__delta__roi__R6__iqr__OE,,
dummy,3,3,psd__relative_power__delta__roi__R6__median__CE,,
dummy,3,3,psd__relative_power__delta__roi__R6__median__CE_minus_OE,,
dummy,3,3,psd__relative_power__delta__roi__R6__median__OE,,
dummy,3,3,psd__relative_power__gamma__roi__R1__iqr__CE,,
dummy,3,3,psd__relative_power__gamma__roi__R1__iqr__CE_minus_OE,,
dummy,3,3,psd__relative_power__gamma__roi__R1__iqr__OE,,
dummy,3,3,psd__relative_power__gamma__roi__R1__median__CE,,
dummy,3,3,psd__relative_power__gamma__roi__R1__median__CE_minus_OE,,
dummy,3,3,psd__relative_power__gamma__roi__R1__median__OE,,
dummy,3,3,psd__relative_power__gamma__roi__R2__iqr__CE,,
dummy,3,3,psd__relative_power__gamma__roi__R2__iqr__CE_minus_OE,,
dummy,3,3,psd__relative_power__gamma__roi__R2__iqr__OE,,
dummy,3,3,psd__relative_power__gamma__roi__R2__median__CE,,
dummy,3,3,psd__relative_power__gamma__roi__R2__median__CE_minus_OE,,
dummy,3,3,psd__relative_power__gamma__roi__R2__median__OE,,
dummy,3,3,psd__relative_power__gamma__roi__R3__iqr__CE,,
dummy,3,3,psd__relative_power__gamma__roi__R3__iqr__CE_minus_OE,,
dummy,3,3,psd__relative_power__gamma__roi__R3__iqr__OE,,
dummy,3,3,psd__relative_power__gamma__roi__R3__median__CE,,
dummy,3,3,psd__relative_power__gamma__roi__R3__median__CE_minus_OE,,
dummy,3,3,psd__relative_power__gamma__roi__R3__median__OE,,
dummy,3,3,psd__relative_power__gamma__roi__R4__iqr__CE,,
dummy,3,3,psd__relative_power__gamma__roi__R4__iqr__CE_minus_OE,,
dummy,3,3,psd__relative_power__gamma__roi__R4__iqr__OE,,
dummy,3,3,psd__relative_power__gamma__roi__R4__median__CE,,
dummy,3,3,psd__relative_power__gamma__roi__R4__median__CE_minus_OE,,
dummy,3,3,psd__relative_power__gamma__roi__R4__median__OE,,
dummy,3,3,psd__relative_power__gamma__roi__R5__iqr__CE,,
dummy,3,3,psd__relative_power__gamma__roi__R5__iqr__CE_minus_OE,,
dummy,3,3,psd__relative_power__gamma__roi__R5__iqr__OE,,
dummy,3,3,psd__relative_power__gamma__roi__R5__median__CE,,
dummy,3,3,psd__relative_power__gamma__roi__R5__median__CE_minus_OE,,
dummy,3,3,psd__relative_power__gamma__roi__R5__median__OE,,
dummy,3,3,psd__relative_power__gamma__roi__R6__iqr__CE,,
dummy,3,3,psd__relative_power__gamma__roi__R6__iqr__CE_minus_OE,,
dummy,3,3,psd__relative_power__gamma__roi__R6__iqr__OE,,
dummy,3,3,psd__relative_power__gamma__roi__R6__median__CE,,
dummy,3,3,psd__relative_power__gamma__roi__R6__median__CE_minus_OE,,
dummy,3,3,psd__relative_power__gamma__roi__R6__median__OE,,
dummy,3,3,psd__relative_power__theta__roi__R1__iqr__CE,,
dummy,3,3,psd__relative_power__theta__roi__R1__iqr__CE_minus_OE,,
dummy,3,3,psd__relative_power__theta__roi__R1__iqr__OE,,
dummy,3,3,psd__relative_power__theta__roi__R1__median__CE,,
dummy,3,3,psd__relative_power__theta__roi__R1__median__CE_minus_OE,,
dummy,3,3,psd__relative_power__theta__roi__R1__median__OE,,
dummy,3,3,psd__relative_power__theta__roi__R2__iqr__CE,,
dummy,3,3,psd__relative_power__theta__roi__R2__iqr__CE_minus_OE,,
dummy,3,3,psd__relative_power__theta__roi__R2__iqr__OE,,
dummy,3,3,psd__relative_power__theta__roi__R2__median__CE,,
dummy,3,3,psd__relative_power__theta__roi__R2__median__CE_minus_OE,,
dummy,3,3,psd__relative_power__theta__roi__R2__median__OE,,
dummy,3,3,psd__relative_power__theta__roi__R3__iqr__CE,,
dummy,3,3,psd__relative_power__theta__roi__R3__iqr__CE_minus_OE,,
dummy,3,3,psd__relative_power__theta__roi__R3__iqr__OE,,
dummy,3,3,psd__relative_power__theta__roi__R3__median__CE,,
dummy,3,3,psd__relative_power__theta__roi__R3__median__CE_minus_OE,,
dummy,3,3,psd__relative_power__theta__roi__R3__median__OE,,
dummy,3,3,psd__relative_power__theta__roi__R4__iqr__CE,,
dummy,3,3,psd__relative_power__theta__roi__R4__iqr__CE_minus_OE,,
dummy,3,3,psd__relative_power__theta__roi__R4__iqr__OE,,
dummy,3,3,psd__relative_power__theta__roi__R4__median__CE,,
dummy,3,3,psd__relative_power__theta__roi__R4__median__CE_minus_OE,,
dummy,3,3,psd__relative_power__theta__roi__R4__median__OE,,
dummy,3,3,psd__relative_power__theta__roi__R5__iqr__CE,,
dummy,3,3,psd__relative_power__theta__roi__R5__iqr__CE_minus_OE,,
dummy,3,3,psd__relative_power__theta__roi__R5__iqr__OE,,
dummy,3,3,psd__relative_power__theta__roi__R5__median__CE,,
dummy,3,3,psd__relative_power__theta__roi__R5__median__CE_minus_OE,,
dummy,3,3,psd__relative_power__theta__roi__R5__median__OE,,
dummy,3,3,psd__relative_power__theta__roi__R6__iqr__CE,,
dummy,3,3,psd__relative_power__theta__roi__R6__iqr__CE_minus_OE,,
dummy,3,3,psd__relative_power__theta__roi__R6__iqr__OE,,
dummy,3,3,psd__relative_power__theta__roi__R6__median__CE,,
dummy,3,3,psd__relative_power__theta__roi__R6__median__CE_minus_OE,,
dummy,3,3,psd__relative_power__theta__roi__R6__median__OE,,
dummy,3,3,psd__sfr__derived__roi__R1__iqr__CE,,
dummy,3,3,psd__sfr__derived__roi__R1__iqr__CE_minus_OE,,
dummy,3,3,psd__sfr__derived__roi__R1__iqr__OE,,
dummy,3,3,psd__sfr__derived__roi__R1__median__CE,,
dummy,3,3,psd__sfr__derived__roi__R1__median__CE_minus_OE,,
dummy,3,3,psd__sfr__derived__roi__R1__median__OE,,
dummy,3,3,psd__sfr__derived__roi__R2__iqr__CE,,
dummy,3,3,psd__sfr__derived__roi__R2__iqr__CE_minus_OE,,
dummy,3,3,psd__sfr__derived__roi__R2__iqr__OE,,
dummy,3,3,psd__sfr__derived__roi__R2__median__CE,,
dummy,3,3,psd__sfr__derived__roi__R2__median__CE_minus_OE,,
dummy,3,3,psd__sfr__derived__roi__R2__median__OE,,
dummy,3,3,psd__sfr__derived__roi__R3__iqr__CE,,
dummy,3,3,psd__sfr__derived__roi__R3__iqr__CE_minus_OE,,
dummy,3,3,psd__sfr__derived__roi__R3__iqr__OE,,
dummy,3,3,psd__sfr__derived__roi__R3__median__CE,,
dummy,3,3,psd__sfr__derived__roi__R3__median__CE_minus_OE,,
dummy,3,3,psd__sfr__derived__roi__R3__median__OE,,
dummy,3,3,psd__sfr__derived__roi__R4__iqr__CE,,
dummy,3,3,psd__sfr__derived__roi__R4__iqr__CE_minus_OE,,
dummy,3,3,psd__sfr__derived__roi__R4__iqr__OE,,
dummy,3,3,psd__sfr__derived__roi__R4__median__CE,,
dummy,3,3,psd__sfr__derived__roi__R4__median__CE_minus_OE,,
dummy,3,3,psd__sfr__derived__roi__R4__median__OE,,
dummy,3,3,psd__sfr__derived__roi__R5__iqr__CE,,
dummy,3,3,psd__sfr__derived__roi__R5__iqr__CE_minus_OE,,
dummy,3,3,psd__sfr__derived__roi__R5__iqr__OE,,
dummy,3,3,psd__sfr__derived__roi__R5__median__CE,,
dummy,3,3,psd__sfr__derived__roi__R5__median__CE_minus_OE,,
dummy,3,3,psd__sfr__derived__roi__R5__median__OE,,
dummy,3,3,psd__sfr__derived__roi__R6__iqr__CE,,
dummy,3,3,psd__sfr__derived__roi__R6__iqr__CE_minus_OE,,
dummy,3,3,psd__sfr__derived__roi__R6__iqr__OE,,
dummy,3,3,psd__sfr__derived__roi__R6__median__CE,,
dummy,3,3,psd__sfr__derived__roi__R6__median__CE_minus_OE,,
dummy,3,3,psd__sfr__derived__roi__R6__median__OE,,
dummy,3,3,psd__theta_alpha_ratio__derived__roi__R1__iqr__CE,,
dummy,3,3,psd__theta_alpha_ratio__derived__roi__R1__iqr__CE_minus_OE,,
dummy,3,3,psd__theta_alpha_ratio__derived__roi__R1__iqr__OE,,
dummy,3,3,psd__theta_alpha_ratio__derived__roi__R1__median__CE,,
dummy,3,3,psd__theta_alpha_ratio__derived__roi__R1__median__CE_minus_OE,,
dummy,3,3,psd__theta_alpha_ratio__derived__roi__R1__median__OE,,
dummy,3,3,psd__theta_alpha_ratio__derived__roi__R2__iqr__CE,,
dummy,3,3,psd__theta_alpha_ratio__derived__roi__R2__iqr__CE_minus_OE,,
dummy,3,3,psd__theta_alpha_ratio__derived__roi__R2__iqr__OE,,
dummy,3,3,psd__theta_alpha_ratio__derived__roi__R2__median__CE,,
dummy,3,3,psd__theta_alpha_ratio__derived__roi__R2__median__CE_minus_OE,,
dummy,3,3,psd__theta_alpha_ratio__derived__roi__R2__median__OE,,
dummy,3,3,psd__theta_alpha_ratio__derived__roi__R3__iqr__CE,,
dummy,3,3,psd__theta_alpha_ratio__derived__roi__R3__iqr__CE_minus_OE,,
dummy,3,3,psd__theta_alpha_ratio__derived__roi__R3__iqr__OE,,
dummy,3,3,psd__theta_alpha_ratio__derived__roi__R3__median__CE,,
dummy,3,3,psd__theta_alpha_ratio__derived__roi__R3__median__CE_minus_OE,,
dummy,3,3,psd__theta_alpha_ratio__derived__roi__R3__median__OE,,
dummy,3,3,psd__theta_alpha_ratio__derived__roi__R4__iqr__CE,,
dummy,3,3,psd__theta_alpha_ratio__derived__roi__R4__iqr__CE_minus_OE,,
dummy,3,3,psd__theta_alpha_ratio__derived__roi__R4__iqr__OE,,
dummy,3,3,psd__theta_alpha_ratio__derived__roi__R4__median__CE,,
dummy,3,3,psd__theta_alpha_ratio__derived__roi__R4__median__CE_minus_OE,,
dummy,3,3,psd__theta_alpha_ratio__derived__roi__R4__median__OE,,
dummy,3,3,psd__theta_alpha_ratio__derived__roi__R5__iqr__CE,,
dummy,3,3,psd__theta_alpha_ratio__derived__roi__R5__iqr__CE_minus_OE,,
dummy,3,3,psd__theta_alpha_ratio__derived__roi__R5__iqr__OE,,
dummy,3,3,psd__theta_alpha_ratio__derived__roi__R5__median__CE,,
dummy,3,3,psd__theta_alpha_ratio__derived__roi__R5__median__CE_minus_OE,,
dummy,3,3,psd__theta_alpha_ratio__derived__roi__R5__median__OE,,
dummy,3,3,psd__theta_alpha_ratio__derived__roi__R6__iqr__CE,,
dummy,3,3,psd__theta_alpha_ratio__derived__roi__R6__iqr__CE_minus_OE,,
dummy,3,3,psd__theta_alpha_ratio__derived__roi__R6__iqr__OE,,
dummy,3,3,psd__theta_alpha_ratio__derived__roi__R6__median__CE,,
dummy,3,3,psd__theta_alpha_ratio__derived__roi__R6__median__CE_minus_OE,,
dummy,3,3,psd__theta_alpha_ratio__derived__roi__R6__median__OE,,
dummy,3,4,complexity__spectral_entropy__broadband__roi__R1__iqr__CE,,
dummy,3,4,complexity__spectral_entropy__broadband__roi__R1__iqr__CE_minus_OE,,
dummy,3,4,complexity__spectral_entropy__broadband__roi__R1__iqr__OE,,
dummy,3,4,complexity__spectral_entropy__broadband__roi__R1__median__CE,,
dummy,3,4,complexity__spectral_entropy__broadband__roi__R1__median__CE_minus_OE,,
dummy,3,4,complexity__spectral_entropy__broadband__roi__R1__median__OE,,
dummy,3,4,complexity__spectral_entropy__broadband__roi__R2__iqr__CE,,
dummy,3,4,complexity__spectral_entropy__broadband__roi__R2__iqr__CE_minus_OE,,
dummy,3,4,complexity__spectral_entropy__broadband__roi__R2__iqr__OE,,
dummy,3,4,complexity__spectral_entropy__broadband__roi__R2__median__CE,,
dummy,3,4,complexity__spectral_entropy__broadband__roi__R2__median__CE_minus_OE,,
dummy,3,4,complexity__spectral_entropy__broadband__roi__R2__median__OE,,
dummy,3,4,complexity__spectral_entropy__broadband__roi__R3__iqr__CE,,
dummy,3,4,complexity__spectral_entropy__broadband__roi__R3__iqr__CE_minus_OE,,
dummy,3,4,complexity__spectral_entropy__broadband__roi__R3__iqr__OE,,
dummy,3,4,complexity__spectral_entropy__broadband__roi__R3__median__CE,,
dummy,3,4,complexity__spectral_entropy__broadband__roi__R3__median__CE_minus_OE,,
dummy,3,4,complexity__spectral_entropy__broadband__roi__R3__median__OE,,
dummy,3,4,complexity__spectral_entropy__broadband__roi__R4__iqr__CE,,
dummy,3,4,complexity__spectral_entropy__broadband__roi__R4__iqr__CE_minus_OE,,
dummy,3,4,complexity__spectral_entropy__broadband__roi__R4__iqr__OE,,
dummy,3,4,complexity__spectral_entropy__broadband__roi__R4__median__CE,,
dummy,3,4,complexity__spectral_entropy__broadband__roi__R4__median__CE_minus_OE,,
dummy,3,4,complexity__spectral_entropy__broadband__roi__R4__median__OE,,
dummy,3,4,complexity__spectral_entropy__broadband__roi__R5__iqr__CE,,
dummy,3,4,complexity__spectral_entropy__broadband__roi__R5__iqr__CE_minus_OE,,
dummy,3,4,complexity__spectral_entropy__broadband__roi__R5__iqr__OE,,
dummy,3,4,complexity__spectral_entropy__broadband__roi__R5__median__CE,,
dummy,3,4,complexity__spectral_entropy__broadband__roi__R5__median__CE_minus_OE,,
dummy,3,4,complexity__spectral_entropy__broadband__roi__R5__median__OE,,
dummy,3,4,complexity__spectral_entropy__broadband__roi__R6__iqr__CE,,
dummy,3,4,complexity__spectral_entropy__broadband__roi__R6__iqr__CE_minus_OE,,
dummy,3,4,complexity__spectral_entropy__broadband__roi__R6__iqr__OE,,
dummy,3,4,complexity__spectral_entropy__broadband__roi__R6__median__CE,,
dummy,3,4,complexity__spectral_entropy__broadband__roi__R6__median__CE_minus_OE,,
dummy,3,4,complexity__spectral_entropy__broadband__roi__R6__median__OE,,
dummy,3,4,psd__absolute_power__alpha__roi__R1__iqr__CE,,
dummy,3,4,psd__absolute_power__alpha__roi__R1__iqr__CE_minus_OE,,
dummy,3,4,psd__absolute_power__alpha__roi__R1__iqr__OE,,
dummy,3,4,psd__absolute_power__alpha__roi__R1__median__CE,,
dummy,3,4,psd__absolute_power__alpha__roi__R1__median__CE_minus_OE,,
dummy,3,4,psd__absolute_power__alpha__roi__R1__median__OE,,
dummy,3,4,psd__absolute_power__alpha__roi__R2__iqr__CE,,
dummy,3,4,psd__absolute_power__alpha__roi__R2__iqr__CE_minus_OE,,
dummy,3,4,psd__absolute_power__alpha__roi__R2__iqr__OE,,
dummy,3,4,psd__absolute_power__alpha__roi__R2__median__CE,,
dummy,3,4,psd__absolute_power__alpha__roi__R2__median__CE_minus_OE,,
dummy,3,4,psd__absolute_power__alpha__roi__R2__median__OE,,
dummy,3,4,psd__absolute_power__alpha__roi__R3__iqr__CE,,
dummy,3,4,psd__absolute_power__alpha__roi__R3__iqr__CE_minus_OE,,
dummy,3,4,psd__absolute_power__alpha__roi__R3__iqr__OE,,
dummy,3,4,psd__absolute_power__alpha__roi__R3__median__CE,,
dummy,3,4,psd__absolute_power__alpha__roi__R3__median__CE_minus_OE,,
dummy,3,4,psd__absolute_power__alpha__roi__R3__median__OE,,
dummy,3,4,psd__absolute_power__alpha__roi__R4__iqr__CE,,
dummy,3,4,psd__absolute_power__alpha__roi__R4__iqr__CE_minus_OE,,
dummy,3,4,psd__absolute_power__alpha__roi__R4__iqr__OE,,
dummy,3,4,psd__absolute_power__alpha__roi__R4__median__CE,,
dummy,3,4,psd__absolute_power__alpha__roi__R4__median__CE_minus_OE,,
dummy,3,4,psd__absolute_power__alpha__roi__R4__median__OE,,
dummy,3,4,psd__absolute_power__alpha__roi__R5__iqr__CE,,
dummy,3,4,psd__absolute_power__alpha__roi__R5__iqr__CE_minus_OE,,
dummy,3,4,psd__absolute_power__alpha__roi__R5__iqr__OE,,
dummy,3,4,psd__absolute_power__alpha__roi__R5__median__CE,,
dummy,3,4,psd__absolute_power__alpha__roi__R5__median__CE_minus_OE,,
dummy,3,4,psd__absolute_power__alpha__roi__R5__median__OE,,
dummy,3,4,psd__absolute_power__alpha__roi__R6__iqr__CE,,
dummy,3,4,psd__absolute_power__alpha__roi__R6__iqr__CE_minus_OE,,
dummy,3,4,psd__absolute_power__alpha__roi__R6__iqr__OE,,
dummy,3,4,psd__absolute_power__alpha__roi__R6__median__CE,,
dummy,3,4,psd__absolute_power__alpha__roi__R6__median__CE_minus_OE,,
dummy,3,4,psd__absolute_power__alpha__roi__R6__median__OE,,
dummy,3,4,psd__absolute_power__beta__roi__R1__iqr__CE,,
dummy,3,4,psd__absolute_power__beta__roi__R1__iqr__CE_minus_OE,,
dummy,3,4,psd__absolute_power__beta__roi__R1__iqr__OE,,
dummy,3,4,psd__absolute_power__beta__roi__R1__median__CE,,
dummy,3,4,psd__absolute_power__beta__roi__R1__median__CE_minus_OE,,
dummy,3,4,psd__absolute_power__beta__roi__R1__median__OE,,
dummy,3,4,psd__absolute_power__beta__roi__R2__iqr__CE,,
dummy,3,4,psd__absolute_power__beta__roi__R2__iqr__CE_minus_OE,,
dummy,3,4,psd__absolute_power__beta__roi__R2__iqr__OE,,
dummy,3,4,psd__absolute_power__beta__roi__R2__median__CE,,
dummy,3,4,psd__absolute_power__beta__roi__R2__median__CE_minus_OE,,
dummy,3,4,psd__absolute_power__beta__roi__R2__median__OE,,
dummy,3,4,psd__absolute_power__beta__roi__R3__iqr__CE,,
dummy,3,4,psd__absolute_power__beta__roi__R3__iqr__CE_minus_OE,,
dummy,3,4,psd__absolute_power__beta__roi__R3__iqr__OE,,
dummy,3,4,psd__absolute_power__beta__roi__R3__median__CE,,
dummy,3,4,psd__absolute_power__beta__roi__R3__median__CE_minus_OE,,
dummy,3,4,psd__absolute_power__beta__roi__R3__median__OE,,
dummy,3,4,psd__absolute_power__beta__roi__R4__iqr__CE,,
dummy,3,4,psd__absolute_power__beta__roi__R4__iqr__CE_minus_OE,,
dummy,3,4,psd__absolute_power__beta__roi__R4__iqr__OE,,
dummy,3,4,psd__absolute_power__beta__roi__R4__median__CE,,
dummy,3,4,psd__absolute_power__beta__roi__R4__median__CE_minus_OE,,
dummy,3,4,psd__absolute_power__beta__roi__R4__median__OE,,
dummy,3,4,psd__absolute_power__beta__roi__R5__iqr__CE,,
dummy,3,4,psd__absolute_power__beta__roi__R5__iqr__CE_minus_OE,,
dummy,3,4,psd__absolute_power__beta__roi__R5__iqr__OE,,
dummy,3,4,psd__absolute_power__beta__roi__R5__median__CE,,
dummy,3,4,psd__absolute_power__beta__roi__R5__median__CE_minus_OE,,
dummy,3,4,psd__absolute_power__beta__roi__R5__median__OE,,
dummy,3,4,psd__absolute_power__beta__roi__R6__iqr__CE,,
dummy,3,4,psd__absolute_power__beta__roi__R6__iqr__CE_minus_OE,,
dummy,3,4,psd__absolute_power__beta__roi__R6__iqr__OE,,
dummy,3,4,psd__absolute_power__beta__roi__R6__median__CE,,
dummy,3,4,psd__absolute_power__beta__roi__R6__median__CE_minus_OE,,
dummy,3,4,psd__absolute_power__beta__roi__R6__median__OE,,
dummy,3,4,psd__absolute_power__delta__roi__R1__iqr__CE,,
dummy,3,4,psd__absolute_power__delta__roi__R1__iqr__CE_minus_OE,,
dummy,3,4,psd__absolute_power__delta__roi__R1__iqr__OE,,
dummy,3,4,psd__absolute_power__delta__roi__R1__median__CE,,
dummy,3,4,psd__absolute_power__delta__roi__R1__median__CE_minus_OE,,
dummy,3,4,psd__absolute_power__delta__roi__R1__median__OE,,
dummy,3,4,psd__absolute_power__delta__roi__R2__iqr__CE,,
dummy,3,4,psd__absolute_power__delta__roi__R2__iqr__CE_minus_OE,,
dummy,3,4,psd__absolute_power__delta__roi__R2__iqr__OE,,
dummy,3,4,psd__absolute_power__delta__roi__R2__median__CE,,
dummy,3,4,psd__absolute_power__delta__roi__R2__median__CE_minus_OE,,
dummy,3,4,psd__absolute_power__delta__roi__R2__median__OE,,
dummy,3,4,psd__absolute_power__delta__roi__R3__iqr__CE,,
dummy,3,4,psd__absolute_power__delta__roi__R3__iqr__CE_minus_OE,,
dummy,3,4,psd__absolute_power__delta__roi__R3__iqr__OE,,
dummy,3,4,psd__absolute_power__delta__roi__R3__median__CE,,
dummy,3,4,psd__absolute_power__delta__roi__R3__median__CE_minus_OE,,
dummy,3,4,psd__absolute_power__delta__roi__R3__median__OE,,
dummy,3,4,psd__absolute_power__delta__roi__R4__iqr__CE,,
dummy,3,4,psd__absolute_power__delta__roi__R4__iqr__CE_minus_OE,,
dummy,3,4,psd__absolute_power__delta__roi__R4__iqr__OE,,
dummy,3,4,psd__absolute_power__delta__roi__R4__median__CE,,
dummy,3,4,psd__absolute_power__delta__roi__R4__median__CE_minus_OE,,
dummy,3,4,psd__absolute_power__delta__roi__R4__median__OE,,
dummy,3,4,psd__absolute_power__delta__roi__R5__iqr__CE,,
dummy,3,4,psd__absolute_power__delta__roi__R5__iqr__CE_minus_OE,,
dummy,3,4,psd__absolute_power__delta__roi__R5__iqr__OE,,
dummy,3,4,psd__absolute_power__delta__roi__R5__median__CE,,
dummy,3,4,psd__absolute_power__delta__roi__R5__median__CE_minus_OE,,
dummy,3,4,psd__absolute_power__delta__roi__R5__median__OE,,
dummy,3,4,psd__absolute_power__delta__roi__R6__iqr__CE,,
dummy,3,4,psd__absolute_power__delta__roi__R6__iqr__CE_minus_OE,,
dummy,3,4,psd__absolute_power__delta__roi__R6__iqr__OE,,
dummy,3,4,psd__absolute_power__delta__roi__R6__median__CE,,
dummy,3,4,psd__absolute_power__delta__roi__R6__median__CE_minus_OE,,
dummy,3,4,psd__absolute_power__delta__roi__R6__median__OE,,
dummy,3,4,psd__absolute_power__gamma__roi__R1__iqr__CE,,
dummy,3,4,psd__absolute_power__gamma__roi__R1__iqr__CE_minus_OE,,
dummy,3,4,psd__absolute_power__gamma__roi__R1__iqr__OE,,
dummy,3,4,psd__absolute_power__gamma__roi__R1__median__CE,,
dummy,3,4,psd__absolute_power__gamma__roi__R1__median__CE_minus_OE,,
dummy,3,4,psd__absolute_power__gamma__roi__R1__median__OE,,
dummy,3,4,psd__absolute_power__gamma__roi__R2__iqr__CE,,
dummy,3,4,psd__absolute_power__gamma__roi__R2__iqr__CE_minus_OE,,
dummy,3,4,psd__absolute_power__gamma__roi__R2__iqr__OE,,
dummy,3,4,psd__absolute_power__gamma__roi__R2__median__CE,,
dummy,3,4,psd__absolute_power__gamma__roi__R2__median__CE_minus_OE,,
dummy,3,4,psd__absolute_power__gamma__roi__R2__median__OE,,
dummy,3,4,psd__absolute_power__gamma__roi__R3__iqr__CE,,
dummy,3,4,psd__absolute_power__gamma__roi__R3__iqr__CE_minus_OE,,
dummy,3,4,psd__absolute_power__gamma__roi__R3__iqr__OE,,
dummy,3,4,psd__absolute_power__gamma__roi__R3__median__CE,,
dummy,3,4,psd__absolute_power__gamma__roi__R3__median__CE_minus_OE,,
dummy,3,4,psd__absolute_power__gamma__roi__R3__median__OE,,
dummy,3,4,psd__absolute_power__gamma__roi__R4__iqr__CE,,
dummy,3,4,psd__absolute_power__gamma__roi__R4__iqr__CE_minus_OE,,
dummy,3,4,psd__absolute_power__gamma__roi__R4__iqr__OE,,
dummy,3,4,psd__absolute_power__gamma__roi__R4__median__CE,,
dummy,3,4,psd__absolute_power__gamma__roi__R4__median__CE_minus_OE,,
dummy,3,4,psd__absolute_power__gamma__roi__R4__median__OE,,
dummy,3,4,psd__absolute_power__gamma__roi__R5__iqr__CE,,
dummy,3,4,psd__absolute_power__gamma__roi__R5__iqr__CE_minus_OE,,
dummy,3,4,psd__absolute_power__gamma__roi__R5__iqr__OE,,
dummy,3,4,psd__absolute_power__gamma__roi__R5__median__CE,,
dummy,3,4,psd__absolute_power__gamma__roi__R5__median__CE_minus_OE,,
dummy,3,4,psd__absolute_power__gamma__roi__R5__median__OE,,
dummy,3,4,psd__absolute_power__gamma__roi__R6__iqr__CE,,
dummy,3,4,psd__absolute_power__gamma__roi__R6__iqr__CE_minus_OE,,
dummy,3,4,psd__absolute_power__gamma__roi__R6__iqr__OE,,
dummy,3,4,psd__absolute_power__gamma__roi__R6__median__CE,,
dummy,3,4,psd__absolute_power__gamma__roi__R6__median__CE_minus_OE,,
dummy,3,4,psd__absolute_power__gamma__roi__R6__median__OE,,
dummy,3,4,psd__absolute_power__theta__roi__R1__iqr__CE,,
dummy,3,4,psd__absolute_power__theta__roi__R1__iqr__CE_minus_OE,,
dummy,3,4,psd__absolute_power__theta__roi__R1__iqr__OE,,
dummy,3,4,psd__absolute_power__theta__roi__R1__median__CE,,
dummy,3,4,psd__absolute_power__theta__roi__R1__median__CE_minus_OE,,
dummy,3,4,psd__absolute_power__theta__roi__R1__median__OE,,
dummy,3,4,psd__absolute_power__theta__roi__R2__iqr__CE,,
dummy,3,4,psd__absolute_power__theta__roi__R2__iqr__CE_minus_OE,,
dummy,3,4,psd__absolute_power__theta__roi__R2__iqr__OE,,
dummy,3,4,psd__absolute_power__theta__roi__R2__median__CE,,
dummy,3,4,psd__absolute_power__theta__roi__R2__median__CE_minus_OE,,
dummy,3,4,psd__absolute_power__theta__roi__R2__median__OE,,
dummy,3,4,psd__absolute_power__theta__roi__R3__iqr__CE,,
dummy,3,4,psd__absolute_power__theta__roi__R3__iqr__CE_minus_OE,,
dummy,3,4,psd__absolute_power__theta__roi__R3__iqr__OE,,
dummy,3,4,psd__absolute_power__theta__roi__R3__median__CE,,
dummy,3,4,psd__absolute_power__theta__roi__R3__median__CE_minus_OE,,
dummy,3,4,psd__absolute_power__theta__roi__R3__median__OE,,
dummy,3,4,psd__absolute_power__theta__roi__R4__iqr__CE,,
dummy,3,4,psd__absolute_power__theta__roi__R4__iqr__CE_minus_OE,,
dummy,3,4,psd__absolute_power__theta__roi__R4__iqr__OE,,
dummy,3,4,psd__absolute_power__theta__roi__R4__median__CE,,
dummy,3,4,psd__absolute_power__theta__roi__R4__median__CE_minus_OE,,
dummy,3,4,psd__absolute_power__theta__roi__R4__median__OE,,
dummy,3,4,psd__absolute_power__theta__roi__R5__iqr__CE,,
dummy,3,4,psd__absolute_power__theta__roi__R5__iqr__CE_minus_OE,,
dummy,3,4,psd__absolute_power__theta__roi__R5__iqr__OE,,
dummy,3,4,psd__absolute_power__theta__roi__R5__median__CE,,
dummy,3,4,psd__absolute_power__theta__roi__R5__median__CE_minus_OE,,
dummy,3,4,psd__absolute_power__theta__roi__R5__median__OE,,
dummy,3,4,psd__absolute_power__theta__roi__R6__iqr__CE,,
dummy,3,4,psd__absolute_power__theta__roi__R6__iqr__CE_minus_OE,,
dummy,3,4,psd__absolute_power__theta__roi__R6__iqr__OE,,
dummy,3,4,psd__absolute_power__theta__roi__R6__median__CE,,
dummy,3,4,psd__absolute_power__theta__roi__R6__median__CE_minus_OE,,
dummy,3,4,psd__absolute_power__theta__roi__R6__median__OE,,
dummy,3,4,psd__delta_alpha_ratio__derived__roi__R1__iqr__CE,,
dummy,3,4,psd__delta_alpha_ratio__derived__roi__R1__iqr__CE_minus_OE,,
dummy,3,4,psd__delta_alpha_ratio__derived__roi__R1__iqr__OE,,
dummy,3,4,psd__delta_alpha_ratio__derived__roi__R1__median__CE,,
dummy,3,4,psd__delta_alpha_ratio__derived__roi__R1__median__CE_minus_OE,,
dummy,3,4,psd__delta_alpha_ratio__derived__roi__R1__median__OE,,
dummy,3,4,psd__delta_alpha_ratio__derived__roi__R2__iqr__CE,,
dummy,3,4,psd__delta_alpha_ratio__derived__roi__R2__iqr__CE_minus_OE,,
dummy,3,4,psd__delta_alpha_ratio__derived__roi__R2__iqr__OE,,
dummy,3,4,psd__delta_alpha_ratio__derived__roi__R2__median__CE,,
dummy,3,4,psd__delta_alpha_ratio__derived__roi__R2__median__CE_minus_OE,,
dummy,3,4,psd__delta_alpha_ratio__derived__roi__R2__median__OE,,
dummy,3,4,psd__delta_alpha_ratio__derived__roi__R3__iqr__CE,,
dummy,3,4,psd__delta_alpha_ratio__derived__roi__R3__iqr__CE_minus_OE,,
dummy,3,4,psd__delta_alpha_ratio__derived__roi__R3__iqr__OE,,
dummy,3,4,psd__delta_alpha_ratio__derived__roi__R3__median__CE,,
dummy,3,4,psd__delta_alpha_ratio__derived__roi__R3__median__CE_minus_OE,,
dummy,3,4,psd__delta_alpha_ratio__derived__roi__R3__median__OE,,
dummy,3,4,psd__delta_alpha_ratio__derived__roi__R4__iqr__CE,,
dummy,3,4,psd__delta_alpha_ratio__derived__roi__R4__iqr__CE_minus_OE,,
dummy,3,4,psd__delta_alpha_ratio__derived__roi__R4__iqr__OE,,
dummy,3,4,psd__delta_alpha_ratio__derived__roi__R4__median__CE,,
dummy,3,4,psd__delta_alpha_ratio__derived__roi__R4__median__CE_minus_OE,,
dummy,3,4,psd__delta_alpha_ratio__derived__roi__R4__median__OE,,
dummy,3,4,psd__delta_alpha_ratio__derived__roi__R5__iqr__CE,,
dummy,3,4,psd__delta_alpha_ratio__derived__roi__R5__iqr__CE_minus_OE,,
dummy,3,4,psd__delta_alpha_ratio__derived__roi__R5__iqr__OE,,
dummy,3,4,psd__delta_alpha_ratio__derived__roi__R5__median__CE,,
dummy,3,4,psd__delta_alpha_ratio__derived__roi__R5__median__CE_minus_OE,,
dummy,3,4,psd__delta_alpha_ratio__derived__roi__R5__median__OE,,
dummy,3,4,psd__delta_alpha_ratio__derived__roi__R6__iqr__CE,,
dummy,3,4,psd__delta_alpha_ratio__derived__roi__R6__iqr__CE_minus_OE,,
dummy,3,4,psd__delta_alpha_ratio__derived__roi__R6__iqr__OE,,
dummy,3,4,psd__delta_alpha_ratio__derived__roi__R6__median__CE,,
dummy,3,4,psd__delta_alpha_ratio__derived__roi__R6__median__CE_minus_OE,,
dummy,3,4,psd__delta_alpha_ratio__derived__roi__R6__median__OE,,
dummy,3,4,psd__relative_power__alpha__roi__R1__iqr__CE,,
dummy,3,4,psd__relative_power__alpha__roi__R1__iqr__CE_minus_OE,,
dummy,3,4,psd__relative_power__alpha__roi__R1__iqr__OE,,
dummy,3,4,psd__relative_power__alpha__roi__R1__median__CE,,
dummy,3,4,psd__relative_power__alpha__roi__R1__median__CE_minus_OE,,
dummy,3,4,psd__relative_power__alpha__roi__R1__median__OE,,
dummy,3,4,psd__relative_power__alpha__roi__R2__iqr__CE,,
dummy,3,4,psd__relative_power__alpha__roi__R2__iqr__CE_minus_OE,,
dummy,3,4,psd__relative_power__alpha__roi__R2__iqr__OE,,
dummy,3,4,psd__relative_power__alpha__roi__R2__median__CE,,
dummy,3,4,psd__relative_power__alpha__roi__R2__median__CE_minus_OE,,
dummy,3,4,psd__relative_power__alpha__roi__R2__median__OE,,
dummy,3,4,psd__relative_power__alpha__roi__R3__iqr__CE,,
dummy,3,4,psd__relative_power__alpha__roi__R3__iqr__CE_minus_OE,,
dummy,3,4,psd__relative_power__alpha__roi__R3__iqr__OE,,
dummy,3,4,psd__relative_power__alpha__roi__R3__median__CE,,
dummy,3,4,psd__relative_power__alpha__roi__R3__median__CE_minus_OE,,
dummy,3,4,psd__relative_power__alpha__roi__R3__median__OE,,
dummy,3,4,psd__relative_power__alpha__roi__R4__iqr__CE,,
dummy,3,4,psd__relative_power__alpha__roi__R4__iqr__CE_minus_OE,,
dummy,3,4,psd__relative_power__alpha__roi__R4__iqr__OE,,
dummy,3,4,psd__relative_power__alpha__roi__R4__median__CE,,
dummy,3,4,psd__relative_power__alpha__roi__R4__median__CE_minus_OE,,
dummy,3,4,psd__relative_power__alpha__roi__R4__median__OE,,
dummy,3,4,psd__relative_power__alpha__roi__R5__iqr__CE,,
dummy,3,4,psd__relative_power__alpha__roi__R5__iqr__CE_minus_OE,,
dummy,3,4,psd__relative_power__alpha__roi__R5__iqr__OE,,
dummy,3,4,psd__relative_power__alpha__roi__R5__median__CE,,
dummy,3,4,psd__relative_power__alpha__roi__R5__median__CE_minus_OE,,
dummy,3,4,psd__relative_power__alpha__roi__R5__median__OE,,
dummy,3,4,psd__relative_power__alpha__roi__R6__iqr__CE,,
dummy,3,4,psd__relative_power__alpha__roi__R6__iqr__CE_minus_OE,,
dummy,3,4,psd__relative_power__alpha__roi__R6__iqr__OE,,
dummy,3,4,psd__relative_power__alpha__roi__R6__median__CE,,
dummy,3,4,psd__relative_power__alpha__roi__R6__median__CE_minus_OE,,
dummy,3,4,psd__relative_power__alpha__roi__R6__median__OE,,
dummy,3,4,psd__relative_power__beta__roi__R1__iqr__CE,,
dummy,3,4,psd__relative_power__beta__roi__R1__iqr__CE_minus_OE,,
dummy,3,4,psd__relative_power__beta__roi__R1__iqr__OE,,
dummy,3,4,psd__relative_power__beta__roi__R1__median__CE,,
dummy,3,4,psd__relative_power__beta__roi__R1__median__CE_minus_OE,,
dummy,3,4,psd__relative_power__beta__roi__R1__median__OE,,
dummy,3,4,psd__relative_power__beta__roi__R2__iqr__CE,,
dummy,3,4,psd__relative_power__beta__roi__R2__iqr__CE_minus_OE,,
dummy,3,4,psd__relative_power__beta__roi__R2__iqr__OE,,
dummy,3,4,psd__relative_power__beta__roi__R2__median__CE,,
dummy,3,4,psd__relative_power__beta__roi__R2__median__CE_minus_OE,,
dummy,3,4,psd__relative_power__beta__roi__R2__median__OE,,
dummy,3,4,psd__relative_power__beta__roi__R3__iqr__CE,,
dummy,3,4,psd__relative_power__beta__roi__R3__iqr__CE_minus_OE,,
dummy,3,4,psd__relative_power__beta__roi__R3__iqr__OE,,
dummy,3,4,psd__relative_power__beta__roi__R3__median__CE,,
dummy,3,4,psd__relative_power__beta__roi__R3__median__CE_minus_OE,,
dummy,3,4,psd__relative_power__beta__roi__R3__median__OE,,
dummy,3,4,psd__relative_power__beta__roi__R4__iqr__CE,,
dummy,3,4,psd__relative_power__beta__roi__R4__iqr__CE_minus_OE,,
dummy,3,4,psd__relative_power__beta__roi__R4__iqr__OE,,
dummy,3,4,psd__relative_power__beta__roi__R4__median__CE,,
dummy,3,4,psd__relative_power__beta__roi__R4__median__CE_minus_OE,,
dummy,3,4,psd__relative_power__beta__roi__R4__median__OE,,
dummy,3,4,psd__relative_power__beta__roi__R5__iqr__CE,,
dummy,3,4,psd__relative_power__beta__roi__R5__iqr__CE_minus_OE,,
dummy,3,4,psd__relative_power__beta__roi__R5__iqr__OE,,
dummy,3,4,psd__relative_power__beta__roi__R5__median__CE,,
dummy,3,4,psd__relative_power__beta__roi__R5__median__CE_minus_OE,,
dummy,3,4,psd__relative_power__beta__roi__R5__median__OE,,
dummy,3,4,psd__relative_power__beta__roi__R6__iqr__CE,,
dummy,3,4,psd__relative_power__beta__roi__R6__iqr__CE_minus_OE,,
dummy,3,4,psd__relative_power__beta__roi__R6__iqr__OE,,
dummy,3,4,psd__relative_power__beta__roi__R6__median__CE,,
dummy,3,4,psd__relative_power__beta__roi__R6__median__CE_minus_OE,,
dummy,3,4,psd__relative_power__beta__roi__R6__median__OE,,
dummy,3,4,psd__relative_power__delta__roi__R1__iqr__CE,,
dummy,3,4,psd__relative_power__delta__roi__R1__iqr__CE_minus_OE,,
dummy,3,4,psd__relative_power__delta__roi__R1__iqr__OE,,
dummy,3,4,psd__relative_power__delta__roi__R1__median__CE,,
dummy,3,4,psd__relative_power__delta__roi__R1__median__CE_minus_OE,,
dummy,3,4,psd__relative_power__delta__roi__R1__median__OE,,
dummy,3,4,psd__relative_power__delta__roi__R2__iqr__CE,,
dummy,3,4,psd__relative_power__delta__roi__R2__iqr__CE_minus_OE,,
dummy,3,4,psd__relative_power__delta__roi__R2__iqr__OE,,
dummy,3,4,psd__relative_power__delta__roi__R2__median__CE,,
dummy,3,4,psd__relative_power__delta__roi__R2__median__CE_minus_OE,,
dummy,3,4,psd__relative_power__delta__roi__R2__median__OE,,
dummy,3,4,psd__relative_power__delta__roi__R3__iqr__CE,,
dummy,3,4,psd__relative_power__delta__roi__R3__iqr__CE_minus_OE,,
dummy,3,4,psd__relative_power__delta__roi__R3__iqr__OE,,
dummy,3,4,psd__relative_power__delta__roi__R3__median__CE,,
dummy,3,4,psd__relative_power__delta__roi__R3__median__CE_minus_OE,,
dummy,3,4,psd__relative_power__delta__roi__R3__median__OE,,
dummy,3,4,psd__relative_power__delta__roi__R4__iqr__CE,,
dummy,3,4,psd__relative_power__delta__roi__R4__iqr__CE_minus_OE,,
dummy,3,4,psd__relative_power__delta__roi__R4__iqr__OE,,
dummy,3,4,psd__relative_power__delta__roi__R4__median__CE,,
dummy,3,4,psd__relative_power__delta__roi__R4__median__CE_minus_OE,,
dummy,3,4,psd__relative_power__delta__roi__R4__median__OE,,
dummy,3,4,psd__relative_power__delta__roi__R5__iqr__CE,,
dummy,3,4,psd__relative_power__delta__roi__R5__iqr__CE_minus_OE,,
dummy,3,4,psd__relative_power__delta__roi__R5__iqr__OE,,
dummy,3,4,psd__relative_power__delta__roi__R5__median__CE,,
dummy,3,4,psd__relative_power__delta__roi__R5__median__CE_minus_OE,,
dummy,3,4,psd__relative_power__delta__roi__R5__median__OE,,
dummy,3,4,psd__relative_power__delta__roi__R6__iqr__CE,,
dummy,3,4,psd__relative_power__delta__roi__R6__iqr__CE_minus_OE,,
dummy,3,4,psd__relative_power__delta__roi__R6__iqr__OE,,
dummy,3,4,psd__relative_power__delta__roi__R6__median__CE,,
dummy,3,4,psd__relative_power__delta__roi__R6__median__CE_minus_OE,,
dummy,3,4,psd__relative_power__delta__roi__R6__median__OE,,
dummy,3,4,psd__relative_power__gamma__roi__R1__iqr__CE,,
dummy,3,4,psd__relative_power__gamma__roi__R1__iqr__CE_minus_OE,,
dummy,3,4,psd__relative_power__gamma__roi__R1__iqr__OE,,
dummy,3,4,psd__relative_power__gamma__roi__R1__median__CE,,
dummy,3,4,psd__relative_power__gamma__roi__R1__median__CE_minus_OE,,
dummy,3,4,psd__relative_power__gamma__roi__R1__median__OE,,
dummy,3,4,psd__relative_power__gamma__roi__R2__iqr__CE,,
dummy,3,4,psd__relative_power__gamma__roi__R2__iqr__CE_minus_OE,,
dummy,3,4,psd__relative_power__gamma__roi__R2__iqr__OE,,
dummy,3,4,psd__relative_power__gamma__roi__R2__median__CE,,
dummy,3,4,psd__relative_power__gamma__roi__R2__median__CE_minus_OE,,
dummy,3,4,psd__relative_power__gamma__roi__R2__median__OE,,
dummy,3,4,psd__relative_power__gamma__roi__R3__iqr__CE,,
dummy,3,4,psd__relative_power__gamma__roi__R3__iqr__CE_minus_OE,,
dummy,3,4,psd__relative_power__gamma__roi__R3__iqr__OE,,
dummy,3,4,psd__relative_power__gamma__roi__R3__median__CE,,
dummy,3,4,psd__relative_power__gamma__roi__R3__median__CE_minus_OE,,
dummy,3,4,psd__relative_power__gamma__roi__R3__median__OE,,
dummy,3,4,psd__relative_power__gamma__roi__R4__iqr__CE,,
dummy,3,4,psd__relative_power__gamma__roi__R4__iqr__CE_minus_OE,,
dummy,3,4,psd__relative_power__gamma__roi__R4__iqr__OE,,
dummy,3,4,psd__relative_power__gamma__roi__R4__median__CE,,
dummy,3,4,psd__relative_power__gamma__roi__R4__median__CE_minus_OE,,
dummy,3,4,psd__relative_power__gamma__roi__R4__median__OE,,
dummy,3,4,psd__relative_power__gamma__roi__R5__iqr__CE,,
dummy,3,4,psd__relative_power__gamma__roi__R5__iqr__CE_minus_OE,,
dummy,3,4,psd__relative_power__gamma__roi__R5__iqr__OE,,
dummy,3,4,psd__relative_power__gamma__roi__R5__median__CE,,
dummy,3,4,psd__relative_power__gamma__roi__R5__median__CE_minus_OE,,
dummy,3,4,psd__relative_power__gamma__roi__R5__median__OE,,
dummy,3,4,psd__relative_power__gamma__roi__R6__iqr__CE,,
dummy,3,4,psd__relative_power__gamma__roi__R6__iqr__CE_minus_OE,,
dummy,3,4,psd__relative_power__gamma__roi__R6__iqr__OE,,
dummy,3,4,psd__relative_power__gamma__roi__R6__median__CE,,
dummy,3,4,psd__relative_power__gamma__roi__R6__median__CE_minus_OE,,
dummy,3,4,psd__relative_power__gamma__roi__R6__median__OE,,
dummy,3,4,psd__relative_power__theta__roi__R1__iqr__CE,,
dummy,3,4,psd__relative_power__theta__roi__R1__iqr__CE_minus_OE,,
dummy,3,4,psd__relative_power__theta__roi__R1__iqr__OE,,
dummy,3,4,psd__relative_power__theta__roi__R1__median__CE,,
dummy,3,4,psd__relative_power__theta__roi__R1__median__CE_minus_OE,,
dummy,3,4,psd__relative_power__theta__roi__R1__median__OE,,
dummy,3,4,psd__relative_power__theta__roi__R2__iqr__CE,,
dummy,3,4,psd__relative_power__theta__roi__R2__iqr__CE_minus_OE,,
dummy,3,4,psd__relative_power__theta__roi__R2__iqr__OE,,
dummy,3,4,psd__relative_power__theta__roi__R2__median__CE,,
dummy,3,4,psd__relative_power__theta__roi__R2__median__CE_minus_OE,,
dummy,3,4,psd__relative_power__theta__roi__R2__median__OE,,
dummy,3,4,psd__relative_power__theta__roi__R3__iqr__CE,,
dummy,3,4,psd__relative_power__theta__roi__R3__iqr__CE_minus_OE,,
dummy,3,4,psd__relative_power__theta__roi__R3__iqr__OE,,
dummy,3,4,psd__relative_power__theta__roi__R3__median__CE,,
dummy,3,4,psd__relative_power__theta__roi__R3__median__CE_minus_OE,,
dummy,3,4,psd__relative_power__theta__roi__R3__median__OE,,
dummy,3,4,psd__relative_power__theta__roi__R4__iqr__CE,,
dummy,3,4,psd__relative_power__theta__roi__R4__iqr__CE_minus_OE,,
dummy,3,4,psd__relative_power__theta__roi__R4__iqr__OE,,
dummy,3,4,psd__relative_power__theta__roi__R4__median__CE,,
dummy,3,4,psd__relative_power__theta__roi__R4__median__CE_minus_OE,,
dummy,3,4,psd__relative_power__theta__roi__R4__median__OE,,
dummy,3,4,psd__relative_power__theta__roi__R5__iqr__CE,,
dummy,3,4,psd__relative_power__theta__roi__R5__iqr__CE_minus_OE,,
dummy,3,4,psd__relative_power__theta__roi__R5__iqr__OE,,
dummy,3,4,psd__relative_power__theta__roi__R5__median__CE,,
dummy,3,4,psd__relative_power__theta__roi__R5__median__CE_minus_OE,,
dummy,3,4,psd__relative_power__theta__roi__R5__median__OE,,
dummy,3,4,psd__relative_power__theta__roi__R6__iqr__CE,,
dummy,3,4,psd__relative_power__theta__roi__R6__iqr__CE_minus_OE,,
dummy,3,4,psd__relative_power__theta__roi__R6__iqr__OE,,
dummy,3,4,psd__relative_power__theta__roi__R6__median__CE,,
dummy,3,4,psd__relative_power__theta__roi__R6__median__CE_minus_OE,,
dummy,3,4,psd__relative_power__theta__roi__R6__median__OE,,
dummy,3,4,psd__sfr__derived__roi__R1__iqr__CE,,
dummy,3,4,psd__sfr__derived__roi__R1__iqr__CE_minus_OE,,
dummy,3,4,psd__sfr__derived__roi__R1__iqr__OE,,
dummy,3,4,psd__sfr__derived__roi__R1__median__CE,,
dummy,3,4,psd__sfr__derived__roi__R1__median__CE_minus_OE,,
dummy,3,4,psd__sfr__derived__roi__R1__median__OE,,
dummy,3,4,psd__sfr__derived__roi__R2__iqr__CE,,
dummy,3,4,psd__sfr__derived__roi__R2__iqr__CE_minus_OE,,
dummy,3,4,psd__sfr__derived__roi__R2__iqr__OE,,
dummy,3,4,psd__sfr__derived__roi__R2__median__CE,,
dummy,3,4,psd__sfr__derived__roi__R2__median__CE_minus_OE,,
dummy,3,4,psd__sfr__derived__roi__R2__median__OE,,
dummy,3,4,psd__sfr__derived__roi__R3__iqr__CE,,
dummy,3,4,psd__sfr__derived__roi__R3__iqr__CE_minus_OE,,
dummy,3,4,psd__sfr__derived__roi__R3__iqr__OE,,
dummy,3,4,psd__sfr__derived__roi__R3__median__CE,,
dummy,3,4,psd__sfr__derived__roi__R3__median__CE_minus_OE,,
dummy,3,4,psd__sfr__derived__roi__R3__median__OE,,
dummy,3,4,psd__sfr__derived__roi__R4__iqr__CE,,
dummy,3,4,psd__sfr__derived__roi__R4__iqr__CE_minus_OE,,
dummy,3,4,psd__sfr__derived__roi__R4__iqr__OE,,
dummy,3,4,psd__sfr__derived__roi__R4__median__CE,,
dummy,3,4,psd__sfr__derived__roi__R4__median__CE_minus_OE,,
dummy,3,4,psd__sfr__derived__roi__R4__median__OE,,
dummy,3,4,psd__sfr__derived__roi__R5__iqr__CE,,
dummy,3,4,psd__sfr__derived__roi__R5__iqr__CE_minus_OE,,
dummy,3,4,psd__sfr__derived__roi__R5__iqr__OE,,
dummy,3,4,psd__sfr__derived__roi__R5__median__CE,,
dummy,3,4,psd__sfr__derived__roi__R5__median__CE_minus_OE,,
dummy,3,4,psd__sfr__derived__roi__R5__median__OE,,
dummy,3,4,psd__sfr__derived__roi__R6__iqr__CE,,
dummy,3,4,psd__sfr__derived__roi__R6__iqr__CE_minus_OE,,
dummy,3,4,psd__sfr__derived__roi__R6__iqr__OE,,
dummy,3,4,psd__sfr__derived__roi__R6__median__CE,,
dummy,3,4,psd__sfr__derived__roi__R6__median__CE_minus_OE,,
dummy,3,4,psd__sfr__derived__roi__R6__median__OE,,
dummy,3,4,psd__theta_alpha_ratio__derived__roi__R1__iqr__CE,,
dummy,3,4,psd__theta_alpha_ratio__derived__roi__R1__iqr__CE_minus_OE,,
dummy,3,4,psd__theta_alpha_ratio__derived__roi__R1__iqr__OE,,
dummy,3,4,psd__theta_alpha_ratio__derived__roi__R1__median__CE,,
dummy,3,4,psd__theta_alpha_ratio__derived__roi__R1__median__CE_minus_OE,,
dummy,3,4,psd__theta_alpha_ratio__derived__roi__R1__median__OE,,
dummy,3,4,psd__theta_alpha_ratio__derived__roi__R2__iqr__CE,,
dummy,3,4,psd__theta_alpha_ratio__derived__roi__R2__iqr__CE_minus_OE,,
dummy,3,4,psd__theta_alpha_ratio__derived__roi__R2__iqr__OE,,
dummy,3,4,psd__theta_alpha_ratio__derived__roi__R2__median__CE,,
dummy,3,4,psd__theta_alpha_ratio__derived__roi__R2__median__CE_minus_OE,,
dummy,3,4,psd__theta_alpha_ratio__derived__roi__R2__median__OE,,
dummy,3,4,psd__theta_alpha_ratio__derived__roi__R3__iqr__CE,,
dummy,3,4,psd__theta_alpha_ratio__derived__roi__R3__iqr__CE_minus_OE,,
dummy,3,4,psd__theta_alpha_ratio__derived__roi__R3__iqr__OE,,
dummy,3,4,psd__theta_alpha_ratio__derived__roi__R3__median__CE,,
dummy,3,4,psd__theta_alpha_ratio__derived__roi__R3__median__CE_minus_OE,,
dummy,3,4,psd__theta_alpha_ratio__derived__roi__R3__median__OE,,
dummy,3,4,psd__theta_alpha_ratio__derived__roi__R4__iqr__CE,,
dummy,3,4,psd__theta_alpha_ratio__derived__roi__R4__iqr__CE_minus_OE,,
dummy,3,4,psd__theta_alpha_ratio__derived__roi__R4__iqr__OE,,
dummy,3,4,psd__theta_alpha_ratio__derived__roi__R4__median__CE,,
dummy,3,4,psd__theta_alpha_ratio__derived__roi__R4__median__CE_minus_OE,,
dummy,3,4,psd__theta_alpha_ratio__derived__roi__R4__median__OE,,
dummy,3,4,psd__theta_alpha_ratio__derived__roi__R5__iqr__CE,,
dummy,3,4,psd__theta_alpha_ratio__derived__roi__R5__iqr__CE_minus_OE,,
dummy,3,4,psd__theta_alpha_ratio__derived__roi__R5__iqr__OE,,
dummy,3,4,psd__theta_alpha_ratio__derived__roi__R5__median__CE,,
dummy,3,4,psd__theta_alpha_ratio__derived__roi__R5__median__CE_minus_OE,,
dummy,3,4,psd__theta_alpha_ratio__derived__roi__R5__median__OE,,
dummy,3,4,psd__theta_alpha_ratio__derived__roi__R6__iqr__CE,,
dummy,3,4,psd__theta_alpha_ratio__derived__roi__R6__iqr__CE_minus_OE,,
dummy,3,4,psd__theta_alpha_ratio__derived__roi__R6__iqr__OE,,
dummy,3,4,psd__theta_alpha_ratio__derived__roi__R6__median__CE,,
dummy,3,4,psd__theta_alpha_ratio__derived__roi__R6__median__CE_minus_OE,,
dummy,3,4,psd__theta_alpha_ratio__derived__roi__R6__median__OE,,
dummy,4,1,complexity__spectral_entropy__broadband__roi__R1__iqr__CE,,
dummy,4,1,complexity__spectral_entropy__broadband__roi__R1__iqr__CE_minus_OE,,
dummy,4,1,complexity__spectral_entropy__broadband__roi__R1__iqr__OE,,
dummy,4,1,complexity__spectral_entropy__broadband__roi__R1__median__CE,,
dummy,4,1,complexity__spectral_entropy__broadband__roi__R1__median__CE_minus_OE,,
dummy,4,1,complexity__spectral_entropy__broadband__roi__R1__median__OE,,
dummy,4,1,complexity__spectral_entropy__broadband__roi__R2__iqr__CE,,
dummy,4,1,complexity__spectral_entropy__broadband__roi__R2__iqr__CE_minus_OE,,
dummy,4,1,complexity__spectral_entropy__broadband__roi__R2__iqr__OE,,
dummy,4,1,complexity__spectral_entropy__broadband__roi__R2__median__CE,,
dummy,4,1,complexity__spectral_entropy__broadband__roi__R2__median__CE_minus_OE,,
dummy,4,1,complexity__spectral_entropy__broadband__roi__R2__median__OE,,
dummy,4,1,complexity__spectral_entropy__broadband__roi__R3__iqr__CE,,
dummy,4,1,complexity__spectral_entropy__broadband__roi__R3__iqr__CE_minus_OE,,
dummy,4,1,complexity__spectral_entropy__broadband__roi__R3__iqr__OE,,
dummy,4,1,complexity__spectral_entropy__broadband__roi__R3__median__CE,,
dummy,4,1,complexity__spectral_entropy__broadband__roi__R3__median__CE_minus_OE,,
dummy,4,1,complexity__spectral_entropy__broadband__roi__R3__median__OE,,
dummy,4,1,complexity__spectral_entropy__broadband__roi__R4__iqr__CE,,
dummy,4,1,complexity__spectral_entropy__broadband__roi__R4__iqr__CE_minus_OE,,
dummy,4,1,complexity__spectral_entropy__broadband__roi__R4__iqr__OE,,
dummy,4,1,complexity__spectral_entropy__broadband__roi__R4__median__CE,,
dummy,4,1,complexity__spectral_entropy__broadband__roi__R4__median__CE_minus_OE,,
dummy,4,1,complexity__spectral_entropy__broadband__roi__R4__median__OE,,
dummy,4,1,complexity__spectral_entropy__broadband__roi__R5__iqr__CE,,
dummy,4,1,complexity__spectral_entropy__broadband__roi__R5__iqr__CE_minus_OE,,
dummy,4,1,complexity__spectral_entropy__broadband__roi__R5__iqr__OE,,
dummy,4,1,complexity__spectral_entropy__broadband__roi__R5__median__CE,,
dummy,4,1,complexity__spectral_entropy__broadband__roi__R5__median__CE_minus_OE,,
dummy,4,1,complexity__spectral_entropy__broadband__roi__R5__median__OE,,
dummy,4,1,complexity__spectral_entropy__broadband__roi__R6__iqr__CE,,
dummy,4,1,complexity__spectral_entropy__broadband__roi__R6__iqr__CE_minus_OE,,
dummy,4,1,complexity__spectral_entropy__broadband__roi__R6__iqr__OE,,
dummy,4,1,complexity__spectral_entropy__broadband__roi__R6__median__CE,,
dummy,4,1,complexity__spectral_entropy__broadband__roi__R6__median__CE_minus_OE,,
dummy,4,1,complexity__spectral_entropy__broadband__roi__R6__median__OE,,
dummy,4,1,psd__absolute_power__alpha__roi__R1__iqr__CE,,
dummy,4,1,psd__absolute_power__alpha__roi__R1__iqr__CE_minus_OE,,
dummy,4,1,psd__absolute_power__alpha__roi__R1__iqr__OE,,
dummy,4,1,psd__absolute_power__alpha__roi__R1__median__CE,,
dummy,4,1,psd__absolute_power__alpha__roi__R1__median__CE_minus_OE,,
dummy,4,1,psd__absolute_power__alpha__roi__R1__median__OE,,
dummy,4,1,psd__absolute_power__alpha__roi__R2__iqr__CE,,
dummy,4,1,psd__absolute_power__alpha__roi__R2__iqr__CE_minus_OE,,
dummy,4,1,psd__absolute_power__alpha__roi__R2__iqr__OE,,
dummy,4,1,psd__absolute_power__alpha__roi__R2__median__CE,,
dummy,4,1,psd__absolute_power__alpha__roi__R2__median__CE_minus_OE,,
dummy,4,1,psd__absolute_power__alpha__roi__R2__median__OE,,
dummy,4,1,psd__absolute_power__alpha__roi__R3__iqr__CE,,
dummy,4,1,psd__absolute_power__alpha__roi__R3__iqr__CE_minus_OE,,
dummy,4,1,psd__absolute_power__alpha__roi__R3__iqr__OE,,
dummy,4,1,psd__absolute_power__alpha__roi__R3__median__CE,,
dummy,4,1,psd__absolute_power__alpha__roi__R3__median__CE_minus_OE,,
dummy,4,1,psd__absolute_power__alpha__roi__R3__median__OE,,
dummy,4,1,psd__absolute_power__alpha__roi__R4__iqr__CE,,
dummy,4,1,psd__absolute_power__alpha__roi__R4__iqr__CE_minus_OE,,
dummy,4,1,psd__absolute_power__alpha__roi__R4__iqr__OE,,
dummy,4,1,psd__absolute_power__alpha__roi__R4__median__CE,,
dummy,4,1,psd__absolute_power__alpha__roi__R4__median__CE_minus_OE,,
dummy,4,1,psd__absolute_power__alpha__roi__R4__median__OE,,
dummy,4,1,psd__absolute_power__alpha__roi__R5__iqr__CE,,
dummy,4,1,psd__absolute_power__alpha__roi__R5__iqr__CE_minus_OE,,
dummy,4,1,psd__absolute_power__alpha__roi__R5__iqr__OE,,
dummy,4,1,psd__absolute_power__alpha__roi__R5__median__CE,,
dummy,4,1,psd__absolute_power__alpha__roi__R5__median__CE_minus_OE,,
dummy,4,1,psd__absolute_power__alpha__roi__R5__median__OE,,
dummy,4,1,psd__absolute_power__alpha__roi__R6__iqr__CE,,
dummy,4,1,psd__absolute_power__alpha__roi__R6__iqr__CE_minus_OE,,
dummy,4,1,psd__absolute_power__alpha__roi__R6__iqr__OE,,
dummy,4,1,psd__absolute_power__alpha__roi__R6__median__CE,,
dummy,4,1,psd__absolute_power__alpha__roi__R6__median__CE_minus_OE,,
dummy,4,1,psd__absolute_power__alpha__roi__R6__median__OE,,
dummy,4,1,psd__absolute_power__beta__roi__R1__iqr__CE,,
dummy,4,1,psd__absolute_power__beta__roi__R1__iqr__CE_minus_OE,,
dummy,4,1,psd__absolute_power__beta__roi__R1__iqr__OE,,
dummy,4,1,psd__absolute_power__beta__roi__R1__median__CE,,
dummy,4,1,psd__absolute_power__beta__roi__R1__median__CE_minus_OE,,
dummy,4,1,psd__absolute_power__beta__roi__R1__median__OE,,
dummy,4,1,psd__absolute_power__beta__roi__R2__iqr__CE,,
dummy,4,1,psd__absolute_power__beta__roi__R2__iqr__CE_minus_OE,,
dummy,4,1,psd__absolute_power__beta__roi__R2__iqr__OE,,
dummy,4,1,psd__absolute_power__beta__roi__R2__median__CE,,
dummy,4,1,psd__absolute_power__beta__roi__R2__median__CE_minus_OE,,
dummy,4,1,psd__absolute_power__beta__roi__R2__median__OE,,
dummy,4,1,psd__absolute_power__beta__roi__R3__iqr__CE,,
dummy,4,1,psd__absolute_power__beta__roi__R3__iqr__CE_minus_OE,,
dummy,4,1,psd__absolute_power__beta__roi__R3__iqr__OE,,
dummy,4,1,psd__absolute_power__beta__roi__R3__median__CE,,
dummy,4,1,psd__absolute_power__beta__roi__R3__median__CE_minus_OE,,
dummy,4,1,psd__absolute_power__beta__roi__R3__median__OE,,
dummy,4,1,psd__absolute_power__beta__roi__R4__iqr__CE,,
dummy,4,1,psd__absolute_power__beta__roi__R4__iqr__CE_minus_OE,,
dummy,4,1,psd__absolute_power__beta__roi__R4__iqr__OE,,
dummy,4,1,psd__absolute_power__beta__roi__R4__median__CE,,
dummy,4,1,psd__absolute_power__beta__roi__R4__median__CE_minus_OE,,
dummy,4,1,psd__absolute_power__beta__roi__R4__median__OE,,
dummy,4,1,psd__absolute_power__beta__roi__R5__iqr__CE,,
dummy,4,1,psd__absolute_power__beta__roi__R5__iqr__CE_minus_OE,,
dummy,4,1,psd__absolute_power__beta__roi__R5__iqr__OE,,
dummy,4,1,psd__absolute_power__beta__roi__R5__median__CE,,
dummy,4,1,psd__absolute_power__beta__roi__R5__median__CE_minus_OE,,
dummy,4,1,psd__absolute_power__beta__roi__R5__median__OE,,
dummy,4,1,psd__absolute_power__beta__roi__R6__iqr__CE,,
dummy,4,1,psd__absolute_power__beta__roi__R6__iqr__CE_minus_OE,,
dummy,4,1,psd__absolute_power__beta__roi__R6__iqr__OE,,
dummy,4,1,psd__absolute_power__beta__roi__R6__median__CE,,
dummy,4,1,psd__absolute_power__beta__roi__R6__median__CE_minus_OE,,
dummy,4,1,psd__absolute_power__beta__roi__R6__median__OE,,
dummy,4,1,psd__absolute_power__delta__roi__R1__iqr__CE,,
dummy,4,1,psd__absolute_power__delta__roi__R1__iqr__CE_minus_OE,,
dummy,4,1,psd__absolute_power__delta__roi__R1__iqr__OE,,
dummy,4,1,psd__absolute_power__delta__roi__R1__median__CE,,
dummy,4,1,psd__absolute_power__delta__roi__R1__median__CE_minus_OE,,
dummy,4,1,psd__absolute_power__delta__roi__R1__median__OE,,
dummy,4,1,psd__absolute_power__delta__roi__R2__iqr__CE,,
dummy,4,1,psd__absolute_power__delta__roi__R2__iqr__CE_minus_OE,,
dummy,4,1,psd__absolute_power__delta__roi__R2__iqr__OE,,
dummy,4,1,psd__absolute_power__delta__roi__R2__median__CE,,
dummy,4,1,psd__absolute_power__delta__roi__R2__median__CE_minus_OE,,
dummy,4,1,psd__absolute_power__delta__roi__R2__median__OE,,
dummy,4,1,psd__absolute_power__delta__roi__R3__iqr__CE,,
dummy,4,1,psd__absolute_power__delta__roi__R3__iqr__CE_minus_OE,,
dummy,4,1,psd__absolute_power__delta__roi__R3__iqr__OE,,
dummy,4,1,psd__absolute_power__delta__roi__R3__median__CE,,
dummy,4,1,psd__absolute_power__delta__roi__R3__median__CE_minus_OE,,
dummy,4,1,psd__absolute_power__delta__roi__R3__median__OE,,
dummy,4,1,psd__absolute_power__delta__roi__R4__iqr__CE,,
dummy,4,1,psd__absolute_power__delta__roi__R4__iqr__CE_minus_OE,,
dummy,4,1,psd__absolute_power__delta__roi__R4__iqr__OE,,
dummy,4,1,psd__absolute_power__delta__roi__R4__median__CE,,
dummy,4,1,psd__absolute_power__delta__roi__R4__median__CE_minus_OE,,
dummy,4,1,psd__absolute_power__delta__roi__R4__median__OE,,
dummy,4,1,psd__absolute_power__delta__roi__R5__iqr__CE,,
dummy,4,1,psd__absolute_power__delta__roi__R5__iqr__CE_minus_OE,,
dummy,4,1,psd__absolute_power__delta__roi__R5__iqr__OE,,
dummy,4,1,psd__absolute_power__delta__roi__R5__median__CE,,
dummy,4,1,psd__absolute_power__delta__roi__R5__median__CE_minus_OE,,
dummy,4,1,psd__absolute_power__delta__roi__R5__median__OE,,
dummy,4,1,psd__absolute_power__delta__roi__R6__iqr__CE,,
dummy,4,1,psd__absolute_power__delta__roi__R6__iqr__CE_minus_OE,,
dummy,4,1,psd__absolute_power__delta__roi__R6__iqr__OE,,
dummy,4,1,psd__absolute_power__delta__roi__R6__median__CE,,
dummy,4,1,psd__absolute_power__delta__roi__R6__median__CE_minus_OE,,
dummy,4,1,psd__absolute_power__delta__roi__R6__median__OE,,
dummy,4,1,psd__absolute_power__gamma__roi__R1__iqr__CE,,
dummy,4,1,psd__absolute_power__gamma__roi__R1__iqr__CE_minus_OE,,
dummy,4,1,psd__absolute_power__gamma__roi__R1__iqr__OE,,
dummy,4,1,psd__absolute_power__gamma__roi__R1__median__CE,,
dummy,4,1,psd__absolute_power__gamma__roi__R1__median__CE_minus_OE,,
dummy,4,1,psd__absolute_power__gamma__roi__R1__median__OE,,
dummy,4,1,psd__absolute_power__gamma__roi__R2__iqr__CE,,
dummy,4,1,psd__absolute_power__gamma__roi__R2__iqr__CE_minus_OE,,
dummy,4,1,psd__absolute_power__gamma__roi__R2__iqr__OE,,
dummy,4,1,psd__absolute_power__gamma__roi__R2__median__CE,,
dummy,4,1,psd__absolute_power__gamma__roi__R2__median__CE_minus_OE,,
dummy,4,1,psd__absolute_power__gamma__roi__R2__median__OE,,
dummy,4,1,psd__absolute_power__gamma__roi__R3__iqr__CE,,
dummy,4,1,psd__absolute_power__gamma__roi__R3__iqr__CE_minus_OE,,
dummy,4,1,psd__absolute_power__gamma__roi__R3__iqr__OE,,
dummy,4,1,psd__absolute_power__gamma__roi__R3__median__CE,,
dummy,4,1,psd__absolute_power__gamma__roi__R3__median__CE_minus_OE,,
dummy,4,1,psd__absolute_power__gamma__roi__R3__median__OE,,
dummy,4,1,psd__absolute_power__gamma__roi__R4__iqr__CE,,
dummy,4,1,psd__absolute_power__gamma__roi__R4__iqr__CE_minus_OE,,
dummy,4,1,psd__absolute_power__gamma__roi__R4__iqr__OE,,
dummy,4,1,psd__absolute_power__gamma__roi__R4__median__CE,,
dummy,4,1,psd__absolute_power__gamma__roi__R4__median__CE_minus_OE,,
dummy,4,1,psd__absolute_power__gamma__roi__R4__median__OE,,
dummy,4,1,psd__absolute_power__gamma__roi__R5__iqr__CE,,
dummy,4,1,psd__absolute_power__gamma__roi__R5__iqr__CE_minus_OE,,
dummy,4,1,psd__absolute_power__gamma__roi__R5__iqr__OE,,
dummy,4,1,psd__absolute_power__gamma__roi__R5__median__CE,,
dummy,4,1,psd__absolute_power__gamma__roi__R5__median__CE_minus_OE,,
dummy,4,1,psd__absolute_power__gamma__roi__R5__median__OE,,
dummy,4,1,psd__absolute_power__gamma__roi__R6__iqr__CE,,
dummy,4,1,psd__absolute_power__gamma__roi__R6__iqr__CE_minus_OE,,
dummy,4,1,psd__absolute_power__gamma__roi__R6__iqr__OE,,
dummy,4,1,psd__absolute_power__gamma__roi__R6__median__CE,,
dummy,4,1,psd__absolute_power__gamma__roi__R6__median__CE_minus_OE,,
dummy,4,1,psd__absolute_power__gamma__roi__R6__median__OE,,
dummy,4,1,psd__absolute_power__theta__roi__R1__iqr__CE,,
dummy,4,1,psd__absolute_power__theta__roi__R1__iqr__CE_minus_OE,,
dummy,4,1,psd__absolute_power__theta__roi__R1__iqr__OE,,
dummy,4,1,psd__absolute_power__theta__roi__R1__median__CE,,
dummy,4,1,psd__absolute_power__theta__roi__R1__median__CE_minus_OE,,
dummy,4,1,psd__absolute_power__theta__roi__R1__median__OE,,
dummy,4,1,psd__absolute_power__theta__roi__R2__iqr__CE,,
dummy,4,1,psd__absolute_power__theta__roi__R2__iqr__CE_minus_OE,,
dummy,4,1,psd__absolute_power__theta__roi__R2__iqr__OE,,
dummy,4,1,psd__absolute_power__theta__roi__R2__median__CE,,
dummy,4,1,psd__absolute_power__theta__roi__R2__median__CE_minus_OE,,
dummy,4,1,psd__absolute_power__theta__roi__R2__median__OE,,
dummy,4,1,psd__absolute_power__theta__roi__R3__iqr__CE,,
dummy,4,1,psd__absolute_power__theta__roi__R3__iqr__CE_minus_OE,,
dummy,4,1,psd__absolute_power__theta__roi__R3__iqr__OE,,
dummy,4,1,psd__absolute_power__theta__roi__R3__median__CE,,
dummy,4,1,psd__absolute_power__theta__roi__R3__median__CE_minus_OE,,
dummy,4,1,psd__absolute_power__theta__roi__R3__median__OE,,
dummy,4,1,psd__absolute_power__theta__roi__R4__iqr__CE,,
dummy,4,1,psd__absolute_power__theta__roi__R4__iqr__CE_minus_OE,,
dummy,4,1,psd__absolute_power__theta__roi__R4__iqr__OE,,
dummy,4,1,psd__absolute_power__theta__roi__R4__median__CE,,
dummy,4,1,psd__absolute_power__theta__roi__R4__median__CE_minus_OE,,
dummy,4,1,psd__absolute_power__theta__roi__R4__median__OE,,
dummy,4,1,psd__absolute_power__theta__roi__R5__iqr__CE,,
dummy,4,1,psd__absolute_power__theta__roi__R5__iqr__CE_minus_OE,,
dummy,4,1,psd__absolute_power__theta__roi__R5__iqr__OE,,
dummy,4,1,psd__absolute_power__theta__roi__R5__median__CE,,
dummy,4,1,psd__absolute_power__theta__roi__R5__median__CE_minus_OE,,
dummy,4,1,psd__absolute_power__theta__roi__R5__median__OE,,
dummy,4,1,psd__absolute_power__theta__roi__R6__iqr__CE,,
dummy,4,1,psd__absolute_power__theta__roi__R6__iqr__CE_minus_OE,,
dummy,4,1,psd__absolute_power__theta__roi__R6__iqr__OE,,
dummy,4,1,psd__absolute_power__theta__roi__R6__median__CE,,
dummy,4,1,psd__absolute_power__theta__roi__R6__median__CE_minus_OE,,
dummy,4,1,psd__absolute_power__theta__roi__R6__median__OE,,
dummy,4,1,psd__delta_alpha_ratio__derived__roi__R1__iqr__CE,,
dummy,4,1,psd__delta_alpha_ratio__derived__roi__R1__iqr__CE_minus_OE,,
dummy,4,1,psd__delta_alpha_ratio__derived__roi__R1__iqr__OE,,
dummy,4,1,psd__delta_alpha_ratio__derived__roi__R1__median__CE,,
dummy,4,1,psd__delta_alpha_ratio__derived__roi__R1__median__CE_minus_OE,,
dummy,4,1,psd__delta_alpha_ratio__derived__roi__R1__median__OE,,
dummy,4,1,psd__delta_alpha_ratio__derived__roi__R2__iqr__CE,,
dummy,4,1,psd__delta_alpha_ratio__derived__roi__R2__iqr__CE_minus_OE,,
dummy,4,1,psd__delta_alpha_ratio__derived__roi__R2__iqr__OE,,
dummy,4,1,psd__delta_alpha_ratio__derived__roi__R2__median__CE,,
dummy,4,1,psd__delta_alpha_ratio__derived__roi__R2__median__CE_minus_OE,,
dummy,4,1,psd__delta_alpha_ratio__derived__roi__R2__median__OE,,
dummy,4,1,psd__delta_alpha_ratio__derived__roi__R3__iqr__CE,,
dummy,4,1,psd__delta_alpha_ratio__derived__roi__R3__iqr__CE_minus_OE,,
dummy,4,1,psd__delta_alpha_ratio__derived__roi__R3__iqr__OE,,
dummy,4,1,psd__delta_alpha_ratio__derived__roi__R3__median__CE,,
dummy,4,1,psd__delta_alpha_ratio__derived__roi__R3__median__CE_minus_OE,,
dummy,4,1,psd__delta_alpha_ratio__derived__roi__R3__median__OE,,
dummy,4,1,psd__delta_alpha_ratio__derived__roi__R4__iqr__CE,,
dummy,4,1,psd__delta_alpha_ratio__derived__roi__R4__iqr__CE_minus_OE,,
dummy,4,1,psd__delta_alpha_ratio__derived__roi__R4__iqr__OE,,
dummy,4,1,psd__delta_alpha_ratio__derived__roi__R4__median__CE,,
dummy,4,1,psd__delta_alpha_ratio__derived__roi__R4__median__CE_minus_OE,,
dummy,4,1,psd__delta_alpha_ratio__derived__roi__R4__median__OE,,
dummy,4,1,psd__delta_alpha_ratio__derived__roi__R5__iqr__CE,,
dummy,4,1,psd__delta_alpha_ratio__derived__roi__R5__iqr__CE_minus_OE,,
dummy,4,1,psd__delta_alpha_ratio__derived__roi__R5__iqr__OE,,
dummy,4,1,psd__delta_alpha_ratio__derived__roi__R5__median__CE,,
dummy,4,1,psd__delta_alpha_ratio__derived__roi__R5__median__CE_minus_OE,,
dummy,4,1,psd__delta_alpha_ratio__derived__roi__R5__median__OE,,
dummy,4,1,psd__delta_alpha_ratio__derived__roi__R6__iqr__CE,,
dummy,4,1,psd__delta_alpha_ratio__derived__roi__R6__iqr__CE_minus_OE,,
dummy,4,1,psd__delta_alpha_ratio__derived__roi__R6__iqr__OE,,
dummy,4,1,psd__delta_alpha_ratio__derived__roi__R6__median__CE,,
dummy,4,1,psd__delta_alpha_ratio__derived__roi__R6__median__CE_minus_OE,,
dummy,4,1,psd__delta_alpha_ratio__derived__roi__R6__median__OE,,
dummy,4,1,psd__relative_power__alpha__roi__R1__iqr__CE,,
dummy,4,1,psd__relative_power__alpha__roi__R1__iqr__CE_minus_OE,,
dummy,4,1,psd__relative_power__alpha__roi__R1__iqr__OE,,
dummy,4,1,psd__relative_power__alpha__roi__R1__median__CE,,
dummy,4,1,psd__relative_power__alpha__roi__R1__median__CE_minus_OE,,
dummy,4,1,psd__relative_power__alpha__roi__R1__median__OE,,
dummy,4,1,psd__relative_power__alpha__roi__R2__iqr__CE,,
dummy,4,1,psd__relative_power__alpha__roi__R2__iqr__CE_minus_OE,,
dummy,4,1,psd__relative_power__alpha__roi__R2__iqr__OE,,
dummy,4,1,psd__relative_power__alpha__roi__R2__median__CE,,
dummy,4,1,psd__relative_power__alpha__roi__R2__median__CE_minus_OE,,
dummy,4,1,psd__relative_power__alpha__roi__R2__median__OE,,
dummy,4,1,psd__relative_power__alpha__roi__R3__iqr__CE,,
dummy,4,1,psd__relative_power__alpha__roi__R3__iqr__CE_minus_OE,,
dummy,4,1,psd__relative_power__alpha__roi__R3__iqr__OE,,
dummy,4,1,psd__relative_power__alpha__roi__R3__median__CE,,
dummy,4,1,psd__relative_power__alpha__roi__R3__median__CE_minus_OE,,
dummy,4,1,psd__relative_power__alpha__roi__R3__median__OE,,
dummy,4,1,psd__relative_power__alpha__roi__R4__iqr__CE,,
dummy,4,1,psd__relative_power__alpha__roi__R4__iqr__CE_minus_OE,,
dummy,4,1,psd__relative_power__alpha__roi__R4__iqr__OE,,
dummy,4,1,psd__relative_power__alpha__roi__R4__median__CE,,
dummy,4,1,psd__relative_power__alpha__roi__R4__median__CE_minus_OE,,
dummy,4,1,psd__relative_power__alpha__roi__R4__median__OE,,
dummy,4,1,psd__relative_power__alpha__roi__R5__iqr__CE,,
dummy,4,1,psd__relative_power__alpha__roi__R5__iqr__CE_minus_OE,,
dummy,4,1,psd__relative_power__alpha__roi__R5__iqr__OE,,
dummy,4,1,psd__relative_power__alpha__roi__R5__median__CE,,
dummy,4,1,psd__relative_power__alpha__roi__R5__median__CE_minus_OE,,
dummy,4,1,psd__relative_power__alpha__roi__R5__median__OE,,
dummy,4,1,psd__relative_power__alpha__roi__R6__iqr__CE,,
dummy,4,1,psd__relative_power__alpha__roi__R6__iqr__CE_minus_OE,,
dummy,4,1,psd__relative_power__alpha__roi__R6__iqr__OE,,
dummy,4,1,psd__relative_power__alpha__roi__R6__median__CE,,
dummy,4,1,psd__relative_power__alpha__roi__R6__median__CE_minus_OE,,
dummy,4,1,psd__relative_power__alpha__roi__R6__median__OE,,
dummy,4,1,psd__relative_power__beta__roi__R1__iqr__CE,,
dummy,4,1,psd__relative_power__beta__roi__R1__iqr__CE_minus_OE,,
dummy,4,1,psd__relative_power__beta__roi__R1__iqr__OE,,
dummy,4,1,psd__relative_power__beta__roi__R1__median__CE,,
dummy,4,1,psd__relative_power__beta__roi__R1__median__CE_minus_OE,,
dummy,4,1,psd__relative_power__beta__roi__R1__median__OE,,
dummy,4,1,psd__relative_power__beta__roi__R2__iqr__CE,,
dummy,4,1,psd__relative_power__beta__roi__R2__iqr__CE_minus_OE,,
dummy,4,1,psd__relative_power__beta__roi__R2__iqr__OE,,
dummy,4,1,psd__relative_power__beta__roi__R2__median__CE,,
dummy,4,1,psd__relative_power__beta__roi__R2__median__CE_minus_OE,,
dummy,4,1,psd__relative_power__beta__roi__R2__median__OE,,
dummy,4,1,psd__relative_power__beta__roi__R3__iqr__CE,,
dummy,4,1,psd__relative_power__beta__roi__R3__iqr__CE_minus_OE,,
dummy,4,1,psd__relative_power__beta__roi__R3__iqr__OE,,
dummy,4,1,psd__relative_power__beta__roi__R3__median__CE,,
dummy,4,1,psd__relative_power__beta__roi__R3__median__CE_minus_OE,,
dummy,4,1,psd__relative_power__beta__roi__R3__median__OE,,
dummy,4,1,psd__relative_power__beta__roi__R4__iqr__CE,,
dummy,4,1,psd__relative_power__beta__roi__R4__iqr__CE_minus_OE,,
dummy,4,1,psd__relative_power__beta__roi__R4__iqr__OE,,
dummy,4,1,psd__relative_power__beta__roi__R4__median__CE,,
dummy,4,1,psd__relative_power__beta__roi__R4__median__CE_minus_OE,,
dummy,4,1,psd__relative_power__beta__roi__R4__median__OE,,
dummy,4,1,psd__relative_power__beta__roi__R5__iqr__CE,,
dummy,4,1,psd__relative_power__beta__roi__R5__iqr__CE_minus_OE,,
dummy,4,1,psd__relative_power__beta__roi__R5__iqr__OE,,
dummy,4,1,psd__relative_power__beta__roi__R5__median__CE,,
dummy,4,1,psd__relative_power__beta__roi__R5__median__CE_minus_OE,,
dummy,4,1,psd__relative_power__beta__roi__R5__median__OE,,
dummy,4,1,psd__relative_power__beta__roi__R6__iqr__CE,,
dummy,4,1,psd__relative_power__beta__roi__R6__iqr__CE_minus_OE,,
dummy,4,1,psd__relative_power__beta__roi__R6__iqr__OE,,
dummy,4,1,psd__relative_power__beta__roi__R6__median__CE,,
dummy,4,1,psd__relative_power__beta__roi__R6__median__CE_minus_OE,,
dummy,4,1,psd__relative_power__beta__roi__R6__median__OE,,
dummy,4,1,psd__relative_power__delta__roi__R1__iqr__CE,,
dummy,4,1,psd__relative_power__delta__roi__R1__iqr__CE_minus_OE,,
dummy,4,1,psd__relative_power__delta__roi__R1__iqr__OE,,
dummy,4,1,psd__relative_power__delta__roi__R1__median__CE,,
dummy,4,1,psd__relative_power__delta__roi__R1__median__CE_minus_OE,,
dummy,4,1,psd__relative_power__delta__roi__R1__median__OE,,
dummy,4,1,psd__relative_power__delta__roi__R2__iqr__CE,,
dummy,4,1,psd__relative_power__delta__roi__R2__iqr__CE_minus_OE,,
dummy,4,1,psd__relative_power__delta__roi__R2__iqr__OE,,
dummy,4,1,psd__relative_power__delta__roi__R2__median__CE,,
dummy,4,1,psd__relative_power__delta__roi__R2__median__CE_minus_OE,,
dummy,4,1,psd__relative_power__delta__roi__R2__median__OE,,
dummy,4,1,psd__relative_power__delta__roi__R3__iqr__CE,,
dummy,4,1,psd__relative_power__delta__roi__R3__iqr__CE_minus_OE,,
dummy,4,1,psd__relative_power__delta__roi__R3__iqr__OE,,
dummy,4,1,psd__relative_power__delta__roi__R3__median__CE,,
dummy,4,1,psd__relative_power__delta__roi__R3__median__CE_minus_OE,,
dummy,4,1,psd__relative_power__delta__roi__R3__median__OE,,
dummy,4,1,psd__relative_power__delta__roi__R4__iqr__CE,,
dummy,4,1,psd__relative_power__delta__roi__R4__iqr__CE_minus_OE,,
dummy,4,1,psd__relative_power__delta__roi__R4__iqr__OE,,
dummy,4,1,psd__relative_power__delta__roi__R4__median__CE,,
dummy,4,1,psd__relative_power__delta__roi__R4__median__CE_minus_OE,,
dummy,4,1,psd__relative_power__delta__roi__R4__median__OE,,
dummy,4,1,psd__relative_power__delta__roi__R5__iqr__CE,,
dummy,4,1,psd__relative_power__delta__roi__R5__iqr__CE_minus_OE,,
dummy,4,1,psd__relative_power__delta__roi__R5__iqr__OE,,
dummy,4,1,psd__relative_power__delta__roi__R5__median__CE,,
dummy,4,1,psd__relative_power__delta__roi__R5__median__CE_minus_OE,,
dummy,4,1,psd__relative_power__delta__roi__R5__median__OE,,
dummy,4,1,psd__relative_power__delta__roi__R6__iqr__CE,,
dummy,4,1,psd__relative_power__delta__roi__R6__iqr__CE_minus_OE,,
dummy,4,1,psd__relative_power__delta__roi__R6__iqr__OE,,
dummy,4,1,psd__relative_power__delta__roi__R6__median__CE,,
dummy,4,1,psd__relative_power__delta__roi__R6__median__CE_minus_OE,,
dummy,4,1,psd__relative_power__delta__roi__R6__median__OE,,
dummy,4,1,psd__relative_power__gamma__roi__R1__iqr__CE,,
dummy,4,1,psd__relative_power__gamma__roi__R1__iqr__CE_minus_OE,,
dummy,4,1,psd__relative_power__gamma__roi__R1__iqr__OE,,
dummy,4,1,psd__relative_power__gamma__roi__R1__median__CE,,
dummy,4,1,psd__relative_power__gamma__roi__R1__median__CE_minus_OE,,
dummy,4,1,psd__relative_power__gamma__roi__R1__median__OE,,
dummy,4,1,psd__relative_power__gamma__roi__R2__iqr__CE,,
dummy,4,1,psd__relative_power__gamma__roi__R2__iqr__CE_minus_OE,,
dummy,4,1,psd__relative_power__gamma__roi__R2__iqr__OE,,
dummy,4,1,psd__relative_power__gamma__roi__R2__median__CE,,
dummy,4,1,psd__relative_power__gamma__roi__R2__median__CE_minus_OE,,
dummy,4,1,psd__relative_power__gamma__roi__R2__median__OE,,
dummy,4,1,psd__relative_power__gamma__roi__R3__iqr__CE,,
dummy,4,1,psd__relative_power__gamma__roi__R3__iqr__CE_minus_OE,,
dummy,4,1,psd__relative_power__gamma__roi__R3__iqr__OE,,
dummy,4,1,psd__relative_power__gamma__roi__R3__median__CE,,
dummy,4,1,psd__relative_power__gamma__roi__R3__median__CE_minus_OE,,
dummy,4,1,psd__relative_power__gamma__roi__R3__median__OE,,
dummy,4,1,psd__relative_power__gamma__roi__R4__iqr__CE,,
dummy,4,1,psd__relative_power__gamma__roi__R4__iqr__CE_minus_OE,,
dummy,4,1,psd__relative_power__gamma__roi__R4__iqr__OE,,
dummy,4,1,psd__relative_power__gamma__roi__R4__median__CE,,
dummy,4,1,psd__relative_power__gamma__roi__R4__median__CE_minus_OE,,
dummy,4,1,psd__relative_power__gamma__roi__R4__median__OE,,
dummy,4,1,psd__relative_power__gamma__roi__R5__iqr__CE,,
dummy,4,1,psd__relative_power__gamma__roi__R5__iqr__CE_minus_OE,,
dummy,4,1,psd__relative_power__gamma__roi__R5__iqr__OE,,
dummy,4,1,psd__relative_power__gamma__roi__R5__median__CE,,
dummy,4,1,psd__relative_power__gamma__roi__R5__median__CE_minus_OE,,
dummy,4,1,psd__relative_power__gamma__roi__R5__median__OE,,
dummy,4,1,psd__relative_power__gamma__roi__R6__iqr__CE,,
dummy,4,1,psd__relative_power__gamma__roi__R6__iqr__CE_minus_OE,,
dummy,4,1,psd__relative_power__gamma__roi__R6__iqr__OE,,
dummy,4,1,psd__relative_power__gamma__roi__R6__median__CE,,
dummy,4,1,psd__relative_power__gamma__roi__R6__median__CE_minus_OE,,
dummy,4,1,psd__relative_power__gamma__roi__R6__median__OE,,
dummy,4,1,psd__relative_power__theta__roi__R1__iqr__CE,,
dummy,4,1,psd__relative_power__theta__roi__R1__iqr__CE_minus_OE,,
dummy,4,1,psd__relative_power__theta__roi__R1__iqr__OE,,
dummy,4,1,psd__relative_power__theta__roi__R1__median__CE,,
dummy,4,1,psd__relative_power__theta__roi__R1__median__CE_minus_OE,,
dummy,4,1,psd__relative_power__theta__roi__R1__median__OE,,
dummy,4,1,psd__relative_power__theta__roi__R2__iqr__CE,,
dummy,4,1,psd__relative_power__theta__roi__R2__iqr__CE_minus_OE,,
dummy,4,1,psd__relative_power__theta__roi__R2__iqr__OE,,
dummy,4,1,psd__relative_power__theta__roi__R2__median__CE,,
dummy,4,1,psd__relative_power__theta__roi__R2__median__CE_minus_OE,,
dummy,4,1,psd__relative_power__theta__roi__R2__median__OE,,
dummy,4,1,psd__relative_power__theta__roi__R3__iqr__CE,,
dummy,4,1,psd__relative_power__theta__roi__R3__iqr__CE_minus_OE,,
dummy,4,1,psd__relative_power__theta__roi__R3__iqr__OE,,
dummy,4,1,psd__relative_power__theta__roi__R3__median__CE,,
dummy,4,1,psd__relative_power__theta__roi__R3__median__CE_minus_OE,,
dummy,4,1,psd__relative_power__theta__roi__R3__median__OE,,
dummy,4,1,psd__relative_power__theta__roi__R4__iqr__CE,,
dummy,4,1,psd__relative_power__theta__roi__R4__iqr__CE_minus_OE,,
dummy,4,1,psd__relative_power__theta__roi__R4__iqr__OE,,
dummy,4,1,psd__relative_power__theta__roi__R4__median__CE,,
dummy,4,1,psd__relative_power__theta__roi__R4__median__CE_minus_OE,,
dummy,4,1,psd__relative_power__theta__roi__R4__median__OE,,
dummy,4,1,psd__relative_power__theta__roi__R5__iqr__CE,,
dummy,4,1,psd__relative_power__theta__roi__R5__iqr__CE_minus_OE,,
dummy,4,1,psd__relative_power__theta__roi__R5__iqr__OE,,
dummy,4,1,psd__relative_power__theta__roi__R5__median__CE,,
dummy,4,1,psd__relative_power__theta__roi__R5__median__CE_minus_OE,,
dummy,4,1,psd__relative_power__theta__roi__R5__median__OE,,
dummy,4,1,psd__relative_power__theta__roi__R6__iqr__CE,,
dummy,4,1,psd__relative_power__theta__roi__R6__iqr__CE_minus_OE,,
dummy,4,1,psd__relative_power__theta__roi__R6__iqr__OE,,
dummy,4,1,psd__relative_power__theta__roi__R6__median__CE,,
dummy,4,1,psd__relative_power__theta__roi__R6__median__CE_minus_OE,,
dummy,4,1,psd__relative_power__theta__roi__R6__median__OE,,
dummy,4,1,psd__sfr__derived__roi__R1__iqr__CE,,
dummy,4,1,psd__sfr__derived__roi__R1__iqr__CE_minus_OE,,
dummy,4,1,psd__sfr__derived__roi__R1__iqr__OE,,
dummy,4,1,psd__sfr__derived__roi__R1__median__CE,,
dummy,4,1,psd__sfr__derived__roi__R1__median__CE_minus_OE,,
dummy,4,1,psd__sfr__derived__roi__R1__median__OE,,
dummy,4,1,psd__sfr__derived__roi__R2__iqr__CE,,
dummy,4,1,psd__sfr__derived__roi__R2__iqr__CE_minus_OE,,
dummy,4,1,psd__sfr__derived__roi__R2__iqr__OE,,
dummy,4,1,psd__sfr__derived__roi__R2__median__CE,,
dummy,4,1,psd__sfr__derived__roi__R2__median__CE_minus_OE,,
dummy,4,1,psd__sfr__derived__roi__R2__median__OE,,
dummy,4,1,psd__sfr__derived__roi__R3__iqr__CE,,
dummy,4,1,psd__sfr__derived__roi__R3__iqr__CE_minus_OE,,
dummy,4,1,psd__sfr__derived__roi__R3__iqr__OE,,
dummy,4,1,psd__sfr__derived__roi__R3__median__CE,,
dummy,4,1,psd__sfr__derived__roi__R3__median__CE_minus_OE,,
dummy,4,1,psd__sfr__derived__roi__R3__median__OE,,
dummy,4,1,psd__sfr__derived__roi__R4__iqr__CE,,
dummy,4,1,psd__sfr__derived__roi__R4__iqr__CE_minus_OE,,
dummy,4,1,psd__sfr__derived__roi__R4__iqr__OE,,
dummy,4,1,psd__sfr__derived__roi__R4__median__CE,,
dummy,4,1,psd__sfr__derived__roi__R4__median__CE_minus_OE,,
dummy,4,1,psd__sfr__derived__roi__R4__median__OE,,
dummy,4,1,psd__sfr__derived__roi__R5__iqr__CE,,
dummy,4,1,psd__sfr__derived__roi__R5__iqr__CE_minus_OE,,
dummy,4,1,psd__sfr__derived__roi__R5__iqr__OE,,
dummy,4,1,psd__sfr__derived__roi__R5__median__CE,,
dummy,4,1,psd__sfr__derived__roi__R5__median__CE_minus_OE,,
dummy,4,1,psd__sfr__derived__roi__R5__median__OE,,
dummy,4,1,psd__sfr__derived__roi__R6__iqr__CE,,
dummy,4,1,psd__sfr__derived__roi__R6__iqr__CE_minus_OE,,
dummy,4,1,psd__sfr__derived__roi__R6__iqr__OE,,
dummy,4,1,psd__sfr__derived__roi__R6__median__CE,,
dummy,4,1,psd__sfr__derived__roi__R6__median__CE_minus_OE,,
dummy,4,1,psd__sfr__derived__roi__R6__median__OE,,
dummy,4,1,psd__theta_alpha_ratio__derived__roi__R1__iqr__CE,,
dummy,4,1,psd__theta_alpha_ratio__derived__roi__R1__iqr__CE_minus_OE,,
dummy,4,1,psd__theta_alpha_ratio__derived__roi__R1__iqr__OE,,
dummy,4,1,psd__theta_alpha_ratio__derived__roi__R1__median__CE,,
dummy,4,1,psd__theta_alpha_ratio__derived__roi__R1__median__CE_minus_OE,,
dummy,4,1,psd__theta_alpha_ratio__derived__roi__R1__median__OE,,
dummy,4,1,psd__theta_alpha_ratio__derived__roi__R2__iqr__CE,,
dummy,4,1,psd__theta_alpha_ratio__derived__roi__R2__iqr__CE_minus_OE,,
dummy,4,1,psd__theta_alpha_ratio__derived__roi__R2__iqr__OE,,
dummy,4,1,psd__theta_alpha_ratio__derived__roi__R2__median__CE,,
dummy,4,1,psd__theta_alpha_ratio__derived__roi__R2__median__CE_minus_OE,,
dummy,4,1,psd__theta_alpha_ratio__derived__roi__R2__median__OE,,
dummy,4,1,psd__theta_alpha_ratio__derived__roi__R3__iqr__CE,,
dummy,4,1,psd__theta_alpha_ratio__derived__roi__R3__iqr__CE_minus_OE,,
dummy,4,1,psd__theta_alpha_ratio__derived__roi__R3__iqr__OE,,
dummy,4,1,psd__theta_alpha_ratio__derived__roi__R3__median__CE,,
dummy,4,1,psd__theta_alpha_ratio__derived__roi__R3__median__CE_minus_OE,,
dummy,4,1,psd__theta_alpha_ratio__derived__roi__R3__median__OE,,
dummy,4,1,psd__theta_alpha_ratio__derived__roi__R4__iqr__CE,,
dummy,4,1,psd__theta_alpha_ratio__derived__roi__R4__iqr__CE_minus_OE,,
dummy,4,1,psd__theta_alpha_ratio__derived__roi__R4__iqr__OE,,
dummy,4,1,psd__theta_alpha_ratio__derived__roi__R4__median__CE,,
dummy,4,1,psd__theta_alpha_ratio__derived__roi__R4__median__CE_minus_OE,,
dummy,4,1,psd__theta_alpha_ratio__derived__roi__R4__median__OE,,
dummy,4,1,psd__theta_alpha_ratio__derived__roi__R5__iqr__CE,,
dummy,4,1,psd__theta_alpha_ratio__derived__roi__R5__iqr__CE_minus_OE,,
dummy,4,1,psd__theta_alpha_ratio__derived__roi__R5__iqr__OE,,
dummy,4,1,psd__theta_alpha_ratio__derived__roi__R5__median__CE,,
dummy,4,1,psd__theta_alpha_ratio__derived__roi__R5__median__CE_minus_OE,,
dummy,4,1,psd__theta_alpha_ratio__derived__roi__R5__median__OE,,
dummy,4,1,psd__theta_alpha_ratio__derived__roi__R6__iqr__CE,,
dummy,4,1,psd__theta_alpha_ratio__derived__roi__R6__iqr__CE_minus_OE,,
dummy,4,1,psd__theta_alpha_ratio__derived__roi__R6__iqr__OE,,
dummy,4,1,psd__theta_alpha_ratio__derived__roi__R6__median__CE,,
dummy,4,1,psd__theta_alpha_ratio__derived__roi__R6__median__CE_minus_OE,,
dummy,4,1,psd__theta_alpha_ratio__derived__roi__R6__median__OE,,
dummy,4,2,complexity__spectral_entropy__broadband__roi__R1__iqr__CE,,
dummy,4,2,complexity__spectral_entropy__broadband__roi__R1__iqr__CE_minus_OE,,
dummy,4,2,complexity__spectral_entropy__broadband__roi__R1__iqr__OE,,
dummy,4,2,complexity__spectral_entropy__broadband__roi__R1__median__CE,,
dummy,4,2,complexity__spectral_entropy__broadband__roi__R1__median__CE_minus_OE,,
dummy,4,2,complexity__spectral_entropy__broadband__roi__R1__median__OE,,
dummy,4,2,complexity__spectral_entropy__broadband__roi__R2__iqr__CE,,
dummy,4,2,complexity__spectral_entropy__broadband__roi__R2__iqr__CE_minus_OE,,
dummy,4,2,complexity__spectral_entropy__broadband__roi__R2__iqr__OE,,
dummy,4,2,complexity__spectral_entropy__broadband__roi__R2__median__CE,,
dummy,4,2,complexity__spectral_entropy__broadband__roi__R2__median__CE_minus_OE,,
dummy,4,2,complexity__spectral_entropy__broadband__roi__R2__median__OE,,
dummy,4,2,complexity__spectral_entropy__broadband__roi__R3__iqr__CE,,
dummy,4,2,complexity__spectral_entropy__broadband__roi__R3__iqr__CE_minus_OE,,
dummy,4,2,complexity__spectral_entropy__broadband__roi__R3__iqr__OE,,
dummy,4,2,complexity__spectral_entropy__broadband__roi__R3__median__CE,,
dummy,4,2,complexity__spectral_entropy__broadband__roi__R3__median__CE_minus_OE,,
dummy,4,2,complexity__spectral_entropy__broadband__roi__R3__median__OE,,
dummy,4,2,complexity__spectral_entropy__broadband__roi__R4__iqr__CE,,
dummy,4,2,complexity__spectral_entropy__broadband__roi__R4__iqr__CE_minus_OE,,
dummy,4,2,complexity__spectral_entropy__broadband__roi__R4__iqr__OE,,
dummy,4,2,complexity__spectral_entropy__broadband__roi__R4__median__CE,,
dummy,4,2,complexity__spectral_entropy__broadband__roi__R4__median__CE_minus_OE,,
dummy,4,2,complexity__spectral_entropy__broadband__roi__R4__median__OE,,
dummy,4,2,complexity__spectral_entropy__broadband__roi__R5__iqr__CE,,
dummy,4,2,complexity__spectral_entropy__broadband__roi__R5__iqr__CE_minus_OE,,
dummy,4,2,complexity__spectral_entropy__broadband__roi__R5__iqr__OE,,
dummy,4,2,complexity__spectral_entropy__broadband__roi__R5__median__CE,,
dummy,4,2,complexity__spectral_entropy__broadband__roi__R5__median__CE_minus_OE,,
dummy,4,2,complexity__spectral_entropy__broadband__roi__R5__median__OE,,
dummy,4,2,complexity__spectral_entropy__broadband__roi__R6__iqr__CE,,
dummy,4,2,complexity__spectral_entropy__broadband__roi__R6__iqr__CE_minus_OE,,
dummy,4,2,complexity__spectral_entropy__broadband__roi__R6__iqr__OE,,
dummy,4,2,complexity__spectral_entropy__broadband__roi__R6__median__CE,,
dummy,4,2,complexity__spectral_entropy__broadband__roi__R6__median__CE_minus_OE,,
dummy,4,2,complexity__spectral_entropy__broadband__roi__R6__median__OE,,
dummy,4,2,psd__absolute_power__alpha__roi__R1__iqr__CE,,
dummy,4,2,psd__absolute_power__alpha__roi__R1__iqr__CE_minus_OE,,
dummy,4,2,psd__absolute_power__alpha__roi__R1__iqr__OE,,
dummy,4,2,psd__absolute_power__alpha__roi__R1__median__CE,,
dummy,4,2,psd__absolute_power__alpha__roi__R1__median__CE_minus_OE,,
dummy,4,2,psd__absolute_power__alpha__roi__R1__median__OE,,
dummy,4,2,psd__absolute_power__alpha__roi__R2__iqr__CE,,
dummy,4,2,psd__absolute_power__alpha__roi__R2__iqr__CE_minus_OE,,
dummy,4,2,psd__absolute_power__alpha__roi__R2__iqr__OE,,
dummy,4,2,psd__absolute_power__alpha__roi__R2__median__CE,,
dummy,4,2,psd__absolute_power__alpha__roi__R2__median__CE_minus_OE,,
dummy,4,2,psd__absolute_power__alpha__roi__R2__median__OE,,
dummy,4,2,psd__absolute_power__alpha__roi__R3__iqr__CE,,
dummy,4,2,psd__absolute_power__alpha__roi__R3__iqr__CE_minus_OE,,
dummy,4,2,psd__absolute_power__alpha__roi__R3__iqr__OE,,
dummy,4,2,psd__absolute_power__alpha__roi__R3__median__CE,,
dummy,4,2,psd__absolute_power__alpha__roi__R3__median__CE_minus_OE,,
dummy,4,2,psd__absolute_power__alpha__roi__R3__median__OE,,
dummy,4,2,psd__absolute_power__alpha__roi__R4__iqr__CE,,
dummy,4,2,psd__absolute_power__alpha__roi__R4__iqr__CE_minus_OE,,
dummy,4,2,psd__absolute_power__alpha__roi__R4__iqr__OE,,
dummy,4,2,psd__absolute_power__alpha__roi__R4__median__CE,,
dummy,4,2,psd__absolute_power__alpha__roi__R4__median__CE_minus_OE,,
dummy,4,2,psd__absolute_power__alpha__roi__R4__median__OE,,
dummy,4,2,psd__absolute_power__alpha__roi__R5__iqr__CE,,
dummy,4,2,psd__absolute_power__alpha__roi__R5__iqr__CE_minus_OE,,
dummy,4,2,psd__absolute_power__alpha__roi__R5__iqr__OE,,
dummy,4,2,psd__absolute_power__alpha__roi__R5__median__CE,,
dummy,4,2,psd__absolute_power__alpha__roi__R5__median__CE_minus_OE,,
dummy,4,2,psd__absolute_power__alpha__roi__R5__median__OE,,
dummy,4,2,psd__absolute_power__alpha__roi__R6__iqr__CE,,
dummy,4,2,psd__absolute_power__alpha__roi__R6__iqr__CE_minus_OE,,
dummy,4,2,psd__absolute_power__alpha__roi__R6__iqr__OE,,
dummy,4,2,psd__absolute_power__alpha__roi__R6__median__CE,,
dummy,4,2,psd__absolute_power__alpha__roi__R6__median__CE_minus_OE,,
dummy,4,2,psd__absolute_power__alpha__roi__R6__median__OE,,
dummy,4,2,psd__absolute_power__beta__roi__R1__iqr__CE,,
dummy,4,2,psd__absolute_power__beta__roi__R1__iqr__CE_minus_OE,,
dummy,4,2,psd__absolute_power__beta__roi__R1__iqr__OE,,
dummy,4,2,psd__absolute_power__beta__roi__R1__median__CE,,
dummy,4,2,psd__absolute_power__beta__roi__R1__median__CE_minus_OE,,
dummy,4,2,psd__absolute_power__beta__roi__R1__median__OE,,
dummy,4,2,psd__absolute_power__beta__roi__R2__iqr__CE,,
dummy,4,2,psd__absolute_power__beta__roi__R2__iqr__CE_minus_OE,,
dummy,4,2,psd__absolute_power__beta__roi__R2__iqr__OE,,
dummy,4,2,psd__absolute_power__beta__roi__R2__median__CE,,
dummy,4,2,psd__absolute_power__beta__roi__R2__median__CE_minus_OE,,
dummy,4,2,psd__absolute_power__beta__roi__R2__median__OE,,
dummy,4,2,psd__absolute_power__beta__roi__R3__iqr__CE,,
dummy,4,2,psd__absolute_power__beta__roi__R3__iqr__CE_minus_OE,,
dummy,4,2,psd__absolute_power__beta__roi__R3__iqr__OE,,
dummy,4,2,psd__absolute_power__beta__roi__R3__median__CE,,
dummy,4,2,psd__absolute_power__beta__roi__R3__median__CE_minus_OE,,
dummy,4,2,psd__absolute_power__beta__roi__R3__median__OE,,
dummy,4,2,psd__absolute_power__beta__roi__R4__iqr__CE,,
dummy,4,2,psd__absolute_power__beta__roi__R4__iqr__CE_minus_OE,,
dummy,4,2,psd__absolute_power__beta__roi__R4__iqr__OE,,
dummy,4,2,psd__absolute_power__beta__roi__R4__median__CE,,
dummy,4,2,psd__absolute_power__beta__roi__R4__median__CE_minus_OE,,
dummy,4,2,psd__absolute_power__beta__roi__R4__median__OE,,
dummy,4,2,psd__absolute_power__beta__roi__R5__iqr__CE,,
dummy,4,2,psd__absolute_power__beta__roi__R5__iqr__CE_minus_OE,,
dummy,4,2,psd__absolute_power__beta__roi__R5__iqr__OE,,
dummy,4,2,psd__absolute_power__beta__roi__R5__median__CE,,
dummy,4,2,psd__absolute_power__beta__roi__R5__median__CE_minus_OE,,
dummy,4,2,psd__absolute_power__beta__roi__R5__median__OE,,
dummy,4,2,psd__absolute_power__beta__roi__R6__iqr__CE,,
dummy,4,2,psd__absolute_power__beta__roi__R6__iqr__CE_minus_OE,,
dummy,4,2,psd__absolute_power__beta__roi__R6__iqr__OE,,
dummy,4,2,psd__absolute_power__beta__roi__R6__median__CE,,
dummy,4,2,psd__absolute_power__beta__roi__R6__median__CE_minus_OE,,
dummy,4,2,psd__absolute_power__beta__roi__R6__median__OE,,
dummy,4,2,psd__absolute_power__delta__roi__R1__iqr__CE,,
dummy,4,2,psd__absolute_power__delta__roi__R1__iqr__CE_minus_OE,,
dummy,4,2,psd__absolute_power__delta__roi__R1__iqr__OE,,
dummy,4,2,psd__absolute_power__delta__roi__R1__median__CE,,
dummy,4,2,psd__absolute_power__delta__roi__R1__median__CE_minus_OE,,
dummy,4,2,psd__absolute_power__delta__roi__R1__median__OE,,
dummy,4,2,psd__absolute_power__delta__roi__R2__iqr__CE,,
dummy,4,2,psd__absolute_power__delta__roi__R2__iqr__CE_minus_OE,,
dummy,4,2,psd__absolute_power__delta__roi__R2__iqr__OE,,
dummy,4,2,psd__absolute_power__delta__roi__R2__median__CE,,
dummy,4,2,psd__absolute_power__delta__roi__R2__median__CE_minus_OE,,
dummy,4,2,psd__absolute_power__delta__roi__R2__median__OE,,
dummy,4,2,psd__absolute_power__delta__roi__R3__iqr__CE,,
dummy,4,2,psd__absolute_power__delta__roi__R3__iqr__CE_minus_OE,,
dummy,4,2,psd__absolute_power__delta__roi__R3__iqr__OE,,
dummy,4,2,psd__absolute_power__delta__roi__R3__median__CE,,
dummy,4,2,psd__absolute_power__delta__roi__R3__median__CE_minus_OE,,
dummy,4,2,psd__absolute_power__delta__roi__R3__median__OE,,
dummy,4,2,psd__absolute_power__delta__roi__R4__iqr__CE,,
dummy,4,2,psd__absolute_power__delta__roi__R4__iqr__CE_minus_OE,,
dummy,4,2,psd__absolute_power__delta__roi__R4__iqr__OE,,
dummy,4,2,psd__absolute_power__delta__roi__R4__median__CE,,
dummy,4,2,psd__absolute_power__delta__roi__R4__median__CE_minus_OE,,
dummy,4,2,psd__absolute_power__delta__roi__R4__median__OE,,
dummy,4,2,psd__absolute_power__delta__roi__R5__iqr__CE,,
dummy,4,2,psd__absolute_power__delta__roi__R5__iqr__CE_minus_OE,,
dummy,4,2,psd__absolute_power__delta__roi__R5__iqr__OE,,
dummy,4,2,psd__absolute_power__delta__roi__R5__median__CE,,
dummy,4,2,psd__absolute_power__delta__roi__R5__median__CE_minus_OE,,
dummy,4,2,psd__absolute_power__delta__roi__R5__median__OE,,
dummy,4,2,psd__absolute_power__delta__roi__R6__iqr__CE,,
dummy,4,2,psd__absolute_power__delta__roi__R6__iqr__CE_minus_OE,,
dummy,4,2,psd__absolute_power__delta__roi__R6__iqr__OE,,
dummy,4,2,psd__absolute_power__delta__roi__R6__median__CE,,
dummy,4,2,psd__absolute_power__delta__roi__R6__median__CE_minus_OE,,
dummy,4,2,psd__absolute_power__delta__roi__R6__median__OE,,
dummy,4,2,psd__absolute_power__gamma__roi__R1__iqr__CE,,
dummy,4,2,psd__absolute_power__gamma__roi__R1__iqr__CE_minus_OE,,
dummy,4,2,psd__absolute_power__gamma__roi__R1__iqr__OE,,
dummy,4,2,psd__absolute_power__gamma__roi__R1__median__CE,,
dummy,4,2,psd__absolute_power__gamma__roi__R1__median__CE_minus_OE,,
dummy,4,2,psd__absolute_power__gamma__roi__R1__median__OE,,
dummy,4,2,psd__absolute_power__gamma__roi__R2__iqr__CE,,
dummy,4,2,psd__absolute_power__gamma__roi__R2__iqr__CE_minus_OE,,
dummy,4,2,psd__absolute_power__gamma__roi__R2__iqr__OE,,
dummy,4,2,psd__absolute_power__gamma__roi__R2__median__CE,,
dummy,4,2,psd__absolute_power__gamma__roi__R2__median__CE_minus_OE,,
dummy,4,2,psd__absolute_power__gamma__roi__R2__median__OE,,
dummy,4,2,psd__absolute_power__gamma__roi__R3__iqr__CE,,
dummy,4,2,psd__absolute_power__gamma__roi__R3__iqr__CE_minus_OE,,
dummy,4,2,psd__absolute_power__gamma__roi__R3__iqr__OE,,
dummy,4,2,psd__absolute_power__gamma__roi__R3__median__CE,,
dummy,4,2,psd__absolute_power__gamma__roi__R3__median__CE_minus_OE,,
dummy,4,2,psd__absolute_power__gamma__roi__R3__median__OE,,
dummy,4,2,psd__absolute_power__gamma__roi__R4__iqr__CE,,
dummy,4,2,psd__absolute_power__gamma__roi__R4__iqr__CE_minus_OE,,
dummy,4,2,psd__absolute_power__gamma__roi__R4__iqr__OE,,
dummy,4,2,psd__absolute_power__gamma__roi__R4__median__CE,,
dummy,4,2,psd__absolute_power__gamma__roi__R4__median__CE_minus_OE,,
dummy,4,2,psd__absolute_power__gamma__roi__R4__median__OE,,
dummy,4,2,psd__absolute_power__gamma__roi__R5__iqr__CE,,
dummy,4,2,psd__absolute_power__gamma__roi__R5__iqr__CE_minus_OE,,
dummy,4,2,psd__absolute_power__gamma__roi__R5__iqr__OE,,
dummy,4,2,psd__absolute_power__gamma__roi__R5__median__CE,,
dummy,4,2,psd__absolute_power__gamma__roi__R5__median__CE_minus_OE,,
dummy,4,2,psd__absolute_power__gamma__roi__R5__median__OE,,
dummy,4,2,psd__absolute_power__gamma__roi__R6__iqr__CE,,
dummy,4,2,psd__absolute_power__gamma__roi__R6__iqr__CE_minus_OE,,
dummy,4,2,psd__absolute_power__gamma__roi__R6__iqr__OE,,
dummy,4,2,psd__absolute_power__gamma__roi__R6__median__CE,,
dummy,4,2,psd__absolute_power__gamma__roi__R6__median__CE_minus_OE,,
dummy,4,2,psd__absolute_power__gamma__roi__R6__median__OE,,
dummy,4,2,psd__absolute_power__theta__roi__R1__iqr__CE,,
dummy,4,2,psd__absolute_power__theta__roi__R1__iqr__CE_minus_OE,,
dummy,4,2,psd__absolute_power__theta__roi__R1__iqr__OE,,
dummy,4,2,psd__absolute_power__theta__roi__R1__median__CE,,
dummy,4,2,psd__absolute_power__theta__roi__R1__median__CE_minus_OE,,
dummy,4,2,psd__absolute_power__theta__roi__R1__median__OE,,
dummy,4,2,psd__absolute_power__theta__roi__R2__iqr__CE,,
dummy,4,2,psd__absolute_power__theta__roi__R2__iqr__CE_minus_OE,,
dummy,4,2,psd__absolute_power__theta__roi__R2__iqr__OE,,
dummy,4,2,psd__absolute_power__theta__roi__R2__median__CE,,
dummy,4,2,psd__absolute_power__theta__roi__R2__median__CE_minus_OE,,
dummy,4,2,psd__absolute_power__theta__roi__R2__median__OE,,
dummy,4,2,psd__absolute_power__theta__roi__R3__iqr__CE,,
dummy,4,2,psd__absolute_power__theta__roi__R3__iqr__CE_minus_OE,,
dummy,4,2,psd__absolute_power__theta__roi__R3__iqr__OE,,
dummy,4,2,psd__absolute_power__theta__roi__R3__median__CE,,
dummy,4,2,psd__absolute_power__theta__roi__R3__median__CE_minus_OE,,
dummy,4,2,psd__absolute_power__theta__roi__R3__median__OE,,
dummy,4,2,psd__absolute_power__theta__roi__R4__iqr__CE,,
dummy,4,2,psd__absolute_power__theta__roi__R4__iqr__CE_minus_OE,,
dummy,4,2,psd__absolute_power__theta__roi__R4__iqr__OE,,
dummy,4,2,psd__absolute_power__theta__roi__R4__median__CE,,
dummy,4,2,psd__absolute_power__theta__roi__R4__median__CE_minus_OE,,
dummy,4,2,psd__absolute_power__theta__roi__R4__median__OE,,
dummy,4,2,psd__absolute_power__theta__roi__R5__iqr__CE,,
dummy,4,2,psd__absolute_power__theta__roi__R5__iqr__CE_minus_OE,,
dummy,4,2,psd__absolute_power__theta__roi__R5__iqr__OE,,
dummy,4,2,psd__absolute_power__theta__roi__R5__median__CE,,
dummy,4,2,psd__absolute_power__theta__roi__R5__median__CE_minus_OE,,
dummy,4,2,psd__absolute_power__theta__roi__R5__median__OE,,
dummy,4,2,psd__absolute_power__theta__roi__R6__iqr__CE,,
dummy,4,2,psd__absolute_power__theta__roi__R6__iqr__CE_minus_OE,,
dummy,4,2,psd__absolute_power__theta__roi__R6__iqr__OE,,
dummy,4,2,psd__absolute_power__theta__roi__R6__median__CE,,
dummy,4,2,psd__absolute_power__theta__roi__R6__median__CE_minus_OE,,
dummy,4,2,psd__absolute_power__theta__roi__R6__median__OE,,
dummy,4,2,psd__delta_alpha_ratio__derived__roi__R1__iqr__CE,,
dummy,4,2,psd__delta_alpha_ratio__derived__roi__R1__iqr__CE_minus_OE,,
dummy,4,2,psd__delta_alpha_ratio__derived__roi__R1__iqr__OE,,
dummy,4,2,psd__delta_alpha_ratio__derived__roi__R1__median__CE,,
dummy,4,2,psd__delta_alpha_ratio__derived__roi__R1__median__CE_minus_OE,,
dummy,4,2,psd__delta_alpha_ratio__derived__roi__R1__median__OE,,
dummy,4,2,psd__delta_alpha_ratio__derived__roi__R2__iqr__CE,,
dummy,4,2,psd__delta_alpha_ratio__derived__roi__R2__iqr__CE_minus_OE,,
dummy,4,2,psd__delta_alpha_ratio__derived__roi__R2__iqr__OE,,
dummy,4,2,psd__delta_alpha_ratio__derived__roi__R2__median__CE,,
dummy,4,2,psd__delta_alpha_ratio__derived__roi__R2__median__CE_minus_OE,,
dummy,4,2,psd__delta_alpha_ratio__derived__roi__R2__median__OE,,
dummy,4,2,psd__delta_alpha_ratio__derived__roi__R3__iqr__CE,,
dummy,4,2,psd__delta_alpha_ratio__derived__roi__R3__iqr__CE_minus_OE,,
dummy,4,2,psd__delta_alpha_ratio__derived__roi__R3__iqr__OE,,
dummy,4,2,psd__delta_alpha_ratio__derived__roi__R3__median__CE,,
dummy,4,2,psd__delta_alpha_ratio__derived__roi__R3__median__CE_minus_OE,,
dummy,4,2,psd__delta_alpha_ratio__derived__roi__R3__median__OE,,
dummy,4,2,psd__delta_alpha_ratio__derived__roi__R4__iqr__CE,,
dummy,4,2,psd__delta_alpha_ratio__derived__roi__R4__iqr__CE_minus_OE,,
dummy,4,2,psd__delta_alpha_ratio__derived__roi__R4__iqr__OE,,
dummy,4,2,psd__delta_alpha_ratio__derived__roi__R4__median__CE,,
dummy,4,2,psd__delta_alpha_ratio__derived__roi__R4__median__CE_minus_OE,,
dummy,4,2,psd__delta_alpha_ratio__derived__roi__R4__median__OE,,
dummy,4,2,psd__delta_alpha_ratio__derived__roi__R5__iqr__CE,,
dummy,4,2,psd__delta_alpha_ratio__derived__roi__R5__iqr__CE_minus_OE,,
dummy,4,2,psd__delta_alpha_ratio__derived__roi__R5__iqr__OE,,
dummy,4,2,psd__delta_alpha_ratio__derived__roi__R5__median__CE,,
dummy,4,2,psd__delta_alpha_ratio__derived__roi__R5__median__CE_minus_OE,,
dummy,4,2,psd__delta_alpha_ratio__derived__roi__R5__median__OE,,
dummy,4,2,psd__delta_alpha_ratio__derived__roi__R6__iqr__CE,,
dummy,4,2,psd__delta_alpha_ratio__derived__roi__R6__iqr__CE_minus_OE,,
dummy,4,2,psd__delta_alpha_ratio__derived__roi__R6__iqr__OE,,
dummy,4,2,psd__delta_alpha_ratio__derived__roi__R6__median__CE,,
dummy,4,2,psd__delta_alpha_ratio__derived__roi__R6__median__CE_minus_OE,,
dummy,4,2,psd__delta_alpha_ratio__derived__roi__R6__median__OE,,
dummy,4,2,psd__relative_power__alpha__roi__R1__iqr__CE,,
dummy,4,2,psd__relative_power__alpha__roi__R1__iqr__CE_minus_OE,,
dummy,4,2,psd__relative_power__alpha__roi__R1__iqr__OE,,
dummy,4,2,psd__relative_power__alpha__roi__R1__median__CE,,
dummy,4,2,psd__relative_power__alpha__roi__R1__median__CE_minus_OE,,
dummy,4,2,psd__relative_power__alpha__roi__R1__median__OE,,
dummy,4,2,psd__relative_power__alpha__roi__R2__iqr__CE,,
dummy,4,2,psd__relative_power__alpha__roi__R2__iqr__CE_minus_OE,,
dummy,4,2,psd__relative_power__alpha__roi__R2__iqr__OE,,
dummy,4,2,psd__relative_power__alpha__roi__R2__median__CE,,
dummy,4,2,psd__relative_power__alpha__roi__R2__median__CE_minus_OE,,
dummy,4,2,psd__relative_power__alpha__roi__R2__median__OE,,
dummy,4,2,psd__relative_power__alpha__roi__R3__iqr__CE,,
dummy,4,2,psd__relative_power__alpha__roi__R3__iqr__CE_minus_OE,,
dummy,4,2,psd__relative_power__alpha__roi__R3__iqr__OE,,
dummy,4,2,psd__relative_power__alpha__roi__R3__median__CE,,
dummy,4,2,psd__relative_power__alpha__roi__R3__median__CE_minus_OE,,
dummy,4,2,psd__relative_power__alpha__roi__R3__median__OE,,
dummy,4,2,psd__relative_power__alpha__roi__R4__iqr__CE,,
dummy,4,2,psd__relative_power__alpha__roi__R4__iqr__CE_minus_OE,,
dummy,4,2,psd__relative_power__alpha__roi__R4__iqr__OE,,
dummy,4,2,psd__relative_power__alpha__roi__R4__median__CE,,
dummy,4,2,psd__relative_power__alpha__roi__R4__median__CE_minus_OE,,
dummy,4,2,psd__relative_power__alpha__roi__R4__median__OE,,
dummy,4,2,psd__relative_power__alpha__roi__R5__iqr__CE,,
dummy,4,2,psd__relative_power__alpha__roi__R5__iqr__CE_minus_OE,,
dummy,4,2,psd__relative_power__alpha__roi__R5__iqr__OE,,
dummy,4,2,psd__relative_power__alpha__roi__R5__median__CE,,
dummy,4,2,psd__relative_power__alpha__roi__R5__median__CE_minus_OE,,
dummy,4,2,psd__relative_power__alpha__roi__R5__median__OE,,
dummy,4,2,psd__relative_power__alpha__roi__R6__iqr__CE,,
dummy,4,2,psd__relative_power__alpha__roi__R6__iqr__CE_minus_OE,,
dummy,4,2,psd__relative_power__alpha__roi__R6__iqr__OE,,
dummy,4,2,psd__relative_power__alpha__roi__R6__median__CE,,
dummy,4,2,psd__relative_power__alpha__roi__R6__median__CE_minus_OE,,
dummy,4,2,psd__relative_power__alpha__roi__R6__median__OE,,
dummy,4,2,psd__relative_power__beta__roi__R1__iqr__CE,,
dummy,4,2,psd__relative_power__beta__roi__R1__iqr__CE_minus_OE,,
dummy,4,2,psd__relative_power__beta__roi__R1__iqr__OE,,
dummy,4,2,psd__relative_power__beta__roi__R1__median__CE,,
dummy,4,2,psd__relative_power__beta__roi__R1__median__CE_minus_OE,,
dummy,4,2,psd__relative_power__beta__roi__R1__median__OE,,
dummy,4,2,psd__relative_power__beta__roi__R2__iqr__CE,,
dummy,4,2,psd__relative_power__beta__roi__R2__iqr__CE_minus_OE,,
dummy,4,2,psd__relative_power__beta__roi__R2__iqr__OE,,
dummy,4,2,psd__relative_power__beta__roi__R2__median__CE,,
dummy,4,2,psd__relative_power__beta__roi__R2__median__CE_minus_OE,,
dummy,4,2,psd__relative_power__beta__roi__R2__median__OE,,
dummy,4,2,psd__relative_power__beta__roi__R3__iqr__CE,,
dummy,4,2,psd__relative_power__beta__roi__R3__iqr__CE_minus_OE,,
dummy,4,2,psd__relative_power__beta__roi__R3__iqr__OE,,
dummy,4,2,psd__relative_power__beta__roi__R3__median__CE,,
dummy,4,2,psd__relative_power__beta__roi__R3__median__CE_minus_OE,,
dummy,4,2,psd__relative_power__beta__roi__R3__median__OE,,
dummy,4,2,psd__relative_power__beta__roi__R4__iqr__CE,,
dummy,4,2,psd__relative_power__beta__roi__R4__iqr__CE_minus_OE,,
dummy,4,2,psd__relative_power__beta__roi__R4__iqr__OE,,
dummy,4,2,psd__relative_power__beta__roi__R4__median__CE,,
dummy,4,2,psd__relative_power__beta__roi__R4__median__CE_minus_OE,,
dummy,4,2,psd__relative_power__beta__roi__R4__median__OE,,
dummy,4,2,psd__relative_power__beta__roi__R5__iqr__CE,,
dummy,4,2,psd__relative_power__beta__roi__R5__iqr__CE_minus_OE,,
dummy,4,2,psd__relative_power__beta__roi__R5__iqr__OE,,
dummy,4,2,psd__relative_power__beta__roi__R5__median__CE,,
dummy,4,2,psd__relative_power__beta__roi__R5__median__CE_minus_OE,,
dummy,4,2,psd__relative_power__beta__roi__R5__median__OE,,
dummy,4,2,psd__relative_power__beta__roi__R6__iqr__CE,,
dummy,4,2,psd__relative_power__beta__roi__R6__iqr__CE_minus_OE,,
dummy,4,2,psd__relative_power__beta__roi__R6__iqr__OE,,
dummy,4,2,psd__relative_power__beta__roi__R6__median__CE,,
dummy,4,2,psd__relative_power__beta__roi__R6__median__CE_minus_OE,,
dummy,4,2,psd__relative_power__beta__roi__R6__median__OE,,
dummy,4,2,psd__relative_power__delta__roi__R1__iqr__CE,,
dummy,4,2,psd__relative_power__delta__roi__R1__iqr__CE_minus_OE,,
dummy,4,2,psd__relative_power__delta__roi__R1__iqr__OE,,
dummy,4,2,psd__relative_power__delta__roi__R1__median__CE,,
dummy,4,2,psd__relative_power__delta__roi__R1__median__CE_minus_OE,,
dummy,4,2,psd__relative_power__delta__roi__R1__median__OE,,
dummy,4,2,psd__relative_power__delta__roi__R2__iqr__CE,,
dummy,4,2,psd__relative_power__delta__roi__R2__iqr__CE_minus_OE,,
dummy,4,2,psd__relative_power__delta__roi__R2__iqr__OE,,
dummy,4,2,psd__relative_power__delta__roi__R2__median__CE,,
dummy,4,2,psd__relative_power__delta__roi__R2__median__CE_minus_OE,,
dummy,4,2,psd__relative_power__delta__roi__R2__median__OE,,
dummy,4,2,psd__relative_power__delta__roi__R3__iqr__CE,,
dummy,4,2,psd__relative_power__delta__roi__R3__iqr__CE_minus_OE,,
dummy,4,2,psd__relative_power__delta__roi__R3__iqr__OE,,
dummy,4,2,psd__relative_power__delta__roi__R3__median__CE,,
dummy,4,2,psd__relative_power__delta__roi__R3__median__CE_minus_OE,,
dummy,4,2,psd__relative_power__delta__roi__R3__median__OE,,
dummy,4,2,psd__relative_power__delta__roi__R4__iqr__CE,,
dummy,4,2,psd__relative_power__delta__roi__R4__iqr__CE_minus_OE,,
dummy,4,2,psd__relative_power__delta__roi__R4__iqr__OE,,
dummy,4,2,psd__relative_power__delta__roi__R4__median__CE,,
dummy,4,2,psd__relative_power__delta__roi__R4__median__CE_minus_OE,,
dummy,4,2,psd__relative_power__delta__roi__R4__median__OE,,
dummy,4,2,psd__relative_power__delta__roi__R5__iqr__CE,,
dummy,4,2,psd__relative_power__delta__roi__R5__iqr__CE_minus_OE,,
dummy,4,2,psd__relative_power__delta__roi__R5__iqr__OE,,
dummy,4,2,psd__relative_power__delta__roi__R5__median__CE,,
dummy,4,2,psd__relative_power__delta__roi__R5__median__CE_minus_OE,,
dummy,4,2,psd__relative_power__delta__roi__R5__median__OE,,
dummy,4,2,psd__relative_power__delta__roi__R6__iqr__CE,,
dummy,4,2,psd__relative_power__delta__roi__R6__iqr__CE_minus_OE,,
dummy,4,2,psd__relative_power__delta__roi__R6__iqr__OE,,
dummy,4,2,psd__relative_power__delta__roi__R6__median__CE,,
dummy,4,2,psd__relative_power__delta__roi__R6__median__CE_minus_OE,,
dummy,4,2,psd__relative_power__delta__roi__R6__median__OE,,
dummy,4,2,psd__relative_power__gamma__roi__R1__iqr__CE,,
dummy,4,2,psd__relative_power__gamma__roi__R1__iqr__CE_minus_OE,,
dummy,4,2,psd__relative_power__gamma__roi__R1__iqr__OE,,
dummy,4,2,psd__relative_power__gamma__roi__R1__median__CE,,
dummy,4,2,psd__relative_power__gamma__roi__R1__median__CE_minus_OE,,
dummy,4,2,psd__relative_power__gamma__roi__R1__median__OE,,
dummy,4,2,psd__relative_power__gamma__roi__R2__iqr__CE,,
dummy,4,2,psd__relative_power__gamma__roi__R2__iqr__CE_minus_OE,,
dummy,4,2,psd__relative_power__gamma__roi__R2__iqr__OE,,
dummy,4,2,psd__relative_power__gamma__roi__R2__median__CE,,
dummy,4,2,psd__relative_power__gamma__roi__R2__median__CE_minus_OE,,
dummy,4,2,psd__relative_power__gamma__roi__R2__median__OE,,
dummy,4,2,psd__relative_power__gamma__roi__R3__iqr__CE,,
dummy,4,2,psd__relative_power__gamma__roi__R3__iqr__CE_minus_OE,,
dummy,4,2,psd__relative_power__gamma__roi__R3__iqr__OE,,
dummy,4,2,psd__relative_power__gamma__roi__R3__median__CE,,
dummy,4,2,psd__relative_power__gamma__roi__R3__median__CE_minus_OE,,
dummy,4,2,psd__relative_power__gamma__roi__R3__median__OE,,
dummy,4,2,psd__relative_power__gamma__roi__R4__iqr__CE,,
dummy,4,2,psd__relative_power__gamma__roi__R4__iqr__CE_minus_OE,,
dummy,4,2,psd__relative_power__gamma__roi__R4__iqr__OE,,
dummy,4,2,psd__relative_power__gamma__roi__R4__median__CE,,
dummy,4,2,psd__relative_power__gamma__roi__R4__median__CE_minus_OE,,
dummy,4,2,psd__relative_power__gamma__roi__R4__median__OE,,
dummy,4,2,psd__relative_power__gamma__roi__R5__iqr__CE,,
dummy,4,2,psd__relative_power__gamma__roi__R5__iqr__CE_minus_OE,,
dummy,4,2,psd__relative_power__gamma__roi__R5__iqr__OE,,
dummy,4,2,psd__relative_power__gamma__roi__R5__median__CE,,
dummy,4,2,psd__relative_power__gamma__roi__R5__median__CE_minus_OE,,
dummy,4,2,psd__relative_power__gamma__roi__R5__median__OE,,
dummy,4,2,psd__relative_power__gamma__roi__R6__iqr__CE,,
dummy,4,2,psd__relative_power__gamma__roi__R6__iqr__CE_minus_OE,,
dummy,4,2,psd__relative_power__gamma__roi__R6__iqr__OE,,
dummy,4,2,psd__relative_power__gamma__roi__R6__median__CE,,
dummy,4,2,psd__relative_power__gamma__roi__R6__median__CE_minus_OE,,
dummy,4,2,psd__relative_power__gamma__roi__R6__median__OE,,
dummy,4,2,psd__relative_power__theta__roi__R1__iqr__CE,,
dummy,4,2,psd__relative_power__theta__roi__R1__iqr__CE_minus_OE,,
dummy,4,2,psd__relative_power__theta__roi__R1__iqr__OE,,
dummy,4,2,psd__relative_power__theta__roi__R1__median__CE,,
dummy,4,2,psd__relative_power__theta__roi__R1__median__CE_minus_OE,,
dummy,4,2,psd__relative_power__theta__roi__R1__median__OE,,
dummy,4,2,psd__relative_power__theta__roi__R2__iqr__CE,,
dummy,4,2,psd__relative_power__theta__roi__R2__iqr__CE_minus_OE,,
dummy,4,2,psd__relative_power__theta__roi__R2__iqr__OE,,
dummy,4,2,psd__relative_power__theta__roi__R2__median__CE,,
dummy,4,2,psd__relative_power__theta__roi__R2__median__CE_minus_OE,,
dummy,4,2,psd__relative_power__theta__roi__R2__median__OE,,
dummy,4,2,psd__relative_power__theta__roi__R3__iqr__CE,,
dummy,4,2,psd__relative_power__theta__roi__R3__iqr__CE_minus_OE,,
dummy,4,2,psd__relative_power__theta__roi__R3__iqr__OE,,
dummy,4,2,psd__relative_power__theta__roi__R3__median__CE,,
dummy,4,2,psd__relative_power__theta__roi__R3__median__CE_minus_OE,,
dummy,4,2,psd__relative_power__theta__roi__R3__median__OE,,
dummy,4,2,psd__relative_power__theta__roi__R4__iqr__CE,,
dummy,4,2,psd__relative_power__theta__roi__R4__iqr__CE_minus_OE,,
dummy,4,2,psd__relative_power__theta__roi__R4__iqr__OE,,
dummy,4,2,psd__relative_power__theta__roi__R4__median__CE,,
dummy,4,2,psd__relative_power__theta__roi__R4__median__CE_minus_OE,,
dummy,4,2,psd__relative_power__theta__roi__R4__median__OE,,
dummy,4,2,psd__relative_power__theta__roi__R5__iqr__CE,,
dummy,4,2,psd__relative_power__theta__roi__R5__iqr__CE_minus_OE,,
dummy,4,2,psd__relative_power__theta__roi__R5__iqr__OE,,
dummy,4,2,psd__relative_power__theta__roi__R5__median__CE,,
dummy,4,2,psd__relative_power__theta__roi__R5__median__CE_minus_OE,,
dummy,4,2,psd__relative_power__theta__roi__R5__median__OE,,
dummy,4,2,psd__relative_power__theta__roi__R6__iqr__CE,,
dummy,4,2,psd__relative_power__theta__roi__R6__iqr__CE_minus_OE,,
dummy,4,2,psd__relative_power__theta__roi__R6__iqr__OE,,
dummy,4,2,psd__relative_power__theta__roi__R6__median__CE,,
dummy,4,2,psd__relative_power__theta__roi__R6__median__CE_minus_OE,,
dummy,4,2,psd__relative_power__theta__roi__R6__median__OE,,
dummy,4,2,psd__sfr__derived__roi__R1__iqr__CE,,
dummy,4,2,psd__sfr__derived__roi__R1__iqr__CE_minus_OE,,
dummy,4,2,psd__sfr__derived__roi__R1__iqr__OE,,
dummy,4,2,psd__sfr__derived__roi__R1__median__CE,,
dummy,4,2,psd__sfr__derived__roi__R1__median__CE_minus_OE,,
dummy,4,2,psd__sfr__derived__roi__R1__median__OE,,
dummy,4,2,psd__sfr__derived__roi__R2__iqr__CE,,
dummy,4,2,psd__sfr__derived__roi__R2__iqr__CE_minus_OE,,
dummy,4,2,psd__sfr__derived__roi__R2__iqr__OE,,
dummy,4,2,psd__sfr__derived__roi__R2__median__CE,,
dummy,4,2,psd__sfr__derived__roi__R2__median__CE_minus_OE,,
dummy,4,2,psd__sfr__derived__roi__R2__median__OE,,
dummy,4,2,psd__sfr__derived__roi__R3__iqr__CE,,
dummy,4,2,psd__sfr__derived__roi__R3__iqr__CE_minus_OE,,
dummy,4,2,psd__sfr__derived__roi__R3__iqr__OE,,
dummy,4,2,psd__sfr__derived__roi__R3__median__CE,,
dummy,4,2,psd__sfr__derived__roi__R3__median__CE_minus_OE,,
dummy,4,2,psd__sfr__derived__roi__R3__median__OE,,
dummy,4,2,psd__sfr__derived__roi__R4__iqr__CE,,
dummy,4,2,psd__sfr__derived__roi__R4__iqr__CE_minus_OE,,
dummy,4,2,psd__sfr__derived__roi__R4__iqr__OE,,
dummy,4,2,psd__sfr__derived__roi__R4__median__CE,,
dummy,4,2,psd__sfr__derived__roi__R4__median__CE_minus_OE,,
dummy,4,2,psd__sfr__derived__roi__R4__median__OE,,
dummy,4,2,psd__sfr__derived__roi__R5__iqr__CE,,
dummy,4,2,psd__sfr__derived__roi__R5__iqr__CE_minus_OE,,
dummy,4,2,psd__sfr__derived__roi__R5__iqr__OE,,
dummy,4,2,psd__sfr__derived__roi__R5__median__CE,,
dummy,4,2,psd__sfr__derived__roi__R5__median__CE_minus_OE,,
dummy,4,2,psd__sfr__derived__roi__R5__median__OE,,
dummy,4,2,psd__sfr__derived__roi__R6__iqr__CE,,
dummy,4,2,psd__sfr__derived__roi__R6__iqr__CE_minus_OE,,
dummy,4,2,psd__sfr__derived__roi__R6__iqr__OE,,
dummy,4,2,psd__sfr__derived__roi__R6__median__CE,,
dummy,4,2,psd__sfr__derived__roi__R6__median__CE_minus_OE,,
dummy,4,2,psd__sfr__derived__roi__R6__median__OE,,
dummy,4,2,psd__theta_alpha_ratio__derived__roi__R1__iqr__CE,,
dummy,4,2,psd__theta_alpha_ratio__derived__roi__R1__iqr__CE_minus_OE,,
dummy,4,2,psd__theta_alpha_ratio__derived__roi__R1__iqr__OE,,
dummy,4,2,psd__theta_alpha_ratio__derived__roi__R1__median__CE,,
dummy,4,2,psd__theta_alpha_ratio__derived__roi__R1__median__CE_minus_OE,,
dummy,4,2,psd__theta_alpha_ratio__derived__roi__R1__median__OE,,
dummy,4,2,psd__theta_alpha_ratio__derived__roi__R2__iqr__CE,,
dummy,4,2,psd__theta_alpha_ratio__derived__roi__R2__iqr__CE_minus_OE,,
dummy,4,2,psd__theta_alpha_ratio__derived__roi__R2__iqr__OE,,
dummy,4,2,psd__theta_alpha_ratio__derived__roi__R2__median__CE,,
dummy,4,2,psd__theta_alpha_ratio__derived__roi__R2__median__CE_minus_OE,,
dummy,4,2,psd__theta_alpha_ratio__derived__roi__R2__median__OE,,
dummy,4,2,psd__theta_alpha_ratio__derived__roi__R3__iqr__CE,,
dummy,4,2,psd__theta_alpha_ratio__derived__roi__R3__iqr__CE_minus_OE,,
dummy,4,2,psd__theta_alpha_ratio__derived__roi__R3__iqr__OE,,
dummy,4,2,psd__theta_alpha_ratio__derived__roi__R3__median__CE,,
dummy,4,2,psd__theta_alpha_ratio__derived__roi__R3__median__CE_minus_OE,,
dummy,4,2,psd__theta_alpha_ratio__derived__roi__R3__median__OE,,
dummy,4,2,psd__theta_alpha_ratio__derived__roi__R4__iqr__CE,,
dummy,4,2,psd__theta_alpha_ratio__derived__roi__R4__iqr__CE_minus_OE,,
dummy,4,2,psd__theta_alpha_ratio__derived__roi__R4__iqr__OE,,
dummy,4,2,psd__theta_alpha_ratio__derived__roi__R4__median__CE,,
dummy,4,2,psd__theta_alpha_ratio__derived__roi__R4__median__CE_minus_OE,,
dummy,4,2,psd__theta_alpha_ratio__derived__roi__R4__median__OE,,
dummy,4,2,psd__theta_alpha_ratio__derived__roi__R5__iqr__CE,,
dummy,4,2,psd__theta_alpha_ratio__derived__roi__R5__iqr__CE_minus_OE,,
dummy,4,2,psd__theta_alpha_ratio__derived__roi__R5__iqr__OE,,
dummy,4,2,psd__theta_alpha_ratio__derived__roi__R5__median__CE,,
dummy,4,2,psd__theta_alpha_ratio__derived__roi__R5__median__CE_minus_OE,,
dummy,4,2,psd__theta_alpha_ratio__derived__roi__R5__median__OE,,
dummy,4,2,psd__theta_alpha_ratio__derived__roi__R6__iqr__CE,,
dummy,4,2,psd__theta_alpha_ratio__derived__roi__R6__iqr__CE_minus_OE,,
dummy,4,2,psd__theta_alpha_ratio__derived__roi__R6__iqr__OE,,
dummy,4,2,psd__theta_alpha_ratio__derived__roi__R6__median__CE,,
dummy,4,2,psd__theta_alpha_ratio__derived__roi__R6__median__CE_minus_OE,,
dummy,4,2,psd__theta_alpha_ratio__derived__roi__R6__median__OE,,
dummy,4,3,complexity__spectral_entropy__broadband__roi__R1__iqr__CE,,
dummy,4,3,complexity__spectral_entropy__broadband__roi__R1__iqr__CE_minus_OE,,
dummy,4,3,complexity__spectral_entropy__broadband__roi__R1__iqr__OE,,
dummy,4,3,complexity__spectral_entropy__broadband__roi__R1__median__CE,,
dummy,4,3,complexity__spectral_entropy__broadband__roi__R1__median__CE_minus_OE,,
dummy,4,3,complexity__spectral_entropy__broadband__roi__R1__median__OE,,
dummy,4,3,complexity__spectral_entropy__broadband__roi__R2__iqr__CE,,
dummy,4,3,complexity__spectral_entropy__broadband__roi__R2__iqr__CE_minus_OE,,
dummy,4,3,complexity__spectral_entropy__broadband__roi__R2__iqr__OE,,
dummy,4,3,complexity__spectral_entropy__broadband__roi__R2__median__CE,,
dummy,4,3,complexity__spectral_entropy__broadband__roi__R2__median__CE_minus_OE,,
dummy,4,3,complexity__spectral_entropy__broadband__roi__R2__median__OE,,
dummy,4,3,complexity__spectral_entropy__broadband__roi__R3__iqr__CE,,
dummy,4,3,complexity__spectral_entropy__broadband__roi__R3__iqr__CE_minus_OE,,
dummy,4,3,complexity__spectral_entropy__broadband__roi__R3__iqr__OE,,
dummy,4,3,complexity__spectral_entropy__broadband__roi__R3__median__CE,,
dummy,4,3,complexity__spectral_entropy__broadband__roi__R3__median__CE_minus_OE,,
dummy,4,3,complexity__spectral_entropy__broadband__roi__R3__median__OE,,
dummy,4,3,complexity__spectral_entropy__broadband__roi__R4__iqr__CE,,
dummy,4,3,complexity__spectral_entropy__broadband__roi__R4__iqr__CE_minus_OE,,
dummy,4,3,complexity__spectral_entropy__broadband__roi__R4__iqr__OE,,
dummy,4,3,complexity__spectral_entropy__broadband__roi__R4__median__CE,,
dummy,4,3,complexity__spectral_entropy__broadband__roi__R4__median__CE_minus_OE,,
dummy,4,3,complexity__spectral_entropy__broadband__roi__R4__median__OE,,
dummy,4,3,complexity__spectral_entropy__broadband__roi__R5__iqr__CE,,
dummy,4,3,complexity__spectral_entropy__broadband__roi__R5__iqr__CE_minus_OE,,
dummy,4,3,complexity__spectral_entropy__broadband__roi__R5__iqr__OE,,
dummy,4,3,complexity__spectral_entropy__broadband__roi__R5__median__CE,,
dummy,4,3,complexity__spectral_entropy__broadband__roi__R5__median__CE_minus_OE,,
dummy,4,3,complexity__spectral_entropy__broadband__roi__R5__median__OE,,
dummy,4,3,complexity__spectral_entropy__broadband__roi__R6__iqr__CE,,
dummy,4,3,complexity__spectral_entropy__broadband__roi__R6__iqr__CE_minus_OE,,
dummy,4,3,complexity__spectral_entropy__broadband__roi__R6__iqr__OE,,
dummy,4,3,complexity__spectral_entropy__broadband__roi__R6__median__CE,,
dummy,4,3,complexity__spectral_entropy__broadband__roi__R6__median__CE_minus_OE,,
dummy,4,3,complexity__spectral_entropy__broadband__roi__R6__median__OE,,
dummy,4,3,psd__absolute_power__alpha__roi__R1__iqr__CE,,
dummy,4,3,psd__absolute_power__alpha__roi__R1__iqr__CE_minus_OE,,
dummy,4,3,psd__absolute_power__alpha__roi__R1__iqr__OE,,
dummy,4,3,psd__absolute_power__alpha__roi__R1__median__CE,,
dummy,4,3,psd__absolute_power__alpha__roi__R1__median__CE_minus_OE,,
dummy,4,3,psd__absolute_power__alpha__roi__R1__median__OE,,
dummy,4,3,psd__absolute_power__alpha__roi__R2__iqr__CE,,
dummy,4,3,psd__absolute_power__alpha__roi__R2__iqr__CE_minus_OE,,
dummy,4,3,psd__absolute_power__alpha__roi__R2__iqr__OE,,
dummy,4,3,psd__absolute_power__alpha__roi__R2__median__CE,,
dummy,4,3,psd__absolute_power__alpha__roi__R2__median__CE_minus_OE,,
dummy,4,3,psd__absolute_power__alpha__roi__R2__median__OE,,
dummy,4,3,psd__absolute_power__alpha__roi__R3__iqr__CE,,
dummy,4,3,psd__absolute_power__alpha__roi__R3__iqr__CE_minus_OE,,
dummy,4,3,psd__absolute_power__alpha__roi__R3__iqr__OE,,
dummy,4,3,psd__absolute_power__alpha__roi__R3__median__CE,,
dummy,4,3,psd__absolute_power__alpha__roi__R3__median__CE_minus_OE,,
dummy,4,3,psd__absolute_power__alpha__roi__R3__median__OE,,
dummy,4,3,psd__absolute_power__alpha__roi__R4__iqr__CE,,
dummy,4,3,psd__absolute_power__alpha__roi__R4__iqr__CE_minus_OE,,
dummy,4,3,psd__absolute_power__alpha__roi__R4__iqr__OE,,
dummy,4,3,psd__absolute_power__alpha__roi__R4__median__CE,,
dummy,4,3,psd__absolute_power__alpha__roi__R4__median__CE_minus_OE,,
dummy,4,3,psd__absolute_power__alpha__roi__R4__median__OE,,
dummy,4,3,psd__absolute_power__alpha__roi__R5__iqr__CE,,
dummy,4,3,psd__absolute_power__alpha__roi__R5__iqr__CE_minus_OE,,
dummy,4,3,psd__absolute_power__alpha__roi__R5__iqr__OE,,
dummy,4,3,psd__absolute_power__alpha__roi__R5__median__CE,,
dummy,4,3,psd__absolute_power__alpha__roi__R5__median__CE_minus_OE,,
dummy,4,3,psd__absolute_power__alpha__roi__R5__median__OE,,
dummy,4,3,psd__absolute_power__alpha__roi__R6__iqr__CE,,
dummy,4,3,psd__absolute_power__alpha__roi__R6__iqr__CE_minus_OE,,
dummy,4,3,psd__absolute_power__alpha__roi__R6__iqr__OE,,
dummy,4,3,psd__absolute_power__alpha__roi__R6__median__CE,,
dummy,4,3,psd__absolute_power__alpha__roi__R6__median__CE_minus_OE,,
dummy,4,3,psd__absolute_power__alpha__roi__R6__median__OE,,
dummy,4,3,psd__absolute_power__beta__roi__R1__iqr__CE,,
dummy,4,3,psd__absolute_power__beta__roi__R1__iqr__CE_minus_OE,,
dummy,4,3,psd__absolute_power__beta__roi__R1__iqr__OE,,
dummy,4,3,psd__absolute_power__beta__roi__R1__median__CE,,
dummy,4,3,psd__absolute_power__beta__roi__R1__median__CE_minus_OE,,
dummy,4,3,psd__absolute_power__beta__roi__R1__median__OE,,
dummy,4,3,psd__absolute_power__beta__roi__R2__iqr__CE,,
dummy,4,3,psd__absolute_power__beta__roi__R2__iqr__CE_minus_OE,,
dummy,4,3,psd__absolute_power__beta__roi__R2__iqr__OE,,
dummy,4,3,psd__absolute_power__beta__roi__R2__median__CE,,
dummy,4,3,psd__absolute_power__beta__roi__R2__median__CE_minus_OE,,
dummy,4,3,psd__absolute_power__beta__roi__R2__median__OE,,
dummy,4,3,psd__absolute_power__beta__roi__R3__iqr__CE,,
dummy,4,3,psd__absolute_power__beta__roi__R3__iqr__CE_minus_OE,,
dummy,4,3,psd__absolute_power__beta__roi__R3__iqr__OE,,
dummy,4,3,psd__absolute_power__beta__roi__R3__median__CE,,
dummy,4,3,psd__absolute_power__beta__roi__R3__median__CE_minus_OE,,
dummy,4,3,psd__absolute_power__beta__roi__R3__median__OE,,
dummy,4,3,psd__absolute_power__beta__roi__R4__iqr__CE,,
dummy,4,3,psd__absolute_power__beta__roi__R4__iqr__CE_minus_OE,,
dummy,4,3,psd__absolute_power__beta__roi__R4__iqr__OE,,
dummy,4,3,psd__absolute_power__beta__roi__R4__median__CE,,
dummy,4,3,psd__absolute_power__beta__roi__R4__median__CE_minus_OE,,
dummy,4,3,psd__absolute_power__beta__roi__R4__median__OE,,
dummy,4,3,psd__absolute_power__beta__roi__R5__iqr__CE,,
dummy,4,3,psd__absolute_power__beta__roi__R5__iqr__CE_minus_OE,,
dummy,4,3,psd__absolute_power__beta__roi__R5__iqr__OE,,
dummy,4,3,psd__absolute_power__beta__roi__R5__median__CE,,
dummy,4,3,psd__absolute_power__beta__roi__R5__median__CE_minus_OE,,
dummy,4,3,psd__absolute_power__beta__roi__R5__median__OE,,
dummy,4,3,psd__absolute_power__beta__roi__R6__iqr__CE,,
dummy,4,3,psd__absolute_power__beta__roi__R6__iqr__CE_minus_OE,,
dummy,4,3,psd__absolute_power__beta__roi__R6__iqr__OE,,
dummy,4,3,psd__absolute_power__beta__roi__R6__median__CE,,
dummy,4,3,psd__absolute_power__beta__roi__R6__median__CE_minus_OE,,
dummy,4,3,psd__absolute_power__beta__roi__R6__median__OE,,
dummy,4,3,psd__absolute_power__delta__roi__R1__iqr__CE,,
dummy,4,3,psd__absolute_power__delta__roi__R1__iqr__CE_minus_OE,,
dummy,4,3,psd__absolute_power__delta__roi__R1__iqr__OE,,
dummy,4,3,psd__absolute_power__delta__roi__R1__median__CE,,
dummy,4,3,psd__absolute_power__delta__roi__R1__median__CE_minus_OE,,
dummy,4,3,psd__absolute_power__delta__roi__R1__median__OE,,
dummy,4,3,psd__absolute_power__delta__roi__R2__iqr__CE,,
dummy,4,3,psd__absolute_power__delta__roi__R2__iqr__CE_minus_OE,,
dummy,4,3,psd__absolute_power__delta__roi__R2__iqr__OE,,
dummy,4,3,psd__absolute_power__delta__roi__R2__median__CE,,
dummy,4,3,psd__absolute_power__delta__roi__R2__median__CE_minus_OE,,
dummy,4,3,psd__absolute_power__delta__roi__R2__median__OE,,
dummy,4,3,psd__absolute_power__delta__roi__R3__iqr__CE,,
dummy,4,3,psd__absolute_power__delta__roi__R3__iqr__CE_minus_OE,,
dummy,4,3,psd__absolute_power__delta__roi__R3__iqr__OE,,
dummy,4,3,psd__absolute_power__delta__roi__R3__median__CE,,
dummy,4,3,psd__absolute_power__delta__roi__R3__median__CE_minus_OE,,
dummy,4,3,psd__absolute_power__delta__roi__R3__median__OE,,
dummy,4,3,psd__absolute_power__delta__roi__R4__iqr__CE,,
dummy,4,3,psd__absolute_power__delta__roi__R4__iqr__CE_minus_OE,,
dummy,4,3,psd__absolute_power__delta__roi__R4__iqr__OE,,
dummy,4,3,psd__absolute_power__delta__roi__R4__median__CE,,
dummy,4,3,psd__absolute_power__delta__roi__R4__median__CE_minus_OE,,
dummy,4,3,psd__absolute_power__delta__roi__R4__median__OE,,
dummy,4,3,psd__absolute_power__delta__roi__R5__iqr__CE,,
dummy,4,3,psd__absolute_power__delta__roi__R5__iqr__CE_minus_OE,,
dummy,4,3,psd__absolute_power__delta__roi__R5__iqr__OE,,
dummy,4,3,psd__absolute_power__delta__roi__R5__median__CE,,
dummy,4,3,psd__absolute_power__delta__roi__R5__median__CE_minus_OE,,
dummy,4,3,psd__absolute_power__delta__roi__R5__median__OE,,
dummy,4,3,psd__absolute_power__delta__roi__R6__iqr__CE,,
dummy,4,3,psd__absolute_power__delta__roi__R6__iqr__CE_minus_OE,,
dummy,4,3,psd__absolute_power__delta__roi__R6__iqr__OE,,
dummy,4,3,psd__absolute_power__delta__roi__R6__median__CE,,
dummy,4,3,psd__absolute_power__delta__roi__R6__median__CE_minus_OE,,
dummy,4,3,psd__absolute_power__delta__roi__R6__median__OE,,
dummy,4,3,psd__absolute_power__gamma__roi__R1__iqr__CE,,
dummy,4,3,psd__absolute_power__gamma__roi__R1__iqr__CE_minus_OE,,
dummy,4,3,psd__absolute_power__gamma__roi__R1__iqr__OE,,
dummy,4,3,psd__absolute_power__gamma__roi__R1__median__CE,,
dummy,4,3,psd__absolute_power__gamma__roi__R1__median__CE_minus_OE,,
dummy,4,3,psd__absolute_power__gamma__roi__R1__median__OE,,
dummy,4,3,psd__absolute_power__gamma__roi__R2__iqr__CE,,
dummy,4,3,psd__absolute_power__gamma__roi__R2__iqr__CE_minus_OE,,
dummy,4,3,psd__absolute_power__gamma__roi__R2__iqr__OE,,
dummy,4,3,psd__absolute_power__gamma__roi__R2__median__CE,,
dummy,4,3,psd__absolute_power__gamma__roi__R2__median__CE_minus_OE,,
dummy,4,3,psd__absolute_power__gamma__roi__R2__median__OE,,
dummy,4,3,psd__absolute_power__gamma__roi__R3__iqr__CE,,
dummy,4,3,psd__absolute_power__gamma__roi__R3__iqr__CE_minus_OE,,
dummy,4,3,psd__absolute_power__gamma__roi__R3__iqr__OE,,
dummy,4,3,psd__absolute_power__gamma__roi__R3__median__CE,,
dummy,4,3,psd__absolute_power__gamma__roi__R3__median__CE_minus_OE,,
dummy,4,3,psd__absolute_power__gamma__roi__R3__median__OE,,
dummy,4,3,psd__absolute_power__gamma__roi__R4__iqr__CE,,
dummy,4,3,psd__absolute_power__gamma__roi__R4__iqr__CE_minus_OE,,
dummy,4,3,psd__absolute_power__gamma__roi__R4__iqr__OE,,
dummy,4,3,psd__absolute_power__gamma__roi__R4__median__CE,,
dummy,4,3,psd__absolute_power__gamma__roi__R4__median__CE_minus_OE,,
dummy,4,3,psd__absolute_power__gamma__roi__R4__median__OE,,
dummy,4,3,psd__absolute_power__gamma__roi__R5__iqr__CE,,
dummy,4,3,psd__absolute_power__gamma__roi__R5__iqr__CE_minus_OE,,
dummy,4,3,psd__absolute_power__gamma__roi__R5__iqr__OE,,
dummy,4,3,psd__absolute_power__gamma__roi__R5__median__CE,,
dummy,4,3,psd__absolute_power__gamma__roi__R5__median__CE_minus_OE,,
dummy,4,3,psd__absolute_power__gamma__roi__R5__median__OE,,
dummy,4,3,psd__absolute_power__gamma__roi__R6__iqr__CE,,
dummy,4,3,psd__absolute_power__gamma__roi__R6__iqr__CE_minus_OE,,
dummy,4,3,psd__absolute_power__gamma__roi__R6__iqr__OE,,
dummy,4,3,psd__absolute_power__gamma__roi__R6__median__CE,,
dummy,4,3,psd__absolute_power__gamma__roi__R6__median__CE_minus_OE,,
dummy,4,3,psd__absolute_power__gamma__roi__R6__median__OE,,
dummy,4,3,psd__absolute_power__theta__roi__R1__iqr__CE,,
dummy,4,3,psd__absolute_power__theta__roi__R1__iqr__CE_minus_OE,,
dummy,4,3,psd__absolute_power__theta__roi__R1__iqr__OE,,
dummy,4,3,psd__absolute_power__theta__roi__R1__median__CE,,
dummy,4,3,psd__absolute_power__theta__roi__R1__median__CE_minus_OE,,
dummy,4,3,psd__absolute_power__theta__roi__R1__median__OE,,
dummy,4,3,psd__absolute_power__theta__roi__R2__iqr__CE,,
dummy,4,3,psd__absolute_power__theta__roi__R2__iqr__CE_minus_OE,,
dummy,4,3,psd__absolute_power__theta__roi__R2__iqr__OE,,
dummy,4,3,psd__absolute_power__theta__roi__R2__median__CE,,
dummy,4,3,psd__absolute_power__theta__roi__R2__median__CE_minus_OE,,
dummy,4,3,psd__absolute_power__theta__roi__R2__median__OE,,
dummy,4,3,psd__absolute_power__theta__roi__R3__iqr__CE,,
dummy,4,3,psd__absolute_power__theta__roi__R3__iqr__CE_minus_OE,,
dummy,4,3,psd__absolute_power__theta__roi__R3__iqr__OE,,
dummy,4,3,psd__absolute_power__theta__roi__R3__median__CE,,
dummy,4,3,psd__absolute_power__theta__roi__R3__median__CE_minus_OE,,
dummy,4,3,psd__absolute_power__theta__roi__R3__median__OE,,
dummy,4,3,psd__absolute_power__theta__roi__R4__iqr__CE,,
dummy,4,3,psd__absolute_power__theta__roi__R4__iqr__CE_minus_OE,,
dummy,4,3,psd__absolute_power__theta__roi__R4__iqr__OE,,
dummy,4,3,psd__absolute_power__theta__roi__R4__median__CE,,
dummy,4,3,psd__absolute_power__theta__roi__R4__median__CE_minus_OE,,
dummy,4,3,psd__absolute_power__theta__roi__R4__median__OE,,
dummy,4,3,psd__absolute_power__theta__roi__R5__iqr__CE,,
dummy,4,3,psd__absolute_power__theta__roi__R5__iqr__CE_minus_OE,,
dummy,4,3,psd__absolute_power__theta__roi__R5__iqr__OE,,
dummy,4,3,psd__absolute_power__theta__roi__R5__median__CE,,
dummy,4,3,psd__absolute_power__theta__roi__R5__median__CE_minus_OE,,
dummy,4,3,psd__absolute_power__theta__roi__R5__median__OE,,
dummy,4,3,psd__absolute_power__theta__roi__R6__iqr__CE,,
dummy,4,3,psd__absolute_power__theta__roi__R6__iqr__CE_minus_OE,,
dummy,4,3,psd__absolute_power__theta__roi__R6__iqr__OE,,
dummy,4,3,psd__absolute_power__theta__roi__R6__median__CE,,
dummy,4,3,psd__absolute_power__theta__roi__R6__median__CE_minus_OE,,
dummy,4,3,psd__absolute_power__theta__roi__R6__median__OE,,
dummy,4,3,psd__delta_alpha_ratio__derived__roi__R1__iqr__CE,,
dummy,4,3,psd__delta_alpha_ratio__derived__roi__R1__iqr__CE_minus_OE,,
dummy,4,3,psd__delta_alpha_ratio__derived__roi__R1__iqr__OE,,
dummy,4,3,psd__delta_alpha_ratio__derived__roi__R1__median__CE,,
dummy,4,3,psd__delta_alpha_ratio__derived__roi__R1__median__CE_minus_OE,,
dummy,4,3,psd__delta_alpha_ratio__derived__roi__R1__median__OE,,
dummy,4,3,psd__delta_alpha_ratio__derived__roi__R2__iqr__CE,,
dummy,4,3,psd__delta_alpha_ratio__derived__roi__R2__iqr__CE_minus_OE,,
dummy,4,3,psd__delta_alpha_ratio__derived__roi__R2__iqr__OE,,
dummy,4,3,psd__delta_alpha_ratio__derived__roi__R2__median__CE,,
dummy,4,3,psd__delta_alpha_ratio__derived__roi__R2__median__CE_minus_OE,,
dummy,4,3,psd__delta_alpha_ratio__derived__roi__R2__median__OE,,
dummy,4,3,psd__delta_alpha_ratio__derived__roi__R3__iqr__CE,,
dummy,4,3,psd__delta_alpha_ratio__derived__roi__R3__iqr__CE_minus_OE,,
dummy,4,3,psd__delta_alpha_ratio__derived__roi__R3__iqr__OE,,
dummy,4,3,psd__delta_alpha_ratio__derived__roi__R3__median__CE,,
dummy,4,3,psd__delta_alpha_ratio__derived__roi__R3__median__CE_minus_OE,,
dummy,4,3,psd__delta_alpha_ratio__derived__roi__R3__median__OE,,
dummy,4,3,psd__delta_alpha_ratio__derived__roi__R4__iqr__CE,,
dummy,4,3,psd__delta_alpha_ratio__derived__roi__R4__iqr__CE_minus_OE,,
dummy,4,3,psd__delta_alpha_ratio__derived__roi__R4__iqr__OE,,
dummy,4,3,psd__delta_alpha_ratio__derived__roi__R4__median__CE,,
dummy,4,3,psd__delta_alpha_ratio__derived__roi__R4__median__CE_minus_OE,,
dummy,4,3,psd__delta_alpha_ratio__derived__roi__R4__median__OE,,
dummy,4,3,psd__delta_alpha_ratio__derived__roi__R5__iqr__CE,,
dummy,4,3,psd__delta_alpha_ratio__derived__roi__R5__iqr__CE_minus_OE,,
dummy,4,3,psd__delta_alpha_ratio__derived__roi__R5__iqr__OE,,
dummy,4,3,psd__delta_alpha_ratio__derived__roi__R5__median__CE,,
dummy,4,3,psd__delta_alpha_ratio__derived__roi__R5__median__CE_minus_OE,,
dummy,4,3,psd__delta_alpha_ratio__derived__roi__R5__median__OE,,
dummy,4,3,psd__delta_alpha_ratio__derived__roi__R6__iqr__CE,,
dummy,4,3,psd__delta_alpha_ratio__derived__roi__R6__iqr__CE_minus_OE,,
dummy,4,3,psd__delta_alpha_ratio__derived__roi__R6__iqr__OE,,
dummy,4,3,psd__delta_alpha_ratio__derived__roi__R6__median__CE,,
dummy,4,3,psd__delta_alpha_ratio__derived__roi__R6__median__CE_minus_OE,,
dummy,4,3,psd__delta_alpha_ratio__derived__roi__R6__median__OE,,
dummy,4,3,psd__relative_power__alpha__roi__R1__iqr__CE,,
dummy,4,3,psd__relative_power__alpha__roi__R1__iqr__CE_minus_OE,,
dummy,4,3,psd__relative_power__alpha__roi__R1__iqr__OE,,
dummy,4,3,psd__relative_power__alpha__roi__R1__median__CE,,
dummy,4,3,psd__relative_power__alpha__roi__R1__median__CE_minus_OE,,
dummy,4,3,psd__relative_power__alpha__roi__R1__median__OE,,
dummy,4,3,psd__relative_power__alpha__roi__R2__iqr__CE,,
dummy,4,3,psd__relative_power__alpha__roi__R2__iqr__CE_minus_OE,,
dummy,4,3,psd__relative_power__alpha__roi__R2__iqr__OE,,
dummy,4,3,psd__relative_power__alpha__roi__R2__median__CE,,
dummy,4,3,psd__relative_power__alpha__roi__R2__median__CE_minus_OE,,
dummy,4,3,psd__relative_power__alpha__roi__R2__median__OE,,
dummy,4,3,psd__relative_power__alpha__roi__R3__iqr__CE,,
dummy,4,3,psd__relative_power__alpha__roi__R3__iqr__CE_minus_OE,,
dummy,4,3,psd__relative_power__alpha__roi__R3__iqr__OE,,
dummy,4,3,psd__relative_power__alpha__roi__R3__median__CE,,
dummy,4,3,psd__relative_power__alpha__roi__R3__median__CE_minus_OE,,
dummy,4,3,psd__relative_power__alpha__roi__R3__median__OE,,
dummy,4,3,psd__relative_power__alpha__roi__R4__iqr__CE,,
dummy,4,3,psd__relative_power__alpha__roi__R4__iqr__CE_minus_OE,,
dummy,4,3,psd__relative_power__alpha__roi__R4__iqr__OE,,
dummy,4,3,psd__relative_power__alpha__roi__R4__median__CE,,
dummy,4,3,psd__relative_power__alpha__roi__R4__median__CE_minus_OE,,
dummy,4,3,psd__relative_power__alpha__roi__R4__median__OE,,
dummy,4,3,psd__relative_power__alpha__roi__R5__iqr__CE,,
dummy,4,3,psd__relative_power__alpha__roi__R5__iqr__CE_minus_OE,,
dummy,4,3,psd__relative_power__alpha__roi__R5__iqr__OE,,
dummy,4,3,psd__relative_power__alpha__roi__R5__median__CE,,
dummy,4,3,psd__relative_power__alpha__roi__R5__median__CE_minus_OE,,
dummy,4,3,psd__relative_power__alpha__roi__R5__median__OE,,
dummy,4,3,psd__relative_power__alpha__roi__R6__iqr__CE,,
dummy,4,3,psd__relative_power__alpha__roi__R6__iqr__CE_minus_OE,,
dummy,4,3,psd__relative_power__alpha__roi__R6__iqr__OE,,
dummy,4,3,psd__relative_power__alpha__roi__R6__median__CE,,
dummy,4,3,psd__relative_power__alpha__roi__R6__median__CE_minus_OE,,
dummy,4,3,psd__relative_power__alpha__roi__R6__median__OE,,
dummy,4,3,psd__relative_power__beta__roi__R1__iqr__CE,,
dummy,4,3,psd__relative_power__beta__roi__R1__iqr__CE_minus_OE,,
dummy,4,3,psd__relative_power__beta__roi__R1__iqr__OE,,
dummy,4,3,psd__relative_power__beta__roi__R1__median__CE,,
dummy,4,3,psd__relative_power__beta__roi__R1__median__CE_minus_OE,,
dummy,4,3,psd__relative_power__beta__roi__R1__median__OE,,
dummy,4,3,psd__relative_power__beta__roi__R2__iqr__CE,,
dummy,4,3,psd__relative_power__beta__roi__R2__iqr__CE_minus_OE,,
dummy,4,3,psd__relative_power__beta__roi__R2__iqr__OE,,
dummy,4,3,psd__relative_power__beta__roi__R2__median__CE,,
dummy,4,3,psd__relative_power__beta__roi__R2__median__CE_minus_OE,,
dummy,4,3,psd__relative_power__beta__roi__R2__median__OE,,
dummy,4,3,psd__relative_power__beta__roi__R3__iqr__CE,,
dummy,4,3,psd__relative_power__beta__roi__R3__iqr__CE_minus_OE,,
dummy,4,3,psd__relative_power__beta__roi__R3__iqr__OE,,
dummy,4,3,psd__relative_power__beta__roi__R3__median__CE,,
dummy,4,3,psd__relative_power__beta__roi__R3__median__CE_minus_OE,,
dummy,4,3,psd__relative_power__beta__roi__R3__median__OE,,
dummy,4,3,psd__relative_power__beta__roi__R4__iqr__CE,,
dummy,4,3,psd__relative_power__beta__roi__R4__iqr__CE_minus_OE,,
dummy,4,3,psd__relative_power__beta__roi__R4__iqr__OE,,
dummy,4,3,psd__relative_power__beta__roi__R4__median__CE,,
dummy,4,3,psd__relative_power__beta__roi__R4__median__CE_minus_OE,,
dummy,4,3,psd__relative_power__beta__roi__R4__median__OE,,
dummy,4,3,psd__relative_power__beta__roi__R5__iqr__CE,,
dummy,4,3,psd__relative_power__beta__roi__R5__iqr__CE_minus_OE,,
dummy,4,3,psd__relative_power__beta__roi__R5__iqr__OE,,
dummy,4,3,psd__relative_power__beta__roi__R5__median__CE,,
dummy,4,3,psd__relative_power__beta__roi__R5__median__CE_minus_OE,,
dummy,4,3,psd__relative_power__beta__roi__R5__median__OE,,
dummy,4,3,psd__relative_power__beta__roi__R6__iqr__CE,,
dummy,4,3,psd__relative_power__beta__roi__R6__iqr__CE_minus_OE,,
dummy,4,3,psd__relative_power__beta__roi__R6__iqr__OE,,
dummy,4,3,psd__relative_power__beta__roi__R6__median__CE,,
dummy,4,3,psd__relative_power__beta__roi__R6__median__CE_minus_OE,,
dummy,4,3,psd__relative_power__beta__roi__R6__median__OE,,
dummy,4,3,psd__relative_power__delta__roi__R1__iqr__CE,,
dummy,4,3,psd__relative_power__delta__roi__R1__iqr__CE_minus_OE,,
dummy,4,3,psd__relative_power__delta__roi__R1__iqr__OE,,
dummy,4,3,psd__relative_power__delta__roi__R1__median__CE,,
dummy,4,3,psd__relative_power__delta__roi__R1__median__CE_minus_OE,,
dummy,4,3,psd__relative_power__delta__roi__R1__median__OE,,
dummy,4,3,psd__relative_power__delta__roi__R2__iqr__CE,,
dummy,4,3,psd__relative_power__delta__roi__R2__iqr__CE_minus_OE,,
dummy,4,3,psd__relative_power__delta__roi__R2__iqr__OE,,
dummy,4,3,psd__relative_power__delta__roi__R2__median__CE,,
dummy,4,3,psd__relative_power__delta__roi__R2__median__CE_minus_OE,,
dummy,4,3,psd__relative_power__delta__roi__R2__median__OE,,
dummy,4,3,psd__relative_power__delta__roi__R3__iqr__CE,,
dummy,4,3,psd__relative_power__delta__roi__R3__iqr__CE_minus_OE,,
dummy,4,3,psd__relative_power__delta__roi__R3__iqr__OE,,
dummy,4,3,psd__relative_power__delta__roi__R3__median__CE,,
dummy,4,3,psd__relative_power__delta__roi__R3__median__CE_minus_OE,,
dummy,4,3,psd__relative_power__delta__roi__R3__median__OE,,
dummy,4,3,psd__relative_power__delta__roi__R4__iqr__CE,,
dummy,4,3,psd__relative_power__delta__roi__R4__iqr__CE_minus_OE,,
dummy,4,3,psd__relative_power__delta__roi__R4__iqr__OE,,
dummy,4,3,psd__relative_power__delta__roi__R4__median__CE,,
dummy,4,3,psd__relative_power__delta__roi__R4__median__CE_minus_OE,,
dummy,4,3,psd__relative_power__delta__roi__R4__median__OE,,
dummy,4,3,psd__relative_power__delta__roi__R5__iqr__CE,,
dummy,4,3,psd__relative_power__delta__roi__R5__iqr__CE_minus_OE,,
dummy,4,3,psd__relative_power__delta__roi__R5__iqr__OE,,
dummy,4,3,psd__relative_power__delta__roi__R5__median__CE,,
dummy,4,3,psd__relative_power__delta__roi__R5__median__CE_minus_OE,,
dummy,4,3,psd__relative_power__delta__roi__R5__median__OE,,
dummy,4,3,psd__relative_power__delta__roi__R6__iqr__CE,,
dummy,4,3,psd__relative_power__delta__roi__R6__iqr__CE_minus_OE,,
dummy,4,3,psd__relative_power__delta__roi__R6__iqr__OE,,
dummy,4,3,psd__relative_power__delta__roi__R6__median__CE,,
dummy,4,3,psd__relative_power__delta__roi__R6__median__CE_minus_OE,,
dummy,4,3,psd__relative_power__delta__roi__R6__median__OE,,
dummy,4,3,psd__relative_power__gamma__roi__R1__iqr__CE,,
dummy,4,3,psd__relative_power__gamma__roi__R1__iqr__CE_minus_OE,,
dummy,4,3,psd__relative_power__gamma__roi__R1__iqr__OE,,
dummy,4,3,psd__relative_power__gamma__roi__R1__median__CE,,
dummy,4,3,psd__relative_power__gamma__roi__R1__median__CE_minus_OE,,
dummy,4,3,psd__relative_power__gamma__roi__R1__median__OE,,
dummy,4,3,psd__relative_power__gamma__roi__R2__iqr__CE,,
dummy,4,3,psd__relative_power__gamma__roi__R2__iqr__CE_minus_OE,,
dummy,4,3,psd__relative_power__gamma__roi__R2__iqr__OE,,
dummy,4,3,psd__relative_power__gamma__roi__R2__median__CE,,
dummy,4,3,psd__relative_power__gamma__roi__R2__median__CE_minus_OE,,
dummy,4,3,psd__relative_power__gamma__roi__R2__median__OE,,
dummy,4,3,psd__relative_power__gamma__roi__R3__iqr__CE,,
dummy,4,3,psd__relative_power__gamma__roi__R3__iqr__CE_minus_OE,,
dummy,4,3,psd__relative_power__gamma__roi__R3__iqr__OE,,
dummy,4,3,psd__relative_power__gamma__roi__R3__median__CE,,
dummy,4,3,psd__relative_power__gamma__roi__R3__median__CE_minus_OE,,
dummy,4,3,psd__relative_power__gamma__roi__R3__median__OE,,
dummy,4,3,psd__relative_power__gamma__roi__R4__iqr__CE,,
dummy,4,3,psd__relative_power__gamma__roi__R4__iqr__CE_minus_OE,,
dummy,4,3,psd__relative_power__gamma__roi__R4__iqr__OE,,
dummy,4,3,psd__relative_power__gamma__roi__R4__median__CE,,
dummy,4,3,psd__relative_power__gamma__roi__R4__median__CE_minus_OE,,
dummy,4,3,psd__relative_power__gamma__roi__R4__median__OE,,
dummy,4,3,psd__relative_power__gamma__roi__R5__iqr__CE,,
dummy,4,3,psd__relative_power__gamma__roi__R5__iqr__CE_minus_OE,,
dummy,4,3,psd__relative_power__gamma__roi__R5__iqr__OE,,
dummy,4,3,psd__relative_power__gamma__roi__R5__median__CE,,
dummy,4,3,psd__relative_power__gamma__roi__R5__median__CE_minus_OE,,
dummy,4,3,psd__relative_power__gamma__roi__R5__median__OE,,
dummy,4,3,psd__relative_power__gamma__roi__R6__iqr__CE,,
dummy,4,3,psd__relative_power__gamma__roi__R6__iqr__CE_minus_OE,,
dummy,4,3,psd__relative_power__gamma__roi__R6__iqr__OE,,
dummy,4,3,psd__relative_power__gamma__roi__R6__median__CE,,
dummy,4,3,psd__relative_power__gamma__roi__R6__median__CE_minus_OE,,
dummy,4,3,psd__relative_power__gamma__roi__R6__median__OE,,
dummy,4,3,psd__relative_power__theta__roi__R1__iqr__CE,,
dummy,4,3,psd__relative_power__theta__roi__R1__iqr__CE_minus_OE,,
dummy,4,3,psd__relative_power__theta__roi__R1__iqr__OE,,
dummy,4,3,psd__relative_power__theta__roi__R1__median__CE,,
dummy,4,3,psd__relative_power__theta__roi__R1__median__CE_minus_OE,,
dummy,4,3,psd__relative_power__theta__roi__R1__median__OE,,
dummy,4,3,psd__relative_power__theta__roi__R2__iqr__CE,,
dummy,4,3,psd__relative_power__theta__roi__R2__iqr__CE_minus_OE,,
dummy,4,3,psd__relative_power__theta__roi__R2__iqr__OE,,
dummy,4,3,psd__relative_power__theta__roi__R2__median__CE,,
dummy,4,3,psd__relative_power__theta__roi__R2__median__CE_minus_OE,,
dummy,4,3,psd__relative_power__theta__roi__R2__median__OE,,
dummy,4,3,psd__relative_power__theta__roi__R3__iqr__CE,,
dummy,4,3,psd__relative_power__theta__roi__R3__iqr__CE_minus_OE,,
dummy,4,3,psd__relative_power__theta__roi__R3__iqr__OE,,
dummy,4,3,psd__relative_power__theta__roi__R3__median__CE,,
dummy,4,3,psd__relative_power__theta__roi__R3__median__CE_minus_OE,,
dummy,4,3,psd__relative_power__theta__roi__R3__median__OE,,
dummy,4,3,psd__relative_power__theta__roi__R4__iqr__CE,,
dummy,4,3,psd__relative_power__theta__roi__R4__iqr__CE_minus_OE,,
dummy,4,3,psd__relative_power__theta__roi__R4__iqr__OE,,
dummy,4,3,psd__relative_power__theta__roi__R4__median__CE,,
dummy,4,3,psd__relative_power__theta__roi__R4__median__CE_minus_OE,,
dummy,4,3,psd__relative_power__theta__roi__R4__median__OE,,
dummy,4,3,psd__relative_power__theta__roi__R5__iqr__CE,,
dummy,4,3,psd__relative_power__theta__roi__R5__iqr__CE_minus_OE,,
dummy,4,3,psd__relative_power__theta__roi__R5__iqr__OE,,
dummy,4,3,psd__relative_power__theta__roi__R5__median__CE,,
dummy,4,3,psd__relative_power__theta__roi__R5__median__CE_minus_OE,,
dummy,4,3,psd__relative_power__theta__roi__R5__median__OE,,
dummy,4,3,psd__relative_power__theta__roi__R6__iqr__CE,,
dummy,4,3,psd__relative_power__theta__roi__R6__iqr__CE_minus_OE,,
dummy,4,3,psd__relative_power__theta__roi__R6__iqr__OE,,
dummy,4,3,psd__relative_power__theta__roi__R6__median__CE,,
dummy,4,3,psd__relative_power__theta__roi__R6__median__CE_minus_OE,,
dummy,4,3,psd__relative_power__theta__roi__R6__median__OE,,
dummy,4,3,psd__sfr__derived__roi__R1__iqr__CE,,
dummy,4,3,psd__sfr__derived__roi__R1__iqr__CE_minus_OE,,
dummy,4,3,psd__sfr__derived__roi__R1__iqr__OE,,
dummy,4,3,psd__sfr__derived__roi__R1__median__CE,,
dummy,4,3,psd__sfr__derived__roi__R1__median__CE_minus_OE,,
dummy,4,3,psd__sfr__derived__roi__R1__median__OE,,
dummy,4,3,psd__sfr__derived__roi__R2__iqr__CE,,
dummy,4,3,psd__sfr__derived__roi__R2__iqr__CE_minus_OE,,
dummy,4,3,psd__sfr__derived__roi__R2__iqr__OE,,
dummy,4,3,psd__sfr__derived__roi__R2__median__CE,,
dummy,4,3,psd__sfr__derived__roi__R2__median__CE_minus_OE,,
dummy,4,3,psd__sfr__derived__roi__R2__median__OE,,
dummy,4,3,psd__sfr__derived__roi__R3__iqr__CE,,
dummy,4,3,psd__sfr__derived__roi__R3__iqr__CE_minus_OE,,
dummy,4,3,psd__sfr__derived__roi__R3__iqr__OE,,
dummy,4,3,psd__sfr__derived__roi__R3__median__CE,,
dummy,4,3,psd__sfr__derived__roi__R3__median__CE_minus_OE,,
dummy,4,3,psd__sfr__derived__roi__R3__median__OE,,
dummy,4,3,psd__sfr__derived__roi__R4__iqr__CE,,
dummy,4,3,psd__sfr__derived__roi__R4__iqr__CE_minus_OE,,
dummy,4,3,psd__sfr__derived__roi__R4__iqr__OE,,
dummy,4,3,psd__sfr__derived__roi__R4__median__CE,,
dummy,4,3,psd__sfr__derived__roi__R4__median__CE_minus_OE,,
dummy,4,3,psd__sfr__derived__roi__R4__median__OE,,
dummy,4,3,psd__sfr__derived__roi__R5__iqr__CE,,
dummy,4,3,psd__sfr__derived__roi__R5__iqr__CE_minus_OE,,
dummy,4,3,psd__sfr__derived__roi__R5__iqr__OE,,
dummy,4,3,psd__sfr__derived__roi__R5__median__CE,,
dummy,4,3,psd__sfr__derived__roi__R5__median__CE_minus_OE,,
dummy,4,3,psd__sfr__derived__roi__R5__median__OE,,
dummy,4,3,psd__sfr__derived__roi__R6__iqr__CE,,
dummy,4,3,psd__sfr__derived__roi__R6__iqr__CE_minus_OE,,
dummy,4,3,psd__sfr__derived__roi__R6__iqr__OE,,
dummy,4,3,psd__sfr__derived__roi__R6__median__CE,,
dummy,4,3,psd__sfr__derived__roi__R6__median__CE_minus_OE,,
dummy,4,3,psd__sfr__derived__roi__R6__median__OE,,
dummy,4,3,psd__theta_alpha_ratio__derived__roi__R1__iqr__CE,,
dummy,4,3,psd__theta_alpha_ratio__derived__roi__R1__iqr__CE_minus_OE,,
dummy,4,3,psd__theta_alpha_ratio__derived__roi__R1__iqr__OE,,
dummy,4,3,psd__theta_alpha_ratio__derived__roi__R1__median__CE,,
dummy,4,3,psd__theta_alpha_ratio__derived__roi__R1__median__CE_minus_OE,,
dummy,4,3,psd__theta_alpha_ratio__derived__roi__R1__median__OE,,
dummy,4,3,psd__theta_alpha_ratio__derived__roi__R2__iqr__CE,,
dummy,4,3,psd__theta_alpha_ratio__derived__roi__R2__iqr__CE_minus_OE,,
dummy,4,3,psd__theta_alpha_ratio__derived__roi__R2__iqr__OE,,
dummy,4,3,psd__theta_alpha_ratio__derived__roi__R2__median__CE,,
dummy,4,3,psd__theta_alpha_ratio__derived__roi__R2__median__CE_minus_OE,,
dummy,4,3,psd__theta_alpha_ratio__derived__roi__R2__median__OE,,
dummy,4,3,psd__theta_alpha_ratio__derived__roi__R3__iqr__CE,,
dummy,4,3,psd__theta_alpha_ratio__derived__roi__R3__iqr__CE_minus_OE,,
dummy,4,3,psd__theta_alpha_ratio__derived__roi__R3__iqr__OE,,
dummy,4,3,psd__theta_alpha_ratio__derived__roi__R3__median__CE,,
dummy,4,3,psd__theta_alpha_ratio__derived__roi__R3__median__CE_minus_OE,,
dummy,4,3,psd__theta_alpha_ratio__derived__roi__R3__median__OE,,
dummy,4,3,psd__theta_alpha_ratio__derived__roi__R4__iqr__CE,,
dummy,4,3,psd__theta_alpha_ratio__derived__roi__R4__iqr__CE_minus_OE,,
dummy,4,3,psd__theta_alpha_ratio__derived__roi__R4__iqr__OE,,
dummy,4,3,psd__theta_alpha_ratio__derived__roi__R4__median__CE,,
dummy,4,3,psd__theta_alpha_ratio__derived__roi__R4__median__CE_minus_OE,,
dummy,4,3,psd__theta_alpha_ratio__derived__roi__R4__median__OE,,
dummy,4,3,psd__theta_alpha_ratio__derived__roi__R5__iqr__CE,,
dummy,4,3,psd__theta_alpha_ratio__derived__roi__R5__iqr__CE_minus_OE,,
dummy,4,3,psd__theta_alpha_ratio__derived__roi__R5__iqr__OE,,
dummy,4,3,psd__theta_alpha_ratio__derived__roi__R5__median__CE,,
dummy,4,3,psd__theta_alpha_ratio__derived__roi__R5__median__CE_minus_OE,,
dummy,4,3,psd__theta_alpha_ratio__derived__roi__R5__median__OE,,
dummy,4,3,psd__theta_alpha_ratio__derived__roi__R6__iqr__CE,,
dummy,4,3,psd__theta_alpha_ratio__derived__roi__R6__iqr__CE_minus_OE,,
dummy,4,3,psd__theta_alpha_ratio__derived__roi__R6__iqr__OE,,
dummy,4,3,psd__theta_alpha_ratio__derived__roi__R6__median__CE,,
dummy,4,3,psd__theta_alpha_ratio__derived__roi__R6__median__CE_minus_OE,,
dummy,4,3,psd__theta_alpha_ratio__derived__roi__R6__median__OE,,
dummy,4,4,complexity__spectral_entropy__broadband__roi__R1__iqr__CE,,
dummy,4,4,complexity__spectral_entropy__broadband__roi__R1__iqr__CE_minus_OE,,
dummy,4,4,complexity__spectral_entropy__broadband__roi__R1__iqr__OE,,
dummy,4,4,complexity__spectral_entropy__broadband__roi__R1__median__CE,,
dummy,4,4,complexity__spectral_entropy__broadband__roi__R1__median__CE_minus_OE,,
dummy,4,4,complexity__spectral_entropy__broadband__roi__R1__median__OE,,
dummy,4,4,complexity__spectral_entropy__broadband__roi__R2__iqr__CE,,
dummy,4,4,complexity__spectral_entropy__broadband__roi__R2__iqr__CE_minus_OE,,
dummy,4,4,complexity__spectral_entropy__broadband__roi__R2__iqr__OE,,
dummy,4,4,complexity__spectral_entropy__broadband__roi__R2__median__CE,,
dummy,4,4,complexity__spectral_entropy__broadband__roi__R2__median__CE_minus_OE,,
dummy,4,4,complexity__spectral_entropy__broadband__roi__R2__median__OE,,
dummy,4,4,complexity__spectral_entropy__broadband__roi__R3__iqr__CE,,
dummy,4,4,complexity__spectral_entropy__broadband__roi__R3__iqr__CE_minus_OE,,
dummy,4,4,complexity__spectral_entropy__broadband__roi__R3__iqr__OE,,
dummy,4,4,complexity__spectral_entropy__broadband__roi__R3__median__CE,,
dummy,4,4,complexity__spectral_entropy__broadband__roi__R3__median__CE_minus_OE,,
dummy,4,4,complexity__spectral_entropy__broadband__roi__R3__median__OE,,
dummy,4,4,complexity__spectral_entropy__broadband__roi__R4__iqr__CE,,
dummy,4,4,complexity__spectral_entropy__broadband__roi__R4__iqr__CE_minus_OE,,
dummy,4,4,complexity__spectral_entropy__broadband__roi__R4__iqr__OE,,
dummy,4,4,complexity__spectral_entropy__broadband__roi__R4__median__CE,,
dummy,4,4,complexity__spectral_entropy__broadband__roi__R4__median__CE_minus_OE,,
dummy,4,4,complexity__spectral_entropy__broadband__roi__R4__median__OE,,
dummy,4,4,complexity__spectral_entropy__broadband__roi__R5__iqr__CE,,
dummy,4,4,complexity__spectral_entropy__broadband__roi__R5__iqr__CE_minus_OE,,
dummy,4,4,complexity__spectral_entropy__broadband__roi__R5__iqr__OE,,
dummy,4,4,complexity__spectral_entropy__broadband__roi__R5__median__CE,,
dummy,4,4,complexity__spectral_entropy__broadband__roi__R5__median__CE_minus_OE,,
dummy,4,4,complexity__spectral_entropy__broadband__roi__R5__median__OE,,
dummy,4,4,complexity__spectral_entropy__broadband__roi__R6__iqr__CE,,
dummy,4,4,complexity__spectral_entropy__broadband__roi__R6__iqr__CE_minus_OE,,
dummy,4,4,complexity__spectral_entropy__broadband__roi__R6__iqr__OE,,
dummy,4,4,complexity__spectral_entropy__broadband__roi__R6__median__CE,,
dummy,4,4,complexity__spectral_entropy__broadband__roi__R6__median__CE_minus_OE,,
dummy,4,4,complexity__spectral_entropy__broadband__roi__R6__median__OE,,
dummy,4,4,psd__absolute_power__alpha__roi__R1__iqr__CE,,
dummy,4,4,psd__absolute_power__alpha__roi__R1__iqr__CE_minus_OE,,
dummy,4,4,psd__absolute_power__alpha__roi__R1__iqr__OE,,
dummy,4,4,psd__absolute_power__alpha__roi__R1__median__CE,,
dummy,4,4,psd__absolute_power__alpha__roi__R1__median__CE_minus_OE,,
dummy,4,4,psd__absolute_power__alpha__roi__R1__median__OE,,
dummy,4,4,psd__absolute_power__alpha__roi__R2__iqr__CE,,
dummy,4,4,psd__absolute_power__alpha__roi__R2__iqr__CE_minus_OE,,
dummy,4,4,psd__absolute_power__alpha__roi__R2__iqr__OE,,
dummy,4,4,psd__absolute_power__alpha__roi__R2__median__CE,,
dummy,4,4,psd__absolute_power__alpha__roi__R2__median__CE_minus_OE,,
dummy,4,4,psd__absolute_power__alpha__roi__R2__median__OE,,
dummy,4,4,psd__absolute_power__alpha__roi__R3__iqr__CE,,
dummy,4,4,psd__absolute_power__alpha__roi__R3__iqr__CE_minus_OE,,
dummy,4,4,psd__absolute_power__alpha__roi__R3__iqr__OE,,
dummy,4,4,psd__absolute_power__alpha__roi__R3__median__CE,,
dummy,4,4,psd__absolute_power__alpha__roi__R3__median__CE_minus_OE,,
dummy,4,4,psd__absolute_power__alpha__roi__R3__median__OE,,
dummy,4,4,psd__absolute_power__alpha__roi__R4__iqr__CE,,
dummy,4,4,psd__absolute_power__alpha__roi__R4__iqr__CE_minus_OE,,
dummy,4,4,psd__absolute_power__alpha__roi__R4__iqr__OE,,
dummy,4,4,psd__absolute_power__alpha__roi__R4__median__CE,,
dummy,4,4,psd__absolute_power__alpha__roi__R4__median__CE_minus_OE,,
dummy,4,4,psd__absolute_power__alpha__roi__R4__median__OE,,
dummy,4,4,psd__absolute_power__alpha__roi__R5__iqr__CE,,
dummy,4,4,psd__absolute_power__alpha__roi__R5__iqr__CE_minus_OE,,
dummy,4,4,psd__absolute_power__alpha__roi__R5__iqr__OE,,
dummy,4,4,psd__absolute_power__alpha__roi__R5__median__CE,,
dummy,4,4,psd__absolute_power__alpha__roi__R5__median__CE_minus_OE,,
dummy,4,4,psd__absolute_power__alpha__roi__R5__median__OE,,
dummy,4,4,psd__absolute_power__alpha__roi__R6__iqr__CE,,
dummy,4,4,psd__absolute_power__alpha__roi__R6__iqr__CE_minus_OE,,
dummy,4,4,psd__absolute_power__alpha__roi__R6__iqr__OE,,
dummy,4,4,psd__absolute_power__alpha__roi__R6__median__CE,,
dummy,4,4,psd__absolute_power__alpha__roi__R6__median__CE_minus_OE,,
dummy,4,4,psd__absolute_power__alpha__roi__R6__median__OE,,
dummy,4,4,psd__absolute_power__beta__roi__R1__iqr__CE,,
dummy,4,4,psd__absolute_power__beta__roi__R1__iqr__CE_minus_OE,,
dummy,4,4,psd__absolute_power__beta__roi__R1__iqr__OE,,
dummy,4,4,psd__absolute_power__beta__roi__R1__median__CE,,
dummy,4,4,psd__absolute_power__beta__roi__R1__median__CE_minus_OE,,
dummy,4,4,psd__absolute_power__beta__roi__R1__median__OE,,
dummy,4,4,psd__absolute_power__beta__roi__R2__iqr__CE,,
dummy,4,4,psd__absolute_power__beta__roi__R2__iqr__CE_minus_OE,,
dummy,4,4,psd__absolute_power__beta__roi__R2__iqr__OE,,
dummy,4,4,psd__absolute_power__beta__roi__R2__median__CE,,
dummy,4,4,psd__absolute_power__beta__roi__R2__median__CE_minus_OE,,
dummy,4,4,psd__absolute_power__beta__roi__R2__median__OE,,
dummy,4,4,psd__absolute_power__beta__roi__R3__iqr__CE,,
dummy,4,4,psd__absolute_power__beta__roi__R3__iqr__CE_minus_OE,,
dummy,4,4,psd__absolute_power__beta__roi__R3__iqr__OE,,
dummy,4,4,psd__absolute_power__beta__roi__R3__median__CE,,
dummy,4,4,psd__absolute_power__beta__roi__R3__median__CE_minus_OE,,
dummy,4,4,psd__absolute_power__beta__roi__R3__median__OE,,
dummy,4,4,psd__absolute_power__beta__roi__R4__iqr__CE,,
dummy,4,4,psd__absolute_power__beta__roi__R4__iqr__CE_minus_OE,,
dummy,4,4,psd__absolute_power__beta__roi__R4__iqr__OE,,
dummy,4,4,psd__absolute_power__beta__roi__R4__median__CE,,
dummy,4,4,psd__absolute_power__beta__roi__R4__median__CE_minus_OE,,
dummy,4,4,psd__absolute_power__beta__roi__R4__median__OE,,
dummy,4,4,psd__absolute_power__beta__roi__R5__iqr__CE,,
dummy,4,4,psd__absolute_power__beta__roi__R5__iqr__CE_minus_OE,,
dummy,4,4,psd__absolute_power__beta__roi__R5__iqr__OE,,
dummy,4,4,psd__absolute_power__beta__roi__R5__median__CE,,
dummy,4,4,psd__absolute_power__beta__roi__R5__median__CE_minus_OE,,
dummy,4,4,psd__absolute_power__beta__roi__R5__median__OE,,
dummy,4,4,psd__absolute_power__beta__roi__R6__iqr__CE,,
dummy,4,4,psd__absolute_power__beta__roi__R6__iqr__CE_minus_OE,,
dummy,4,4,psd__absolute_power__beta__roi__R6__iqr__OE,,
dummy,4,4,psd__absolute_power__beta__roi__R6__median__CE,,
dummy,4,4,psd__absolute_power__beta__roi__R6__median__CE_minus_OE,,
dummy,4,4,psd__absolute_power__beta__roi__R6__median__OE,,
dummy,4,4,psd__absolute_power__delta__roi__R1__iqr__CE,,
dummy,4,4,psd__absolute_power__delta__roi__R1__iqr__CE_minus_OE,,
dummy,4,4,psd__absolute_power__delta__roi__R1__iqr__OE,,
dummy,4,4,psd__absolute_power__delta__roi__R1__median__CE,,
dummy,4,4,psd__absolute_power__delta__roi__R1__median__CE_minus_OE,,
dummy,4,4,psd__absolute_power__delta__roi__R1__median__OE,,
dummy,4,4,psd__absolute_power__delta__roi__R2__iqr__CE,,
dummy,4,4,psd__absolute_power__delta__roi__R2__iqr__CE_minus_OE,,
dummy,4,4,psd__absolute_power__delta__roi__R2__iqr__OE,,
dummy,4,4,psd__absolute_power__delta__roi__R2__median__CE,,
dummy,4,4,psd__absolute_power__delta__roi__R2__median__CE_minus_OE,,
dummy,4,4,psd__absolute_power__delta__roi__R2__median__OE,,
dummy,4,4,psd__absolute_power__delta__roi__R3__iqr__CE,,
dummy,4,4,psd__absolute_power__delta__roi__R3__iqr__CE_minus_OE,,
dummy,4,4,psd__absolute_power__delta__roi__R3__iqr__OE,,
dummy,4,4,psd__absolute_power__delta__roi__R3__median__CE,,
dummy,4,4,psd__absolute_power__delta__roi__R3__median__CE_minus_OE,,
dummy,4,4,psd__absolute_power__delta__roi__R3__median__OE,,
dummy,4,4,psd__absolute_power__delta__roi__R4__iqr__CE,,
dummy,4,4,psd__absolute_power__delta__roi__R4__iqr__CE_minus_OE,,
dummy,4,4,psd__absolute_power__delta__roi__R4__iqr__OE,,
dummy,4,4,psd__absolute_power__delta__roi__R4__median__CE,,
dummy,4,4,psd__absolute_power__delta__roi__R4__median__CE_minus_OE,,
dummy,4,4,psd__absolute_power__delta__roi__R4__median__OE,,
dummy,4,4,psd__absolute_power__delta__roi__R5__iqr__CE,,
dummy,4,4,psd__absolute_power__delta__roi__R5__iqr__CE_minus_OE,,
dummy,4,4,psd__absolute_power__delta__roi__R5__iqr__OE,,
dummy,4,4,psd__absolute_power__delta__roi__R5__median__CE,,
dummy,4,4,psd__absolute_power__delta__roi__R5__median__CE_minus_OE,,
dummy,4,4,psd__absolute_power__delta__roi__R5__median__OE,,
dummy,4,4,psd__absolute_power__delta__roi__R6__iqr__CE,,
dummy,4,4,psd__absolute_power__delta__roi__R6__iqr__CE_minus_OE,,
dummy,4,4,psd__absolute_power__delta__roi__R6__iqr__OE,,
dummy,4,4,psd__absolute_power__delta__roi__R6__median__CE,,
dummy,4,4,psd__absolute_power__delta__roi__R6__median__CE_minus_OE,,
dummy,4,4,psd__absolute_power__delta__roi__R6__median__OE,,
dummy,4,4,psd__absolute_power__gamma__roi__R1__iqr__CE,,
dummy,4,4,psd__absolute_power__gamma__roi__R1__iqr__CE_minus_OE,,
dummy,4,4,psd__absolute_power__gamma__roi__R1__iqr__OE,,
dummy,4,4,psd__absolute_power__gamma__roi__R1__median__CE,,
dummy,4,4,psd__absolute_power__gamma__roi__R1__median__CE_minus_OE,,
dummy,4,4,psd__absolute_power__gamma__roi__R1__median__OE,,
dummy,4,4,psd__absolute_power__gamma__roi__R2__iqr__CE,,
dummy,4,4,psd__absolute_power__gamma__roi__R2__iqr__CE_minus_OE,,
dummy,4,4,psd__absolute_power__gamma__roi__R2__iqr__OE,,
dummy,4,4,psd__absolute_power__gamma__roi__R2__median__CE,,
dummy,4,4,psd__absolute_power__gamma__roi__R2__median__CE_minus_OE,,
dummy,4,4,psd__absolute_power__gamma__roi__R2__median__OE,,
dummy,4,4,psd__absolute_power__gamma__roi__R3__iqr__CE,,
dummy,4,4,psd__absolute_power__gamma__roi__R3__iqr__CE_minus_OE,,
dummy,4,4,psd__absolute_power__gamma__roi__R3__iqr__OE,,
dummy,4,4,psd__absolute_power__gamma__roi__R3__median__CE,,
dummy,4,4,psd__absolute_power__gamma__roi__R3__median__CE_minus_OE,,
dummy,4,4,psd__absolute_power__gamma__roi__R3__median__OE,,
dummy,4,4,psd__absolute_power__gamma__roi__R4__iqr__CE,,
dummy,4,4,psd__absolute_power__gamma__roi__R4__iqr__CE_minus_OE,,
dummy,4,4,psd__absolute_power__gamma__roi__R4__iqr__OE,,
dummy,4,4,psd__absolute_power__gamma__roi__R4__median__CE,,
dummy,4,4,psd__absolute_power__gamma__roi__R4__median__CE_minus_OE,,
dummy,4,4,psd__absolute_power__gamma__roi__R4__median__OE,,
dummy,4,4,psd__absolute_power__gamma__roi__R5__iqr__CE,,
dummy,4,4,psd__absolute_power__gamma__roi__R5__iqr__CE_minus_OE,,
dummy,4,4,psd__absolute_power__gamma__roi__R5__iqr__OE,,
dummy,4,4,psd__absolute_power__gamma__roi__R5__median__CE,,
dummy,4,4,psd__absolute_power__gamma__roi__R5__median__CE_minus_OE,,
dummy,4,4,psd__absolute_power__gamma__roi__R5__median__OE,,
dummy,4,4,psd__absolute_power__gamma__roi__R6__iqr__CE,,
dummy,4,4,psd__absolute_power__gamma__roi__R6__iqr__CE_minus_OE,,
dummy,4,4,psd__absolute_power__gamma__roi__R6__iqr__OE,,
dummy,4,4,psd__absolute_power__gamma__roi__R6__median__CE,,
dummy,4,4,psd__absolute_power__gamma__roi__R6__median__CE_minus_OE,,
dummy,4,4,psd__absolute_power__gamma__roi__R6__median__OE,,
dummy,4,4,psd__absolute_power__theta__roi__R1__iqr__CE,,
dummy,4,4,psd__absolute_power__theta__roi__R1__iqr__CE_minus_OE,,
dummy,4,4,psd__absolute_power__theta__roi__R1__iqr__OE,,
dummy,4,4,psd__absolute_power__theta__roi__R1__median__CE,,
dummy,4,4,psd__absolute_power__theta__roi__R1__median__CE_minus_OE,,
dummy,4,4,psd__absolute_power__theta__roi__R1__median__OE,,
dummy,4,4,psd__absolute_power__theta__roi__R2__iqr__CE,,
dummy,4,4,psd__absolute_power__theta__roi__R2__iqr__CE_minus_OE,,
dummy,4,4,psd__absolute_power__theta__roi__R2__iqr__OE,,
dummy,4,4,psd__absolute_power__theta__roi__R2__median__CE,,
dummy,4,4,psd__absolute_power__theta__roi__R2__median__CE_minus_OE,,
dummy,4,4,psd__absolute_power__theta__roi__R2__median__OE,,
dummy,4,4,psd__absolute_power__theta__roi__R3__iqr__CE,,
dummy,4,4,psd__absolute_power__theta__roi__R3__iqr__CE_minus_OE,,
dummy,4,4,psd__absolute_power__theta__roi__R3__iqr__OE,,
dummy,4,4,psd__absolute_power__theta__roi__R3__median__CE,,
dummy,4,4,psd__absolute_power__theta__roi__R3__median__CE_minus_OE,,
dummy,4,4,psd__absolute_power__theta__roi__R3__median__OE,,
dummy,4,4,psd__absolute_power__theta__roi__R4__iqr__CE,,
dummy,4,4,psd__absolute_power__theta__roi__R4__iqr__CE_minus_OE,,
dummy,4,4,psd__absolute_power__theta__roi__R4__iqr__OE,,
dummy,4,4,psd__absolute_power__theta__roi__R4__median__CE,,
dummy,4,4,psd__absolute_power__theta__roi__R4__median__CE_minus_OE,,
dummy,4,4,psd__absolute_power__theta__roi__R4__median__OE,,
dummy,4,4,psd__absolute_power__theta__roi__R5__iqr__CE,,
dummy,4,4,psd__absolute_power__theta__roi__R5__iqr__CE_minus_OE,,
dummy,4,4,psd__absolute_power__theta__roi__R5__iqr__OE,,
dummy,4,4,psd__absolute_power__theta__roi__R5__median__CE,,
dummy,4,4,psd__absolute_power__theta__roi__R5__median__CE_minus_OE,,
dummy,4,4,psd__absolute_power__theta__roi__R5__median__OE,,
dummy,4,4,psd__absolute_power__theta__roi__R6__iqr__CE,,
dummy,4,4,psd__absolute_power__theta__roi__R6__iqr__CE_minus_OE,,
dummy,4,4,psd__absolute_power__theta__roi__R6__iqr__OE,,
dummy,4,4,psd__absolute_power__theta__roi__R6__median__CE,,
dummy,4,4,psd__absolute_power__theta__roi__R6__median__CE_minus_OE,,
dummy,4,4,psd__absolute_power__theta__roi__R6__median__OE,,
dummy,4,4,psd__delta_alpha_ratio__derived__roi__R1__iqr__CE,,
dummy,4,4,psd__delta_alpha_ratio__derived__roi__R1__iqr__CE_minus_OE,,
dummy,4,4,psd__delta_alpha_ratio__derived__roi__R1__iqr__OE,,
dummy,4,4,psd__delta_alpha_ratio__derived__roi__R1__median__CE,,
dummy,4,4,psd__delta_alpha_ratio__derived__roi__R1__median__CE_minus_OE,,
dummy,4,4,psd__delta_alpha_ratio__derived__roi__R1__median__OE,,
dummy,4,4,psd__delta_alpha_ratio__derived__roi__R2__iqr__CE,,
dummy,4,4,psd__delta_alpha_ratio__derived__roi__R2__iqr__CE_minus_OE,,
dummy,4,4,psd__delta_alpha_ratio__derived__roi__R2__iqr__OE,,
dummy,4,4,psd__delta_alpha_ratio__derived__roi__R2__median__CE,,
dummy,4,4,psd__delta_alpha_ratio__derived__roi__R2__median__CE_minus_OE,,
dummy,4,4,psd__delta_alpha_ratio__derived__roi__R2__median__OE,,
dummy,4,4,psd__delta_alpha_ratio__derived__roi__R3__iqr__CE,,
dummy,4,4,psd__delta_alpha_ratio__derived__roi__R3__iqr__CE_minus_OE,,
dummy,4,4,psd__delta_alpha_ratio__derived__roi__R3__iqr__OE,,
dummy,4,4,psd__delta_alpha_ratio__derived__roi__R3__median__CE,,
dummy,4,4,psd__delta_alpha_ratio__derived__roi__R3__median__CE_minus_OE,,
dummy,4,4,psd__delta_alpha_ratio__derived__roi__R3__median__OE,,
dummy,4,4,psd__delta_alpha_ratio__derived__roi__R4__iqr__CE,,
dummy,4,4,psd__delta_alpha_ratio__derived__roi__R4__iqr__CE_minus_OE,,
dummy,4,4,psd__delta_alpha_ratio__derived__roi__R4__iqr__OE,,
dummy,4,4,psd__delta_alpha_ratio__derived__roi__R4__median__CE,,
dummy,4,4,psd__delta_alpha_ratio__derived__roi__R4__median__CE_minus_OE,,
dummy,4,4,psd__delta_alpha_ratio__derived__roi__R4__median__OE,,
dummy,4,4,psd__delta_alpha_ratio__derived__roi__R5__iqr__CE,,
dummy,4,4,psd__delta_alpha_ratio__derived__roi__R5__iqr__CE_minus_OE,,
dummy,4,4,psd__delta_alpha_ratio__derived__roi__R5__iqr__OE,,
dummy,4,4,psd__delta_alpha_ratio__derived__roi__R5__median__CE,,
dummy,4,4,psd__delta_alpha_ratio__derived__roi__R5__median__CE_minus_OE,,
dummy,4,4,psd__delta_alpha_ratio__derived__roi__R5__median__OE,,
dummy,4,4,psd__delta_alpha_ratio__derived__roi__R6__iqr__CE,,
dummy,4,4,psd__delta_alpha_ratio__derived__roi__R6__iqr__CE_minus_OE,,
dummy,4,4,psd__delta_alpha_ratio__derived__roi__R6__iqr__OE,,
dummy,4,4,psd__delta_alpha_ratio__derived__roi__R6__median__CE,,
dummy,4,4,psd__delta_alpha_ratio__derived__roi__R6__median__CE_minus_OE,,
dummy,4,4,psd__delta_alpha_ratio__derived__roi__R6__median__OE,,
dummy,4,4,psd__relative_power__alpha__roi__R1__iqr__CE,,
dummy,4,4,psd__relative_power__alpha__roi__R1__iqr__CE_minus_OE,,
dummy,4,4,psd__relative_power__alpha__roi__R1__iqr__OE,,
dummy,4,4,psd__relative_power__alpha__roi__R1__median__CE,,
dummy,4,4,psd__relative_power__alpha__roi__R1__median__CE_minus_OE,,
dummy,4,4,psd__relative_power__alpha__roi__R1__median__OE,,
dummy,4,4,psd__relative_power__alpha__roi__R2__iqr__CE,,
dummy,4,4,psd__relative_power__alpha__roi__R2__iqr__CE_minus_OE,,
dummy,4,4,psd__relative_power__alpha__roi__R2__iqr__OE,,
dummy,4,4,psd__relative_power__alpha__roi__R2__median__CE,,
dummy,4,4,psd__relative_power__alpha__roi__R2__median__CE_minus_OE,,
dummy,4,4,psd__relative_power__alpha__roi__R2__median__OE,,
dummy,4,4,psd__relative_power__alpha__roi__R3__iqr__CE,,
dummy,4,4,psd__relative_power__alpha__roi__R3__iqr__CE_minus_OE,,
dummy,4,4,psd__relative_power__alpha__roi__R3__iqr__OE,,
dummy,4,4,psd__relative_power__alpha__roi__R3__median__CE,,
dummy,4,4,psd__relative_power__alpha__roi__R3__median__CE_minus_OE,,
dummy,4,4,psd__relative_power__alpha__roi__R3__median__OE,,
dummy,4,4,psd__relative_power__alpha__roi__R4__iqr__CE,,
dummy,4,4,psd__relative_power__alpha__roi__R4__iqr__CE_minus_OE,,
dummy,4,4,psd__relative_power__alpha__roi__R4__iqr__OE,,
dummy,4,4,psd__relative_power__alpha__roi__R4__median__CE,,
dummy,4,4,psd__relative_power__alpha__roi__R4__median__CE_minus_OE,,
dummy,4,4,psd__relative_power__alpha__roi__R4__median__OE,,
dummy,4,4,psd__relative_power__alpha__roi__R5__iqr__CE,,
dummy,4,4,psd__relative_power__alpha__roi__R5__iqr__CE_minus_OE,,
dummy,4,4,psd__relative_power__alpha__roi__R5__iqr__OE,,
dummy,4,4,psd__relative_power__alpha__roi__R5__median__CE,,
dummy,4,4,psd__relative_power__alpha__roi__R5__median__CE_minus_OE,,
dummy,4,4,psd__relative_power__alpha__roi__R5__median__OE,,
dummy,4,4,psd__relative_power__alpha__roi__R6__iqr__CE,,
dummy,4,4,psd__relative_power__alpha__roi__R6__iqr__CE_minus_OE,,
dummy,4,4,psd__relative_power__alpha__roi__R6__iqr__OE,,
dummy,4,4,psd__relative_power__alpha__roi__R6__median__CE,,
dummy,4,4,psd__relative_power__alpha__roi__R6__median__CE_minus_OE,,
dummy,4,4,psd__relative_power__alpha__roi__R6__median__OE,,
dummy,4,4,psd__relative_power__beta__roi__R1__iqr__CE,,
dummy,4,4,psd__relative_power__beta__roi__R1__iqr__CE_minus_OE,,
dummy,4,4,psd__relative_power__beta__roi__R1__iqr__OE,,
dummy,4,4,psd__relative_power__beta__roi__R1__median__CE,,
dummy,4,4,psd__relative_power__beta__roi__R1__median__CE_minus_OE,,
dummy,4,4,psd__relative_power__beta__roi__R1__median__OE,,
dummy,4,4,psd__relative_power__beta__roi__R2__iqr__CE,,
dummy,4,4,psd__relative_power__beta__roi__R2__iqr__CE_minus_OE,,
dummy,4,4,psd__relative_power__beta__roi__R2__iqr__OE,,
dummy,4,4,psd__relative_power__beta__roi__R2__median__CE,,
dummy,4,4,psd__relative_power__beta__roi__R2__median__CE_minus_OE,,
dummy,4,4,psd__relative_power__beta__roi__R2__median__OE,,
dummy,4,4,psd__relative_power__beta__roi__R3__iqr__CE,,
dummy,4,4,psd__relative_power__beta__roi__R3__iqr__CE_minus_OE,,
dummy,4,4,psd__relative_power__beta__roi__R3__iqr__OE,,
dummy,4,4,psd__relative_power__beta__roi__R3__median__CE,,
dummy,4,4,psd__relative_power__beta__roi__R3__median__CE_minus_OE,,
dummy,4,4,psd__relative_power__beta__roi__R3__median__OE,,
dummy,4,4,psd__relative_power__beta__roi__R4__iqr__CE,,
dummy,4,4,psd__relative_power__beta__roi__R4__iqr__CE_minus_OE,,
dummy,4,4,psd__relative_power__beta__roi__R4__iqr__OE,,
dummy,4,4,psd__relative_power__beta__roi__R4__median__CE,,
dummy,4,4,psd__relative_power__beta__roi__R4__median__CE_minus_OE,,
dummy,4,4,psd__relative_power__beta__roi__R4__median__OE,,
dummy,4,4,psd__relative_power__beta__roi__R5__iqr__CE,,
dummy,4,4,psd__relative_power__beta__roi__R5__iqr__CE_minus_OE,,
dummy,4,4,psd__relative_power__beta__roi__R5__iqr__OE,,
dummy,4,4,psd__relative_power__beta__roi__R5__median__CE,,
dummy,4,4,psd__relative_power__beta__roi__R5__median__CE_minus_OE,,
dummy,4,4,psd__relative_power__beta__roi__R5__median__OE,,
dummy,4,4,psd__relative_power__beta__roi__R6__iqr__CE,,
dummy,4,4,psd__relative_power__beta__roi__R6__iqr__CE_minus_OE,,
dummy,4,4,psd__relative_power__beta__roi__R6__iqr__OE,,
dummy,4,4,psd__relative_power__beta__roi__R6__median__CE,,
dummy,4,4,psd__relative_power__beta__roi__R6__median__CE_minus_OE,,
dummy,4,4,psd__relative_power__beta__roi__R6__median__OE,,
dummy,4,4,psd__relative_power__delta__roi__R1__iqr__CE,,
dummy,4,4,psd__relative_power__delta__roi__R1__iqr__CE_minus_OE,,
dummy,4,4,psd__relative_power__delta__roi__R1__iqr__OE,,
dummy,4,4,psd__relative_power__delta__roi__R1__median__CE,,
dummy,4,4,psd__relative_power__delta__roi__R1__median__CE_minus_OE,,
dummy,4,4,psd__relative_power__delta__roi__R1__median__OE,,
dummy,4,4,psd__relative_power__delta__roi__R2__iqr__CE,,
dummy,4,4,psd__relative_power__delta__roi__R2__iqr__CE_minus_OE,,
dummy,4,4,psd__relative_power__delta__roi__R2__iqr__OE,,
dummy,4,4,psd__relative_power__delta__roi__R2__median__CE,,
dummy,4,4,psd__relative_power__delta__roi__R2__median__CE_minus_OE,,
dummy,4,4,psd__relative_power__delta__roi__R2__median__OE,,
dummy,4,4,psd__relative_power__delta__roi__R3__iqr__CE,,
dummy,4,4,psd__relative_power__delta__roi__R3__iqr__CE_minus_OE,,
dummy,4,4,psd__relative_power__delta__roi__R3__iqr__OE,,
dummy,4,4,psd__relative_power__delta__roi__R3__median__CE,,
dummy,4,4,psd__relative_power__delta__roi__R3__median__CE_minus_OE,,
dummy,4,4,psd__relative_power__delta__roi__R3__median__OE,,
dummy,4,4,psd__relative_power__delta__roi__R4__iqr__CE,,
dummy,4,4,psd__relative_power__delta__roi__R4__iqr__CE_minus_OE,,
dummy,4,4,psd__relative_power__delta__roi__R4__iqr__OE,,
dummy,4,4,psd__relative_power__delta__roi__R4__median__CE,,
dummy,4,4,psd__relative_power__delta__roi__R4__median__CE_minus_OE,,
dummy,4,4,psd__relative_power__delta__roi__R4__median__OE,,
dummy,4,4,psd__relative_power__delta__roi__R5__iqr__CE,,
dummy,4,4,psd__relative_power__delta__roi__R5__iqr__CE_minus_OE,,
dummy,4,4,psd__relative_power__delta__roi__R5__iqr__OE,,
dummy,4,4,psd__relative_power__delta__roi__R5__median__CE,,
dummy,4,4,psd__relative_power__delta__roi__R5__median__CE_minus_OE,,
dummy,4,4,psd__relative_power__delta__roi__R5__median__OE,,
dummy,4,4,psd__relative_power__delta__roi__R6__iqr__CE,,
dummy,4,4,psd__relative_power__delta__roi__R6__iqr__CE_minus_OE,,
dummy,4,4,psd__relative_power__delta__roi__R6__iqr__OE,,
dummy,4,4,psd__relative_power__delta__roi__R6__median__CE,,
dummy,4,4,psd__relative_power__delta__roi__R6__median__CE_minus_OE,,
dummy,4,4,psd__relative_power__delta__roi__R6__median__OE,,
dummy,4,4,psd__relative_power__gamma__roi__R1__iqr__CE,,
dummy,4,4,psd__relative_power__gamma__roi__R1__iqr__CE_minus_OE,,
dummy,4,4,psd__relative_power__gamma__roi__R1__iqr__OE,,
dummy,4,4,psd__relative_power__gamma__roi__R1__median__CE,,
dummy,4,4,psd__relative_power__gamma__roi__R1__median__CE_minus_OE,,
dummy,4,4,psd__relative_power__gamma__roi__R1__median__OE,,
dummy,4,4,psd__relative_power__gamma__roi__R2__iqr__CE,,
dummy,4,4,psd__relative_power__gamma__roi__R2__iqr__CE_minus_OE,,
dummy,4,4,psd__relative_power__gamma__roi__R2__iqr__OE,,
dummy,4,4,psd__relative_power__gamma__roi__R2__median__CE,,
dummy,4,4,psd__relative_power__gamma__roi__R2__median__CE_minus_OE,,
dummy,4,4,psd__relative_power__gamma__roi__R2__median__OE,,
dummy,4,4,psd__relative_power__gamma__roi__R3__iqr__CE,,
dummy,4,4,psd__relative_power__gamma__roi__R3__iqr__CE_minus_OE,,
dummy,4,4,psd__relative_power__gamma__roi__R3__iqr__OE,,
dummy,4,4,psd__relative_power__gamma__roi__R3__median__CE,,
dummy,4,4,psd__relative_power__gamma__roi__R3__median__CE_minus_OE,,
dummy,4,4,psd__relative_power__gamma__roi__R3__median__OE,,
dummy,4,4,psd__relative_power__gamma__roi__R4__iqr__CE,,
dummy,4,4,psd__relative_power__gamma__roi__R4__iqr__CE_minus_OE,,
dummy,4,4,psd__relative_power__gamma__roi__R4__iqr__OE,,
dummy,4,4,psd__relative_power__gamma__roi__R4__median__CE,,
dummy,4,4,psd__relative_power__gamma__roi__R4__median__CE_minus_OE,,
dummy,4,4,psd__relative_power__gamma__roi__R4__median__OE,,
dummy,4,4,psd__relative_power__gamma__roi__R5__iqr__CE,,
dummy,4,4,psd__relative_power__gamma__roi__R5__iqr__CE_minus_OE,,
dummy,4,4,psd__relative_power__gamma__roi__R5__iqr__OE,,
dummy,4,4,psd__relative_power__gamma__roi__R5__median__CE,,
dummy,4,4,psd__relative_power__gamma__roi__R5__median__CE_minus_OE,,
dummy,4,4,psd__relative_power__gamma__roi__R5__median__OE,,
dummy,4,4,psd__relative_power__gamma__roi__R6__iqr__CE,,
dummy,4,4,psd__relative_power__gamma__roi__R6__iqr__CE_minus_OE,,
dummy,4,4,psd__relative_power__gamma__roi__R6__iqr__OE,,
dummy,4,4,psd__relative_power__gamma__roi__R6__median__CE,,
dummy,4,4,psd__relative_power__gamma__roi__R6__median__CE_minus_OE,,
dummy,4,4,psd__relative_power__gamma__roi__R6__median__OE,,
dummy,4,4,psd__relative_power__theta__roi__R1__iqr__CE,,
dummy,4,4,psd__relative_power__theta__roi__R1__iqr__CE_minus_OE,,
dummy,4,4,psd__relative_power__theta__roi__R1__iqr__OE,,
dummy,4,4,psd__relative_power__theta__roi__R1__median__CE,,
dummy,4,4,psd__relative_power__theta__roi__R1__median__CE_minus_OE,,
dummy,4,4,psd__relative_power__theta__roi__R1__median__OE,,
dummy,4,4,psd__relative_power__theta__roi__R2__iqr__CE,,
dummy,4,4,psd__relative_power__theta__roi__R2__iqr__CE_minus_OE,,
dummy,4,4,psd__relative_power__theta__roi__R2__iqr__OE,,
dummy,4,4,psd__relative_power__theta__roi__R2__median__CE,,
dummy,4,4,psd__relative_power__theta__roi__R2__median__CE_minus_OE,,
dummy,4,4,psd__relative_power__theta__roi__R2__median__OE,,
dummy,4,4,psd__relative_power__theta__roi__R3__iqr__CE,,
dummy,4,4,psd__relative_power__theta__roi__R3__iqr__CE_minus_OE,,
dummy,4,4,psd__relative_power__theta__roi__R3__iqr__OE,,
dummy,4,4,psd__relative_power__theta__roi__R3__median__CE,,
dummy,4,4,psd__relative_power__theta__roi__R3__median__CE_minus_OE,,
dummy,4,4,psd__relative_power__theta__roi__R3__median__OE,,
dummy,4,4,psd__relative_power__theta__roi__R4__iqr__CE,,
dummy,4,4,psd__relative_power__theta__roi__R4__iqr__CE_minus_OE,,
dummy,4,4,psd__relative_power__theta__roi__R4__iqr__OE,,
dummy,4,4,psd__relative_power__theta__roi__R4__median__CE,,
dummy,4,4,psd__relative_power__theta__roi__R4__median__CE_minus_OE,,
dummy,4,4,psd__relative_power__theta__roi__R4__median__OE,,
dummy,4,4,psd__relative_power__theta__roi__R5__iqr__CE,,
dummy,4,4,psd__relative_power__theta__roi__R5__iqr__CE_minus_OE,,
dummy,4,4,psd__relative_power__theta__roi__R5__iqr__OE,,
dummy,4,4,psd__relative_power__theta__roi__R5__median__CE,,
dummy,4,4,psd__relative_power__theta__roi__R5__median__CE_minus_OE,,
dummy,4,4,psd__relative_power__theta__roi__R5__median__OE,,
dummy,4,4,psd__relative_power__theta__roi__R6__iqr__CE,,
dummy,4,4,psd__relative_power__theta__roi__R6__iqr__CE_minus_OE,,
dummy,4,4,psd__relative_power__theta__roi__R6__iqr__OE,,
dummy,4,4,psd__relative_power__theta__roi__R6__median__CE,,
dummy,4,4,psd__relative_power__theta__roi__R6__median__CE_minus_OE,,
dummy,4,4,psd__relative_power__theta__roi__R6__median__OE,,
dummy,4,4,psd__sfr__derived__roi__R1__iqr__CE,,
dummy,4,4,psd__sfr__derived__roi__R1__iqr__CE_minus_OE,,
dummy,4,4,psd__sfr__derived__roi__R1__iqr__OE,,
dummy,4,4,psd__sfr__derived__roi__R1__median__CE,,
dummy,4,4,psd__sfr__derived__roi__R1__median__CE_minus_OE,,
dummy,4,4,psd__sfr__derived__roi__R1__median__OE,,
dummy,4,4,psd__sfr__derived__roi__R2__iqr__CE,,
dummy,4,4,psd__sfr__derived__roi__R2__iqr__CE_minus_OE,,
dummy,4,4,psd__sfr__derived__roi__R2__iqr__OE,,
dummy,4,4,psd__sfr__derived__roi__R2__median__CE,,
dummy,4,4,psd__sfr__derived__roi__R2__median__CE_minus_OE,,
dummy,4,4,psd__sfr__derived__roi__R2__median__OE,,
dummy,4,4,psd__sfr__derived__roi__R3__iqr__CE,,
dummy,4,4,psd__sfr__derived__roi__R3__iqr__CE_minus_OE,,
dummy,4,4,psd__sfr__derived__roi__R3__iqr__OE,,
dummy,4,4,psd__sfr__derived__roi__R3__median__CE,,
dummy,4,4,psd__sfr__derived__roi__R3__median__CE_minus_OE,,
dummy,4,4,psd__sfr__derived__roi__R3__median__OE,,
dummy,4,4,psd__sfr__derived__roi__R4__iqr__CE,,
dummy,4,4,psd__sfr__derived__roi__R4__iqr__CE_minus_OE,,
dummy,4,4,psd__sfr__derived__roi__R4__iqr__OE,,
dummy,4,4,psd__sfr__derived__roi__R4__median__CE,,
dummy,4,4,psd__sfr__derived__roi__R4__median__CE_minus_OE,,
dummy,4,4,psd__sfr__derived__roi__R4__median__OE,,
dummy,4,4,psd__sfr__derived__roi__R5__iqr__CE,,
dummy,4,4,psd__sfr__derived__roi__R5__iqr__CE_minus_OE,,
dummy,4,4,psd__sfr__derived__roi__R5__iqr__OE,,
dummy,4,4,psd__sfr__derived__roi__R5__median__CE,,
dummy,4,4,psd__sfr__derived__roi__R5__median__CE_minus_OE,,
dummy,4,4,psd__sfr__derived__roi__R5__median__OE,,
dummy,4,4,psd__sfr__derived__roi__R6__iqr__CE,,
dummy,4,4,psd__sfr__derived__roi__R6__iqr__CE_minus_OE,,
dummy,4,4,psd__sfr__derived__roi__R6__iqr__OE,,
dummy,4,4,psd__sfr__derived__roi__R6__median__CE,,
dummy,4,4,psd__sfr__derived__roi__R6__median__CE_minus_OE,,
dummy,4,4,psd__sfr__derived__roi__R6__median__OE,,
dummy,4,4,psd__theta_alpha_ratio__derived__roi__R1__iqr__CE,,
dummy,4,4,psd__theta_alpha_ratio__derived__roi__R1__iqr__CE_minus_OE,,
dummy,4,4,psd__theta_alpha_ratio__derived__roi__R1__iqr__OE,,
dummy,4,4,psd__theta_alpha_ratio__derived__roi__R1__median__CE,,
dummy,4,4,psd__theta_alpha_ratio__derived__roi__R1__median__CE_minus_OE,,
dummy,4,4,psd__theta_alpha_ratio__derived__roi__R1__median__OE,,
dummy,4,4,psd__theta_alpha_ratio__derived__roi__R2__iqr__CE,,
dummy,4,4,psd__theta_alpha_ratio__derived__roi__R2__iqr__CE_minus_OE,,
dummy,4,4,psd__theta_alpha_ratio__derived__roi__R2__iqr__OE,,
dummy,4,4,psd__theta_alpha_ratio__derived__roi__R2__median__CE,,
dummy,4,4,psd__theta_alpha_ratio__derived__roi__R2__median__CE_minus_OE,,
dummy,4,4,psd__theta_alpha_ratio__derived__roi__R2__median__OE,,
dummy,4,4,psd__theta_alpha_ratio__derived__roi__R3__iqr__CE,,
dummy,4,4,psd__theta_alpha_ratio__derived__roi__R3__iqr__CE_minus_OE,,
dummy,4,4,psd__theta_alpha_ratio__derived__roi__R3__iqr__OE,,
dummy,4,4,psd__theta_alpha_ratio__derived__roi__R3__median__CE,,
dummy,4,4,psd__theta_alpha_ratio__derived__roi__R3__median__CE_minus_OE,,
dummy,4,4,psd__theta_alpha_ratio__derived__roi__R3__median__OE,,
dummy,4,4,psd__theta_alpha_ratio__derived__roi__R4__iqr__CE,,
dummy,4,4,psd__theta_alpha_ratio__derived__roi__R4__iqr__CE_minus_OE,,
dummy,4,4,psd__theta_alpha_ratio__derived__roi__R4__iqr__OE,,
dummy,4,4,psd__theta_alpha_ratio__derived__roi__R4__median__CE,,
dummy,4,4,psd__theta_alpha_ratio__derived__roi__R4__median__CE_minus_OE,,
dummy,4,4,psd__theta_alpha_ratio__derived__roi__R4__median__OE,,
dummy,4,4,psd__theta_alpha_ratio__derived__roi__R5__iqr__CE,,
dummy,4,4,psd__theta_alpha_ratio__derived__roi__R5__iqr__CE_minus_OE,,
dummy,4,4,psd__theta_alpha_ratio__derived__roi__R5__iqr__OE,,
dummy,4,4,psd__theta_alpha_ratio__derived__roi__R5__median__CE,,
dummy,4,4,psd__theta_alpha_ratio__derived__roi__R5__median__CE_minus_OE,,
dummy,4,4,psd__theta_alpha_ratio__derived__roi__R5__median__OE,,
dummy,4,4,psd__theta_alpha_ratio__derived__roi__R6__iqr__CE,,
dummy,4,4,psd__theta_alpha_ratio__derived__roi__R6__iqr__CE_minus_OE,,
dummy,4,4,psd__theta_alpha_ratio__derived__roi__R6__iqr__OE,,
dummy,4,4,psd__theta_alpha_ratio__derived__roi__R6__median__CE,,
dummy,4,4,psd__theta_alpha_ratio__derived__roi__R6__median__CE_minus_OE,,
dummy,4,4,psd__theta_alpha_ratio__derived__roi__R6__median__OE,,
dummy,5,1,complexity__spectral_entropy__broadband__roi__R1__iqr__CE,,
dummy,5,1,complexity__spectral_entropy__broadband__roi__R1__iqr__CE_minus_OE,,
dummy,5,1,complexity__spectral_entropy__broadband__roi__R1__iqr__OE,,
dummy,5,1,complexity__spectral_entropy__broadband__roi__R1__median__CE,,
dummy,5,1,complexity__spectral_entropy__broadband__roi__R1__median__CE_minus_OE,,
dummy,5,1,complexity__spectral_entropy__broadband__roi__R1__median__OE,,
dummy,5,1,complexity__spectral_entropy__broadband__roi__R2__iqr__CE,,
dummy,5,1,complexity__spectral_entropy__broadband__roi__R2__iqr__CE_minus_OE,,
dummy,5,1,complexity__spectral_entropy__broadband__roi__R2__iqr__OE,,
dummy,5,1,complexity__spectral_entropy__broadband__roi__R2__median__CE,,
dummy,5,1,complexity__spectral_entropy__broadband__roi__R2__median__CE_minus_OE,,
dummy,5,1,complexity__spectral_entropy__broadband__roi__R2__median__OE,,
dummy,5,1,complexity__spectral_entropy__broadband__roi__R3__iqr__CE,,
dummy,5,1,complexity__spectral_entropy__broadband__roi__R3__iqr__CE_minus_OE,,
dummy,5,1,complexity__spectral_entropy__broadband__roi__R3__iqr__OE,,
dummy,5,1,complexity__spectral_entropy__broadband__roi__R3__median__CE,,
dummy,5,1,complexity__spectral_entropy__broadband__roi__R3__median__CE_minus_OE,,
dummy,5,1,complexity__spectral_entropy__broadband__roi__R3__median__OE,,
dummy,5,1,complexity__spectral_entropy__broadband__roi__R4__iqr__CE,,
dummy,5,1,complexity__spectral_entropy__broadband__roi__R4__iqr__CE_minus_OE,,
dummy,5,1,complexity__spectral_entropy__broadband__roi__R4__iqr__OE,,
dummy,5,1,complexity__spectral_entropy__broadband__roi__R4__median__CE,,
dummy,5,1,complexity__spectral_entropy__broadband__roi__R4__median__CE_minus_OE,,
dummy,5,1,complexity__spectral_entropy__broadband__roi__R4__median__OE,,
dummy,5,1,complexity__spectral_entropy__broadband__roi__R5__iqr__CE,,
dummy,5,1,complexity__spectral_entropy__broadband__roi__R5__iqr__CE_minus_OE,,
dummy,5,1,complexity__spectral_entropy__broadband__roi__R5__iqr__OE,,
dummy,5,1,complexity__spectral_entropy__broadband__roi__R5__median__CE,,
dummy,5,1,complexity__spectral_entropy__broadband__roi__R5__median__CE_minus_OE,,
dummy,5,1,complexity__spectral_entropy__broadband__roi__R5__median__OE,,
dummy,5,1,complexity__spectral_entropy__broadband__roi__R6__iqr__CE,,
dummy,5,1,complexity__spectral_entropy__broadband__roi__R6__iqr__CE_minus_OE,,
dummy,5,1,complexity__spectral_entropy__broadband__roi__R6__iqr__OE,,
dummy,5,1,complexity__spectral_entropy__broadband__roi__R6__median__CE,,
dummy,5,1,complexity__spectral_entropy__broadband__roi__R6__median__CE_minus_OE,,
dummy,5,1,complexity__spectral_entropy__broadband__roi__R6__median__OE,,
dummy,5,1,psd__absolute_power__alpha__roi__R1__iqr__CE,,
dummy,5,1,psd__absolute_power__alpha__roi__R1__iqr__CE_minus_OE,,
dummy,5,1,psd__absolute_power__alpha__roi__R1__iqr__OE,,
dummy,5,1,psd__absolute_power__alpha__roi__R1__median__CE,,
dummy,5,1,psd__absolute_power__alpha__roi__R1__median__CE_minus_OE,,
dummy,5,1,psd__absolute_power__alpha__roi__R1__median__OE,,
dummy,5,1,psd__absolute_power__alpha__roi__R2__iqr__CE,,
dummy,5,1,psd__absolute_power__alpha__roi__R2__iqr__CE_minus_OE,,
dummy,5,1,psd__absolute_power__alpha__roi__R2__iqr__OE,,
dummy,5,1,psd__absolute_power__alpha__roi__R2__median__CE,,
dummy,5,1,psd__absolute_power__alpha__roi__R2__median__CE_minus_OE,,
dummy,5,1,psd__absolute_power__alpha__roi__R2__median__OE,,
dummy,5,1,psd__absolute_power__alpha__roi__R3__iqr__CE,,
dummy,5,1,psd__absolute_power__alpha__roi__R3__iqr__CE_minus_OE,,
dummy,5,1,psd__absolute_power__alpha__roi__R3__iqr__OE,,
dummy,5,1,psd__absolute_power__alpha__roi__R3__median__CE,,
dummy,5,1,psd__absolute_power__alpha__roi__R3__median__CE_minus_OE,,
dummy,5,1,psd__absolute_power__alpha__roi__R3__median__OE,,
dummy,5,1,psd__absolute_power__alpha__roi__R4__iqr__CE,,
dummy,5,1,psd__absolute_power__alpha__roi__R4__iqr__CE_minus_OE,,
dummy,5,1,psd__absolute_power__alpha__roi__R4__iqr__OE,,
dummy,5,1,psd__absolute_power__alpha__roi__R4__median__CE,,
dummy,5,1,psd__absolute_power__alpha__roi__R4__median__CE_minus_OE,,
dummy,5,1,psd__absolute_power__alpha__roi__R4__median__OE,,
dummy,5,1,psd__absolute_power__alpha__roi__R5__iqr__CE,,
dummy,5,1,psd__absolute_power__alpha__roi__R5__iqr__CE_minus_OE,,
dummy,5,1,psd__absolute_power__alpha__roi__R5__iqr__OE,,
dummy,5,1,psd__absolute_power__alpha__roi__R5__median__CE,,
dummy,5,1,psd__absolute_power__alpha__roi__R5__median__CE_minus_OE,,
dummy,5,1,psd__absolute_power__alpha__roi__R5__median__OE,,
dummy,5,1,psd__absolute_power__alpha__roi__R6__iqr__CE,,
dummy,5,1,psd__absolute_power__alpha__roi__R6__iqr__CE_minus_OE,,
dummy,5,1,psd__absolute_power__alpha__roi__R6__iqr__OE,,
dummy,5,1,psd__absolute_power__alpha__roi__R6__median__CE,,
dummy,5,1,psd__absolute_power__alpha__roi__R6__median__CE_minus_OE,,
dummy,5,1,psd__absolute_power__alpha__roi__R6__median__OE,,
dummy,5,1,psd__absolute_power__beta__roi__R1__iqr__CE,,
dummy,5,1,psd__absolute_power__beta__roi__R1__iqr__CE_minus_OE,,
dummy,5,1,psd__absolute_power__beta__roi__R1__iqr__OE,,
dummy,5,1,psd__absolute_power__beta__roi__R1__median__CE,,
dummy,5,1,psd__absolute_power__beta__roi__R1__median__CE_minus_OE,,
dummy,5,1,psd__absolute_power__beta__roi__R1__median__OE,,
dummy,5,1,psd__absolute_power__beta__roi__R2__iqr__CE,,
dummy,5,1,psd__absolute_power__beta__roi__R2__iqr__CE_minus_OE,,
dummy,5,1,psd__absolute_power__beta__roi__R2__iqr__OE,,
dummy,5,1,psd__absolute_power__beta__roi__R2__median__CE,,
dummy,5,1,psd__absolute_power__beta__roi__R2__median__CE_minus_OE,,
dummy,5,1,psd__absolute_power__beta__roi__R2__median__OE,,
dummy,5,1,psd__absolute_power__beta__roi__R3__iqr__CE,,
dummy,5,1,psd__absolute_power__beta__roi__R3__iqr__CE_minus_OE,,
dummy,5,1,psd__absolute_power__beta__roi__R3__iqr__OE,,
dummy,5,1,psd__absolute_power__beta__roi__R3__median__CE,,
dummy,5,1,psd__absolute_power__beta__roi__R3__median__CE_minus_OE,,
dummy,5,1,psd__absolute_power__beta__roi__R3__median__OE,,
dummy,5,1,psd__absolute_power__beta__roi__R4__iqr__CE,,
dummy,5,1,psd__absolute_power__beta__roi__R4__iqr__CE_minus_OE,,
dummy,5,1,psd__absolute_power__beta__roi__R4__iqr__OE,,
dummy,5,1,psd__absolute_power__beta__roi__R4__median__CE,,
dummy,5,1,psd__absolute_power__beta__roi__R4__median__CE_minus_OE,,
dummy,5,1,psd__absolute_power__beta__roi__R4__median__OE,,
dummy,5,1,psd__absolute_power__beta__roi__R5__iqr__CE,,
dummy,5,1,psd__absolute_power__beta__roi__R5__iqr__CE_minus_OE,,
dummy,5,1,psd__absolute_power__beta__roi__R5__iqr__OE,,
dummy,5,1,psd__absolute_power__beta__roi__R5__median__CE,,
dummy,5,1,psd__absolute_power__beta__roi__R5__median__CE_minus_OE,,
dummy,5,1,psd__absolute_power__beta__roi__R5__median__OE,,
dummy,5,1,psd__absolute_power__beta__roi__R6__iqr__CE,,
dummy,5,1,psd__absolute_power__beta__roi__R6__iqr__CE_minus_OE,,
dummy,5,1,psd__absolute_power__beta__roi__R6__iqr__OE,,
dummy,5,1,psd__absolute_power__beta__roi__R6__median__CE,,
dummy,5,1,psd__absolute_power__beta__roi__R6__median__CE_minus_OE,,
dummy,5,1,psd__absolute_power__beta__roi__R6__median__OE,,
dummy,5,1,psd__absolute_power__delta__roi__R1__iqr__CE,,
dummy,5,1,psd__absolute_power__delta__roi__R1__iqr__CE_minus_OE,,
dummy,5,1,psd__absolute_power__delta__roi__R1__iqr__OE,,
dummy,5,1,psd__absolute_power__delta__roi__R1__median__CE,,
dummy,5,1,psd__absolute_power__delta__roi__R1__median__CE_minus_OE,,
dummy,5,1,psd__absolute_power__delta__roi__R1__median__OE,,
dummy,5,1,psd__absolute_power__delta__roi__R2__iqr__CE,,
dummy,5,1,psd__absolute_power__delta__roi__R2__iqr__CE_minus_OE,,
dummy,5,1,psd__absolute_power__delta__roi__R2__iqr__OE,,
dummy,5,1,psd__absolute_power__delta__roi__R2__median__CE,,
dummy,5,1,psd__absolute_power__delta__roi__R2__median__CE_minus_OE,,
dummy,5,1,psd__absolute_power__delta__roi__R2__median__OE,,
dummy,5,1,psd__absolute_power__delta__roi__R3__iqr__CE,,
dummy,5,1,psd__absolute_power__delta__roi__R3__iqr__CE_minus_OE,,
dummy,5,1,psd__absolute_power__delta__roi__R3__iqr__OE,,
dummy,5,1,psd__absolute_power__delta__roi__R3__median__CE,,
dummy,5,1,psd__absolute_power__delta__roi__R3__median__CE_minus_OE,,
dummy,5,1,psd__absolute_power__delta__roi__R3__median__OE,,
dummy,5,1,psd__absolute_power__delta__roi__R4__iqr__CE,,
dummy,5,1,psd__absolute_power__delta__roi__R4__iqr__CE_minus_OE,,
dummy,5,1,psd__absolute_power__delta__roi__R4__iqr__OE,,
dummy,5,1,psd__absolute_power__delta__roi__R4__median__CE,,
dummy,5,1,psd__absolute_power__delta__roi__R4__median__CE_minus_OE,,
dummy,5,1,psd__absolute_power__delta__roi__R4__median__OE,,
dummy,5,1,psd__absolute_power__delta__roi__R5__iqr__CE,,
dummy,5,1,psd__absolute_power__delta__roi__R5__iqr__CE_minus_OE,,
dummy,5,1,psd__absolute_power__delta__roi__R5__iqr__OE,,
dummy,5,1,psd__absolute_power__delta__roi__R5__median__CE,,
dummy,5,1,psd__absolute_power__delta__roi__R5__median__CE_minus_OE,,
dummy,5,1,psd__absolute_power__delta__roi__R5__median__OE,,
dummy,5,1,psd__absolute_power__delta__roi__R6__iqr__CE,,
dummy,5,1,psd__absolute_power__delta__roi__R6__iqr__CE_minus_OE,,
dummy,5,1,psd__absolute_power__delta__roi__R6__iqr__OE,,
dummy,5,1,psd__absolute_power__delta__roi__R6__median__CE,,
dummy,5,1,psd__absolute_power__delta__roi__R6__median__CE_minus_OE,,
dummy,5,1,psd__absolute_power__delta__roi__R6__median__OE,,
dummy,5,1,psd__absolute_power__gamma__roi__R1__iqr__CE,,
dummy,5,1,psd__absolute_power__gamma__roi__R1__iqr__CE_minus_OE,,
dummy,5,1,psd__absolute_power__gamma__roi__R1__iqr__OE,,
dummy,5,1,psd__absolute_power__gamma__roi__R1__median__CE,,
dummy,5,1,psd__absolute_power__gamma__roi__R1__median__CE_minus_OE,,
dummy,5,1,psd__absolute_power__gamma__roi__R1__median__OE,,
dummy,5,1,psd__absolute_power__gamma__roi__R2__iqr__CE,,
dummy,5,1,psd__absolute_power__gamma__roi__R2__iqr__CE_minus_OE,,
dummy,5,1,psd__absolute_power__gamma__roi__R2__iqr__OE,,
dummy,5,1,psd__absolute_power__gamma__roi__R2__median__CE,,
dummy,5,1,psd__absolute_power__gamma__roi__R2__median__CE_minus_OE,,
dummy,5,1,psd__absolute_power__gamma__roi__R2__median__OE,,
dummy,5,1,psd__absolute_power__gamma__roi__R3__iqr__CE,,
dummy,5,1,psd__absolute_power__gamma__roi__R3__iqr__CE_minus_OE,,
dummy,5,1,psd__absolute_power__gamma__roi__R3__iqr__OE,,
dummy,5,1,psd__absolute_power__gamma__roi__R3__median__CE,,
dummy,5,1,psd__absolute_power__gamma__roi__R3__median__CE_minus_OE,,
dummy,5,1,psd__absolute_power__gamma__roi__R3__median__OE,,
dummy,5,1,psd__absolute_power__gamma__roi__R4__iqr__CE,,
dummy,5,1,psd__absolute_power__gamma__roi__R4__iqr__CE_minus_OE,,
dummy,5,1,psd__absolute_power__gamma__roi__R4__iqr__OE,,
dummy,5,1,psd__absolute_power__gamma__roi__R4__median__CE,,
dummy,5,1,psd__absolute_power__gamma__roi__R4__median__CE_minus_OE,,
dummy,5,1,psd__absolute_power__gamma__roi__R4__median__OE,,
dummy,5,1,psd__absolute_power__gamma__roi__R5__iqr__CE,,
dummy,5,1,psd__absolute_power__gamma__roi__R5__iqr__CE_minus_OE,,
dummy,5,1,psd__absolute_power__gamma__roi__R5__iqr__OE,,
dummy,5,1,psd__absolute_power__gamma__roi__R5__median__CE,,
dummy,5,1,psd__absolute_power__gamma__roi__R5__median__CE_minus_OE,,
dummy,5,1,psd__absolute_power__gamma__roi__R5__median__OE,,
dummy,5,1,psd__absolute_power__gamma__roi__R6__iqr__CE,,
dummy,5,1,psd__absolute_power__gamma__roi__R6__iqr__CE_minus_OE,,
dummy,5,1,psd__absolute_power__gamma__roi__R6__iqr__OE,,
dummy,5,1,psd__absolute_power__gamma__roi__R6__median__CE,,
dummy,5,1,psd__absolute_power__gamma__roi__R6__median__CE_minus_OE,,
dummy,5,1,psd__absolute_power__gamma__roi__R6__median__OE,,
dummy,5,1,psd__absolute_power__theta__roi__R1__iqr__CE,,
dummy,5,1,psd__absolute_power__theta__roi__R1__iqr__CE_minus_OE,,
dummy,5,1,psd__absolute_power__theta__roi__R1__iqr__OE,,
dummy,5,1,psd__absolute_power__theta__roi__R1__median__CE,,
dummy,5,1,psd__absolute_power__theta__roi__R1__median__CE_minus_OE,,
dummy,5,1,psd__absolute_power__theta__roi__R1__median__OE,,
dummy,5,1,psd__absolute_power__theta__roi__R2__iqr__CE,,
dummy,5,1,psd__absolute_power__theta__roi__R2__iqr__CE_minus_OE,,
dummy,5,1,psd__absolute_power__theta__roi__R2__iqr__OE,,
dummy,5,1,psd__absolute_power__theta__roi__R2__median__CE,,
dummy,5,1,psd__absolute_power__theta__roi__R2__median__CE_minus_OE,,
dummy,5,1,psd__absolute_power__theta__roi__R2__median__OE,,
dummy,5,1,psd__absolute_power__theta__roi__R3__iqr__CE,,
dummy,5,1,psd__absolute_power__theta__roi__R3__iqr__CE_minus_OE,,
dummy,5,1,psd__absolute_power__theta__roi__R3__iqr__OE,,
dummy,5,1,psd__absolute_power__theta__roi__R3__median__CE,,
dummy,5,1,psd__absolute_power__theta__roi__R3__median__CE_minus_OE,,
dummy,5,1,psd__absolute_power__theta__roi__R3__median__OE,,
dummy,5,1,psd__absolute_power__theta__roi__R4__iqr__CE,,
dummy,5,1,psd__absolute_power__theta__roi__R4__iqr__CE_minus_OE,,
dummy,5,1,psd__absolute_power__theta__roi__R4__iqr__OE,,
dummy,5,1,psd__absolute_power__theta__roi__R4__median__CE,,
dummy,5,1,psd__absolute_power__theta__roi__R4__median__CE_minus_OE,,
dummy,5,1,psd__absolute_power__theta__roi__R4__median__OE,,
dummy,5,1,psd__absolute_power__theta__roi__R5__iqr__CE,,
dummy,5,1,psd__absolute_power__theta__roi__R5__iqr__CE_minus_OE,,
dummy,5,1,psd__absolute_power__theta__roi__R5__iqr__OE,,
dummy,5,1,psd__absolute_power__theta__roi__R5__median__CE,,
dummy,5,1,psd__absolute_power__theta__roi__R5__median__CE_minus_OE,,
dummy,5,1,psd__absolute_power__theta__roi__R5__median__OE,,
dummy,5,1,psd__absolute_power__theta__roi__R6__iqr__CE,,
dummy,5,1,psd__absolute_power__theta__roi__R6__iqr__CE_minus_OE,,
dummy,5,1,psd__absolute_power__theta__roi__R6__iqr__OE,,
dummy,5,1,psd__absolute_power__theta__roi__R6__median__CE,,
dummy,5,1,psd__absolute_power__theta__roi__R6__median__CE_minus_OE,,
dummy,5,1,psd__absolute_power__theta__roi__R6__median__OE,,
dummy,5,1,psd__delta_alpha_ratio__derived__roi__R1__iqr__CE,,
dummy,5,1,psd__delta_alpha_ratio__derived__roi__R1__iqr__CE_minus_OE,,
dummy,5,1,psd__delta_alpha_ratio__derived__roi__R1__iqr__OE,,
dummy,5,1,psd__delta_alpha_ratio__derived__roi__R1__median__CE,,
dummy,5,1,psd__delta_alpha_ratio__derived__roi__R1__median__CE_minus_OE,,
dummy,5,1,psd__delta_alpha_ratio__derived__roi__R1__median__OE,,
dummy,5,1,psd__delta_alpha_ratio__derived__roi__R2__iqr__CE,,
dummy,5,1,psd__delta_alpha_ratio__derived__roi__R2__iqr__CE_minus_OE,,
dummy,5,1,psd__delta_alpha_ratio__derived__roi__R2__iqr__OE,,
dummy,5,1,psd__delta_alpha_ratio__derived__roi__R2__median__CE,,
dummy,5,1,psd__delta_alpha_ratio__derived__roi__R2__median__CE_minus_OE,,
dummy,5,1,psd__delta_alpha_ratio__derived__roi__R2__median__OE,,
dummy,5,1,psd__delta_alpha_ratio__derived__roi__R3__iqr__CE,,
dummy,5,1,psd__delta_alpha_ratio__derived__roi__R3__iqr__CE_minus_OE,,
dummy,5,1,psd__delta_alpha_ratio__derived__roi__R3__iqr__OE,,
dummy,5,1,psd__delta_alpha_ratio__derived__roi__R3__median__CE,,
dummy,5,1,psd__delta_alpha_ratio__derived__roi__R3__median__CE_minus_OE,,
dummy,5,1,psd__delta_alpha_ratio__derived__roi__R3__median__OE,,
dummy,5,1,psd__delta_alpha_ratio__derived__roi__R4__iqr__CE,,
dummy,5,1,psd__delta_alpha_ratio__derived__roi__R4__iqr__CE_minus_OE,,
dummy,5,1,psd__delta_alpha_ratio__derived__roi__R4__iqr__OE,,
dummy,5,1,psd__delta_alpha_ratio__derived__roi__R4__median__CE,,
dummy,5,1,psd__delta_alpha_ratio__derived__roi__R4__median__CE_minus_OE,,
dummy,5,1,psd__delta_alpha_ratio__derived__roi__R4__median__OE,,
dummy,5,1,psd__delta_alpha_ratio__derived__roi__R5__iqr__CE,,
dummy,5,1,psd__delta_alpha_ratio__derived__roi__R5__iqr__CE_minus_OE,,
dummy,5,1,psd__delta_alpha_ratio__derived__roi__R5__iqr__OE,,
dummy,5,1,psd__delta_alpha_ratio__derived__roi__R5__median__CE,,
dummy,5,1,psd__delta_alpha_ratio__derived__roi__R5__median__CE_minus_OE,,
dummy,5,1,psd__delta_alpha_ratio__derived__roi__R5__median__OE,,
dummy,5,1,psd__delta_alpha_ratio__derived__roi__R6__iqr__CE,,
dummy,5,1,psd__delta_alpha_ratio__derived__roi__R6__iqr__CE_minus_OE,,
dummy,5,1,psd__delta_alpha_ratio__derived__roi__R6__iqr__OE,,
dummy,5,1,psd__delta_alpha_ratio__derived__roi__R6__median__CE,,
dummy,5,1,psd__delta_alpha_ratio__derived__roi__R6__median__CE_minus_OE,,
dummy,5,1,psd__delta_alpha_ratio__derived__roi__R6__median__OE,,
dummy,5,1,psd__relative_power__alpha__roi__R1__iqr__CE,,
dummy,5,1,psd__relative_power__alpha__roi__R1__iqr__CE_minus_OE,,
dummy,5,1,psd__relative_power__alpha__roi__R1__iqr__OE,,
dummy,5,1,psd__relative_power__alpha__roi__R1__median__CE,,
dummy,5,1,psd__relative_power__alpha__roi__R1__median__CE_minus_OE,,
dummy,5,1,psd__relative_power__alpha__roi__R1__median__OE,,
dummy,5,1,psd__relative_power__alpha__roi__R2__iqr__CE,,
dummy,5,1,psd__relative_power__alpha__roi__R2__iqr__CE_minus_OE,,
dummy,5,1,psd__relative_power__alpha__roi__R2__iqr__OE,,
dummy,5,1,psd__relative_power__alpha__roi__R2__median__CE,,
dummy,5,1,psd__relative_power__alpha__roi__R2__median__CE_minus_OE,,
dummy,5,1,psd__relative_power__alpha__roi__R2__median__OE,,
dummy,5,1,psd__relative_power__alpha__roi__R3__iqr__CE,,
dummy,5,1,psd__relative_power__alpha__roi__R3__iqr__CE_minus_OE,,
dummy,5,1,psd__relative_power__alpha__roi__R3__iqr__OE,,
dummy,5,1,psd__relative_power__alpha__roi__R3__median__CE,,
dummy,5,1,psd__relative_power__alpha__roi__R3__median__CE_minus_OE,,
dummy,5,1,psd__relative_power__alpha__roi__R3__median__OE,,
dummy,5,1,psd__relative_power__alpha__roi__R4__iqr__CE,,
dummy,5,1,psd__relative_power__alpha__roi__R4__iqr__CE_minus_OE,,
dummy,5,1,psd__relative_power__alpha__roi__R4__iqr__OE,,
dummy,5,1,psd__relative_power__alpha__roi__R4__median__CE,,
dummy,5,1,psd__relative_power__alpha__roi__R4__median__CE_minus_OE,,
dummy,5,1,psd__relative_power__alpha__roi__R4__median__OE,,
dummy,5,1,psd__relative_power__alpha__roi__R5__iqr__CE,,
dummy,5,1,psd__relative_power__alpha__roi__R5__iqr__CE_minus_OE,,
dummy,5,1,psd__relative_power__alpha__roi__R5__iqr__OE,,
dummy,5,1,psd__relative_power__alpha__roi__R5__median__CE,,
dummy,5,1,psd__relative_power__alpha__roi__R5__median__CE_minus_OE,,
dummy,5,1,psd__relative_power__alpha__roi__R5__median__OE,,
dummy,5,1,psd__relative_power__alpha__roi__R6__iqr__CE,,
dummy,5,1,psd__relative_power__alpha__roi__R6__iqr__CE_minus_OE,,
dummy,5,1,psd__relative_power__alpha__roi__R6__iqr__OE,,
dummy,5,1,psd__relative_power__alpha__roi__R6__median__CE,,
dummy,5,1,psd__relative_power__alpha__roi__R6__median__CE_minus_OE,,
dummy,5,1,psd__relative_power__alpha__roi__R6__median__OE,,
dummy,5,1,psd__relative_power__beta__roi__R1__iqr__CE,,
dummy,5,1,psd__relative_power__beta__roi__R1__iqr__CE_minus_OE,,
dummy,5,1,psd__relative_power__beta__roi__R1__iqr__OE,,
dummy,5,1,psd__relative_power__beta__roi__R1__median__CE,,
dummy,5,1,psd__relative_power__beta__roi__R1__median__CE_minus_OE,,
dummy,5,1,psd__relative_power__beta__roi__R1__median__OE,,
dummy,5,1,psd__relative_power__beta__roi__R2__iqr__CE,,
dummy,5,1,psd__relative_power__beta__roi__R2__iqr__CE_minus_OE,,
dummy,5,1,psd__relative_power__beta__roi__R2__iqr__OE,,
dummy,5,1,psd__relative_power__beta__roi__R2__median__CE,,
dummy,5,1,psd__relative_power__beta__roi__R2__median__CE_minus_OE,,
dummy,5,1,psd__relative_power__beta__roi__R2__median__OE,,
dummy,5,1,psd__relative_power__beta__roi__R3__iqr__CE,,
dummy,5,1,psd__relative_power__beta__roi__R3__iqr__CE_minus_OE,,
dummy,5,1,psd__relative_power__beta__roi__R3__iqr__OE,,
dummy,5,1,psd__relative_power__beta__roi__R3__median__CE,,
dummy,5,1,psd__relative_power__beta__roi__R3__median__CE_minus_OE,,
dummy,5,1,psd__relative_power__beta__roi__R3__median__OE,,
dummy,5,1,psd__relative_power__beta__roi__R4__iqr__CE,,
dummy,5,1,psd__relative_power__beta__roi__R4__iqr__CE_minus_OE,,
dummy,5,1,psd__relative_power__beta__roi__R4__iqr__OE,,
dummy,5,1,psd__relative_power__beta__roi__R4__median__CE,,
dummy,5,1,psd__relative_power__beta__roi__R4__median__CE_minus_OE,,
dummy,5,1,psd__relative_power__beta__roi__R4__median__OE,,
dummy,5,1,psd__relative_power__beta__roi__R5__iqr__CE,,
dummy,5,1,psd__relative_power__beta__roi__R5__iqr__CE_minus_OE,,
dummy,5,1,psd__relative_power__beta__roi__R5__iqr__OE,,
dummy,5,1,psd__relative_power__beta__roi__R5__median__CE,,
dummy,5,1,psd__relative_power__beta__roi__R5__median__CE_minus_OE,,
dummy,5,1,psd__relative_power__beta__roi__R5__median__OE,,
dummy,5,1,psd__relative_power__beta__roi__R6__iqr__CE,,
dummy,5,1,psd__relative_power__beta__roi__R6__iqr__CE_minus_OE,,
dummy,5,1,psd__relative_power__beta__roi__R6__iqr__OE,,
dummy,5,1,psd__relative_power__beta__roi__R6__median__CE,,
dummy,5,1,psd__relative_power__beta__roi__R6__median__CE_minus_OE,,
dummy,5,1,psd__relative_power__beta__roi__R6__median__OE,,
dummy,5,1,psd__relative_power__delta__roi__R1__iqr__CE,,
dummy,5,1,psd__relative_power__delta__roi__R1__iqr__CE_minus_OE,,
dummy,5,1,psd__relative_power__delta__roi__R1__iqr__OE,,
dummy,5,1,psd__relative_power__delta__roi__R1__median__CE,,
dummy,5,1,psd__relative_power__delta__roi__R1__median__CE_minus_OE,,
dummy,5,1,psd__relative_power__delta__roi__R1__median__OE,,
dummy,5,1,psd__relative_power__delta__roi__R2__iqr__CE,,
dummy,5,1,psd__relative_power__delta__roi__R2__iqr__CE_minus_OE,,
dummy,5,1,psd__relative_power__delta__roi__R2__iqr__OE,,
dummy,5,1,psd__relative_power__delta__roi__R2__median__CE,,
dummy,5,1,psd__relative_power__delta__roi__R2__median__CE_minus_OE,,
dummy,5,1,psd__relative_power__delta__roi__R2__median__OE,,
dummy,5,1,psd__relative_power__delta__roi__R3__iqr__CE,,
dummy,5,1,psd__relative_power__delta__roi__R3__iqr__CE_minus_OE,,
dummy,5,1,psd__relative_power__delta__roi__R3__iqr__OE,,
dummy,5,1,psd__relative_power__delta__roi__R3__median__CE,,
dummy,5,1,psd__relative_power__delta__roi__R3__median__CE_minus_OE,,
dummy,5,1,psd__relative_power__delta__roi__R3__median__OE,,
dummy,5,1,psd__relative_power__delta__roi__R4__iqr__CE,,
dummy,5,1,psd__relative_power__delta__roi__R4__iqr__CE_minus_OE,,
dummy,5,1,psd__relative_power__delta__roi__R4__iqr__OE,,
dummy,5,1,psd__relative_power__delta__roi__R4__median__CE,,
dummy,5,1,psd__relative_power__delta__roi__R4__median__CE_minus_OE,,
dummy,5,1,psd__relative_power__delta__roi__R4__median__OE,,
dummy,5,1,psd__relative_power__delta__roi__R5__iqr__CE,,
dummy,5,1,psd__relative_power__delta__roi__R5__iqr__CE_minus_OE,,
dummy,5,1,psd__relative_power__delta__roi__R5__iqr__OE,,
dummy,5,1,psd__relative_power__delta__roi__R5__median__CE,,
dummy,5,1,psd__relative_power__delta__roi__R5__median__CE_minus_OE,,
dummy,5,1,psd__relative_power__delta__roi__R5__median__OE,,
dummy,5,1,psd__relative_power__delta__roi__R6__iqr__CE,,
dummy,5,1,psd__relative_power__delta__roi__R6__iqr__CE_minus_OE,,
dummy,5,1,psd__relative_power__delta__roi__R6__iqr__OE,,
dummy,5,1,psd__relative_power__delta__roi__R6__median__CE,,
dummy,5,1,psd__relative_power__delta__roi__R6__median__CE_minus_OE,,
dummy,5,1,psd__relative_power__delta__roi__R6__median__OE,,
dummy,5,1,psd__relative_power__gamma__roi__R1__iqr__CE,,
dummy,5,1,psd__relative_power__gamma__roi__R1__iqr__CE_minus_OE,,
dummy,5,1,psd__relative_power__gamma__roi__R1__iqr__OE,,
dummy,5,1,psd__relative_power__gamma__roi__R1__median__CE,,
dummy,5,1,psd__relative_power__gamma__roi__R1__median__CE_minus_OE,,
dummy,5,1,psd__relative_power__gamma__roi__R1__median__OE,,
dummy,5,1,psd__relative_power__gamma__roi__R2__iqr__CE,,
dummy,5,1,psd__relative_power__gamma__roi__R2__iqr__CE_minus_OE,,
dummy,5,1,psd__relative_power__gamma__roi__R2__iqr__OE,,
dummy,5,1,psd__relative_power__gamma__roi__R2__median__CE,,
dummy,5,1,psd__relative_power__gamma__roi__R2__median__CE_minus_OE,,
dummy,5,1,psd__relative_power__gamma__roi__R2__median__OE,,
dummy,5,1,psd__relative_power__gamma__roi__R3__iqr__CE,,
dummy,5,1,psd__relative_power__gamma__roi__R3__iqr__CE_minus_OE,,
dummy,5,1,psd__relative_power__gamma__roi__R3__iqr__OE,,
dummy,5,1,psd__relative_power__gamma__roi__R3__median__CE,,
dummy,5,1,psd__relative_power__gamma__roi__R3__median__CE_minus_OE,,
dummy,5,1,psd__relative_power__gamma__roi__R3__median__OE,,
dummy,5,1,psd__relative_power__gamma__roi__R4__iqr__CE,,
dummy,5,1,psd__relative_power__gamma__roi__R4__iqr__CE_minus_OE,,
dummy,5,1,psd__relative_power__gamma__roi__R4__iqr__OE,,
dummy,5,1,psd__relative_power__gamma__roi__R4__median__CE,,
dummy,5,1,psd__relative_power__gamma__roi__R4__median__CE_minus_OE,,
dummy,5,1,psd__relative_power__gamma__roi__R4__median__OE,,
dummy,5,1,psd__relative_power__gamma__roi__R5__iqr__CE,,
dummy,5,1,psd__relative_power__gamma__roi__R5__iqr__CE_minus_OE,,
dummy,5,1,psd__relative_power__gamma__roi__R5__iqr__OE,,
dummy,5,1,psd__relative_power__gamma__roi__R5__median__CE,,
dummy,5,1,psd__relative_power__gamma__roi__R5__median__CE_minus_OE,,
dummy,5,1,psd__relative_power__gamma__roi__R5__median__OE,,
dummy,5,1,psd__relative_power__gamma__roi__R6__iqr__CE,,
dummy,5,1,psd__relative_power__gamma__roi__R6__iqr__CE_minus_OE,,
dummy,5,1,psd__relative_power__gamma__roi__R6__iqr__OE,,
dummy,5,1,psd__relative_power__gamma__roi__R6__median__CE,,
dummy,5,1,psd__relative_power__gamma__roi__R6__median__CE_minus_OE,,
dummy,5,1,psd__relative_power__gamma__roi__R6__median__OE,,
dummy,5,1,psd__relative_power__theta__roi__R1__iqr__CE,,
dummy,5,1,psd__relative_power__theta__roi__R1__iqr__CE_minus_OE,,
dummy,5,1,psd__relative_power__theta__roi__R1__iqr__OE,,
dummy,5,1,psd__relative_power__theta__roi__R1__median__CE,,
dummy,5,1,psd__relative_power__theta__roi__R1__median__CE_minus_OE,,
dummy,5,1,psd__relative_power__theta__roi__R1__median__OE,,
dummy,5,1,psd__relative_power__theta__roi__R2__iqr__CE,,
dummy,5,1,psd__relative_power__theta__roi__R2__iqr__CE_minus_OE,,
dummy,5,1,psd__relative_power__theta__roi__R2__iqr__OE,,
dummy,5,1,psd__relative_power__theta__roi__R2__median__CE,,
dummy,5,1,psd__relative_power__theta__roi__R2__median__CE_minus_OE,,
dummy,5,1,psd__relative_power__theta__roi__R2__median__OE,,
dummy,5,1,psd__relative_power__theta__roi__R3__iqr__CE,,
dummy,5,1,psd__relative_power__theta__roi__R3__iqr__CE_minus_OE,,
dummy,5,1,psd__relative_power__theta__roi__R3__iqr__OE,,
dummy,5,1,psd__relative_power__theta__roi__R3__median__CE,,
dummy,5,1,psd__relative_power__theta__roi__R3__median__CE_minus_OE,,
dummy,5,1,psd__relative_power__theta__roi__R3__median__OE,,
dummy,5,1,psd__relative_power__theta__roi__R4__iqr__CE,,
dummy,5,1,psd__relative_power__theta__roi__R4__iqr__CE_minus_OE,,
dummy,5,1,psd__relative_power__theta__roi__R4__iqr__OE,,
dummy,5,1,psd__relative_power__theta__roi__R4__median__CE,,
dummy,5,1,psd__relative_power__theta__roi__R4__median__CE_minus_OE,,
dummy,5,1,psd__relative_power__theta__roi__R4__median__OE,,
dummy,5,1,psd__relative_power__theta__roi__R5__iqr__CE,,
dummy,5,1,psd__relative_power__theta__roi__R5__iqr__CE_minus_OE,,
dummy,5,1,psd__relative_power__theta__roi__R5__iqr__OE,,
dummy,5,1,psd__relative_power__theta__roi__R5__median__CE,,
dummy,5,1,psd__relative_power__theta__roi__R5__median__CE_minus_OE,,
dummy,5,1,psd__relative_power__theta__roi__R5__median__OE,,
dummy,5,1,psd__relative_power__theta__roi__R6__iqr__CE,,
dummy,5,1,psd__relative_power__theta__roi__R6__iqr__CE_minus_OE,,
dummy,5,1,psd__relative_power__theta__roi__R6__iqr__OE,,
dummy,5,1,psd__relative_power__theta__roi__R6__median__CE,,
dummy,5,1,psd__relative_power__theta__roi__R6__median__CE_minus_OE,,
dummy,5,1,psd__relative_power__theta__roi__R6__median__OE,,
dummy,5,1,psd__sfr__derived__roi__R1__iqr__CE,,
dummy,5,1,psd__sfr__derived__roi__R1__iqr__CE_minus_OE,,
dummy,5,1,psd__sfr__derived__roi__R1__iqr__OE,,
dummy,5,1,psd__sfr__derived__roi__R1__median__CE,,
dummy,5,1,psd__sfr__derived__roi__R1__median__CE_minus_OE,,
dummy,5,1,psd__sfr__derived__roi__R1__median__OE,,
dummy,5,1,psd__sfr__derived__roi__R2__iqr__CE,,
dummy,5,1,psd__sfr__derived__roi__R2__iqr__CE_minus_OE,,
dummy,5,1,psd__sfr__derived__roi__R2__iqr__OE,,
dummy,5,1,psd__sfr__derived__roi__R2__median__CE,,
dummy,5,1,psd__sfr__derived__roi__R2__median__CE_minus_OE,,
dummy,5,1,psd__sfr__derived__roi__R2__median__OE,,
dummy,5,1,psd__sfr__derived__roi__R3__iqr__CE,,
dummy,5,1,psd__sfr__derived__roi__R3__iqr__CE_minus_OE,,
dummy,5,1,psd__sfr__derived__roi__R3__iqr__OE,,
dummy,5,1,psd__sfr__derived__roi__R3__median__CE,,
dummy,5,1,psd__sfr__derived__roi__R3__median__CE_minus_OE,,
dummy,5,1,psd__sfr__derived__roi__R3__median__OE,,
dummy,5,1,psd__sfr__derived__roi__R4__iqr__CE,,
dummy,5,1,psd__sfr__derived__roi__R4__iqr__CE_minus_OE,,
dummy,5,1,psd__sfr__derived__roi__R4__iqr__OE,,
dummy,5,1,psd__sfr__derived__roi__R4__median__CE,,
dummy,5,1,psd__sfr__derived__roi__R4__median__CE_minus_OE,,
dummy,5,1,psd__sfr__derived__roi__R4__median__OE,,
dummy,5,1,psd__sfr__derived__roi__R5__iqr__CE,,
dummy,5,1,psd__sfr__derived__roi__R5__iqr__CE_minus_OE,,
dummy,5,1,psd__sfr__derived__roi__R5__iqr__OE,,
dummy,5,1,psd__sfr__derived__roi__R5__median__CE,,
dummy,5,1,psd__sfr__derived__roi__R5__median__CE_minus_OE,,
dummy,5,1,psd__sfr__derived__roi__R5__median__OE,,
dummy,5,1,psd__sfr__derived__roi__R6__iqr__CE,,
dummy,5,1,psd__sfr__derived__roi__R6__iqr__CE_minus_OE,,
dummy,5,1,psd__sfr__derived__roi__R6__iqr__OE,,
dummy,5,1,psd__sfr__derived__roi__R6__median__CE,,
dummy,5,1,psd__sfr__derived__roi__R6__median__CE_minus_OE,,
dummy,5,1,psd__sfr__derived__roi__R6__median__OE,,
dummy,5,1,psd__theta_alpha_ratio__derived__roi__R1__iqr__CE,,
dummy,5,1,psd__theta_alpha_ratio__derived__roi__R1__iqr__CE_minus_OE,,
dummy,5,1,psd__theta_alpha_ratio__derived__roi__R1__iqr__OE,,
dummy,5,1,psd__theta_alpha_ratio__derived__roi__R1__median__CE,,
dummy,5,1,psd__theta_alpha_ratio__derived__roi__R1__median__CE_minus_OE,,
dummy,5,1,psd__theta_alpha_ratio__derived__roi__R1__median__OE,,
dummy,5,1,psd__theta_alpha_ratio__derived__roi__R2__iqr__CE,,
dummy,5,1,psd__theta_alpha_ratio__derived__roi__R2__iqr__CE_minus_OE,,
dummy,5,1,psd__theta_alpha_ratio__derived__roi__R2__iqr__OE,,
dummy,5,1,psd__theta_alpha_ratio__derived__roi__R2__median__CE,,
dummy,5,1,psd__theta_alpha_ratio__derived__roi__R2__median__CE_minus_OE,,
dummy,5,1,psd__theta_alpha_ratio__derived__roi__R2__median__OE,,
dummy,5,1,psd__theta_alpha_ratio__derived__roi__R3__iqr__CE,,
dummy,5,1,psd__theta_alpha_ratio__derived__roi__R3__iqr__CE_minus_OE,,
dummy,5,1,psd__theta_alpha_ratio__derived__roi__R3__iqr__OE,,
dummy,5,1,psd__theta_alpha_ratio__derived__roi__R3__median__CE,,
dummy,5,1,psd__theta_alpha_ratio__derived__roi__R3__median__CE_minus_OE,,
dummy,5,1,psd__theta_alpha_ratio__derived__roi__R3__median__OE,,
dummy,5,1,psd__theta_alpha_ratio__derived__roi__R4__iqr__CE,,
dummy,5,1,psd__theta_alpha_ratio__derived__roi__R4__iqr__CE_minus_OE,,
dummy,5,1,psd__theta_alpha_ratio__derived__roi__R4__iqr__OE,,
dummy,5,1,psd__theta_alpha_ratio__derived__roi__R4__median__CE,,
dummy,5,1,psd__theta_alpha_ratio__derived__roi__R4__median__CE_minus_OE,,
dummy,5,1,psd__theta_alpha_ratio__derived__roi__R4__median__OE,,
dummy,5,1,psd__theta_alpha_ratio__derived__roi__R5__iqr__CE,,
dummy,5,1,psd__theta_alpha_ratio__derived__roi__R5__iqr__CE_minus_OE,,
dummy,5,1,psd__theta_alpha_ratio__derived__roi__R5__iqr__OE,,
dummy,5,1,psd__theta_alpha_ratio__derived__roi__R5__median__CE,,
dummy,5,1,psd__theta_alpha_ratio__derived__roi__R5__median__CE_minus_OE,,
dummy,5,1,psd__theta_alpha_ratio__derived__roi__R5__median__OE,,
dummy,5,1,psd__theta_alpha_ratio__derived__roi__R6__iqr__CE,,
dummy,5,1,psd__theta_alpha_ratio__derived__roi__R6__iqr__CE_minus_OE,,
dummy,5,1,psd__theta_alpha_ratio__derived__roi__R6__iqr__OE,,
dummy,5,1,psd__theta_alpha_ratio__derived__roi__R6__median__CE,,
dummy,5,1,psd__theta_alpha_ratio__derived__roi__R6__median__CE_minus_OE,,
dummy,5,1,psd__theta_alpha_ratio__derived__roi__R6__median__OE,,
dummy,5,2,complexity__spectral_entropy__broadband__roi__R1__iqr__CE,,
dummy,5,2,complexity__spectral_entropy__broadband__roi__R1__iqr__CE_minus_OE,,
dummy,5,2,complexity__spectral_entropy__broadband__roi__R1__iqr__OE,,
dummy,5,2,complexity__spectral_entropy__broadband__roi__R1__median__CE,,
dummy,5,2,complexity__spectral_entropy__broadband__roi__R1__median__CE_minus_OE,,
dummy,5,2,complexity__spectral_entropy__broadband__roi__R1__median__OE,,
dummy,5,2,complexity__spectral_entropy__broadband__roi__R2__iqr__CE,,
dummy,5,2,complexity__spectral_entropy__broadband__roi__R2__iqr__CE_minus_OE,,
dummy,5,2,complexity__spectral_entropy__broadband__roi__R2__iqr__OE,,
dummy,5,2,complexity__spectral_entropy__broadband__roi__R2__median__CE,,
dummy,5,2,complexity__spectral_entropy__broadband__roi__R2__median__CE_minus_OE,,
dummy,5,2,complexity__spectral_entropy__broadband__roi__R2__median__OE,,
dummy,5,2,complexity__spectral_entropy__broadband__roi__R3__iqr__CE,,
dummy,5,2,complexity__spectral_entropy__broadband__roi__R3__iqr__CE_minus_OE,,
dummy,5,2,complexity__spectral_entropy__broadband__roi__R3__iqr__OE,,
dummy,5,2,complexity__spectral_entropy__broadband__roi__R3__median__CE,,
dummy,5,2,complexity__spectral_entropy__broadband__roi__R3__median__CE_minus_OE,,
dummy,5,2,complexity__spectral_entropy__broadband__roi__R3__median__OE,,
dummy,5,2,complexity__spectral_entropy__broadband__roi__R4__iqr__CE,,
dummy,5,2,complexity__spectral_entropy__broadband__roi__R4__iqr__CE_minus_OE,,
dummy,5,2,complexity__spectral_entropy__broadband__roi__R4__iqr__OE,,
dummy,5,2,complexity__spectral_entropy__broadband__roi__R4__median__CE,,
dummy,5,2,complexity__spectral_entropy__broadband__roi__R4__median__CE_minus_OE,,
dummy,5,2,complexity__spectral_entropy__broadband__roi__R4__median__OE,,
dummy,5,2,complexity__spectral_entropy__broadband__roi__R5__iqr__CE,,
dummy,5,2,complexity__spectral_entropy__broadband__roi__R5__iqr__CE_minus_OE,,
dummy,5,2,complexity__spectral_entropy__broadband__roi__R5__iqr__OE,,
dummy,5,2,complexity__spectral_entropy__broadband__roi__R5__median__CE,,
dummy,5,2,complexity__spectral_entropy__broadband__roi__R5__median__CE_minus_OE,,
dummy,5,2,complexity__spectral_entropy__broadband__roi__R5__median__OE,,
dummy,5,2,complexity__spectral_entropy__broadband__roi__R6__iqr__CE,,
dummy,5,2,complexity__spectral_entropy__broadband__roi__R6__iqr__CE_minus_OE,,
dummy,5,2,complexity__spectral_entropy__broadband__roi__R6__iqr__OE,,
dummy,5,2,complexity__spectral_entropy__broadband__roi__R6__median__CE,,
dummy,5,2,complexity__spectral_entropy__broadband__roi__R6__median__CE_minus_OE,,
dummy,5,2,complexity__spectral_entropy__broadband__roi__R6__median__OE,,
dummy,5,2,psd__absolute_power__alpha__roi__R1__iqr__CE,,
dummy,5,2,psd__absolute_power__alpha__roi__R1__iqr__CE_minus_OE,,
dummy,5,2,psd__absolute_power__alpha__roi__R1__iqr__OE,,
dummy,5,2,psd__absolute_power__alpha__roi__R1__median__CE,,
dummy,5,2,psd__absolute_power__alpha__roi__R1__median__CE_minus_OE,,
dummy,5,2,psd__absolute_power__alpha__roi__R1__median__OE,,
dummy,5,2,psd__absolute_power__alpha__roi__R2__iqr__CE,,
dummy,5,2,psd__absolute_power__alpha__roi__R2__iqr__CE_minus_OE,,
dummy,5,2,psd__absolute_power__alpha__roi__R2__iqr__OE,,
dummy,5,2,psd__absolute_power__alpha__roi__R2__median__CE,,
dummy,5,2,psd__absolute_power__alpha__roi__R2__median__CE_minus_OE,,
dummy,5,2,psd__absolute_power__alpha__roi__R2__median__OE,,
dummy,5,2,psd__absolute_power__alpha__roi__R3__iqr__CE,,
dummy,5,2,psd__absolute_power__alpha__roi__R3__iqr__CE_minus_OE,,
dummy,5,2,psd__absolute_power__alpha__roi__R3__iqr__OE,,
dummy,5,2,psd__absolute_power__alpha__roi__R3__median__CE,,
dummy,5,2,psd__absolute_power__alpha__roi__R3__median__CE_minus_OE,,
dummy,5,2,psd__absolute_power__alpha__roi__R3__median__OE,,
dummy,5,2,psd__absolute_power__alpha__roi__R4__iqr__CE,,
dummy,5,2,psd__absolute_power__alpha__roi__R4__iqr__CE_minus_OE,,
dummy,5,2,psd__absolute_power__alpha__roi__R4__iqr__OE,,
dummy,5,2,psd__absolute_power__alpha__roi__R4__median__CE,,
dummy,5,2,psd__absolute_power__alpha__roi__R4__median__CE_minus_OE,,
dummy,5,2,psd__absolute_power__alpha__roi__R4__median__OE,,
dummy,5,2,psd__absolute_power__alpha__roi__R5__iqr__CE,,
dummy,5,2,psd__absolute_power__alpha__roi__R5__iqr__CE_minus_OE,,
dummy,5,2,psd__absolute_power__alpha__roi__R5__iqr__OE,,
dummy,5,2,psd__absolute_power__alpha__roi__R5__median__CE,,
dummy,5,2,psd__absolute_power__alpha__roi__R5__median__CE_minus_OE,,
dummy,5,2,psd__absolute_power__alpha__roi__R5__median__OE,,
dummy,5,2,psd__absolute_power__alpha__roi__R6__iqr__CE,,
dummy,5,2,psd__absolute_power__alpha__roi__R6__iqr__CE_minus_OE,,
dummy,5,2,psd__absolute_power__alpha__roi__R6__iqr__OE,,
dummy,5,2,psd__absolute_power__alpha__roi__R6__median__CE,,
dummy,5,2,psd__absolute_power__alpha__roi__R6__median__CE_minus_OE,,
dummy,5,2,psd__absolute_power__alpha__roi__R6__median__OE,,
dummy,5,2,psd__absolute_power__beta__roi__R1__iqr__CE,,
dummy,5,2,psd__absolute_power__beta__roi__R1__iqr__CE_minus_OE,,
dummy,5,2,psd__absolute_power__beta__roi__R1__iqr__OE,,
dummy,5,2,psd__absolute_power__beta__roi__R1__median__CE,,
dummy,5,2,psd__absolute_power__beta__roi__R1__median__CE_minus_OE,,
dummy,5,2,psd__absolute_power__beta__roi__R1__median__OE,,
dummy,5,2,psd__absolute_power__beta__roi__R2__iqr__CE,,
dummy,5,2,psd__absolute_power__beta__roi__R2__iqr__CE_minus_OE,,
dummy,5,2,psd__absolute_power__beta__roi__R2__iqr__OE,,
dummy,5,2,psd__absolute_power__beta__roi__R2__median__CE,,
dummy,5,2,psd__absolute_power__beta__roi__R2__median__CE_minus_OE,,
dummy,5,2,psd__absolute_power__beta__roi__R2__median__OE,,
dummy,5,2,psd__absolute_power__beta__roi__R3__iqr__CE,,
dummy,5,2,psd__absolute_power__beta__roi__R3__iqr__CE_minus_OE,,
dummy,5,2,psd__absolute_power__beta__roi__R3__iqr__OE,,
dummy,5,2,psd__absolute_power__beta__roi__R3__median__CE,,
dummy,5,2,psd__absolute_power__beta__roi__R3__median__CE_minus_OE,,
dummy,5,2,psd__absolute_power__beta__roi__R3__median__OE,,
dummy,5,2,psd__absolute_power__beta__roi__R4__iqr__CE,,
dummy,5,2,psd__absolute_power__beta__roi__R4__iqr__CE_minus_OE,,
dummy,5,2,psd__absolute_power__beta__roi__R4__iqr__OE,,
dummy,5,2,psd__absolute_power__beta__roi__R4__median__CE,,
dummy,5,2,psd__absolute_power__beta__roi__R4__median__CE_minus_OE,,
dummy,5,2,psd__absolute_power__beta__roi__R4__median__OE,,
dummy,5,2,psd__absolute_power__beta__roi__R5__iqr__CE,,
dummy,5,2,psd__absolute_power__beta__roi__R5__iqr__CE_minus_OE,,
dummy,5,2,psd__absolute_power__beta__roi__R5__iqr__OE,,
dummy,5,2,psd__absolute_power__beta__roi__R5__median__CE,,
dummy,5,2,psd__absolute_power__beta__roi__R5__median__CE_minus_OE,,
dummy,5,2,psd__absolute_power__beta__roi__R5__median__OE,,
dummy,5,2,psd__absolute_power__beta__roi__R6__iqr__CE,,
dummy,5,2,psd__absolute_power__beta__roi__R6__iqr__CE_minus_OE,,
dummy,5,2,psd__absolute_power__beta__roi__R6__iqr__OE,,
dummy,5,2,psd__absolute_power__beta__roi__R6__median__CE,,
dummy,5,2,psd__absolute_power__beta__roi__R6__median__CE_minus_OE,,
dummy,5,2,psd__absolute_power__beta__roi__R6__median__OE,,
dummy,5,2,psd__absolute_power__delta__roi__R1__iqr__CE,,
dummy,5,2,psd__absolute_power__delta__roi__R1__iqr__CE_minus_OE,,
dummy,5,2,psd__absolute_power__delta__roi__R1__iqr__OE,,
dummy,5,2,psd__absolute_power__delta__roi__R1__median__CE,,
dummy,5,2,psd__absolute_power__delta__roi__R1__median__CE_minus_OE,,
dummy,5,2,psd__absolute_power__delta__roi__R1__median__OE,,
dummy,5,2,psd__absolute_power__delta__roi__R2__iqr__CE,,
dummy,5,2,psd__absolute_power__delta__roi__R2__iqr__CE_minus_OE,,
dummy,5,2,psd__absolute_power__delta__roi__R2__iqr__OE,,
dummy,5,2,psd__absolute_power__delta__roi__R2__median__CE,,
dummy,5,2,psd__absolute_power__delta__roi__R2__median__CE_minus_OE,,
dummy,5,2,psd__absolute_power__delta__roi__R2__median__OE,,
dummy,5,2,psd__absolute_power__delta__roi__R3__iqr__CE,,
dummy,5,2,psd__absolute_power__delta__roi__R3__iqr__CE_minus_OE,,
dummy,5,2,psd__absolute_power__delta__roi__R3__iqr__OE,,
dummy,5,2,psd__absolute_power__delta__roi__R3__median__CE,,
dummy,5,2,psd__absolute_power__delta__roi__R3__median__CE_minus_OE,,
dummy,5,2,psd__absolute_power__delta__roi__R3__median__OE,,
dummy,5,2,psd__absolute_power__delta__roi__R4__iqr__CE,,
dummy,5,2,psd__absolute_power__delta__roi__R4__iqr__CE_minus_OE,,
dummy,5,2,psd__absolute_power__delta__roi__R4__iqr__OE,,
dummy,5,2,psd__absolute_power__delta__roi__R4__median__CE,,
dummy,5,2,psd__absolute_power__delta__roi__R4__median__CE_minus_OE,,
dummy,5,2,psd__absolute_power__delta__roi__R4__median__OE,,
dummy,5,2,psd__absolute_power__delta__roi__R5__iqr__CE,,
dummy,5,2,psd__absolute_power__delta__roi__R5__iqr__CE_minus_OE,,
dummy,5,2,psd__absolute_power__delta__roi__R5__iqr__OE,,
dummy,5,2,psd__absolute_power__delta__roi__R5__median__CE,,
dummy,5,2,psd__absolute_power__delta__roi__R5__median__CE_minus_OE,,
dummy,5,2,psd__absolute_power__delta__roi__R5__median__OE,,
dummy,5,2,psd__absolute_power__delta__roi__R6__iqr__CE,,
dummy,5,2,psd__absolute_power__delta__roi__R6__iqr__CE_minus_OE,,
dummy,5,2,psd__absolute_power__delta__roi__R6__iqr__OE,,
dummy,5,2,psd__absolute_power__delta__roi__R6__median__CE,,
dummy,5,2,psd__absolute_power__delta__roi__R6__median__CE_minus_OE,,
dummy,5,2,psd__absolute_power__delta__roi__R6__median__OE,,
dummy,5,2,psd__absolute_power__gamma__roi__R1__iqr__CE,,
dummy,5,2,psd__absolute_power__gamma__roi__R1__iqr__CE_minus_OE,,
dummy,5,2,psd__absolute_power__gamma__roi__R1__iqr__OE,,
dummy,5,2,psd__absolute_power__gamma__roi__R1__median__CE,,
dummy,5,2,psd__absolute_power__gamma__roi__R1__median__CE_minus_OE,,
dummy,5,2,psd__absolute_power__gamma__roi__R1__median__OE,,
dummy,5,2,psd__absolute_power__gamma__roi__R2__iqr__CE,,
dummy,5,2,psd__absolute_power__gamma__roi__R2__iqr__CE_minus_OE,,
dummy,5,2,psd__absolute_power__gamma__roi__R2__iqr__OE,,
dummy,5,2,psd__absolute_power__gamma__roi__R2__median__CE,,
dummy,5,2,psd__absolute_power__gamma__roi__R2__median__CE_minus_OE,,
dummy,5,2,psd__absolute_power__gamma__roi__R2__median__OE,,
dummy,5,2,psd__absolute_power__gamma__roi__R3__iqr__CE,,
dummy,5,2,psd__absolute_power__gamma__roi__R3__iqr__CE_minus_OE,,
dummy,5,2,psd__absolute_power__gamma__roi__R3__iqr__OE,,
dummy,5,2,psd__absolute_power__gamma__roi__R3__median__CE,,
dummy,5,2,psd__absolute_power__gamma__roi__R3__median__CE_minus_OE,,
dummy,5,2,psd__absolute_power__gamma__roi__R3__median__OE,,
dummy,5,2,psd__absolute_power__gamma__roi__R4__iqr__CE,,
dummy,5,2,psd__absolute_power__gamma__roi__R4__iqr__CE_minus_OE,,
dummy,5,2,psd__absolute_power__gamma__roi__R4__iqr__OE,,
dummy,5,2,psd__absolute_power__gamma__roi__R4__median__CE,,
dummy,5,2,psd__absolute_power__gamma__roi__R4__median__CE_minus_OE,,
dummy,5,2,psd__absolute_power__gamma__roi__R4__median__OE,,
dummy,5,2,psd__absolute_power__gamma__roi__R5__iqr__CE,,
dummy,5,2,psd__absolute_power__gamma__roi__R5__iqr__CE_minus_OE,,
dummy,5,2,psd__absolute_power__gamma__roi__R5__iqr__OE,,
dummy,5,2,psd__absolute_power__gamma__roi__R5__median__CE,,
dummy,5,2,psd__absolute_power__gamma__roi__R5__median__CE_minus_OE,,
dummy,5,2,psd__absolute_power__gamma__roi__R5__median__OE,,
dummy,5,2,psd__absolute_power__gamma__roi__R6__iqr__CE,,
dummy,5,2,psd__absolute_power__gamma__roi__R6__iqr__CE_minus_OE,,
dummy,5,2,psd__absolute_power__gamma__roi__R6__iqr__OE,,
dummy,5,2,psd__absolute_power__gamma__roi__R6__median__CE,,
dummy,5,2,psd__absolute_power__gamma__roi__R6__median__CE_minus_OE,,
dummy,5,2,psd__absolute_power__gamma__roi__R6__median__OE,,
dummy,5,2,psd__absolute_power__theta__roi__R1__iqr__CE,,
dummy,5,2,psd__absolute_power__theta__roi__R1__iqr__CE_minus_OE,,
dummy,5,2,psd__absolute_power__theta__roi__R1__iqr__OE,,
dummy,5,2,psd__absolute_power__theta__roi__R1__median__CE,,
dummy,5,2,psd__absolute_power__theta__roi__R1__median__CE_minus_OE,,
dummy,5,2,psd__absolute_power__theta__roi__R1__median__OE,,
dummy,5,2,psd__absolute_power__theta__roi__R2__iqr__CE,,
dummy,5,2,psd__absolute_power__theta__roi__R2__iqr__CE_minus_OE,,
dummy,5,2,psd__absolute_power__theta__roi__R2__iqr__OE,,
dummy,5,2,psd__absolute_power__theta__roi__R2__median__CE,,
dummy,5,2,psd__absolute_power__theta__roi__R2__median__CE_minus_OE,,
dummy,5,2,psd__absolute_power__theta__roi__R2__median__OE,,
dummy,5,2,psd__absolute_power__theta__roi__R3__iqr__CE,,
dummy,5,2,psd__absolute_power__theta__roi__R3__iqr__CE_minus_OE,,
dummy,5,2,psd__absolute_power__theta__roi__R3__iqr__OE,,
dummy,5,2,psd__absolute_power__theta__roi__R3__median__CE,,
dummy,5,2,psd__absolute_power__theta__roi__R3__median__CE_minus_OE,,
dummy,5,2,psd__absolute_power__theta__roi__R3__median__OE,,
dummy,5,2,psd__absolute_power__theta__roi__R4__iqr__CE,,
dummy,5,2,psd__absolute_power__theta__roi__R4__iqr__CE_minus_OE,,
dummy,5,2,psd__absolute_power__theta__roi__R4__iqr__OE,,
dummy,5,2,psd__absolute_power__theta__roi__R4__median__CE,,
dummy,5,2,psd__absolute_power__theta__roi__R4__median__CE_minus_OE,,
dummy,5,2,psd__absolute_power__theta__roi__R4__median__OE,,
dummy,5,2,psd__absolute_power__theta__roi__R5__iqr__CE,,
dummy,5,2,psd__absolute_power__theta__roi__R5__iqr__CE_minus_OE,,
dummy,5,2,psd__absolute_power__theta__roi__R5__iqr__OE,,
dummy,5,2,psd__absolute_power__theta__roi__R5__median__CE,,
dummy,5,2,psd__absolute_power__theta__roi__R5__median__CE_minus_OE,,
dummy,5,2,psd__absolute_power__theta__roi__R5__median__OE,,
dummy,5,2,psd__absolute_power__theta__roi__R6__iqr__CE,,
dummy,5,2,psd__absolute_power__theta__roi__R6__iqr__CE_minus_OE,,
dummy,5,2,psd__absolute_power__theta__roi__R6__iqr__OE,,
dummy,5,2,psd__absolute_power__theta__roi__R6__median__CE,,
dummy,5,2,psd__absolute_power__theta__roi__R6__median__CE_minus_OE,,
dummy,5,2,psd__absolute_power__theta__roi__R6__median__OE,,
dummy,5,2,psd__delta_alpha_ratio__derived__roi__R1__iqr__CE,,
dummy,5,2,psd__delta_alpha_ratio__derived__roi__R1__iqr__CE_minus_OE,,
dummy,5,2,psd__delta_alpha_ratio__derived__roi__R1__iqr__OE,,
dummy,5,2,psd__delta_alpha_ratio__derived__roi__R1__median__CE,,
dummy,5,2,psd__delta_alpha_ratio__derived__roi__R1__median__CE_minus_OE,,
dummy,5,2,psd__delta_alpha_ratio__derived__roi__R1__median__OE,,
dummy,5,2,psd__delta_alpha_ratio__derived__roi__R2__iqr__CE,,
dummy,5,2,psd__delta_alpha_ratio__derived__roi__R2__iqr__CE_minus_OE,,
dummy,5,2,psd__delta_alpha_ratio__derived__roi__R2__iqr__OE,,
dummy,5,2,psd__delta_alpha_ratio__derived__roi__R2__median__CE,,
dummy,5,2,psd__delta_alpha_ratio__derived__roi__R2__median__CE_minus_OE,,
dummy,5,2,psd__delta_alpha_ratio__derived__roi__R2__median__OE,,
dummy,5,2,psd__delta_alpha_ratio__derived__roi__R3__iqr__CE,,
dummy,5,2,psd__delta_alpha_ratio__derived__roi__R3__iqr__CE_minus_OE,,
dummy,5,2,psd__delta_alpha_ratio__derived__roi__R3__iqr__OE,,
dummy,5,2,psd__delta_alpha_ratio__derived__roi__R3__median__CE,,
dummy,5,2,psd__delta_alpha_ratio__derived__roi__R3__median__CE_minus_OE,,
dummy,5,2,psd__delta_alpha_ratio__derived__roi__R3__median__OE,,
dummy,5,2,psd__delta_alpha_ratio__derived__roi__R4__iqr__CE,,
dummy,5,2,psd__delta_alpha_ratio__derived__roi__R4__iqr__CE_minus_OE,,
dummy,5,2,psd__delta_alpha_ratio__derived__roi__R4__iqr__OE,,
dummy,5,2,psd__delta_alpha_ratio__derived__roi__R4__median__CE,,
dummy,5,2,psd__delta_alpha_ratio__derived__roi__R4__median__CE_minus_OE,,
dummy,5,2,psd__delta_alpha_ratio__derived__roi__R4__median__OE,,
dummy,5,2,psd__delta_alpha_ratio__derived__roi__R5__iqr__CE,,
dummy,5,2,psd__delta_alpha_ratio__derived__roi__R5__iqr__CE_minus_OE,,
dummy,5,2,psd__delta_alpha_ratio__derived__roi__R5__iqr__OE,,
dummy,5,2,psd__delta_alpha_ratio__derived__roi__R5__median__CE,,
dummy,5,2,psd__delta_alpha_ratio__derived__roi__R5__median__CE_minus_OE,,
dummy,5,2,psd__delta_alpha_ratio__derived__roi__R5__median__OE,,
dummy,5,2,psd__delta_alpha_ratio__derived__roi__R6__iqr__CE,,
dummy,5,2,psd__delta_alpha_ratio__derived__roi__R6__iqr__CE_minus_OE,,
dummy,5,2,psd__delta_alpha_ratio__derived__roi__R6__iqr__OE,,
dummy,5,2,psd__delta_alpha_ratio__derived__roi__R6__median__CE,,
dummy,5,2,psd__delta_alpha_ratio__derived__roi__R6__median__CE_minus_OE,,
dummy,5,2,psd__delta_alpha_ratio__derived__roi__R6__median__OE,,
dummy,5,2,psd__relative_power__alpha__roi__R1__iqr__CE,,
dummy,5,2,psd__relative_power__alpha__roi__R1__iqr__CE_minus_OE,,
dummy,5,2,psd__relative_power__alpha__roi__R1__iqr__OE,,
dummy,5,2,psd__relative_power__alpha__roi__R1__median__CE,,
dummy,5,2,psd__relative_power__alpha__roi__R1__median__CE_minus_OE,,
dummy,5,2,psd__relative_power__alpha__roi__R1__median__OE,,
dummy,5,2,psd__relative_power__alpha__roi__R2__iqr__CE,,
dummy,5,2,psd__relative_power__alpha__roi__R2__iqr__CE_minus_OE,,
dummy,5,2,psd__relative_power__alpha__roi__R2__iqr__OE,,
dummy,5,2,psd__relative_power__alpha__roi__R2__median__CE,,
dummy,5,2,psd__relative_power__alpha__roi__R2__median__CE_minus_OE,,
dummy,5,2,psd__relative_power__alpha__roi__R2__median__OE,,
dummy,5,2,psd__relative_power__alpha__roi__R3__iqr__CE,,
dummy,5,2,psd__relative_power__alpha__roi__R3__iqr__CE_minus_OE,,
dummy,5,2,psd__relative_power__alpha__roi__R3__iqr__OE,,
dummy,5,2,psd__relative_power__alpha__roi__R3__median__CE,,
dummy,5,2,psd__relative_power__alpha__roi__R3__median__CE_minus_OE,,
dummy,5,2,psd__relative_power__alpha__roi__R3__median__OE,,
dummy,5,2,psd__relative_power__alpha__roi__R4__iqr__CE,,
dummy,5,2,psd__relative_power__alpha__roi__R4__iqr__CE_minus_OE,,
dummy,5,2,psd__relative_power__alpha__roi__R4__iqr__OE,,
dummy,5,2,psd__relative_power__alpha__roi__R4__median__CE,,
dummy,5,2,psd__relative_power__alpha__roi__R4__median__CE_minus_OE,,
dummy,5,2,psd__relative_power__alpha__roi__R4__median__OE,,
dummy,5,2,psd__relative_power__alpha__roi__R5__iqr__CE,,
dummy,5,2,psd__relative_power__alpha__roi__R5__iqr__CE_minus_OE,,
dummy,5,2,psd__relative_power__alpha__roi__R5__iqr__OE,,
dummy,5,2,psd__relative_power__alpha__roi__R5__median__CE,,
dummy,5,2,psd__relative_power__alpha__roi__R5__median__CE_minus_OE,,
dummy,5,2,psd__relative_power__alpha__roi__R5__median__OE,,
dummy,5,2,psd__relative_power__alpha__roi__R6__iqr__CE,,
dummy,5,2,psd__relative_power__alpha__roi__R6__iqr__CE_minus_OE,,
dummy,5,2,psd__relative_power__alpha__roi__R6__iqr__OE,,
dummy,5,2,psd__relative_power__alpha__roi__R6__median__CE,,
dummy,5,2,psd__relative_power__alpha__roi__R6__median__CE_minus_OE,,
dummy,5,2,psd__relative_power__alpha__roi__R6__median__OE,,
dummy,5,2,psd__relative_power__beta__roi__R1__iqr__CE,,
dummy,5,2,psd__relative_power__beta__roi__R1__iqr__CE_minus_OE,,
dummy,5,2,psd__relative_power__beta__roi__R1__iqr__OE,,
dummy,5,2,psd__relative_power__beta__roi__R1__median__CE,,
dummy,5,2,psd__relative_power__beta__roi__R1__median__CE_minus_OE,,
dummy,5,2,psd__relative_power__beta__roi__R1__median__OE,,
dummy,5,2,psd__relative_power__beta__roi__R2__iqr__CE,,
dummy,5,2,psd__relative_power__beta__roi__R2__iqr__CE_minus_OE,,
dummy,5,2,psd__relative_power__beta__roi__R2__iqr__OE,,
dummy,5,2,psd__relative_power__beta__roi__R2__median__CE,,
dummy,5,2,psd__relative_power__beta__roi__R2__median__CE_minus_OE,,
dummy,5,2,psd__relative_power__beta__roi__R2__median__OE,,
dummy,5,2,psd__relative_power__beta__roi__R3__iqr__CE,,
dummy,5,2,psd__relative_power__beta__roi__R3__iqr__CE_minus_OE,,
dummy,5,2,psd__relative_power__beta__roi__R3__iqr__OE,,
dummy,5,2,psd__relative_power__beta__roi__R3__median__CE,,
dummy,5,2,psd__relative_power__beta__roi__R3__median__CE_minus_OE,,
dummy,5,2,psd__relative_power__beta__roi__R3__median__OE,,
dummy,5,2,psd__relative_power__beta__roi__R4__iqr__CE,,
dummy,5,2,psd__relative_power__beta__roi__R4__iqr__CE_minus_OE,,
dummy,5,2,psd__relative_power__beta__roi__R4__iqr__OE,,
dummy,5,2,psd__relative_power__beta__roi__R4__median__CE,,
dummy,5,2,psd__relative_power__beta__roi__R4__median__CE_minus_OE,,
dummy,5,2,psd__relative_power__beta__roi__R4__median__OE,,
dummy,5,2,psd__relative_power__beta__roi__R5__iqr__CE,,
dummy,5,2,psd__relative_power__beta__roi__R5__iqr__CE_minus_OE,,
dummy,5,2,psd__relative_power__beta__roi__R5__iqr__OE,,
dummy,5,2,psd__relative_power__beta__roi__R5__median__CE,,
dummy,5,2,psd__relative_power__beta__roi__R5__median__CE_minus_OE,,
dummy,5,2,psd__relative_power__beta__roi__R5__median__OE,,
dummy,5,2,psd__relative_power__beta__roi__R6__iqr__CE,,
dummy,5,2,psd__relative_power__beta__roi__R6__iqr__CE_minus_OE,,
dummy,5,2,psd__relative_power__beta__roi__R6__iqr__OE,,
dummy,5,2,psd__relative_power__beta__roi__R6__median__CE,,
dummy,5,2,psd__relative_power__beta__roi__R6__median__CE_minus_OE,,
dummy,5,2,psd__relative_power__beta__roi__R6__median__OE,,
dummy,5,2,psd__relative_power__delta__roi__R1__iqr__CE,,
dummy,5,2,psd__relative_power__delta__roi__R1__iqr__CE_minus_OE,,
dummy,5,2,psd__relative_power__delta__roi__R1__iqr__OE,,
dummy,5,2,psd__relative_power__delta__roi__R1__median__CE,,
dummy,5,2,psd__relative_power__delta__roi__R1__median__CE_minus_OE,,
dummy,5,2,psd__relative_power__delta__roi__R1__median__OE,,
dummy,5,2,psd__relative_power__delta__roi__R2__iqr__CE,,
dummy,5,2,psd__relative_power__delta__roi__R2__iqr__CE_minus_OE,,
dummy,5,2,psd__relative_power__delta__roi__R2__iqr__OE,,
dummy,5,2,psd__relative_power__delta__roi__R2__median__CE,,
dummy,5,2,psd__relative_power__delta__roi__R2__median__CE_minus_OE,,
dummy,5,2,psd__relative_power__delta__roi__R2__median__OE,,
dummy,5,2,psd__relative_power__delta__roi__R3__iqr__CE,,
dummy,5,2,psd__relative_power__delta__roi__R3__iqr__CE_minus_OE,,
dummy,5,2,psd__relative_power__delta__roi__R3__iqr__OE,,
dummy,5,2,psd__relative_power__delta__roi__R3__median__CE,,
dummy,5,2,psd__relative_power__delta__roi__R3__median__CE_minus_OE,,
dummy,5,2,psd__relative_power__delta__roi__R3__median__OE,,
dummy,5,2,psd__relative_power__delta__roi__R4__iqr__CE,,
dummy,5,2,psd__relative_power__delta__roi__R4__iqr__CE_minus_OE,,
dummy,5,2,psd__relative_power__delta__roi__R4__iqr__OE,,
dummy,5,2,psd__relative_power__delta__roi__R4__median__CE,,
dummy,5,2,psd__relative_power__delta__roi__R4__median__CE_minus_OE,,
dummy,5,2,psd__relative_power__delta__roi__R4__median__OE,,
dummy,5,2,psd__relative_power__delta__roi__R5__iqr__CE,,
dummy,5,2,psd__relative_power__delta__roi__R5__iqr__CE_minus_OE,,
dummy,5,2,psd__relative_power__delta__roi__R5__iqr__OE,,
dummy,5,2,psd__relative_power__delta__roi__R5__median__CE,,
dummy,5,2,psd__relative_power__delta__roi__R5__median__CE_minus_OE,,
dummy,5,2,psd__relative_power__delta__roi__R5__median__OE,,
dummy,5,2,psd__relative_power__delta__roi__R6__iqr__CE,,
dummy,5,2,psd__relative_power__delta__roi__R6__iqr__CE_minus_OE,,
dummy,5,2,psd__relative_power__delta__roi__R6__iqr__OE,,
dummy,5,2,psd__relative_power__delta__roi__R6__median__CE,,
dummy,5,2,psd__relative_power__delta__roi__R6__median__CE_minus_OE,,
dummy,5,2,psd__relative_power__delta__roi__R6__median__OE,,
dummy,5,2,psd__relative_power__gamma__roi__R1__iqr__CE,,
dummy,5,2,psd__relative_power__gamma__roi__R1__iqr__CE_minus_OE,,
dummy,5,2,psd__relative_power__gamma__roi__R1__iqr__OE,,
dummy,5,2,psd__relative_power__gamma__roi__R1__median__CE,,
dummy,5,2,psd__relative_power__gamma__roi__R1__median__CE_minus_OE,,
dummy,5,2,psd__relative_power__gamma__roi__R1__median__OE,,
dummy,5,2,psd__relative_power__gamma__roi__R2__iqr__CE,,
dummy,5,2,psd__relative_power__gamma__roi__R2__iqr__CE_minus_OE,,
dummy,5,2,psd__relative_power__gamma__roi__R2__iqr__OE,,
dummy,5,2,psd__relative_power__gamma__roi__R2__median__CE,,
dummy,5,2,psd__relative_power__gamma__roi__R2__median__CE_minus_OE,,
dummy,5,2,psd__relative_power__gamma__roi__R2__median__OE,,
dummy,5,2,psd__relative_power__gamma__roi__R3__iqr__CE,,
dummy,5,2,psd__relative_power__gamma__roi__R3__iqr__CE_minus_OE,,
dummy,5,2,psd__relative_power__gamma__roi__R3__iqr__OE,,
dummy,5,2,psd__relative_power__gamma__roi__R3__median__CE,,
dummy,5,2,psd__relative_power__gamma__roi__R3__median__CE_minus_OE,,
dummy,5,2,psd__relative_power__gamma__roi__R3__median__OE,,
dummy,5,2,psd__relative_power__gamma__roi__R4__iqr__CE,,
dummy,5,2,psd__relative_power__gamma__roi__R4__iqr__CE_minus_OE,,
dummy,5,2,psd__relative_power__gamma__roi__R4__iqr__OE,,
dummy,5,2,psd__relative_power__gamma__roi__R4__median__CE,,
dummy,5,2,psd__relative_power__gamma__roi__R4__median__CE_minus_OE,,
dummy,5,2,psd__relative_power__gamma__roi__R4__median__OE,,
dummy,5,2,psd__relative_power__gamma__roi__R5__iqr__CE,,
dummy,5,2,psd__relative_power__gamma__roi__R5__iqr__CE_minus_OE,,
dummy,5,2,psd__relative_power__gamma__roi__R5__iqr__OE,,
dummy,5,2,psd__relative_power__gamma__roi__R5__median__CE,,
dummy,5,2,psd__relative_power__gamma__roi__R5__median__CE_minus_OE,,
dummy,5,2,psd__relative_power__gamma__roi__R5__median__OE,,
dummy,5,2,psd__relative_power__gamma__roi__R6__iqr__CE,,
dummy,5,2,psd__relative_power__gamma__roi__R6__iqr__CE_minus_OE,,
dummy,5,2,psd__relative_power__gamma__roi__R6__iqr__OE,,
dummy,5,2,psd__relative_power__gamma__roi__R6__median__CE,,
dummy,5,2,psd__relative_power__gamma__roi__R6__median__CE_minus_OE,,
dummy,5,2,psd__relative_power__gamma__roi__R6__median__OE,,
dummy,5,2,psd__relative_power__theta__roi__R1__iqr__CE,,
dummy,5,2,psd__relative_power__theta__roi__R1__iqr__CE_minus_OE,,
dummy,5,2,psd__relative_power__theta__roi__R1__iqr__OE,,
dummy,5,2,psd__relative_power__theta__roi__R1__median__CE,,
dummy,5,2,psd__relative_power__theta__roi__R1__median__CE_minus_OE,,
dummy,5,2,psd__relative_power__theta__roi__R1__median__OE,,
dummy,5,2,psd__relative_power__theta__roi__R2__iqr__CE,,
dummy,5,2,psd__relative_power__theta__roi__R2__iqr__CE_minus_OE,,
dummy,5,2,psd__relative_power__theta__roi__R2__iqr__OE,,
dummy,5,2,psd__relative_power__theta__roi__R2__median__CE,,
dummy,5,2,psd__relative_power__theta__roi__R2__median__CE_minus_OE,,
dummy,5,2,psd__relative_power__theta__roi__R2__median__OE,,
dummy,5,2,psd__relative_power__theta__roi__R3__iqr__CE,,
dummy,5,2,psd__relative_power__theta__roi__R3__iqr__CE_minus_OE,,
dummy,5,2,psd__relative_power__theta__roi__R3__iqr__OE,,
dummy,5,2,psd__relative_power__theta__roi__R3__median__CE,,
dummy,5,2,psd__relative_power__theta__roi__R3__median__CE_minus_OE,,
dummy,5,2,psd__relative_power__theta__roi__R3__median__OE,,
dummy,5,2,psd__relative_power__theta__roi__R4__iqr__CE,,
dummy,5,2,psd__relative_power__theta__roi__R4__iqr__CE_minus_OE,,
dummy,5,2,psd__relative_power__theta__roi__R4__iqr__OE,,
dummy,5,2,psd__relative_power__theta__roi__R4__median__CE,,
dummy,5,2,psd__relative_power__theta__roi__R4__median__CE_minus_OE,,
dummy,5,2,psd__relative_power__theta__roi__R4__median__OE,,
dummy,5,2,psd__relative_power__theta__roi__R5__iqr__CE,,
dummy,5,2,psd__relative_power__theta__roi__R5__iqr__CE_minus_OE,,
dummy,5,2,psd__relative_power__theta__roi__R5__iqr__OE,,
dummy,5,2,psd__relative_power__theta__roi__R5__median__CE,,
dummy,5,2,psd__relative_power__theta__roi__R5__median__CE_minus_OE,,
dummy,5,2,psd__relative_power__theta__roi__R5__median__OE,,
dummy,5,2,psd__relative_power__theta__roi__R6__iqr__CE,,
dummy,5,2,psd__relative_power__theta__roi__R6__iqr__CE_minus_OE,,
dummy,5,2,psd__relative_power__theta__roi__R6__iqr__OE,,
dummy,5,2,psd__relative_power__theta__roi__R6__median__CE,,
dummy,5,2,psd__relative_power__theta__roi__R6__median__CE_minus_OE,,
dummy,5,2,psd__relative_power__theta__roi__R6__median__OE,,
dummy,5,2,psd__sfr__derived__roi__R1__iqr__CE,,
dummy,5,2,psd__sfr__derived__roi__R1__iqr__CE_minus_OE,,
dummy,5,2,psd__sfr__derived__roi__R1__iqr__OE,,
dummy,5,2,psd__sfr__derived__roi__R1__median__CE,,
dummy,5,2,psd__sfr__derived__roi__R1__median__CE_minus_OE,,
dummy,5,2,psd__sfr__derived__roi__R1__median__OE,,
dummy,5,2,psd__sfr__derived__roi__R2__iqr__CE,,
dummy,5,2,psd__sfr__derived__roi__R2__iqr__CE_minus_OE,,
dummy,5,2,psd__sfr__derived__roi__R2__iqr__OE,,
dummy,5,2,psd__sfr__derived__roi__R2__median__CE,,
dummy,5,2,psd__sfr__derived__roi__R2__median__CE_minus_OE,,
dummy,5,2,psd__sfr__derived__roi__R2__median__OE,,
dummy,5,2,psd__sfr__derived__roi__R3__iqr__CE,,
dummy,5,2,psd__sfr__derived__roi__R3__iqr__CE_minus_OE,,
dummy,5,2,psd__sfr__derived__roi__R3__iqr__OE,,
dummy,5,2,psd__sfr__derived__roi__R3__median__CE,,
dummy,5,2,psd__sfr__derived__roi__R3__median__CE_minus_OE,,
dummy,5,2,psd__sfr__derived__roi__R3__median__OE,,
dummy,5,2,psd__sfr__derived__roi__R4__iqr__CE,,
dummy,5,2,psd__sfr__derived__roi__R4__iqr__CE_minus_OE,,
dummy,5,2,psd__sfr__derived__roi__R4__iqr__OE,,
dummy,5,2,psd__sfr__derived__roi__R4__median__CE,,
dummy,5,2,psd__sfr__derived__roi__R4__median__CE_minus_OE,,
dummy,5,2,psd__sfr__derived__roi__R4__median__OE,,
dummy,5,2,psd__sfr__derived__roi__R5__iqr__CE,,
dummy,5,2,psd__sfr__derived__roi__R5__iqr__CE_minus_OE,,
dummy,5,2,psd__sfr__derived__roi__R5__iqr__OE,,
dummy,5,2,psd__sfr__derived__roi__R5__median__CE,,
dummy,5,2,psd__sfr__derived__roi__R5__median__CE_minus_OE,,
dummy,5,2,psd__sfr__derived__roi__R5__median__OE,,
dummy,5,2,psd__sfr__derived__roi__R6__iqr__CE,,
dummy,5,2,psd__sfr__derived__roi__R6__iqr__CE_minus_OE,,
dummy,5,2,psd__sfr__derived__roi__R6__iqr__OE,,
dummy,5,2,psd__sfr__derived__roi__R6__median__CE,,
dummy,5,2,psd__sfr__derived__roi__R6__median__CE_minus_OE,,
dummy,5,2,psd__sfr__derived__roi__R6__median__OE,,
dummy,5,2,psd__theta_alpha_ratio__derived__roi__R1__iqr__CE,,
dummy,5,2,psd__theta_alpha_ratio__derived__roi__R1__iqr__CE_minus_OE,,
dummy,5,2,psd__theta_alpha_ratio__derived__roi__R1__iqr__OE,,
dummy,5,2,psd__theta_alpha_ratio__derived__roi__R1__median__CE,,
dummy,5,2,psd__theta_alpha_ratio__derived__roi__R1__median__CE_minus_OE,,
dummy,5,2,psd__theta_alpha_ratio__derived__roi__R1__median__OE,,
dummy,5,2,psd__theta_alpha_ratio__derived__roi__R2__iqr__CE,,
dummy,5,2,psd__theta_alpha_ratio__derived__roi__R2__iqr__CE_minus_OE,,
dummy,5,2,psd__theta_alpha_ratio__derived__roi__R2__iqr__OE,,
dummy,5,2,psd__theta_alpha_ratio__derived__roi__R2__median__CE,,
dummy,5,2,psd__theta_alpha_ratio__derived__roi__R2__median__CE_minus_OE,,
dummy,5,2,psd__theta_alpha_ratio__derived__roi__R2__median__OE,,
dummy,5,2,psd__theta_alpha_ratio__derived__roi__R3__iqr__CE,,
dummy,5,2,psd__theta_alpha_ratio__derived__roi__R3__iqr__CE_minus_OE,,
dummy,5,2,psd__theta_alpha_ratio__derived__roi__R3__iqr__OE,,
dummy,5,2,psd__theta_alpha_ratio__derived__roi__R3__median__CE,,
dummy,5,2,psd__theta_alpha_ratio__derived__roi__R3__median__CE_minus_OE,,
dummy,5,2,psd__theta_alpha_ratio__derived__roi__R3__median__OE,,
dummy,5,2,psd__theta_alpha_ratio__derived__roi__R4__iqr__CE,,
dummy,5,2,psd__theta_alpha_ratio__derived__roi__R4__iqr__CE_minus_OE,,
dummy,5,2,psd__theta_alpha_ratio__derived__roi__R4__iqr__OE,,
dummy,5,2,psd__theta_alpha_ratio__derived__roi__R4__median__CE,,
dummy,5,2,psd__theta_alpha_ratio__derived__roi__R4__median__CE_minus_OE,,
dummy,5,2,psd__theta_alpha_ratio__derived__roi__R4__median__OE,,
dummy,5,2,psd__theta_alpha_ratio__derived__roi__R5__iqr__CE,,
dummy,5,2,psd__theta_alpha_ratio__derived__roi__R5__iqr__CE_minus_OE,,
dummy,5,2,psd__theta_alpha_ratio__derived__roi__R5__iqr__OE,,
dummy,5,2,psd__theta_alpha_ratio__derived__roi__R5__median__CE,,
dummy,5,2,psd__theta_alpha_ratio__derived__roi__R5__median__CE_minus_OE,,
dummy,5,2,psd__theta_alpha_ratio__derived__roi__R5__median__OE,,
dummy,5,2,psd__theta_alpha_ratio__derived__roi__R6__iqr__CE,,
dummy,5,2,psd__theta_alpha_ratio__derived__roi__R6__iqr__CE_minus_OE,,
dummy,5,2,psd__theta_alpha_ratio__derived__roi__R6__iqr__OE,,
dummy,5,2,psd__theta_alpha_ratio__derived__roi__R6__median__CE,,
dummy,5,2,psd__theta_alpha_ratio__derived__roi__R6__median__CE_minus_OE,,
dummy,5,2,psd__theta_alpha_ratio__derived__roi__R6__median__OE,,
dummy,5,3,complexity__spectral_entropy__broadband__roi__R1__iqr__CE,,
dummy,5,3,complexity__spectral_entropy__broadband__roi__R1__iqr__CE_minus_OE,,
dummy,5,3,complexity__spectral_entropy__broadband__roi__R1__iqr__OE,,
dummy,5,3,complexity__spectral_entropy__broadband__roi__R1__median__CE,,
dummy,5,3,complexity__spectral_entropy__broadband__roi__R1__median__CE_minus_OE,,
dummy,5,3,complexity__spectral_entropy__broadband__roi__R1__median__OE,,
dummy,5,3,complexity__spectral_entropy__broadband__roi__R2__iqr__CE,,
dummy,5,3,complexity__spectral_entropy__broadband__roi__R2__iqr__CE_minus_OE,,
dummy,5,3,complexity__spectral_entropy__broadband__roi__R2__iqr__OE,,
dummy,5,3,complexity__spectral_entropy__broadband__roi__R2__median__CE,,
dummy,5,3,complexity__spectral_entropy__broadband__roi__R2__median__CE_minus_OE,,
dummy,5,3,complexity__spectral_entropy__broadband__roi__R2__median__OE,,
dummy,5,3,complexity__spectral_entropy__broadband__roi__R3__iqr__CE,,
dummy,5,3,complexity__spectral_entropy__broadband__roi__R3__iqr__CE_minus_OE,,
dummy,5,3,complexity__spectral_entropy__broadband__roi__R3__iqr__OE,,
dummy,5,3,complexity__spectral_entropy__broadband__roi__R3__median__CE,,
dummy,5,3,complexity__spectral_entropy__broadband__roi__R3__median__CE_minus_OE,,
dummy,5,3,complexity__spectral_entropy__broadband__roi__R3__median__OE,,
dummy,5,3,complexity__spectral_entropy__broadband__roi__R4__iqr__CE,,
dummy,5,3,complexity__spectral_entropy__broadband__roi__R4__iqr__CE_minus_OE,,
dummy,5,3,complexity__spectral_entropy__broadband__roi__R4__iqr__OE,,
dummy,5,3,complexity__spectral_entropy__broadband__roi__R4__median__CE,,
dummy,5,3,complexity__spectral_entropy__broadband__roi__R4__median__CE_minus_OE,,
dummy,5,3,complexity__spectral_entropy__broadband__roi__R4__median__OE,,
dummy,5,3,complexity__spectral_entropy__broadband__roi__R5__iqr__CE,,
dummy,5,3,complexity__spectral_entropy__broadband__roi__R5__iqr__CE_minus_OE,,
dummy,5,3,complexity__spectral_entropy__broadband__roi__R5__iqr__OE,,
dummy,5,3,complexity__spectral_entropy__broadband__roi__R5__median__CE,,
dummy,5,3,complexity__spectral_entropy__broadband__roi__R5__median__CE_minus_OE,,
dummy,5,3,complexity__spectral_entropy__broadband__roi__R5__median__OE,,
dummy,5,3,complexity__spectral_entropy__broadband__roi__R6__iqr__CE,,
dummy,5,3,complexity__spectral_entropy__broadband__roi__R6__iqr__CE_minus_OE,,
dummy,5,3,complexity__spectral_entropy__broadband__roi__R6__iqr__OE,,
dummy,5,3,complexity__spectral_entropy__broadband__roi__R6__median__CE,,
dummy,5,3,complexity__spectral_entropy__broadband__roi__R6__median__CE_minus_OE,,
dummy,5,3,complexity__spectral_entropy__broadband__roi__R6__median__OE,,
dummy,5,3,psd__absolute_power__alpha__roi__R1__iqr__CE,,
dummy,5,3,psd__absolute_power__alpha__roi__R1__iqr__CE_minus_OE,,
dummy,5,3,psd__absolute_power__alpha__roi__R1__iqr__OE,,
dummy,5,3,psd__absolute_power__alpha__roi__R1__median__CE,,
dummy,5,3,psd__absolute_power__alpha__roi__R1__median__CE_minus_OE,,
dummy,5,3,psd__absolute_power__alpha__roi__R1__median__OE,,
dummy,5,3,psd__absolute_power__alpha__roi__R2__iqr__CE,,
dummy,5,3,psd__absolute_power__alpha__roi__R2__iqr__CE_minus_OE,,
dummy,5,3,psd__absolute_power__alpha__roi__R2__iqr__OE,,
dummy,5,3,psd__absolute_power__alpha__roi__R2__median__CE,,
dummy,5,3,psd__absolute_power__alpha__roi__R2__median__CE_minus_OE,,
dummy,5,3,psd__absolute_power__alpha__roi__R2__median__OE,,
dummy,5,3,psd__absolute_power__alpha__roi__R3__iqr__CE,,
dummy,5,3,psd__absolute_power__alpha__roi__R3__iqr__CE_minus_OE,,
dummy,5,3,psd__absolute_power__alpha__roi__R3__iqr__OE,,
dummy,5,3,psd__absolute_power__alpha__roi__R3__median__CE,,
dummy,5,3,psd__absolute_power__alpha__roi__R3__median__CE_minus_OE,,
dummy,5,3,psd__absolute_power__alpha__roi__R3__median__OE,,
dummy,5,3,psd__absolute_power__alpha__roi__R4__iqr__CE,,
dummy,5,3,psd__absolute_power__alpha__roi__R4__iqr__CE_minus_OE,,
dummy,5,3,psd__absolute_power__alpha__roi__R4__iqr__OE,,
dummy,5,3,psd__absolute_power__alpha__roi__R4__median__CE,,
dummy,5,3,psd__absolute_power__alpha__roi__R4__median__CE_minus_OE,,
dummy,5,3,psd__absolute_power__alpha__roi__R4__median__OE,,
dummy,5,3,psd__absolute_power__alpha__roi__R5__iqr__CE,,
dummy,5,3,psd__absolute_power__alpha__roi__R5__iqr__CE_minus_OE,,
dummy,5,3,psd__absolute_power__alpha__roi__R5__iqr__OE,,
dummy,5,3,psd__absolute_power__alpha__roi__R5__median__CE,,
dummy,5,3,psd__absolute_power__alpha__roi__R5__median__CE_minus_OE,,
dummy,5,3,psd__absolute_power__alpha__roi__R5__median__OE,,
dummy,5,3,psd__absolute_power__alpha__roi__R6__iqr__CE,,
dummy,5,3,psd__absolute_power__alpha__roi__R6__iqr__CE_minus_OE,,
dummy,5,3,psd__absolute_power__alpha__roi__R6__iqr__OE,,
dummy,5,3,psd__absolute_power__alpha__roi__R6__median__CE,,
dummy,5,3,psd__absolute_power__alpha__roi__R6__median__CE_minus_OE,,
dummy,5,3,psd__absolute_power__alpha__roi__R6__median__OE,,
dummy,5,3,psd__absolute_power__beta__roi__R1__iqr__CE,,
dummy,5,3,psd__absolute_power__beta__roi__R1__iqr__CE_minus_OE,,
dummy,5,3,psd__absolute_power__beta__roi__R1__iqr__OE,,
dummy,5,3,psd__absolute_power__beta__roi__R1__median__CE,,
dummy,5,3,psd__absolute_power__beta__roi__R1__median__CE_minus_OE,,
dummy,5,3,psd__absolute_power__beta__roi__R1__median__OE,,
dummy,5,3,psd__absolute_power__beta__roi__R2__iqr__CE,,
dummy,5,3,psd__absolute_power__beta__roi__R2__iqr__CE_minus_OE,,
dummy,5,3,psd__absolute_power__beta__roi__R2__iqr__OE,,
dummy,5,3,psd__absolute_power__beta__roi__R2__median__CE,,
dummy,5,3,psd__absolute_power__beta__roi__R2__median__CE_minus_OE,,
dummy,5,3,psd__absolute_power__beta__roi__R2__median__OE,,
dummy,5,3,psd__absolute_power__beta__roi__R3__iqr__CE,,
dummy,5,3,psd__absolute_power__beta__roi__R3__iqr__CE_minus_OE,,
dummy,5,3,psd__absolute_power__beta__roi__R3__iqr__OE,,
dummy,5,3,psd__absolute_power__beta__roi__R3__median__CE,,
dummy,5,3,psd__absolute_power__beta__roi__R3__median__CE_minus_OE,,
dummy,5,3,psd__absolute_power__beta__roi__R3__median__OE,,
dummy,5,3,psd__absolute_power__beta__roi__R4__iqr__CE,,
dummy,5,3,psd__absolute_power__beta__roi__R4__iqr__CE_minus_OE,,
dummy,5,3,psd__absolute_power__beta__roi__R4__iqr__OE,,
dummy,5,3,psd__absolute_power__beta__roi__R4__median__CE,,
dummy,5,3,psd__absolute_power__beta__roi__R4__median__CE_minus_OE,,
dummy,5,3,psd__absolute_power__beta__roi__R4__median__OE,,
dummy,5,3,psd__absolute_power__beta__roi__R5__iqr__CE,,
dummy,5,3,psd__absolute_power__beta__roi__R5__iqr__CE_minus_OE,,
dummy,5,3,psd__absolute_power__beta__roi__R5__iqr__OE,,
dummy,5,3,psd__absolute_power__beta__roi__R5__median__CE,,
dummy,5,3,psd__absolute_power__beta__roi__R5__median__CE_minus_OE,,
dummy,5,3,psd__absolute_power__beta__roi__R5__median__OE,,
dummy,5,3,psd__absolute_power__beta__roi__R6__iqr__CE,,
dummy,5,3,psd__absolute_power__beta__roi__R6__iqr__CE_minus_OE,,
dummy,5,3,psd__absolute_power__beta__roi__R6__iqr__OE,,
dummy,5,3,psd__absolute_power__beta__roi__R6__median__CE,,
dummy,5,3,psd__absolute_power__beta__roi__R6__median__CE_minus_OE,,
dummy,5,3,psd__absolute_power__beta__roi__R6__median__OE,,
dummy,5,3,psd__absolute_power__delta__roi__R1__iqr__CE,,
dummy,5,3,psd__absolute_power__delta__roi__R1__iqr__CE_minus_OE,,
dummy,5,3,psd__absolute_power__delta__roi__R1__iqr__OE,,
dummy,5,3,psd__absolute_power__delta__roi__R1__median__CE,,
dummy,5,3,psd__absolute_power__delta__roi__R1__median__CE_minus_OE,,
dummy,5,3,psd__absolute_power__delta__roi__R1__median__OE,,
dummy,5,3,psd__absolute_power__delta__roi__R2__iqr__CE,,
dummy,5,3,psd__absolute_power__delta__roi__R2__iqr__CE_minus_OE,,
dummy,5,3,psd__absolute_power__delta__roi__R2__iqr__OE,,
dummy,5,3,psd__absolute_power__delta__roi__R2__median__CE,,
dummy,5,3,psd__absolute_power__delta__roi__R2__median__CE_minus_OE,,
dummy,5,3,psd__absolute_power__delta__roi__R2__median__OE,,
dummy,5,3,psd__absolute_power__delta__roi__R3__iqr__CE,,
dummy,5,3,psd__absolute_power__delta__roi__R3__iqr__CE_minus_OE,,
dummy,5,3,psd__absolute_power__delta__roi__R3__iqr__OE,,
dummy,5,3,psd__absolute_power__delta__roi__R3__median__CE,,
dummy,5,3,psd__absolute_power__delta__roi__R3__median__CE_minus_OE,,
dummy,5,3,psd__absolute_power__delta__roi__R3__median__OE,,
dummy,5,3,psd__absolute_power__delta__roi__R4__iqr__CE,,
dummy,5,3,psd__absolute_power__delta__roi__R4__iqr__CE_minus_OE,,
dummy,5,3,psd__absolute_power__delta__roi__R4__iqr__OE,,
dummy,5,3,psd__absolute_power__delta__roi__R4__median__CE,,
dummy,5,3,psd__absolute_power__delta__roi__R4__median__CE_minus_OE,,
dummy,5,3,psd__absolute_power__delta__roi__R4__median__OE,,
dummy,5,3,psd__absolute_power__delta__roi__R5__iqr__CE,,
dummy,5,3,psd__absolute_power__delta__roi__R5__iqr__CE_minus_OE,,
dummy,5,3,psd__absolute_power__delta__roi__R5__iqr__OE,,
dummy,5,3,psd__absolute_power__delta__roi__R5__median__CE,,
dummy,5,3,psd__absolute_power__delta__roi__R5__median__CE_minus_OE,,
dummy,5,3,psd__absolute_power__delta__roi__R5__median__OE,,
dummy,5,3,psd__absolute_power__delta__roi__R6__iqr__CE,,
dummy,5,3,psd__absolute_power__delta__roi__R6__iqr__CE_minus_OE,,
dummy,5,3,psd__absolute_power__delta__roi__R6__iqr__OE,,
dummy,5,3,psd__absolute_power__delta__roi__R6__median__CE,,
dummy,5,3,psd__absolute_power__delta__roi__R6__median__CE_minus_OE,,
dummy,5,3,psd__absolute_power__delta__roi__R6__median__OE,,
dummy,5,3,psd__absolute_power__gamma__roi__R1__iqr__CE,,
dummy,5,3,psd__absolute_power__gamma__roi__R1__iqr__CE_minus_OE,,
dummy,5,3,psd__absolute_power__gamma__roi__R1__iqr__OE,,
dummy,5,3,psd__absolute_power__gamma__roi__R1__median__CE,,
dummy,5,3,psd__absolute_power__gamma__roi__R1__median__CE_minus_OE,,
dummy,5,3,psd__absolute_power__gamma__roi__R1__median__OE,,
dummy,5,3,psd__absolute_power__gamma__roi__R2__iqr__CE,,
dummy,5,3,psd__absolute_power__gamma__roi__R2__iqr__CE_minus_OE,,
dummy,5,3,psd__absolute_power__gamma__roi__R2__iqr__OE,,
dummy,5,3,psd__absolute_power__gamma__roi__R2__median__CE,,
dummy,5,3,psd__absolute_power__gamma__roi__R2__median__CE_minus_OE,,
dummy,5,3,psd__absolute_power__gamma__roi__R2__median__OE,,
dummy,5,3,psd__absolute_power__gamma__roi__R3__iqr__CE,,
dummy,5,3,psd__absolute_power__gamma__roi__R3__iqr__CE_minus_OE,,
dummy,5,3,psd__absolute_power__gamma__roi__R3__iqr__OE,,
dummy,5,3,psd__absolute_power__gamma__roi__R3__median__CE,,
dummy,5,3,psd__absolute_power__gamma__roi__R3__median__CE_minus_OE,,
dummy,5,3,psd__absolute_power__gamma__roi__R3__median__OE,,
dummy,5,3,psd__absolute_power__gamma__roi__R4__iqr__CE,,
dummy,5,3,psd__absolute_power__gamma__roi__R4__iqr__CE_minus_OE,,
dummy,5,3,psd__absolute_power__gamma__roi__R4__iqr__OE,,
dummy,5,3,psd__absolute_power__gamma__roi__R4__median__CE,,
dummy,5,3,psd__absolute_power__gamma__roi__R4__median__CE_minus_OE,,
dummy,5,3,psd__absolute_power__gamma__roi__R4__median__OE,,
dummy,5,3,psd__absolute_power__gamma__roi__R5__iqr__CE,,
dummy,5,3,psd__absolute_power__gamma__roi__R5__iqr__CE_minus_OE,,
dummy,5,3,psd__absolute_power__gamma__roi__R5__iqr__OE,,
dummy,5,3,psd__absolute_power__gamma__roi__R5__median__CE,,
dummy,5,3,psd__absolute_power__gamma__roi__R5__median__CE_minus_OE,,
dummy,5,3,psd__absolute_power__gamma__roi__R5__median__OE,,
dummy,5,3,psd__absolute_power__gamma__roi__R6__iqr__CE,,
dummy,5,3,psd__absolute_power__gamma__roi__R6__iqr__CE_minus_OE,,
dummy,5,3,psd__absolute_power__gamma__roi__R6__iqr__OE,,
dummy,5,3,psd__absolute_power__gamma__roi__R6__median__CE,,
dummy,5,3,psd__absolute_power__gamma__roi__R6__median__CE_minus_OE,,
dummy,5,3,psd__absolute_power__gamma__roi__R6__median__OE,,
dummy,5,3,psd__absolute_power__theta__roi__R1__iqr__CE,,
dummy,5,3,psd__absolute_power__theta__roi__R1__iqr__CE_minus_OE,,
dummy,5,3,psd__absolute_power__theta__roi__R1__iqr__OE,,
dummy,5,3,psd__absolute_power__theta__roi__R1__median__CE,,
dummy,5,3,psd__absolute_power__theta__roi__R1__median__CE_minus_OE,,
dummy,5,3,psd__absolute_power__theta__roi__R1__median__OE,,
dummy,5,3,psd__absolute_power__theta__roi__R2__iqr__CE,,
dummy,5,3,psd__absolute_power__theta__roi__R2__iqr__CE_minus_OE,,
dummy,5,3,psd__absolute_power__theta__roi__R2__iqr__OE,,
dummy,5,3,psd__absolute_power__theta__roi__R2__median__CE,,
dummy,5,3,psd__absolute_power__theta__roi__R2__median__CE_minus_OE,,
dummy,5,3,psd__absolute_power__theta__roi__R2__median__OE,,
dummy,5,3,psd__absolute_power__theta__roi__R3__iqr__CE,,
dummy,5,3,psd__absolute_power__theta__roi__R3__iqr__CE_minus_OE,,
dummy,5,3,psd__absolute_power__theta__roi__R3__iqr__OE,,
dummy,5,3,psd__absolute_power__theta__roi__R3__median__CE,,
dummy,5,3,psd__absolute_power__theta__roi__R3__median__CE_minus_OE,,
dummy,5,3,psd__absolute_power__theta__roi__R3__median__OE,,
dummy,5,3,psd__absolute_power__theta__roi__R4__iqr__CE,,
dummy,5,3,psd__absolute_power__theta__roi__R4__iqr__CE_minus_OE,,
dummy,5,3,psd__absolute_power__theta__roi__R4__iqr__OE,,
dummy,5,3,psd__absolute_power__theta__roi__R4__median__CE,,
dummy,5,3,psd__absolute_power__theta__roi__R4__median__CE_minus_OE,,
dummy,5,3,psd__absolute_power__theta__roi__R4__median__OE,,
dummy,5,3,psd__absolute_power__theta__roi__R5__iqr__CE,,
dummy,5,3,psd__absolute_power__theta__roi__R5__iqr__CE_minus_OE,,
dummy,5,3,psd__absolute_power__theta__roi__R5__iqr__OE,,
dummy,5,3,psd__absolute_power__theta__roi__R5__median__CE,,
dummy,5,3,psd__absolute_power__theta__roi__R5__median__CE_minus_OE,,
dummy,5,3,psd__absolute_power__theta__roi__R5__median__OE,,
dummy,5,3,psd__absolute_power__theta__roi__R6__iqr__CE,,
dummy,5,3,psd__absolute_power__theta__roi__R6__iqr__CE_minus_OE,,
dummy,5,3,psd__absolute_power__theta__roi__R6__iqr__OE,,
dummy,5,3,psd__absolute_power__theta__roi__R6__median__CE,,
dummy,5,3,psd__absolute_power__theta__roi__R6__median__CE_minus_OE,,
dummy,5,3,psd__absolute_power__theta__roi__R6__median__OE,,
dummy,5,3,psd__delta_alpha_ratio__derived__roi__R1__iqr__CE,,
dummy,5,3,psd__delta_alpha_ratio__derived__roi__R1__iqr__CE_minus_OE,,
dummy,5,3,psd__delta_alpha_ratio__derived__roi__R1__iqr__OE,,
dummy,5,3,psd__delta_alpha_ratio__derived__roi__R1__median__CE,,
dummy,5,3,psd__delta_alpha_ratio__derived__roi__R1__median__CE_minus_OE,,
dummy,5,3,psd__delta_alpha_ratio__derived__roi__R1__median__OE,,
dummy,5,3,psd__delta_alpha_ratio__derived__roi__R2__iqr__CE,,
dummy,5,3,psd__delta_alpha_ratio__derived__roi__R2__iqr__CE_minus_OE,,
dummy,5,3,psd__delta_alpha_ratio__derived__roi__R2__iqr__OE,,
dummy,5,3,psd__delta_alpha_ratio__derived__roi__R2__median__CE,,
dummy,5,3,psd__delta_alpha_ratio__derived__roi__R2__median__CE_minus_OE,,
dummy,5,3,psd__delta_alpha_ratio__derived__roi__R2__median__OE,,
dummy,5,3,psd__delta_alpha_ratio__derived__roi__R3__iqr__CE,,
dummy,5,3,psd__delta_alpha_ratio__derived__roi__R3__iqr__CE_minus_OE,,
dummy,5,3,psd__delta_alpha_ratio__derived__roi__R3__iqr__OE,,
dummy,5,3,psd__delta_alpha_ratio__derived__roi__R3__median__CE,,
dummy,5,3,psd__delta_alpha_ratio__derived__roi__R3__median__CE_minus_OE,,
dummy,5,3,psd__delta_alpha_ratio__derived__roi__R3__median__OE,,
dummy,5,3,psd__delta_alpha_ratio__derived__roi__R4__iqr__CE,,
dummy,5,3,psd__delta_alpha_ratio__derived__roi__R4__iqr__CE_minus_OE,,
dummy,5,3,psd__delta_alpha_ratio__derived__roi__R4__iqr__OE,,
dummy,5,3,psd__delta_alpha_ratio__derived__roi__R4__median__CE,,
dummy,5,3,psd__delta_alpha_ratio__derived__roi__R4__median__CE_minus_OE,,
dummy,5,3,psd__delta_alpha_ratio__derived__roi__R4__median__OE,,
dummy,5,3,psd__delta_alpha_ratio__derived__roi__R5__iqr__CE,,
dummy,5,3,psd__delta_alpha_ratio__derived__roi__R5__iqr__CE_minus_OE,,
dummy,5,3,psd__delta_alpha_ratio__derived__roi__R5__iqr__OE,,
dummy,5,3,psd__delta_alpha_ratio__derived__roi__R5__median__CE,,
dummy,5,3,psd__delta_alpha_ratio__derived__roi__R5__median__CE_minus_OE,,
dummy,5,3,psd__delta_alpha_ratio__derived__roi__R5__median__OE,,
dummy,5,3,psd__delta_alpha_ratio__derived__roi__R6__iqr__CE,,
dummy,5,3,psd__delta_alpha_ratio__derived__roi__R6__iqr__CE_minus_OE,,
dummy,5,3,psd__delta_alpha_ratio__derived__roi__R6__iqr__OE,,
dummy,5,3,psd__delta_alpha_ratio__derived__roi__R6__median__CE,,
dummy,5,3,psd__delta_alpha_ratio__derived__roi__R6__median__CE_minus_OE,,
dummy,5,3,psd__delta_alpha_ratio__derived__roi__R6__median__OE,,
dummy,5,3,psd__relative_power__alpha__roi__R1__iqr__CE,,
dummy,5,3,psd__relative_power__alpha__roi__R1__iqr__CE_minus_OE,,
dummy,5,3,psd__relative_power__alpha__roi__R1__iqr__OE,,
dummy,5,3,psd__relative_power__alpha__roi__R1__median__CE,,
dummy,5,3,psd__relative_power__alpha__roi__R1__median__CE_minus_OE,,
dummy,5,3,psd__relative_power__alpha__roi__R1__median__OE,,
dummy,5,3,psd__relative_power__alpha__roi__R2__iqr__CE,,
dummy,5,3,psd__relative_power__alpha__roi__R2__iqr__CE_minus_OE,,
dummy,5,3,psd__relative_power__alpha__roi__R2__iqr__OE,,
dummy,5,3,psd__relative_power__alpha__roi__R2__median__CE,,
dummy,5,3,psd__relative_power__alpha__roi__R2__median__CE_minus_OE,,
dummy,5,3,psd__relative_power__alpha__roi__R2__median__OE,,
dummy,5,3,psd__relative_power__alpha__roi__R3__iqr__CE,,
dummy,5,3,psd__relative_power__alpha__roi__R3__iqr__CE_minus_OE,,
dummy,5,3,psd__relative_power__alpha__roi__R3__iqr__OE,,
dummy,5,3,psd__relative_power__alpha__roi__R3__median__CE,,
dummy,5,3,psd__relative_power__alpha__roi__R3__median__CE_minus_OE,,
dummy,5,3,psd__relative_power__alpha__roi__R3__median__OE,,
dummy,5,3,psd__relative_power__alpha__roi__R4__iqr__CE,,
dummy,5,3,psd__relative_power__alpha__roi__R4__iqr__CE_minus_OE,,
dummy,5,3,psd__relative_power__alpha__roi__R4__iqr__OE,,
dummy,5,3,psd__relative_power__alpha__roi__R4__median__CE,,
dummy,5,3,psd__relative_power__alpha__roi__R4__median__CE_minus_OE,,
dummy,5,3,psd__relative_power__alpha__roi__R4__median__OE,,
dummy,5,3,psd__relative_power__alpha__roi__R5__iqr__CE,,
dummy,5,3,psd__relative_power__alpha__roi__R5__iqr__CE_minus_OE,,
dummy,5,3,psd__relative_power__alpha__roi__R5__iqr__OE,,
dummy,5,3,psd__relative_power__alpha__roi__R5__median__CE,,
dummy,5,3,psd__relative_power__alpha__roi__R5__median__CE_minus_OE,,
dummy,5,3,psd__relative_power__alpha__roi__R5__median__OE,,
dummy,5,3,psd__relative_power__alpha__roi__R6__iqr__CE,,
dummy,5,3,psd__relative_power__alpha__roi__R6__iqr__CE_minus_OE,,
dummy,5,3,psd__relative_power__alpha__roi__R6__iqr__OE,,
dummy,5,3,psd__relative_power__alpha__roi__R6__median__CE,,
dummy,5,3,psd__relative_power__alpha__roi__R6__median__CE_minus_OE,,
dummy,5,3,psd__relative_power__alpha__roi__R6__median__OE,,
dummy,5,3,psd__relative_power__beta__roi__R1__iqr__CE,,
dummy,5,3,psd__relative_power__beta__roi__R1__iqr__CE_minus_OE,,
dummy,5,3,psd__relative_power__beta__roi__R1__iqr__OE,,
dummy,5,3,psd__relative_power__beta__roi__R1__median__CE,,
dummy,5,3,psd__relative_power__beta__roi__R1__median__CE_minus_OE,,
dummy,5,3,psd__relative_power__beta__roi__R1__median__OE,,
dummy,5,3,psd__relative_power__beta__roi__R2__iqr__CE,,
dummy,5,3,psd__relative_power__beta__roi__R2__iqr__CE_minus_OE,,
dummy,5,3,psd__relative_power__beta__roi__R2__iqr__OE,,
dummy,5,3,psd__relative_power__beta__roi__R2__median__CE,,
dummy,5,3,psd__relative_power__beta__roi__R2__median__CE_minus_OE,,
dummy,5,3,psd__relative_power__beta__roi__R2__median__OE,,
dummy,5,3,psd__relative_power__beta__roi__R3__iqr__CE,,
dummy,5,3,psd__relative_power__beta__roi__R3__iqr__CE_minus_OE,,
dummy,5,3,psd__relative_power__beta__roi__R3__iqr__OE,,
dummy,5,3,psd__relative_power__beta__roi__R3__median__CE,,
dummy,5,3,psd__relative_power__beta__roi__R3__median__CE_minus_OE,,
dummy,5,3,psd__relative_power__beta__roi__R3__median__OE,,
dummy,5,3,psd__relative_power__beta__roi__R4__iqr__CE,,
dummy,5,3,psd__relative_power__beta__roi__R4__iqr__CE_minus_OE,,
dummy,5,3,psd__relative_power__beta__roi__R4__iqr__OE,,
dummy,5,3,psd__relative_power__beta__roi__R4__median__CE,,
dummy,5,3,psd__relative_power__beta__roi__R4__median__CE_minus_OE,,
dummy,5,3,psd__relative_power__beta__roi__R4__median__OE,,
dummy,5,3,psd__relative_power__beta__roi__R5__iqr__CE,,
dummy,5,3,psd__relative_power__beta__roi__R5__iqr__CE_minus_OE,,
dummy,5,3,psd__relative_power__beta__roi__R5__iqr__OE,,
dummy,5,3,psd__relative_power__beta__roi__R5__median__CE,,
dummy,5,3,psd__relative_power__beta__roi__R5__median__CE_minus_OE,,
dummy,5,3,psd__relative_power__beta__roi__R5__median__OE,,
dummy,5,3,psd__relative_power__beta__roi__R6__iqr__CE,,
dummy,5,3,psd__relative_power__beta__roi__R6__iqr__CE_minus_OE,,
dummy,5,3,psd__relative_power__beta__roi__R6__iqr__OE,,
dummy,5,3,psd__relative_power__beta__roi__R6__median__CE,,
dummy,5,3,psd__relative_power__beta__roi__R6__median__CE_minus_OE,,
dummy,5,3,psd__relative_power__beta__roi__R6__median__OE,,
dummy,5,3,psd__relative_power__delta__roi__R1__iqr__CE,,
dummy,5,3,psd__relative_power__delta__roi__R1__iqr__CE_minus_OE,,
dummy,5,3,psd__relative_power__delta__roi__R1__iqr__OE,,
dummy,5,3,psd__relative_power__delta__roi__R1__median__CE,,
dummy,5,3,psd__relative_power__delta__roi__R1__median__CE_minus_OE,,
dummy,5,3,psd__relative_power__delta__roi__R1__median__OE,,
dummy,5,3,psd__relative_power__delta__roi__R2__iqr__CE,,
dummy,5,3,psd__relative_power__delta__roi__R2__iqr__CE_minus_OE,,
dummy,5,3,psd__relative_power__delta__roi__R2__iqr__OE,,
dummy,5,3,psd__relative_power__delta__roi__R2__median__CE,,
dummy,5,3,psd__relative_power__delta__roi__R2__median__CE_minus_OE,,
dummy,5,3,psd__relative_power__delta__roi__R2__median__OE,,
dummy,5,3,psd__relative_power__delta__roi__R3__iqr__CE,,
dummy,5,3,psd__relative_power__delta__roi__R3__iqr__CE_minus_OE,,
dummy,5,3,psd__relative_power__delta__roi__R3__iqr__OE,,
dummy,5,3,psd__relative_power__delta__roi__R3__median__CE,,
dummy,5,3,psd__relative_power__delta__roi__R3__median__CE_minus_OE,,
dummy,5,3,psd__relative_power__delta__roi__R3__median__OE,,
dummy,5,3,psd__relative_power__delta__roi__R4__iqr__CE,,
dummy,5,3,psd__relative_power__delta__roi__R4__iqr__CE_minus_OE,,
dummy,5,3,psd__relative_power__delta__roi__R4__iqr__OE,,
dummy,5,3,psd__relative_power__delta__roi__R4__median__CE,,
dummy,5,3,psd__relative_power__delta__roi__R4__median__CE_minus_OE,,
dummy,5,3,psd__relative_power__delta__roi__R4__median__OE,,
dummy,5,3,psd__relative_power__delta__roi__R5__iqr__CE,,
dummy,5,3,psd__relative_power__delta__roi__R5__iqr__CE_minus_OE,,
dummy,5,3,psd__relative_power__delta__roi__R5__iqr__OE,,
dummy,5,3,psd__relative_power__delta__roi__R5__median__CE,,
dummy,5,3,psd__relative_power__delta__roi__R5__median__CE_minus_OE,,
dummy,5,3,psd__relative_power__delta__roi__R5__median__OE,,
dummy,5,3,psd__relative_power__delta__roi__R6__iqr__CE,,
dummy,5,3,psd__relative_power__delta__roi__R6__iqr__CE_minus_OE,,
dummy,5,3,psd__relative_power__delta__roi__R6__iqr__OE,,
dummy,5,3,psd__relative_power__delta__roi__R6__median__CE,,
dummy,5,3,psd__relative_power__delta__roi__R6__median__CE_minus_OE,,
dummy,5,3,psd__relative_power__delta__roi__R6__median__OE,,
dummy,5,3,psd__relative_power__gamma__roi__R1__iqr__CE,,
dummy,5,3,psd__relative_power__gamma__roi__R1__iqr__CE_minus_OE,,
dummy,5,3,psd__relative_power__gamma__roi__R1__iqr__OE,,
dummy,5,3,psd__relative_power__gamma__roi__R1__median__CE,,
dummy,5,3,psd__relative_power__gamma__roi__R1__median__CE_minus_OE,,
dummy,5,3,psd__relative_power__gamma__roi__R1__median__OE,,
dummy,5,3,psd__relative_power__gamma__roi__R2__iqr__CE,,
dummy,5,3,psd__relative_power__gamma__roi__R2__iqr__CE_minus_OE,,
dummy,5,3,psd__relative_power__gamma__roi__R2__iqr__OE,,
dummy,5,3,psd__relative_power__gamma__roi__R2__median__CE,,
dummy,5,3,psd__relative_power__gamma__roi__R2__median__CE_minus_OE,,
dummy,5,3,psd__relative_power__gamma__roi__R2__median__OE,,
dummy,5,3,psd__relative_power__gamma__roi__R3__iqr__CE,,
dummy,5,3,psd__relative_power__gamma__roi__R3__iqr__CE_minus_OE,,
dummy,5,3,psd__relative_power__gamma__roi__R3__iqr__OE,,
dummy,5,3,psd__relative_power__gamma__roi__R3__median__CE,,
dummy,5,3,psd__relative_power__gamma__roi__R3__median__CE_minus_OE,,
dummy,5,3,psd__relative_power__gamma__roi__R3__median__OE,,
dummy,5,3,psd__relative_power__gamma__roi__R4__iqr__CE,,
dummy,5,3,psd__relative_power__gamma__roi__R4__iqr__CE_minus_OE,,
dummy,5,3,psd__relative_power__gamma__roi__R4__iqr__OE,,
dummy,5,3,psd__relative_power__gamma__roi__R4__median__CE,,
dummy,5,3,psd__relative_power__gamma__roi__R4__median__CE_minus_OE,,
dummy,5,3,psd__relative_power__gamma__roi__R4__median__OE,,
dummy,5,3,psd__relative_power__gamma__roi__R5__iqr__CE,,
dummy,5,3,psd__relative_power__gamma__roi__R5__iqr__CE_minus_OE,,
dummy,5,3,psd__relative_power__gamma__roi__R5__iqr__OE,,
dummy,5,3,psd__relative_power__gamma__roi__R5__median__CE,,
dummy,5,3,psd__relative_power__gamma__roi__R5__median__CE_minus_OE,,
dummy,5,3,psd__relative_power__gamma__roi__R5__median__OE,,
dummy,5,3,psd__relative_power__gamma__roi__R6__iqr__CE,,
dummy,5,3,psd__relative_power__gamma__roi__R6__iqr__CE_minus_OE,,
dummy,5,3,psd__relative_power__gamma__roi__R6__iqr__OE,,
dummy,5,3,psd__relative_power__gamma__roi__R6__median__CE,,
dummy,5,3,psd__relative_power__gamma__roi__R6__median__CE_minus_OE,,
dummy,5,3,psd__relative_power__gamma__roi__R6__median__OE,,
dummy,5,3,psd__relative_power__theta__roi__R1__iqr__CE,,
dummy,5,3,psd__relative_power__theta__roi__R1__iqr__CE_minus_OE,,
dummy,5,3,psd__relative_power__theta__roi__R1__iqr__OE,,
dummy,5,3,psd__relative_power__theta__roi__R1__median__CE,,
dummy,5,3,psd__relative_power__theta__roi__R1__median__CE_minus_OE,,
dummy,5,3,psd__relative_power__theta__roi__R1__median__OE,,
dummy,5,3,psd__relative_power__theta__roi__R2__iqr__CE,,
dummy,5,3,psd__relative_power__theta__roi__R2__iqr__CE_minus_OE,,
dummy,5,3,psd__relative_power__theta__roi__R2__iqr__OE,,
dummy,5,3,psd__relative_power__theta__roi__R2__median__CE,,
dummy,5,3,psd__relative_power__theta__roi__R2__median__CE_minus_OE,,
dummy,5,3,psd__relative_power__theta__roi__R2__median__OE,,
dummy,5,3,psd__relative_power__theta__roi__R3__iqr__CE,,
dummy,5,3,psd__relative_power__theta__roi__R3__iqr__CE_minus_OE,,
dummy,5,3,psd__relative_power__theta__roi__R3__iqr__OE,,
dummy,5,3,psd__relative_power__theta__roi__R3__median__CE,,
dummy,5,3,psd__relative_power__theta__roi__R3__median__CE_minus_OE,,
dummy,5,3,psd__relative_power__theta__roi__R3__median__OE,,
dummy,5,3,psd__relative_power__theta__roi__R4__iqr__CE,,
dummy,5,3,psd__relative_power__theta__roi__R4__iqr__CE_minus_OE,,
dummy,5,3,psd__relative_power__theta__roi__R4__iqr__OE,,
dummy,5,3,psd__relative_power__theta__roi__R4__median__CE,,
dummy,5,3,psd__relative_power__theta__roi__R4__median__CE_minus_OE,,
dummy,5,3,psd__relative_power__theta__roi__R4__median__OE,,
dummy,5,3,psd__relative_power__theta__roi__R5__iqr__CE,,
dummy,5,3,psd__relative_power__theta__roi__R5__iqr__CE_minus_OE,,
dummy,5,3,psd__relative_power__theta__roi__R5__iqr__OE,,
dummy,5,3,psd__relative_power__theta__roi__R5__median__CE,,
dummy,5,3,psd__relative_power__theta__roi__R5__median__CE_minus_OE,,
dummy,5,3,psd__relative_power__theta__roi__R5__median__OE,,
dummy,5,3,psd__relative_power__theta__roi__R6__iqr__CE,,
dummy,5,3,psd__relative_power__theta__roi__R6__iqr__CE_minus_OE,,
dummy,5,3,psd__relative_power__theta__roi__R6__iqr__OE,,
dummy,5,3,psd__relative_power__theta__roi__R6__median__CE,,
dummy,5,3,psd__relative_power__theta__roi__R6__median__CE_minus_OE,,
dummy,5,3,psd__relative_power__theta__roi__R6__median__OE,,
dummy,5,3,psd__sfr__derived__roi__R1__iqr__CE,,
dummy,5,3,psd__sfr__derived__roi__R1__iqr__CE_minus_OE,,
dummy,5,3,psd__sfr__derived__roi__R1__iqr__OE,,
dummy,5,3,psd__sfr__derived__roi__R1__median__CE,,
dummy,5,3,psd__sfr__derived__roi__R1__median__CE_minus_OE,,
dummy,5,3,psd__sfr__derived__roi__R1__median__OE,,
dummy,5,3,psd__sfr__derived__roi__R2__iqr__CE,,
dummy,5,3,psd__sfr__derived__roi__R2__iqr__CE_minus_OE,,
dummy,5,3,psd__sfr__derived__roi__R2__iqr__OE,,
dummy,5,3,psd__sfr__derived__roi__R2__median__CE,,
dummy,5,3,psd__sfr__derived__roi__R2__median__CE_minus_OE,,
dummy,5,3,psd__sfr__derived__roi__R2__median__OE,,
dummy,5,3,psd__sfr__derived__roi__R3__iqr__CE,,
dummy,5,3,psd__sfr__derived__roi__R3__iqr__CE_minus_OE,,
dummy,5,3,psd__sfr__derived__roi__R3__iqr__OE,,
dummy,5,3,psd__sfr__derived__roi__R3__median__CE,,
dummy,5,3,psd__sfr__derived__roi__R3__median__CE_minus_OE,,
dummy,5,3,psd__sfr__derived__roi__R3__median__OE,,
dummy,5,3,psd__sfr__derived__roi__R4__iqr__CE,,
dummy,5,3,psd__sfr__derived__roi__R4__iqr__CE_minus_OE,,
dummy,5,3,psd__sfr__derived__roi__R4__iqr__OE,,
dummy,5,3,psd__sfr__derived__roi__R4__median__CE,,
dummy,5,3,psd__sfr__derived__roi__R4__median__CE_minus_OE,,
dummy,5,3,psd__sfr__derived__roi__R4__median__OE,,
dummy,5,3,psd__sfr__derived__roi__R5__iqr__CE,,
dummy,5,3,psd__sfr__derived__roi__R5__iqr__CE_minus_OE,,
dummy,5,3,psd__sfr__derived__roi__R5__iqr__OE,,
dummy,5,3,psd__sfr__derived__roi__R5__median__CE,,
dummy,5,3,psd__sfr__derived__roi__R5__median__CE_minus_OE,,
dummy,5,3,psd__sfr__derived__roi__R5__median__OE,,
dummy,5,3,psd__sfr__derived__roi__R6__iqr__CE,,
dummy,5,3,psd__sfr__derived__roi__R6__iqr__CE_minus_OE,,
dummy,5,3,psd__sfr__derived__roi__R6__iqr__OE,,
dummy,5,3,psd__sfr__derived__roi__R6__median__CE,,
dummy,5,3,psd__sfr__derived__roi__R6__median__CE_minus_OE,,
dummy,5,3,psd__sfr__derived__roi__R6__median__OE,,
dummy,5,3,psd__theta_alpha_ratio__derived__roi__R1__iqr__CE,,
dummy,5,3,psd__theta_alpha_ratio__derived__roi__R1__iqr__CE_minus_OE,,
dummy,5,3,psd__theta_alpha_ratio__derived__roi__R1__iqr__OE,,
dummy,5,3,psd__theta_alpha_ratio__derived__roi__R1__median__CE,,
dummy,5,3,psd__theta_alpha_ratio__derived__roi__R1__median__CE_minus_OE,,
dummy,5,3,psd__theta_alpha_ratio__derived__roi__R1__median__OE,,
dummy,5,3,psd__theta_alpha_ratio__derived__roi__R2__iqr__CE,,
dummy,5,3,psd__theta_alpha_ratio__derived__roi__R2__iqr__CE_minus_OE,,
dummy,5,3,psd__theta_alpha_ratio__derived__roi__R2__iqr__OE,,
dummy,5,3,psd__theta_alpha_ratio__derived__roi__R2__median__CE,,
dummy,5,3,psd__theta_alpha_ratio__derived__roi__R2__median__CE_minus_OE,,
dummy,5,3,psd__theta_alpha_ratio__derived__roi__R2__median__OE,,
dummy,5,3,psd__theta_alpha_ratio__derived__roi__R3__iqr__CE,,
dummy,5,3,psd__theta_alpha_ratio__derived__roi__R3__iqr__CE_minus_OE,,
dummy,5,3,psd__theta_alpha_ratio__derived__roi__R3__iqr__OE,,
dummy,5,3,psd__theta_alpha_ratio__derived__roi__R3__median__CE,,
dummy,5,3,psd__theta_alpha_ratio__derived__roi__R3__median__CE_minus_OE,,
dummy,5,3,psd__theta_alpha_ratio__derived__roi__R3__median__OE,,
dummy,5,3,psd__theta_alpha_ratio__derived__roi__R4__iqr__CE,,
dummy,5,3,psd__theta_alpha_ratio__derived__roi__R4__iqr__CE_minus_OE,,
dummy,5,3,psd__theta_alpha_ratio__derived__roi__R4__iqr__OE,,
dummy,5,3,psd__theta_alpha_ratio__derived__roi__R4__median__CE,,
dummy,5,3,psd__theta_alpha_ratio__derived__roi__R4__median__CE_minus_OE,,
dummy,5,3,psd__theta_alpha_ratio__derived__roi__R4__median__OE,,
dummy,5,3,psd__theta_alpha_ratio__derived__roi__R5__iqr__CE,,
dummy,5,3,psd__theta_alpha_ratio__derived__roi__R5__iqr__CE_minus_OE,,
dummy,5,3,psd__theta_alpha_ratio__derived__roi__R5__iqr__OE,,
dummy,5,3,psd__theta_alpha_ratio__derived__roi__R5__median__CE,,
dummy,5,3,psd__theta_alpha_ratio__derived__roi__R5__median__CE_minus_OE,,
dummy,5,3,psd__theta_alpha_ratio__derived__roi__R5__median__OE,,
dummy,5,3,psd__theta_alpha_ratio__derived__roi__R6__iqr__CE,,
dummy,5,3,psd__theta_alpha_ratio__derived__roi__R6__iqr__CE_minus_OE,,
dummy,5,3,psd__theta_alpha_ratio__derived__roi__R6__iqr__OE,,
dummy,5,3,psd__theta_alpha_ratio__derived__roi__R6__median__CE,,
dummy,5,3,psd__theta_alpha_ratio__derived__roi__R6__median__CE_minus_OE,,
dummy,5,3,psd__theta_alpha_ratio__derived__roi__R6__median__OE,,
dummy,5,4,complexity__spectral_entropy__broadband__roi__R1__iqr__CE,,
dummy,5,4,complexity__spectral_entropy__broadband__roi__R1__iqr__CE_minus_OE,,
dummy,5,4,complexity__spectral_entropy__broadband__roi__R1__iqr__OE,,
dummy,5,4,complexity__spectral_entropy__broadband__roi__R1__median__CE,,
dummy,5,4,complexity__spectral_entropy__broadband__roi__R1__median__CE_minus_OE,,
dummy,5,4,complexity__spectral_entropy__broadband__roi__R1__median__OE,,
dummy,5,4,complexity__spectral_entropy__broadband__roi__R2__iqr__CE,,
dummy,5,4,complexity__spectral_entropy__broadband__roi__R2__iqr__CE_minus_OE,,
dummy,5,4,complexity__spectral_entropy__broadband__roi__R2__iqr__OE,,
dummy,5,4,complexity__spectral_entropy__broadband__roi__R2__median__CE,,
dummy,5,4,complexity__spectral_entropy__broadband__roi__R2__median__CE_minus_OE,,
dummy,5,4,complexity__spectral_entropy__broadband__roi__R2__median__OE,,
dummy,5,4,complexity__spectral_entropy__broadband__roi__R3__iqr__CE,,
dummy,5,4,complexity__spectral_entropy__broadband__roi__R3__iqr__CE_minus_OE,,
dummy,5,4,complexity__spectral_entropy__broadband__roi__R3__iqr__OE,,
dummy,5,4,complexity__spectral_entropy__broadband__roi__R3__median__CE,,
dummy,5,4,complexity__spectral_entropy__broadband__roi__R3__median__CE_minus_OE,,
dummy,5,4,complexity__spectral_entropy__broadband__roi__R3__median__OE,,
dummy,5,4,complexity__spectral_entropy__broadband__roi__R4__iqr__CE,,
dummy,5,4,complexity__spectral_entropy__broadband__roi__R4__iqr__CE_minus_OE,,
dummy,5,4,complexity__spectral_entropy__broadband__roi__R4__iqr__OE,,
dummy,5,4,complexity__spectral_entropy__broadband__roi__R4__median__CE,,
dummy,5,4,complexity__spectral_entropy__broadband__roi__R4__median__CE_minus_OE,,
dummy,5,4,complexity__spectral_entropy__broadband__roi__R4__median__OE,,
dummy,5,4,complexity__spectral_entropy__broadband__roi__R5__iqr__CE,,
dummy,5,4,complexity__spectral_entropy__broadband__roi__R5__iqr__CE_minus_OE,,
dummy,5,4,complexity__spectral_entropy__broadband__roi__R5__iqr__OE,,
dummy,5,4,complexity__spectral_entropy__broadband__roi__R5__median__CE,,
dummy,5,4,complexity__spectral_entropy__broadband__roi__R5__median__CE_minus_OE,,
dummy,5,4,complexity__spectral_entropy__broadband__roi__R5__median__OE,,
dummy,5,4,complexity__spectral_entropy__broadband__roi__R6__iqr__CE,,
dummy,5,4,complexity__spectral_entropy__broadband__roi__R6__iqr__CE_minus_OE,,
dummy,5,4,complexity__spectral_entropy__broadband__roi__R6__iqr__OE,,
dummy,5,4,complexity__spectral_entropy__broadband__roi__R6__median__CE,,
dummy,5,4,complexity__spectral_entropy__broadband__roi__R6__median__CE_minus_OE,,
dummy,5,4,complexity__spectral_entropy__broadband__roi__R6__median__OE,,
dummy,5,4,psd__absolute_power__alpha__roi__R1__iqr__CE,,
dummy,5,4,psd__absolute_power__alpha__roi__R1__iqr__CE_minus_OE,,
dummy,5,4,psd__absolute_power__alpha__roi__R1__iqr__OE,,
dummy,5,4,psd__absolute_power__alpha__roi__R1__median__CE,,
dummy,5,4,psd__absolute_power__alpha__roi__R1__median__CE_minus_OE,,
dummy,5,4,psd__absolute_power__alpha__roi__R1__median__OE,,
dummy,5,4,psd__absolute_power__alpha__roi__R2__iqr__CE,,
dummy,5,4,psd__absolute_power__alpha__roi__R2__iqr__CE_minus_OE,,
dummy,5,4,psd__absolute_power__alpha__roi__R2__iqr__OE,,
dummy,5,4,psd__absolute_power__alpha__roi__R2__median__CE,,
dummy,5,4,psd__absolute_power__alpha__roi__R2__median__CE_minus_OE,,
dummy,5,4,psd__absolute_power__alpha__roi__R2__median__OE,,
dummy,5,4,psd__absolute_power__alpha__roi__R3__iqr__CE,,
dummy,5,4,psd__absolute_power__alpha__roi__R3__iqr__CE_minus_OE,,
dummy,5,4,psd__absolute_power__alpha__roi__R3__iqr__OE,,
dummy,5,4,psd__absolute_power__alpha__roi__R3__median__CE,,
dummy,5,4,psd__absolute_power__alpha__roi__R3__median__CE_minus_OE,,
dummy,5,4,psd__absolute_power__alpha__roi__R3__median__OE,,
dummy,5,4,psd__absolute_power__alpha__roi__R4__iqr__CE,,
dummy,5,4,psd__absolute_power__alpha__roi__R4__iqr__CE_minus_OE,,
dummy,5,4,psd__absolute_power__alpha__roi__R4__iqr__OE,,
dummy,5,4,psd__absolute_power__alpha__roi__R4__median__CE,,
dummy,5,4,psd__absolute_power__alpha__roi__R4__median__CE_minus_OE,,
dummy,5,4,psd__absolute_power__alpha__roi__R4__median__OE,,
dummy,5,4,psd__absolute_power__alpha__roi__R5__iqr__CE,,
dummy,5,4,psd__absolute_power__alpha__roi__R5__iqr__CE_minus_OE,,
dummy,5,4,psd__absolute_power__alpha__roi__R5__iqr__OE,,
dummy,5,4,psd__absolute_power__alpha__roi__R5__median__CE,,
dummy,5,4,psd__absolute_power__alpha__roi__R5__median__CE_minus_OE,,
dummy,5,4,psd__absolute_power__alpha__roi__R5__median__OE,,
dummy,5,4,psd__absolute_power__alpha__roi__R6__iqr__CE,,
dummy,5,4,psd__absolute_power__alpha__roi__R6__iqr__CE_minus_OE,,
dummy,5,4,psd__absolute_power__alpha__roi__R6__iqr__OE,,
dummy,5,4,psd__absolute_power__alpha__roi__R6__median__CE,,
dummy,5,4,psd__absolute_power__alpha__roi__R6__median__CE_minus_OE,,
dummy,5,4,psd__absolute_power__alpha__roi__R6__median__OE,,
dummy,5,4,psd__absolute_power__beta__roi__R1__iqr__CE,,
dummy,5,4,psd__absolute_power__beta__roi__R1__iqr__CE_minus_OE,,
dummy,5,4,psd__absolute_power__beta__roi__R1__iqr__OE,,
dummy,5,4,psd__absolute_power__beta__roi__R1__median__CE,,
dummy,5,4,psd__absolute_power__beta__roi__R1__median__CE_minus_OE,,
dummy,5,4,psd__absolute_power__beta__roi__R1__median__OE,,
dummy,5,4,psd__absolute_power__beta__roi__R2__iqr__CE,,
dummy,5,4,psd__absolute_power__beta__roi__R2__iqr__CE_minus_OE,,
dummy,5,4,psd__absolute_power__beta__roi__R2__iqr__OE,,
dummy,5,4,psd__absolute_power__beta__roi__R2__median__CE,,
dummy,5,4,psd__absolute_power__beta__roi__R2__median__CE_minus_OE,,
dummy,5,4,psd__absolute_power__beta__roi__R2__median__OE,,
dummy,5,4,psd__absolute_power__beta__roi__R3__iqr__CE,,
dummy,5,4,psd__absolute_power__beta__roi__R3__iqr__CE_minus_OE,,
dummy,5,4,psd__absolute_power__beta__roi__R3__iqr__OE,,
dummy,5,4,psd__absolute_power__beta__roi__R3__median__CE,,
dummy,5,4,psd__absolute_power__beta__roi__R3__median__CE_minus_OE,,
dummy,5,4,psd__absolute_power__beta__roi__R3__median__OE,,
dummy,5,4,psd__absolute_power__beta__roi__R4__iqr__CE,,
dummy,5,4,psd__absolute_power__beta__roi__R4__iqr__CE_minus_OE,,
dummy,5,4,psd__absolute_power__beta__roi__R4__iqr__OE,,
dummy,5,4,psd__absolute_power__beta__roi__R4__median__CE,,
dummy,5,4,psd__absolute_power__beta__roi__R4__median__CE_minus_OE,,
dummy,5,4,psd__absolute_power__beta__roi__R4__median__OE,,
dummy,5,4,psd__absolute_power__beta__roi__R5__iqr__CE,,
dummy,5,4,psd__absolute_power__beta__roi__R5__iqr__CE_minus_OE,,
dummy,5,4,psd__absolute_power__beta__roi__R5__iqr__OE,,
dummy,5,4,psd__absolute_power__beta__roi__R5__median__CE,,
dummy,5,4,psd__absolute_power__beta__roi__R5__median__CE_minus_OE,,
dummy,5,4,psd__absolute_power__beta__roi__R5__median__OE,,
dummy,5,4,psd__absolute_power__beta__roi__R6__iqr__CE,,
dummy,5,4,psd__absolute_power__beta__roi__R6__iqr__CE_minus_OE,,
dummy,5,4,psd__absolute_power__beta__roi__R6__iqr__OE,,
dummy,5,4,psd__absolute_power__beta__roi__R6__median__CE,,
dummy,5,4,psd__absolute_power__beta__roi__R6__median__CE_minus_OE,,
dummy,5,4,psd__absolute_power__beta__roi__R6__median__OE,,
dummy,5,4,psd__absolute_power__delta__roi__R1__iqr__CE,,
dummy,5,4,psd__absolute_power__delta__roi__R1__iqr__CE_minus_OE,,
dummy,5,4,psd__absolute_power__delta__roi__R1__iqr__OE,,
dummy,5,4,psd__absolute_power__delta__roi__R1__median__CE,,
dummy,5,4,psd__absolute_power__delta__roi__R1__median__CE_minus_OE,,
dummy,5,4,psd__absolute_power__delta__roi__R1__median__OE,,
dummy,5,4,psd__absolute_power__delta__roi__R2__iqr__CE,,
dummy,5,4,psd__absolute_power__delta__roi__R2__iqr__CE_minus_OE,,
dummy,5,4,psd__absolute_power__delta__roi__R2__iqr__OE,,
dummy,5,4,psd__absolute_power__delta__roi__R2__median__CE,,
dummy,5,4,psd__absolute_power__delta__roi__R2__median__CE_minus_OE,,
dummy,5,4,psd__absolute_power__delta__roi__R2__median__OE,,
dummy,5,4,psd__absolute_power__delta__roi__R3__iqr__CE,,
dummy,5,4,psd__absolute_power__delta__roi__R3__iqr__CE_minus_OE,,
dummy,5,4,psd__absolute_power__delta__roi__R3__iqr__OE,,
dummy,5,4,psd__absolute_power__delta__roi__R3__median__CE,,
dummy,5,4,psd__absolute_power__delta__roi__R3__median__CE_minus_OE,,
dummy,5,4,psd__absolute_power__delta__roi__R3__median__OE,,
dummy,5,4,psd__absolute_power__delta__roi__R4__iqr__CE,,
dummy,5,4,psd__absolute_power__delta__roi__R4__iqr__CE_minus_OE,,
dummy,5,4,psd__absolute_power__delta__roi__R4__iqr__OE,,
dummy,5,4,psd__absolute_power__delta__roi__R4__median__CE,,
dummy,5,4,psd__absolute_power__delta__roi__R4__median__CE_minus_OE,,
dummy,5,4,psd__absolute_power__delta__roi__R4__median__OE,,
dummy,5,4,psd__absolute_power__delta__roi__R5__iqr__CE,,
dummy,5,4,psd__absolute_power__delta__roi__R5__iqr__CE_minus_OE,,
dummy,5,4,psd__absolute_power__delta__roi__R5__iqr__OE,,
dummy,5,4,psd__absolute_power__delta__roi__R5__median__CE,,
dummy,5,4,psd__absolute_power__delta__roi__R5__median__CE_minus_OE,,
dummy,5,4,psd__absolute_power__delta__roi__R5__median__OE,,
dummy,5,4,psd__absolute_power__delta__roi__R6__iqr__CE,,
dummy,5,4,psd__absolute_power__delta__roi__R6__iqr__CE_minus_OE,,
dummy,5,4,psd__absolute_power__delta__roi__R6__iqr__OE,,
dummy,5,4,psd__absolute_power__delta__roi__R6__median__CE,,
dummy,5,4,psd__absolute_power__delta__roi__R6__median__CE_minus_OE,,
dummy,5,4,psd__absolute_power__delta__roi__R6__median__OE,,
dummy,5,4,psd__absolute_power__gamma__roi__R1__iqr__CE,,
dummy,5,4,psd__absolute_power__gamma__roi__R1__iqr__CE_minus_OE,,
dummy,5,4,psd__absolute_power__gamma__roi__R1__iqr__OE,,
dummy,5,4,psd__absolute_power__gamma__roi__R1__median__CE,,
dummy,5,4,psd__absolute_power__gamma__roi__R1__median__CE_minus_OE,,
dummy,5,4,psd__absolute_power__gamma__roi__R1__median__OE,,
dummy,5,4,psd__absolute_power__gamma__roi__R2__iqr__CE,,
dummy,5,4,psd__absolute_power__gamma__roi__R2__iqr__CE_minus_OE,,
dummy,5,4,psd__absolute_power__gamma__roi__R2__iqr__OE,,
dummy,5,4,psd__absolute_power__gamma__roi__R2__median__CE,,
dummy,5,4,psd__absolute_power__gamma__roi__R2__median__CE_minus_OE,,
dummy,5,4,psd__absolute_power__gamma__roi__R2__median__OE,,
dummy,5,4,psd__absolute_power__gamma__roi__R3__iqr__CE,,
dummy,5,4,psd__absolute_power__gamma__roi__R3__iqr__CE_minus_OE,,
dummy,5,4,psd__absolute_power__gamma__roi__R3__iqr__OE,,
dummy,5,4,psd__absolute_power__gamma__roi__R3__median__CE,,
dummy,5,4,psd__absolute_power__gamma__roi__R3__median__CE_minus_OE,,
dummy,5,4,psd__absolute_power__gamma__roi__R3__median__OE,,
dummy,5,4,psd__absolute_power__gamma__roi__R4__iqr__CE,,
dummy,5,4,psd__absolute_power__gamma__roi__R4__iqr__CE_minus_OE,,
dummy,5,4,psd__absolute_power__gamma__roi__R4__iqr__OE,,
dummy,5,4,psd__absolute_power__gamma__roi__R4__median__CE,,
dummy,5,4,psd__absolute_power__gamma__roi__R4__median__CE_minus_OE,,
dummy,5,4,psd__absolute_power__gamma__roi__R4__median__OE,,
dummy,5,4,psd__absolute_power__gamma__roi__R5__iqr__CE,,
dummy,5,4,psd__absolute_power__gamma__roi__R5__iqr__CE_minus_OE,,
dummy,5,4,psd__absolute_power__gamma__roi__R5__iqr__OE,,
dummy,5,4,psd__absolute_power__gamma__roi__R5__median__CE,,
dummy,5,4,psd__absolute_power__gamma__roi__R5__median__CE_minus_OE,,
dummy,5,4,psd__absolute_power__gamma__roi__R5__median__OE,,
dummy,5,4,psd__absolute_power__gamma__roi__R6__iqr__CE,,
dummy,5,4,psd__absolute_power__gamma__roi__R6__iqr__CE_minus_OE,,
dummy,5,4,psd__absolute_power__gamma__roi__R6__iqr__OE,,
dummy,5,4,psd__absolute_power__gamma__roi__R6__median__CE,,
dummy,5,4,psd__absolute_power__gamma__roi__R6__median__CE_minus_OE,,
dummy,5,4,psd__absolute_power__gamma__roi__R6__median__OE,,
dummy,5,4,psd__absolute_power__theta__roi__R1__iqr__CE,,
dummy,5,4,psd__absolute_power__theta__roi__R1__iqr__CE_minus_OE,,
dummy,5,4,psd__absolute_power__theta__roi__R1__iqr__OE,,
dummy,5,4,psd__absolute_power__theta__roi__R1__median__CE,,
dummy,5,4,psd__absolute_power__theta__roi__R1__median__CE_minus_OE,,
dummy,5,4,psd__absolute_power__theta__roi__R1__median__OE,,
dummy,5,4,psd__absolute_power__theta__roi__R2__iqr__CE,,
dummy,5,4,psd__absolute_power__theta__roi__R2__iqr__CE_minus_OE,,
dummy,5,4,psd__absolute_power__theta__roi__R2__iqr__OE,,
dummy,5,4,psd__absolute_power__theta__roi__R2__median__CE,,
dummy,5,4,psd__absolute_power__theta__roi__R2__median__CE_minus_OE,,
dummy,5,4,psd__absolute_power__theta__roi__R2__median__OE,,
dummy,5,4,psd__absolute_power__theta__roi__R3__iqr__CE,,
dummy,5,4,psd__absolute_power__theta__roi__R3__iqr__CE_minus_OE,,
dummy,5,4,psd__absolute_power__theta__roi__R3__iqr__OE,,
dummy,5,4,psd__absolute_power__theta__roi__R3__median__CE,,
dummy,5,4,psd__absolute_power__theta__roi__R3__median__CE_minus_OE,,
dummy,5,4,psd__absolute_power__theta__roi__R3__median__OE,,
dummy,5,4,psd__absolute_power__theta__roi__R4__iqr__CE,,
dummy,5,4,psd__absolute_power__theta__roi__R4__iqr__CE_minus_OE,,
dummy,5,4,psd__absolute_power__theta__roi__R4__iqr__OE,,
dummy,5,4,psd__absolute_power__theta__roi__R4__median__CE,,
dummy,5,4,psd__absolute_power__theta__roi__R4__median__CE_minus_OE,,
dummy,5,4,psd__absolute_power__theta__roi__R4__median__OE,,
dummy,5,4,psd__absolute_power__theta__roi__R5__iqr__CE,,
dummy,5,4,psd__absolute_power__theta__roi__R5__iqr__CE_minus_OE,,
dummy,5,4,psd__absolute_power__theta__roi__R5__iqr__OE,,
dummy,5,4,psd__absolute_power__theta__roi__R5__median__CE,,
dummy,5,4,psd__absolute_power__theta__roi__R5__median__CE_minus_OE,,
dummy,5,4,psd__absolute_power__theta__roi__R5__median__OE,,
dummy,5,4,psd__absolute_power__theta__roi__R6__iqr__CE,,
dummy,5,4,psd__absolute_power__theta__roi__R6__iqr__CE_minus_OE,,
dummy,5,4,psd__absolute_power__theta__roi__R6__iqr__OE,,
dummy,5,4,psd__absolute_power__theta__roi__R6__median__CE,,
dummy,5,4,psd__absolute_power__theta__roi__R6__median__CE_minus_OE,,
dummy,5,4,psd__absolute_power__theta__roi__R6__median__OE,,
dummy,5,4,psd__delta_alpha_ratio__derived__roi__R1__iqr__CE,,
dummy,5,4,psd__delta_alpha_ratio__derived__roi__R1__iqr__CE_minus_OE,,
dummy,5,4,psd__delta_alpha_ratio__derived__roi__R1__iqr__OE,,
dummy,5,4,psd__delta_alpha_ratio__derived__roi__R1__median__CE,,
dummy,5,4,psd__delta_alpha_ratio__derived__roi__R1__median__CE_minus_OE,,
dummy,5,4,psd__delta_alpha_ratio__derived__roi__R1__median__OE,,
dummy,5,4,psd__delta_alpha_ratio__derived__roi__R2__iqr__CE,,
dummy,5,4,psd__delta_alpha_ratio__derived__roi__R2__iqr__CE_minus_OE,,
dummy,5,4,psd__delta_alpha_ratio__derived__roi__R2__iqr__OE,,
dummy,5,4,psd__delta_alpha_ratio__derived__roi__R2__median__CE,,
dummy,5,4,psd__delta_alpha_ratio__derived__roi__R2__median__CE_minus_OE,,
dummy,5,4,psd__delta_alpha_ratio__derived__roi__R2__median__OE,,
dummy,5,4,psd__delta_alpha_ratio__derived__roi__R3__iqr__CE,,
dummy,5,4,psd__delta_alpha_ratio__derived__roi__R3__iqr__CE_minus_OE,,
dummy,5,4,psd__delta_alpha_ratio__derived__roi__R3__iqr__OE,,
dummy,5,4,psd__delta_alpha_ratio__derived__roi__R3__median__CE,,
dummy,5,4,psd__delta_alpha_ratio__derived__roi__R3__median__CE_minus_OE,,
dummy,5,4,psd__delta_alpha_ratio__derived__roi__R3__median__OE,,
dummy,5,4,psd__delta_alpha_ratio__derived__roi__R4__iqr__CE,,
dummy,5,4,psd__delta_alpha_ratio__derived__roi__R4__iqr__CE_minus_OE,,
dummy,5,4,psd__delta_alpha_ratio__derived__roi__R4__iqr__OE,,
dummy,5,4,psd__delta_alpha_ratio__derived__roi__R4__median__CE,,
dummy,5,4,psd__delta_alpha_ratio__derived__roi__R4__median__CE_minus_OE,,
dummy,5,4,psd__delta_alpha_ratio__derived__roi__R4__median__OE,,
dummy,5,4,psd__delta_alpha_ratio__derived__roi__R5__iqr__CE,,
dummy,5,4,psd__delta_alpha_ratio__derived__roi__R5__iqr__CE_minus_OE,,
dummy,5,4,psd__delta_alpha_ratio__derived__roi__R5__iqr__OE,,
dummy,5,4,psd__delta_alpha_ratio__derived__roi__R5__median__CE,,
dummy,5,4,psd__delta_alpha_ratio__derived__roi__R5__median__CE_minus_OE,,
dummy,5,4,psd__delta_alpha_ratio__derived__roi__R5__median__OE,,
dummy,5,4,psd__delta_alpha_ratio__derived__roi__R6__iqr__CE,,
dummy,5,4,psd__delta_alpha_ratio__derived__roi__R6__iqr__CE_minus_OE,,
dummy,5,4,psd__delta_alpha_ratio__derived__roi__R6__iqr__OE,,
dummy,5,4,psd__delta_alpha_ratio__derived__roi__R6__median__CE,,
dummy,5,4,psd__delta_alpha_ratio__derived__roi__R6__median__CE_minus_OE,,
dummy,5,4,psd__delta_alpha_ratio__derived__roi__R6__median__OE,,
dummy,5,4,psd__relative_power__alpha__roi__R1__iqr__CE,,
dummy,5,4,psd__relative_power__alpha__roi__R1__iqr__CE_minus_OE,,
dummy,5,4,psd__relative_power__alpha__roi__R1__iqr__OE,,
dummy,5,4,psd__relative_power__alpha__roi__R1__median__CE,,
dummy,5,4,psd__relative_power__alpha__roi__R1__median__CE_minus_OE,,
dummy,5,4,psd__relative_power__alpha__roi__R1__median__OE,,
dummy,5,4,psd__relative_power__alpha__roi__R2__iqr__CE,,
dummy,5,4,psd__relative_power__alpha__roi__R2__iqr__CE_minus_OE,,
dummy,5,4,psd__relative_power__alpha__roi__R2__iqr__OE,,
dummy,5,4,psd__relative_power__alpha__roi__R2__median__CE,,
dummy,5,4,psd__relative_power__alpha__roi__R2__median__CE_minus_OE,,
dummy,5,4,psd__relative_power__alpha__roi__R2__median__OE,,
dummy,5,4,psd__relative_power__alpha__roi__R3__iqr__CE,,
dummy,5,4,psd__relative_power__alpha__roi__R3__iqr__CE_minus_OE,,
dummy,5,4,psd__relative_power__alpha__roi__R3__iqr__OE,,
dummy,5,4,psd__relative_power__alpha__roi__R3__median__CE,,
dummy,5,4,psd__relative_power__alpha__roi__R3__median__CE_minus_OE,,
dummy,5,4,psd__relative_power__alpha__roi__R3__median__OE,,
dummy,5,4,psd__relative_power__alpha__roi__R4__iqr__CE,,
dummy,5,4,psd__relative_power__alpha__roi__R4__iqr__CE_minus_OE,,
dummy,5,4,psd__relative_power__alpha__roi__R4__iqr__OE,,
dummy,5,4,psd__relative_power__alpha__roi__R4__median__CE,,
dummy,5,4,psd__relative_power__alpha__roi__R4__median__CE_minus_OE,,
dummy,5,4,psd__relative_power__alpha__roi__R4__median__OE,,
dummy,5,4,psd__relative_power__alpha__roi__R5__iqr__CE,,
dummy,5,4,psd__relative_power__alpha__roi__R5__iqr__CE_minus_OE,,
dummy,5,4,psd__relative_power__alpha__roi__R5__iqr__OE,,
dummy,5,4,psd__relative_power__alpha__roi__R5__median__CE,,
dummy,5,4,psd__relative_power__alpha__roi__R5__median__CE_minus_OE,,
dummy,5,4,psd__relative_power__alpha__roi__R5__median__OE,,
dummy,5,4,psd__relative_power__alpha__roi__R6__iqr__CE,,
dummy,5,4,psd__relative_power__alpha__roi__R6__iqr__CE_minus_OE,,
dummy,5,4,psd__relative_power__alpha__roi__R6__iqr__OE,,
dummy,5,4,psd__relative_power__alpha__roi__R6__median__CE,,
dummy,5,4,psd__relative_power__alpha__roi__R6__median__CE_minus_OE,,
dummy,5,4,psd__relative_power__alpha__roi__R6__median__OE,,
dummy,5,4,psd__relative_power__beta__roi__R1__iqr__CE,,
dummy,5,4,psd__relative_power__beta__roi__R1__iqr__CE_minus_OE,,
dummy,5,4,psd__relative_power__beta__roi__R1__iqr__OE,,
dummy,5,4,psd__relative_power__beta__roi__R1__median__CE,,
dummy,5,4,psd__relative_power__beta__roi__R1__median__CE_minus_OE,,
dummy,5,4,psd__relative_power__beta__roi__R1__median__OE,,
dummy,5,4,psd__relative_power__beta__roi__R2__iqr__CE,,
dummy,5,4,psd__relative_power__beta__roi__R2__iqr__CE_minus_OE,,
dummy,5,4,psd__relative_power__beta__roi__R2__iqr__OE,,
dummy,5,4,psd__relative_power__beta__roi__R2__median__CE,,
dummy,5,4,psd__relative_power__beta__roi__R2__median__CE_minus_OE,,
dummy,5,4,psd__relative_power__beta__roi__R2__median__OE,,
dummy,5,4,psd__relative_power__beta__roi__R3__iqr__CE,,
dummy,5,4,psd__relative_power__beta__roi__R3__iqr__CE_minus_OE,,
dummy,5,4,psd__relative_power__beta__roi__R3__iqr__OE,,
dummy,5,4,psd__relative_power__beta__roi__R3__median__CE,,
dummy,5,4,psd__relative_power__beta__roi__R3__median__CE_minus_OE,,
dummy,5,4,psd__relative_power__beta__roi__R3__median__OE,,
dummy,5,4,psd__relative_power__beta__roi__R4__iqr__CE,,
dummy,5,4,psd__relative_power__beta__roi__R4__iqr__CE_minus_OE,,
dummy,5,4,psd__relative_power__beta__roi__R4__iqr__OE,,
dummy,5,4,psd__relative_power__beta__roi__R4__median__CE,,
dummy,5,4,psd__relative_power__beta__roi__R4__median__CE_minus_OE,,
dummy,5,4,psd__relative_power__beta__roi__R4__median__OE,,
dummy,5,4,psd__relative_power__beta__roi__R5__iqr__CE,,
dummy,5,4,psd__relative_power__beta__roi__R5__iqr__CE_minus_OE,,
dummy,5,4,psd__relative_power__beta__roi__R5__iqr__OE,,
dummy,5,4,psd__relative_power__beta__roi__R5__median__CE,,
dummy,5,4,psd__relative_power__beta__roi__R5__median__CE_minus_OE,,
dummy,5,4,psd__relative_power__beta__roi__R5__median__OE,,
dummy,5,4,psd__relative_power__beta__roi__R6__iqr__CE,,
dummy,5,4,psd__relative_power__beta__roi__R6__iqr__CE_minus_OE,,
dummy,5,4,psd__relative_power__beta__roi__R6__iqr__OE,,
dummy,5,4,psd__relative_power__beta__roi__R6__median__CE,,
dummy,5,4,psd__relative_power__beta__roi__R6__median__CE_minus_OE,,
dummy,5,4,psd__relative_power__beta__roi__R6__median__OE,,
dummy,5,4,psd__relative_power__delta__roi__R1__iqr__CE,,
dummy,5,4,psd__relative_power__delta__roi__R1__iqr__CE_minus_OE,,
dummy,5,4,psd__relative_power__delta__roi__R1__iqr__OE,,
dummy,5,4,psd__relative_power__delta__roi__R1__median__CE,,
dummy,5,4,psd__relative_power__delta__roi__R1__median__CE_minus_OE,,
dummy,5,4,psd__relative_power__delta__roi__R1__median__OE,,
dummy,5,4,psd__relative_power__delta__roi__R2__iqr__CE,,
dummy,5,4,psd__relative_power__delta__roi__R2__iqr__CE_minus_OE,,
dummy,5,4,psd__relative_power__delta__roi__R2__iqr__OE,,
dummy,5,4,psd__relative_power__delta__roi__R2__median__CE,,
dummy,5,4,psd__relative_power__delta__roi__R2__median__CE_minus_OE,,
dummy,5,4,psd__relative_power__delta__roi__R2__median__OE,,
dummy,5,4,psd__relative_power__delta__roi__R3__iqr__CE,,
dummy,5,4,psd__relative_power__delta__roi__R3__iqr__CE_minus_OE,,
dummy,5,4,psd__relative_power__delta__roi__R3__iqr__OE,,
dummy,5,4,psd__relative_power__delta__roi__R3__median__CE,,
dummy,5,4,psd__relative_power__delta__roi__R3__median__CE_minus_OE,,
dummy,5,4,psd__relative_power__delta__roi__R3__median__OE,,
dummy,5,4,psd__relative_power__delta__roi__R4__iqr__CE,,
dummy,5,4,psd__relative_power__delta__roi__R4__iqr__CE_minus_OE,,
dummy,5,4,psd__relative_power__delta__roi__R4__iqr__OE,,
dummy,5,4,psd__relative_power__delta__roi__R4__median__CE,,
dummy,5,4,psd__relative_power__delta__roi__R4__median__CE_minus_OE,,
dummy,5,4,psd__relative_power__delta__roi__R4__median__OE,,
dummy,5,4,psd__relative_power__delta__roi__R5__iqr__CE,,
dummy,5,4,psd__relative_power__delta__roi__R5__iqr__CE_minus_OE,,
dummy,5,4,psd__relative_power__delta__roi__R5__iqr__OE,,
dummy,5,4,psd__relative_power__delta__roi__R5__median__CE,,
dummy,5,4,psd__relative_power__delta__roi__R5__median__CE_minus_OE,,
dummy,5,4,psd__relative_power__delta__roi__R5__median__OE,,
dummy,5,4,psd__relative_power__delta__roi__R6__iqr__CE,,
dummy,5,4,psd__relative_power__delta__roi__R6__iqr__CE_minus_OE,,
dummy,5,4,psd__relative_power__delta__roi__R6__iqr__OE,,
dummy,5,4,psd__relative_power__delta__roi__R6__median__CE,,
dummy,5,4,psd__relative_power__delta__roi__R6__median__CE_minus_OE,,
dummy,5,4,psd__relative_power__delta__roi__R6__median__OE,,
dummy,5,4,psd__relative_power__gamma__roi__R1__iqr__CE,,
dummy,5,4,psd__relative_power__gamma__roi__R1__iqr__CE_minus_OE,,
dummy,5,4,psd__relative_power__gamma__roi__R1__iqr__OE,,
dummy,5,4,psd__relative_power__gamma__roi__R1__median__CE,,
dummy,5,4,psd__relative_power__gamma__roi__R1__median__CE_minus_OE,,
dummy,5,4,psd__relative_power__gamma__roi__R1__median__OE,,
dummy,5,4,psd__relative_power__gamma__roi__R2__iqr__CE,,
dummy,5,4,psd__relative_power__gamma__roi__R2__iqr__CE_minus_OE,,
dummy,5,4,psd__relative_power__gamma__roi__R2__iqr__OE,,
dummy,5,4,psd__relative_power__gamma__roi__R2__median__CE,,
dummy,5,4,psd__relative_power__gamma__roi__R2__median__CE_minus_OE,,
dummy,5,4,psd__relative_power__gamma__roi__R2__median__OE,,
dummy,5,4,psd__relative_power__gamma__roi__R3__iqr__CE,,
dummy,5,4,psd__relative_power__gamma__roi__R3__iqr__CE_minus_OE,,
dummy,5,4,psd__relative_power__gamma__roi__R3__iqr__OE,,
dummy,5,4,psd__relative_power__gamma__roi__R3__median__CE,,
dummy,5,4,psd__relative_power__gamma__roi__R3__median__CE_minus_OE,,
dummy,5,4,psd__relative_power__gamma__roi__R3__median__OE,,
dummy,5,4,psd__relative_power__gamma__roi__R4__iqr__CE,,
dummy,5,4,psd__relative_power__gamma__roi__R4__iqr__CE_minus_OE,,
dummy,5,4,psd__relative_power__gamma__roi__R4__iqr__OE,,
dummy,5,4,psd__relative_power__gamma__roi__R4__median__CE,,
dummy,5,4,psd__relative_power__gamma__roi__R4__median__CE_minus_OE,,
dummy,5,4,psd__relative_power__gamma__roi__R4__median__OE,,
dummy,5,4,psd__relative_power__gamma__roi__R5__iqr__CE,,
dummy,5,4,psd__relative_power__gamma__roi__R5__iqr__CE_minus_OE,,
dummy,5,4,psd__relative_power__gamma__roi__R5__iqr__OE,,
dummy,5,4,psd__relative_power__gamma__roi__R5__median__CE,,
dummy,5,4,psd__relative_power__gamma__roi__R5__median__CE_minus_OE,,
dummy,5,4,psd__relative_power__gamma__roi__R5__median__OE,,
dummy,5,4,psd__relative_power__gamma__roi__R6__iqr__CE,,
dummy,5,4,psd__relative_power__gamma__roi__R6__iqr__CE_minus_OE,,
dummy,5,4,psd__relative_power__gamma__roi__R6__iqr__OE,,
dummy,5,4,psd__relative_power__gamma__roi__R6__median__CE,,
dummy,5,4,psd__relative_power__gamma__roi__R6__median__CE_minus_OE,,
dummy,5,4,psd__relative_power__gamma__roi__R6__median__OE,,
dummy,5,4,psd__relative_power__theta__roi__R1__iqr__CE,,
dummy,5,4,psd__relative_power__theta__roi__R1__iqr__CE_minus_OE,,
dummy,5,4,psd__relative_power__theta__roi__R1__iqr__OE,,
dummy,5,4,psd__relative_power__theta__roi__R1__median__CE,,
dummy,5,4,psd__relative_power__theta__roi__R1__median__CE_minus_OE,,
dummy,5,4,psd__relative_power__theta__roi__R1__median__OE,,
dummy,5,4,psd__relative_power__theta__roi__R2__iqr__CE,,
dummy,5,4,psd__relative_power__theta__roi__R2__iqr__CE_minus_OE,,
dummy,5,4,psd__relative_power__theta__roi__R2__iqr__OE,,
dummy,5,4,psd__relative_power__theta__roi__R2__median__CE,,
dummy,5,4,psd__relative_power__theta__roi__R2__median__CE_minus_OE,,
dummy,5,4,psd__relative_power__theta__roi__R2__median__OE,,
dummy,5,4,psd__relative_power__theta__roi__R3__iqr__CE,,
dummy,5,4,psd__relative_power__theta__roi__R3__iqr__CE_minus_OE,,
dummy,5,4,psd__relative_power__theta__roi__R3__iqr__OE,,
dummy,5,4,psd__relative_power__theta__roi__R3__median__CE,,
dummy,5,4,psd__relative_power__theta__roi__R3__median__CE_minus_OE,,
dummy,5,4,psd__relative_power__theta__roi__R3__median__OE,,
dummy,5,4,psd__relative_power__theta__roi__R4__iqr__CE,,
dummy,5,4,psd__relative_power__theta__roi__R4__iqr__CE_minus_OE,,
dummy,5,4,psd__relative_power__theta__roi__R4__iqr__OE,,
dummy,5,4,psd__relative_power__theta__roi__R4__median__CE,,
dummy,5,4,psd__relative_power__theta__roi__R4__median__CE_minus_OE,,
dummy,5,4,psd__relative_power__theta__roi__R4__median__OE,,
dummy,5,4,psd__relative_power__theta__roi__R5__iqr__CE,,
dummy,5,4,psd__relative_power__theta__roi__R5__iqr__CE_minus_OE,,
dummy,5,4,psd__relative_power__theta__roi__R5__iqr__OE,,
dummy,5,4,psd__relative_power__theta__roi__R5__median__CE,,
dummy,5,4,psd__relative_power__theta__roi__R5__median__CE_minus_OE,,
dummy,5,4,psd__relative_power__theta__roi__R5__median__OE,,
dummy,5,4,psd__relative_power__theta__roi__R6__iqr__CE,,
dummy,5,4,psd__relative_power__theta__roi__R6__iqr__CE_minus_OE,,
dummy,5,4,psd__relative_power__theta__roi__R6__iqr__OE,,
dummy,5,4,psd__relative_power__theta__roi__R6__median__CE,,
dummy,5,4,psd__relative_power__theta__roi__R6__median__CE_minus_OE,,
dummy,5,4,psd__relative_power__theta__roi__R6__median__OE,,
dummy,5,4,psd__sfr__derived__roi__R1__iqr__CE,,
dummy,5,4,psd__sfr__derived__roi__R1__iqr__CE_minus_OE,,
dummy,5,4,psd__sfr__derived__roi__R1__iqr__OE,,
dummy,5,4,psd__sfr__derived__roi__R1__median__CE,,
dummy,5,4,psd__sfr__derived__roi__R1__median__CE_minus_OE,,
dummy,5,4,psd__sfr__derived__roi__R1__median__OE,,
dummy,5,4,psd__sfr__derived__roi__R2__iqr__CE,,
dummy,5,4,psd__sfr__derived__roi__R2__iqr__CE_minus_OE,,
dummy,5,4,psd__sfr__derived__roi__R2__iqr__OE,,
dummy,5,4,psd__sfr__derived__roi__R2__median__CE,,
dummy,5,4,psd__sfr__derived__roi__R2__median__CE_minus_OE,,
dummy,5,4,psd__sfr__derived__roi__R2__median__OE,,
dummy,5,4,psd__sfr__derived__roi__R3__iqr__CE,,
dummy,5,4,psd__sfr__derived__roi__R3__iqr__CE_minus_OE,,
dummy,5,4,psd__sfr__derived__roi__R3__iqr__OE,,
dummy,5,4,psd__sfr__derived__roi__R3__median__CE,,
dummy,5,4,psd__sfr__derived__roi__R3__median__CE_minus_OE,,
dummy,5,4,psd__sfr__derived__roi__R3__median__OE,,
dummy,5,4,psd__sfr__derived__roi__R4__iqr__CE,,
dummy,5,4,psd__sfr__derived__roi__R4__iqr__CE_minus_OE,,
dummy,5,4,psd__sfr__derived__roi__R4__iqr__OE,,
dummy,5,4,psd__sfr__derived__roi__R4__median__CE,,
dummy,5,4,psd__sfr__derived__roi__R4__median__CE_minus_OE,,
dummy,5,4,psd__sfr__derived__roi__R4__median__OE,,
dummy,5,4,psd__sfr__derived__roi__R5__iqr__CE,,
dummy,5,4,psd__sfr__derived__roi__R5__iqr__CE_minus_OE,,
dummy,5,4,psd__sfr__derived__roi__R5__iqr__OE,,
dummy,5,4,psd__sfr__derived__roi__R5__median__CE,,
dummy,5,4,psd__sfr__derived__roi__R5__median__CE_minus_OE,,
dummy,5,4,psd__sfr__derived__roi__R5__median__OE,,
dummy,5,4,psd__sfr__derived__roi__R6__iqr__CE,,
dummy,5,4,psd__sfr__derived__roi__R6__iqr__CE_minus_OE,,
dummy,5,4,psd__sfr__derived__roi__R6__iqr__OE,,
dummy,5,4,psd__sfr__derived__roi__R6__median__CE,,
dummy,5,4,psd__sfr__derived__roi__R6__median__CE_minus_OE,,
dummy,5,4,psd__sfr__derived__roi__R6__median__OE,,
dummy,5,4,psd__theta_alpha_ratio__derived__roi__R1__iqr__CE,,
dummy,5,4,psd__theta_alpha_ratio__derived__roi__R1__iqr__CE_minus_OE,,
dummy,5,4,psd__theta_alpha_ratio__derived__roi__R1__iqr__OE,,
dummy,5,4,psd__theta_alpha_ratio__derived__roi__R1__median__CE,,
dummy,5,4,psd__theta_alpha_ratio__derived__roi__R1__median__CE_minus_OE,,
dummy,5,4,psd__theta_alpha_ratio__derived__roi__R1__median__OE,,
dummy,5,4,psd__theta_alpha_ratio__derived__roi__R2__iqr__CE,,
dummy,5,4,psd__theta_alpha_ratio__derived__roi__R2__iqr__CE_minus_OE,,
dummy,5,4,psd__theta_alpha_ratio__derived__roi__R2__iqr__OE,,
dummy,5,4,psd__theta_alpha_ratio__derived__roi__R2__median__CE,,
dummy,5,4,psd__theta_alpha_ratio__derived__roi__R2__median__CE_minus_OE,,
dummy,5,4,psd__theta_alpha_ratio__derived__roi__R2__median__OE,,
dummy,5,4,psd__theta_alpha_ratio__derived__roi__R3__iqr__CE,,
dummy,5,4,psd__theta_alpha_ratio__derived__roi__R3__iqr__CE_minus_OE,,
dummy,5,4,psd__theta_alpha_ratio__derived__roi__R3__iqr__OE,,
dummy,5,4,psd__theta_alpha_ratio__derived__roi__R3__median__CE,,
dummy,5,4,psd__theta_alpha_ratio__derived__roi__R3__median__CE_minus_OE,,
dummy,5,4,psd__theta_alpha_ratio__derived__roi__R3__median__OE,,
dummy,5,4,psd__theta_alpha_ratio__derived__roi__R4__iqr__CE,,
dummy,5,4,psd__theta_alpha_ratio__derived__roi__R4__iqr__CE_minus_OE,,
dummy,5,4,psd__theta_alpha_ratio__derived__roi__R4__iqr__OE,,
dummy,5,4,psd__theta_alpha_ratio__derived__roi__R4__median__CE,,
dummy,5,4,psd__theta_alpha_ratio__derived__roi__R4__median__CE_minus_OE,,
dummy,5,4,psd__theta_alpha_ratio__derived__roi__R4__median__OE,,
dummy,5,4,psd__theta_alpha_ratio__derived__roi__R5__iqr__CE,,
dummy,5,4,psd__theta_alpha_ratio__derived__roi__R5__iqr__CE_minus_OE,,
dummy,5,4,psd__theta_alpha_ratio__derived__roi__R5__iqr__OE,,
dummy,5,4,psd__theta_alpha_ratio__derived__roi__R5__median__CE,,
dummy,5,4,psd__theta_alpha_ratio__derived__roi__R5__median__CE_minus_OE,,
dummy,5,4,psd__theta_alpha_ratio__derived__roi__R5__median__OE,,
dummy,5,4,psd__theta_alpha_ratio__derived__roi__R6__iqr__CE,,
dummy,5,4,psd__theta_alpha_ratio__derived__roi__R6__iqr__CE_minus_OE,,
dummy,5,4,psd__theta_alpha_ratio__derived__roi__R6__iqr__OE,,
dummy,5,4,psd__theta_alpha_ratio__derived__roi__R6__median__CE,,
dummy,5,4,psd__theta_alpha_ratio__derived__roi__R6__median__CE_minus_OE,,
dummy,5,4,psd__theta_alpha_ratio__derived__roi__R6__median__OE,,
logistic_elastic_net,1,1,complexity__spectral_entropy__broadband__roi__R1__median__CE,0.05179924835393474,0.05179924835393474
logistic_elastic_net,1,1,complexity__spectral_entropy__broadband__roi__R2__median__CE,0.014369948392789164,0.014369948392789164
logistic_elastic_net,1,1,complexity__spectral_entropy__broadband__roi__R2__median__CE_minus_OE,0.050359650315135715,0.050359650315135715
logistic_elastic_net,1,1,complexity__spectral_entropy__broadband__roi__R6__median__CE,0.07549920532293126,0.07549920532293126
logistic_elastic_net,1,1,psd__absolute_power__gamma__roi__R1__median__CE,0.08399535345270714,0.08399535345270714
logistic_elastic_net,1,1,psd__relative_power__beta__roi__R2__median__CE_minus_OE,0.09866978824643668,0.09866978824643668
logistic_elastic_net,1,1,psd__relative_power__beta__roi__R6__iqr__CE,0.12929949110822514,0.12929949110822514
logistic_elastic_net,1,1,psd__relative_power__gamma__roi__R1__iqr__CE,0.03801424150442912,0.03801424150442912
logistic_elastic_net,1,1,psd__relative_power__gamma__roi__R1__median__CE,0.2011967261258721,0.2011967261258721
logistic_elastic_net,1,1,psd__relative_power__gamma__roi__R2__iqr__CE,0.035867428746640825,0.035867428746640825
logistic_elastic_net,1,1,psd__relative_power__gamma__roi__R2__median__CE,0.17642274762963328,0.17642274762963328
logistic_elastic_net,1,1,psd__relative_power__gamma__roi__R3__iqr__CE,0.0,0.0
logistic_elastic_net,1,1,psd__relative_power__gamma__roi__R3__median__CE,0.0,0.0
logistic_elastic_net,1,1,psd__relative_power__gamma__roi__R4__median__CE,0.0,0.0
logistic_elastic_net,1,1,psd__relative_power__gamma__roi__R5__iqr__CE,0.0404881660824501,0.0404881660824501
logistic_elastic_net,1,1,psd__relative_power__gamma__roi__R6__iqr__CE,0.13718072748416577,0.13718072748416577
logistic_elastic_net,1,1,psd__relative_power__gamma__roi__R6__median__CE,0.0474890982538677,0.0474890982538677
logistic_elastic_net,1,1,psd__relative_power__theta__roi__R1__median__CE,-0.11164128147790046,0.11164128147790046
logistic_elastic_net,1,1,psd__relative_power__theta__roi__R2__median__CE,-0.10812456924114636,0.10812456924114636
logistic_elastic_net,1,1,psd__relative_power__theta__roi__R3__median__CE,-0.01914366066618113,0.01914366066618113
logistic_elastic_net,1,2,psd__relative_power__beta__roi__R2__median__CE,0.35906784454927976,0.35906784454927976
logistic_elastic_net,1,2,psd__relative_power__beta__roi__R3__iqr__CE,3.2436169602797427,3.2436169602797427
logistic_elastic_net,1,2,psd__relative_power__beta__roi__R3__median__CE,0.0,0.0
logistic_elastic_net,1,2,psd__relative_power__beta__roi__R4__median__CE,0.0,0.0
logistic_elastic_net,1,2,psd__relative_power__beta__roi__R5__median__CE,-1.5338607282296122,1.5338607282296122
logistic_elastic_net,1,2,psd__relative_power__beta__roi__R6__iqr__CE,2.581948780836892,2.581948780836892
logistic_elastic_net,1,2,psd__relative_power__beta__roi__R6__median__CE,1.9747006998279233,1.9747006998279233
logistic_elastic_net,1,2,psd__relative_power__theta__roi__R5__iqr__CE_minus_OE,2.1805928731169266,2.1805928731169266
logistic_elastic_net,1,2,psd__relative_power__theta__roi__R5__iqr__OE,0.6376142108551505,0.6376142108551505
logistic_elastic_net,1,2,psd__relative_power__theta__roi__R6__iqr__CE_minus_OE,-1.5157823322325124,1.5157823322325124
logistic_elastic_net,1,3,psd__absolute_power__alpha__roi__R3__iqr__OE,-0.006656175186929511,0.006656175186929511
logistic_elastic_net,1,3,psd__relative_power__gamma__roi__R1__median__CE,0.07329677837228837,0.07329677837228837
logistic_elastic_net,1,3,psd__relative_power__gamma__roi__R2__iqr__CE,0.08068968049465555,0.08068968049465555
logistic_elastic_net,1,3,psd__relative_power__gamma__roi__R2__median__CE,0.07427034302129198,0.07427034302129198
logistic_elastic_net,1,3,psd__relative_power__gamma__roi__R4__iqr__CE,0.047157360040687546,0.047157360040687546
logistic_elastic_net,1,4,complexity__spectral_entropy__broadband__roi__R1__median__CE_minus_OE,0.02188471699917205,0.02188471699917205
logistic_elastic_net,1,4,complexity__spectral_entropy__broadband__roi__R2__median__CE_minus_OE,0.0,0.0
logistic_elastic_net,1,4,complexity__spectral_entropy__broadband__roi__R3__median__CE_minus_OE,0.022825293787110807,0.022825293787110807
logistic_elastic_net,1,4,complexity__spectral_entropy__broadband__roi__R4__median__CE_minus_OE,0.0,0.0
logistic_elastic_net,1,4,complexity__spectral_entropy__broadband__roi__R5__median__CE_minus_OE,0.032855988860234595,0.032855988860234595
logistic_elastic_net,1,4,complexity__spectral_entropy__broadband__roi__R6__median__CE_minus_OE,0.00914678567771723,0.00914678567771723
logistic_elastic_net,1,4,psd__relative_power__beta__roi__R1__iqr__CE,0.09888660116267241,0.09888660116267241
logistic_elastic_net,1,4,psd__relative_power__beta__roi__R1__median__CE_minus_OE,0.07050953472963373,0.07050953472963373
logistic_elastic_net,1,4,psd__relative_power__beta__roi__R2__iqr__CE,0.06034788710208768,0.06034788710208768
logistic_elastic_net,1,4,psd__relative_power__beta__roi__R2__median__CE_minus_OE,0.12161187238412584,0.12161187238412584
logistic_elastic_net,1,4,psd__relative_power__beta__roi__R3__median__CE_minus_OE,0.08336874048452605,0.08336874048452605
logistic_elastic_net,1,4,psd__relative_power__beta__roi__R4__iqr__CE,0.027975453402866644,0.027975453402866644
logistic_elastic_net,1,4,psd__relative_power__beta__roi__R4__median__CE_minus_OE,0.16275975113712582,0.16275975113712582
logistic_elastic_net,1,4,psd__relative_power__beta__roi__R5__median__CE_minus_OE,0.0,0.0
logistic_elastic_net,1,4,psd__relative_power__beta__roi__R6__iqr__CE,0.10614959042811638,0.10614959042811638
logistic_elastic_net,1,4,psd__relative_power__beta__roi__R6__median__CE_minus_OE,0.0017597640120582511,0.0017597640120582511
logistic_elastic_net,1,4,psd__relative_power__gamma__roi__R1__median__CE_minus_OE,0.05652225174323103,0.05652225174323103
logistic_elastic_net,1,4,psd__relative_power__gamma__roi__R2__iqr__CE,0.09017326174685131,0.09017326174685131
logistic_elastic_net,1,4,psd__relative_power__theta__roi__R1__median__CE_minus_OE,-0.055101601490254615,0.055101601490254615
logistic_elastic_net,1,4,psd__relative_power__theta__roi__R2__median__CE_minus_OE,-0.04986902938359541,0.04986902938359541
logistic_elastic_net,2,1,complexity__spectral_entropy__broadband__roi__R1__median__CE_minus_OE,0.0,0.0
logistic_elastic_net,2,1,complexity__spectral_entropy__broadband__roi__R2__median__CE_minus_OE,0.0,0.0
logistic_elastic_net,2,1,complexity__spectral_entropy__broadband__roi__R3__median__CE_minus_OE,-0.07825744815574406,0.07825744815574406
logistic_elastic_net,2,1,complexity__spectral_entropy__broadband__roi__R5__median__CE_minus_OE,0.0,0.0
logistic_elastic_net,2,1,complexity__spectral_entropy__broadband__roi__R6__median__CE,0.3182834077730188,0.3182834077730188
logistic_elastic_net,2,1,complexity__spectral_entropy__broadband__roi__R6__median__CE_minus_OE,0.0,0.0
logistic_elastic_net,2,1,psd__absolute_power__alpha__roi__R1__median__OE,0.5655165423128184,0.5655165423128184
logistic_elastic_net,2,1,psd__absolute_power__alpha__roi__R3__median__CE_minus_OE,-0.3065268833594046,0.3065268833594046
logistic_elastic_net,2,1,psd__absolute_power__beta__roi__R1__median__CE,0.7644477138789373,0.7644477138789373
logistic_elastic_net,2,1,psd__absolute_power__gamma__roi__R1__median__CE,0.21722804738248755,0.21722804738248755
logistic_elastic_net,2,1,psd__relative_power__beta__roi__R2__median__CE_minus_OE,0.3209422554815315,0.3209422554815315
logistic_elastic_net,2,1,psd__relative_power__beta__roi__R4__iqr__CE,0.147180065597189,0.147180065597189
logistic_elastic_net,2,1,psd__relative_power__beta__roi__R6__iqr__CE,0.6596725520539743,0.6596725520539743
logistic_elastic_net,2,1,psd__relative_power__gamma__roi__R1__median__CE,0.5161125929156756,0.5161125929156756
logistic_elastic_net,2,1,psd__relative_power__gamma__roi__R1__median__CE_minus_OE,0.34755114905392076,0.34755114905392076
logistic_elastic_net,2,1,psd__relative_power__gamma__roi__R2__iqr__CE,-0.18208350080886565,0.18208350080886565
logistic_elastic_net,2,1,psd__relative_power__gamma__roi__R2__median__CE,0.5558669440772421,0.5558669440772421
logistic_elastic_net,2,1,psd__relative_power__gamma__roi__R2__median__CE_minus_OE,0.5221282137384902,0.5221282137384902
logistic_elastic_net,2,1,psd__relative_power__gamma__roi__R6__iqr__CE,0.21413159905690154,0.21413159905690154
logistic_elastic_net,2,1,psd__relative_power__gamma__roi__R6__median__CE,0.383189027952703,0.383189027952703
logistic_elastic_net,2,2,complexity__spectral_entropy__broadband__roi__R1__median__CE,-1.354475486228888,1.354475486228888
logistic_elastic_net,2,2,complexity__spectral_entropy__broadband__roi__R5__median__CE_minus_OE,1.0941782503223676,1.0941782503223676
logistic_elastic_net,2,2,psd__relative_power__beta__roi__R1__iqr__CE,1.6185902938702792,1.6185902938702792
logistic_elastic_net,2,2,psd__relative_power__beta__roi__R1__median__CE,0.7610516869082323,0.7610516869082323
logistic_elastic_net,2,2,psd__relative_power__beta__roi__R2__median__CE,0.0,0.0
logistic_elastic_net,2,2,psd__relative_power__beta__roi__R3__iqr__CE,2.5460479018890454,2.5460479018890454
logistic_elastic_net,2,2,psd__relative_power__beta__roi__R3__median__CE,0.5146480210092186,0.5146480210092186
logistic_elastic_net,2,2,psd__relative_power__beta__roi__R4__median__CE,0.5982166223990776,0.5982166223990776
logistic_elastic_net,2,2,psd__relative_power__beta__roi__R5__iqr__CE,1.1575577576647855,1.1575577576647855
logistic_elastic_net,2,2,psd__relative_power__beta__roi__R5__median__CE,0.0,0.0
logistic_elastic_net,2,2,psd__relative_power__beta__roi__R6__iqr__CE,0.7781654722848033,0.7781654722848033
logistic_elastic_net,2,2,psd__relative_power__beta__roi__R6__median__CE,0.23823684856095,0.23823684856095
logistic_elastic_net,2,2,psd__relative_power__gamma__roi__R1__iqr__CE,0.0,0.0
logistic_elastic_net,2,2,psd__relative_power__gamma__roi__R1__median__CE,0.0,0.0
logistic_elastic_net,2,2,psd__relative_power__gamma__roi__R2__iqr__CE,0.9966856601273272,0.9966856601273272
logistic_elastic_net,2,2,psd__relative_power__gamma__roi__R2__median__CE,0.0,0.0
logistic_elastic_net,2,2,psd__relative_power__theta__roi__R5__median__CE_minus_OE,0.9015569813690921,0.9015569813690921
logistic_elastic_net,2,2,psd__relative_power__theta__roi__R6__median__CE_minus_OE,1.1170080832487492,1.1170080832487492
logistic_elastic_net,2,2,psd__sfr__derived__roi__R1__median__CE,-0.6240916987607463,0.6240916987607463
logistic_elastic_net,2,2,psd__sfr__derived__roi__R2__median__CE,-0.5863284496040803,0.5863284496040803
logistic_elastic_net,2,3,psd__relative_power__alpha__roi__R3__iqr__CE_minus_OE,-0.1570709003098425,0.1570709003098425
logistic_elastic_net,2,3,psd__relative_power__alpha__roi__R4__iqr__CE_minus_OE,0.542487815881278,0.542487815881278
logistic_elastic_net,2,3,psd__relative_power__beta__roi__R1__iqr__CE,3.2614942694707874,3.2614942694707874
logistic_elastic_net,2,3,psd__relative_power__beta__roi__R2__iqr__CE,0.10937953336652359,0.10937953336652359
logistic_elastic_net,2,3,psd__relative_power__theta__roi__R1__median__CE_minus_OE,-3.145769249822083,3.145769249822083
logistic_elastic_net,2,4,psd__relative_power__beta__roi__R6__iqr__CE,0.0,0.0
logistic_elastic_net,2,4,psd__relative_power__gamma__roi__R1__median__CE,0.0,0.0
logistic_elastic_net,2,4,psd__relative_power__gamma__roi__R2__iqr__CE,0.0,0.0
logistic_elastic_net,2,4,psd__relative_power__gamma__roi__R2__median__CE,0.0,0.0
logistic_elastic_net,2,4,psd__relative_power__gamma__roi__R4__iqr__CE,0.0,0.0
logistic_elastic_net,3,1,psd__relative_power__beta__roi__R1__iqr__CE,0.8890725509802775,0.8890725509802775
logistic_elastic_net,3,1,psd__relative_power__beta__roi__R1__median__CE,0.0,0.0
logistic_elastic_net,3,1,psd__relative_power__beta__roi__R3__iqr__CE,1.7668672670334327,1.7668672670334327
logistic_elastic_net,3,1,psd__relative_power__beta__roi__R3__median__CE,-1.3476763508101188,1.3476763508101188
logistic_elastic_net,3,1,psd__relative_power__beta__roi__R6__iqr__CE,3.273420300192843,3.273420300192843
logistic_elastic_net,3,1,psd__relative_power__gamma__roi__R1__iqr__CE,-0.7885876034218366,0.7885876034218366
logistic_elastic_net,3,1,psd__relative_power__gamma__roi__R1__median__CE,1.9293950751821731,1.9293950751821731
logistic_elastic_net,3,1,psd__relative_power__gamma__roi__R2__iqr__CE,1.2154061424073106,1.2154061424073106
logistic_elastic_net,3,1,psd__relative_power__gamma__roi__R2__median__CE,-0.5277417914572649,0.5277417914572649
logistic_elastic_net,3,1,psd__relative_power__gamma__roi__R5__iqr__CE,0.0,0.0
logistic_elastic_net,3,2,psd__relative_power__beta__roi__R1__iqr__CE,0.1948501749179086,0.1948501749179086
logistic_elastic_net,3,2,psd__relative_power__beta__roi__R1__median__CE_minus_OE,0.16007086735144357,0.16007086735144357
logistic_elastic_net,3,2,psd__relative_power__beta__roi__R2__median__CE_minus_OE,0.17774268504471544,0.17774268504471544
logistic_elastic_net,3,2,psd__relative_power__gamma__roi__R1__median__CE_minus_OE,0.13963575206454312,0.13963575206454312
logistic_elastic_net,3,2,psd__relative_power__gamma__roi__R2__iqr__CE,0.22352972083066125,0.22352972083066125
logistic_elastic_net,3,3,complexity__spectral_entropy__broadband__roi__R1__median__CE,0.0372264124147128,0.0372264124147128
logistic_elastic_net,3,3,complexity__spectral_entropy__broadband__roi__R3__median__CE,-0.46302336141599815,0.46302336141599815
logistic_elastic_net,3,3,complexity__spectral_entropy__broadband__roi__R4__median__CE,-1.2141459416300269,1.2141459416300269
logistic_elastic_net,3,3,complexity__spectral_entropy__broadband__roi__R6__median__CE,1.0004247883456086,1.0004247883456086
logistic_elastic_net,3,3,psd__absolute_power__theta__roi__R5__iqr__CE,-0.4957533204969309,0.4957533204969309
logistic_elastic_net,3,3,psd__absolute_power__theta__roi__R6__iqr__CE,0.0,0.0
logistic_elastic_net,3,3,psd__relative_power__gamma__roi__R1__median__CE,0.02467138029136083,0.02467138029136083
logistic_elastic_net,3,3,psd__relative_power__gamma__roi__R2__median__CE,2.9209257341499337,2.9209257341499337
logistic_elastic_net,3,3,psd__relative_power__gamma__roi__R4__median__CE,-0.5767866143638933,0.5767866143638933
logistic_elastic_net,3,3,psd__relative_power__gamma__roi__R6__median__CE,1.6097775986334661,1.6097775986334661
logistic_elastic_net,3,4,complexity__spectral_entropy__broadband__roi__R5__median__CE_minus_OE,0.09894934609570945,0.09894934609570945
logistic_elastic_net,3,4,complexity__spectral_entropy__broadband__roi__R6__median__CE_minus_OE,0.04703953094293833,0.04703953094293833
logistic_elastic_net,3,4,psd__absolute_power__alpha__roi__R3__median__CE_minus_OE,-0.007891697290545131,0.007891697290545131
logistic_elastic_net,3,4,psd__relative_power__alpha__roi__R3__median__CE,0.20777177185578835,0.20777177185578835
logistic_elastic_net,3,4,psd__relative_power__alpha__roi__R4__median__CE,0.0,0.0
logistic_elastic_net,3,4,psd__relative_power__alpha__roi__R4__median__CE_minus_OE,0.0,0.0
logistic_elastic_net,3,4,psd__relative_power__alpha__roi__R5__median__CE_minus_OE,0.09278129728064204,0.09278129728064204
logistic_elastic_net,3,4,psd__relative_power__alpha__roi__R6__median__CE_minus_OE,0.0,0.0
logistic_elastic_net,3,4,psd__relative_power__beta__roi__R2__median__CE_minus_OE,0.4189983464440759,0.4189983464440759
logistic_elastic_net,3,4,psd__relative_power__beta__roi__R3__iqr__CE,0.5663860492002345,0.5663860492002345
logistic_elastic_net,3,4,psd__relative_power__beta__roi__R4__iqr__CE,0.44843014979608775,0.44843014979608775
logistic_elastic_net,3,4,psd__relative_power__beta__roi__R5__iqr__CE,0.6357844558494785,0.6357844558494785
logistic_elastic_net,3,4,psd__relative_power__beta__roi__R6__iqr__CE,0.6056932007618194,0.6056932007618194
logistic_elastic_net,3,4,psd__relative_power__gamma__roi__R1__median__CE,0.6469015352804669,0.6469015352804669
logistic_elastic_net,3,4,psd__relative_power__gamma__roi__R1__median__CE_minus_OE,0.2221231843543819,0.2221231843543819
logistic_elastic_net,3,4,psd__relative_power__gamma__roi__R2__iqr__CE,0.3498870101262893,0.3498870101262893
logistic_elastic_net,3,4,psd__relative_power__gamma__roi__R2__median__CE,0.3175276883201607,0.3175276883201607
logistic_elastic_net,3,4,psd__relative_power__gamma__roi__R2__median__CE_minus_OE,0.20110267823028397,0.20110267823028397
logistic_elastic_net,3,4,psd__relative_power__gamma__roi__R6__iqr__CE,0.22776071621807042,0.22776071621807042
logistic_elastic_net,3,4,psd__relative_power__theta__roi__R6__iqr__CE_minus_OE,0.5891372392329263,0.5891372392329263
logistic_elastic_net,4,1,complexity__spectral_entropy__broadband__roi__R1__median__CE_minus_OE,0.06012118878479762,0.06012118878479762
logistic_elastic_net,4,1,complexity__spectral_entropy__broadband__roi__R5__median__CE_minus_OE,0.10833459611309652,0.10833459611309652
logistic_elastic_net,4,1,complexity__spectral_entropy__broadband__roi__R6__median__CE,0.1444169190199644,0.1444169190199644
logistic_elastic_net,4,1,complexity__spectral_entropy__broadband__roi__R6__median__CE_minus_OE,0.11458699283181585,0.11458699283181585
logistic_elastic_net,4,1,psd__relative_power__beta__roi__R2__iqr__CE,0.12931165783539914,0.12931165783539914
logistic_elastic_net,4,1,psd__relative_power__beta__roi__R2__median__CE_minus_OE,0.08233363027007207,0.08233363027007207
logistic_elastic_net,4,1,psd__relative_power__beta__roi__R4__median__CE_minus_OE,0.03805420279659394,0.03805420279659394
logistic_elastic_net,4,1,psd__relative_power__gamma__roi__R1__median__CE,0.10295743639494222,0.10295743639494222
logistic_elastic_net,4,1,psd__relative_power__gamma__roi__R1__median__CE_minus_OE,0.11743181615458212,0.11743181615458212
logistic_elastic_net,4,1,psd__relative_power__gamma__roi__R2__median__CE,0.12209539328168603,0.12209539328168603
logistic_elastic_net,4,2,psd__relative_power__beta__roi__R2__median__CE_minus_OE,0.0,0.0
logistic_elastic_net,4,2,psd__relative_power__beta__roi__R5__iqr__CE,0.02201492672174503,0.02201492672174503
logistic_elastic_net,4,2,psd__relative_power__beta__roi__R6__iqr__CE,0.01522883080667171,0.01522883080667171
logistic_elastic_net,4,2,psd__relative_power__gamma__roi__R1__median__CE_minus_OE,0.07197568107435941,0.07197568107435941
logistic_elastic_net,4,2,psd__relative_power__gamma__roi__R2__median__CE_minus_OE,0.0,0.0
logistic_elastic_net,4,3,complexity__spectral_entropy__broadband__roi__R6__median__CE,0.0,0.0
logistic_elastic_net,4,3,psd__absolute_power__alpha__roi__R3__median__CE_minus_OE,-0.05371331821775371,0.05371331821775371
logistic_elastic_net,4,3,psd__absolute_power__alpha__roi__R4__median__CE_minus_OE,0.0,0.0
logistic_elastic_net,4,3,psd__delta_alpha_ratio__derived__roi__R2__median__CE_minus_OE,-0.04085974285878201,0.04085974285878201
logistic_elastic_net,4,3,psd__relative_power__alpha__roi__R3__iqr__OE,-0.05093743339507911,0.05093743339507911
logistic_elastic_net,4,3,psd__relative_power__alpha__roi__R4__iqr__OE,-0.05447835180477222,0.05447835180477222
logistic_elastic_net,4,3,psd__relative_power__beta__roi__R1__iqr__CE,0.1178388725676224,0.1178388725676224
logistic_elastic_net,4,3,psd__relative_power__beta__roi__R2__iqr__CE,0.0009941255542727791,0.0009941255542727791
logistic_elastic_net,4,3,psd__relative_power__beta__roi__R3__iqr__CE,0.0884784658206423,0.0884784658206423
logistic_elastic_net,4,3,psd__relative_power__beta__roi__R6__iqr__CE,0.13278816678352556,0.13278816678352556
logistic_elastic_net,4,3,psd__relative_power__beta__roi__R6__median__CE,0.0333925192610722,0.0333925192610722
logistic_elastic_net,4,3,psd__relative_power__gamma__roi__R1__iqr__CE,0.006705161033323037,0.006705161033323037
logistic_elastic_net,4,3,psd__relative_power__gamma__roi__R1__median__CE,0.005825209077609473,0.005825209077609473
logistic_elastic_net,4,3,psd__relative_power__gamma__roi__R2__iqr__CE,0.13415613130632023,0.13415613130632023
logistic_elastic_net,4,3,psd__relative_power__gamma__roi__R2__median__CE,0.008845288855992877,0.008845288855992877
logistic_elastic_net,4,3,psd__relative_power__gamma__roi__R3__iqr__CE,0.0,0.0
logistic_elastic_net,4,3,psd__relative_power__gamma__roi__R5__iqr__CE,0.10051744297194769,0.10051744297194769
logistic_elastic_net,4,3,psd__relative_power__gamma__roi__R6__iqr__CE,0.19970309597024546,0.19970309597024546
logistic_elastic_net,4,3,psd__relative_power__theta__roi__R2__median__CE,0.0,0.0
logistic_elastic_net,4,3,psd__relative_power__theta__roi__R3__iqr__CE,-0.02962859414151584,0.02962859414151584
logistic_elastic_net,4,4,complexity__spectral_entropy__broadband__roi__R1__median__CE,-0.49226687870460123,0.49226687870460123
logistic_elastic_net,4,4,psd__relative_power__gamma__roi__R1__median__CE,1.6501630542105483,1.6501630542105483
logistic_elastic_net,4,4,psd__relative_power__gamma__roi__R2__iqr__CE,2.191879408315343,2.191879408315343
logistic_elastic_net,4,4,psd__relative_power__gamma__roi__R2__median__CE,-0.1684293614627595,0.1684293614627595
logistic_elastic_net,4,4,psd__relative_power__gamma__roi__R4__iqr__CE,1.2628557557834388,1.2628557557834388
logistic_elastic_net,5,1,psd__absolute_power__alpha__roi__R5__median__CE_minus_OE,-0.07112705085557651,0.07112705085557651
logistic_elastic_net,5,1,psd__relative_power__beta__roi__R6__iqr__CE,0.168329837492964,0.168329837492964
logistic_elastic_net,5,1,psd__relative_power__gamma__roi__R1__median__CE,0.11340031225504456,0.11340031225504456
logistic_elastic_net,5,1,psd__relative_power__gamma__roi__R2__iqr__CE,0.18986556547776065,0.18986556547776065
logistic_elastic_net,5,1,psd__relative_power__theta__roi__R6__iqr__CE_minus_OE,0.11318574498710927,0.11318574498710927
logistic_elastic_net,5,2,complexity__spectral_entropy__broadband__roi__R1__median__CE_minus_OE,1.8055385522266658,1.8055385522266658
logistic_elastic_net,5,2,complexity__spectral_entropy__broadband__roi__R5__median__CE_minus_OE,0.4426230923292572,0.4426230923292572
logistic_elastic_net,5,2,complexity__spectral_entropy__broadband__roi__R6__median__CE,0.6885904664259102,0.6885904664259102
logistic_elastic_net,5,2,complexity__spectral_entropy__broadband__roi__R6__median__CE_minus_OE,-0.21673307252373553,0.21673307252373553
logistic_elastic_net,5,2,psd__relative_power__beta__roi__R1__median__CE_minus_OE,3.0010664258037503,3.0010664258037503
logistic_elastic_net,5,2,psd__relative_power__beta__roi__R2__median__CE_minus_OE,0.32276013696971,0.32276013696971
logistic_elastic_net,5,2,psd__relative_power__gamma__roi__R1__median__CE,-0.29778557404366635,0.29778557404366635
logistic_elastic_net,5,2,psd__relative_power__gamma__roi__R2__median__CE,0.719443483899986,0.719443483899986
logistic_elastic_net,5,2,psd__relative_power__gamma__roi__R6__iqr__CE,0.5139550310114586,0.5139550310114586
logistic_elastic_net,5,2,psd__relative_power__gamma__roi__R6__median__CE,2.341514712186523,2.341514712186523
logistic_elastic_net,5,3,complexity__spectral_entropy__broadband__roi__R1__median__CE,-0.10957921780408934,0.10957921780408934
logistic_elastic_net,5,3,psd__absolute_power__theta__roi__R2__iqr__CE,-0.19240991971321503,0.19240991971321503
logistic_elastic_net,5,3,psd__absolute_power__theta__roi__R3__iqr__CE,-0.12255409325567575,0.12255409325567575
logistic_elastic_net,5,3,psd__absolute_power__theta__roi__R3__median__CE,-1.2218703533284154,1.2218703533284154
logistic_elastic_net,5,3,psd__absolute_power__theta__roi__R4__iqr__CE,-0.661764315598613,0.661764315598613
logistic_elastic_net,5,3,psd__absolute_power__theta__roi__R4__median__CE,-1.066644865525869,1.066644865525869
logistic_elastic_net,5,3,psd__absolute_power__theta__roi__R5__iqr__CE,0.3438258694436622,0.3438258694436622
logistic_elastic_net,5,3,psd__absolute_power__theta__roi__R5__median__CE,0.0,0.0
logistic_elastic_net,5,3,psd__absolute_power__theta__roi__R6__iqr__CE,0.0,0.0
logistic_elastic_net,5,3,psd__absolute_power__theta__roi__R6__median__CE,0.0,0.0
logistic_elastic_net,5,3,psd__relative_power__beta__roi__R1__median__CE,2.027884346306858,2.027884346306858
logistic_elastic_net,5,3,psd__relative_power__beta__roi__R2__median__CE,1.7097168578290503,1.7097168578290503
logistic_elastic_net,5,3,psd__relative_power__beta__roi__R3__median__CE,0.693936046655627,0.693936046655627
logistic_elastic_net,5,3,psd__relative_power__beta__roi__R4__median__CE,0.7871680753802806,0.7871680753802806
logistic_elastic_net,5,3,psd__relative_power__beta__roi__R5__median__CE,0.0,0.0
logistic_elastic_net,5,3,psd__relative_power__beta__roi__R6__median__CE,0.0,0.0
logistic_elastic_net,5,3,psd__relative_power__gamma__roi__R1__median__CE,0.0,0.0
logistic_elastic_net,5,3,psd__relative_power__gamma__roi__R2__iqr__CE,2.6900263063173546,2.6900263063173546
logistic_elastic_net,5,3,psd__relative_power__gamma__roi__R2__median__CE,0.14547592420848052,0.14547592420848052
logistic_elastic_net,5,3,psd__relative_power__gamma__roi__R4__iqr__CE,1.8013863172832754,1.8013863172832754
logistic_elastic_net,5,4,complexity__spectral_entropy__broadband__roi__R5__median__OE,0.7607395851515164,0.7607395851515164
logistic_elastic_net,5,4,psd__absolute_power__alpha__roi__R5__median__OE,0.7108778133421813,0.7108778133421813
logistic_elastic_net,5,4,psd__absolute_power__alpha__roi__R6__median__OE,1.8241645150518515,1.8241645150518515
logistic_elastic_net,5,4,psd__relative_power__beta__roi__R1__median__CE_minus_OE,0.13519491770699704,0.13519491770699704
logistic_elastic_net,5,4,psd__relative_power__beta__roi__R2__median__CE_minus_OE,0.3549050569428712,0.3549050569428712
logistic_elastic_net,5,4,psd__relative_power__beta__roi__R4__median__CE_minus_OE,0.3724837069415088,0.3724837069415088
logistic_elastic_net,5,4,psd__relative_power__gamma__roi__R1__median__CE_minus_OE,0.7197108431144896,0.7197108431144896
logistic_elastic_net,5,4,psd__relative_power__gamma__roi__R2__median__CE_minus_OE,0.0,0.0
logistic_elastic_net,5,4,psd__relative_power__gamma__roi__R3__median__CE_minus_OE,-0.0063921284827088976,0.0063921284827088976
logistic_elastic_net,5,4,psd__relative_power__gamma__roi__R5__median__OE,-0.23624824989403279,0.23624824989403279
lda,1,1,complexity__spectral_entropy__broadband__roi__R1__median__CE,0.906333092010782,0.906333092010782
lda,1,1,complexity__spectral_entropy__broadband__roi__R2__median__CE,1.318008619528377,1.318008619528377
lda,1,1,complexity__spectral_entropy__broadband__roi__R2__median__CE_minus_OE,0.4906163161357601,0.4906163161357601
lda,1,1,complexity__spectral_entropy__broadband__roi__R6__median__CE,0.9772530842429614,0.9772530842429614
lda,1,1,psd__absolute_power__gamma__roi__R1__median__CE,1.7530479663608332,1.7530479663608332
lda,1,1,psd__relative_power__beta__roi__R2__median__CE_minus_OE,1.01532283380022,1.01532283380022
lda,1,1,psd__relative_power__beta__roi__R6__iqr__CE,1.9440541645717482,1.9440541645717482
lda,1,1,psd__relative_power__gamma__roi__R1__iqr__CE,-0.4315736052943385,0.4315736052943385
lda,1,1,psd__relative_power__gamma__roi__R1__median__CE,1.1053676540307684,1.1053676540307684
lda,1,1,psd__relative_power__gamma__roi__R2__iqr__CE,-0.11406526242749757,0.11406526242749757
lda,1,1,psd__relative_power__gamma__roi__R2__median__CE,1.8551233891088386,1.8551233891088386
lda,1,1,psd__relative_power__gamma__roi__R3__iqr__CE,-0.8390680093658391,0.8390680093658391
lda,1,1,psd__relative_power__gamma__roi__R3__median__CE,-0.07571834401082436,0.07571834401082436
lda,1,1,psd__relative_power__gamma__roi__R4__median__CE,-0.3367553993731663,0.3367553993731663
lda,1,1,psd__relative_power__gamma__roi__R5__iqr__CE,0.13084917691466783,0.13084917691466783
lda,1,1,psd__relative_power__gamma__roi__R6__iqr__CE,0.41404477623232916,0.41404477623232916
lda,1,1,psd__relative_power__gamma__roi__R6__median__CE,0.10863650594350238,0.10863650594350238
lda,1,1,psd__relative_power__theta__roi__R1__median__CE,-1.6192702597749178,1.6192702597749178
lda,1,1,psd__relative_power__theta__roi__R2__median__CE,-1.4299827564583776,1.4299827564583776
lda,1,1,psd__relative_power__theta__roi__R3__median__CE,-0.5092123966622204,0.5092123966622204
lda,1,2,complexity__spectral_entropy__broadband__roi__R5__median__CE_minus_OE,1.029581204870708,1.029581204870708
lda,1,2,psd__relative_power__beta__roi__R1__iqr__CE,2.1060391646381675,2.1060391646381675
lda,1,2,psd__relative_power__beta__roi__R1__median__CE,1.8125632252321038,1.8125632252321038
lda,1,2,psd__relative_power__beta__roi__R2__median__CE,-1.1707158228305852,1.1707158228305852
lda,1,2,psd__relative_power__beta__roi__R3__iqr__CE,1.7353617558164363,1.7353617558164363
lda,1,2,psd__relative_power__beta__roi__R3__median__CE,1.3040727726174535,1.3040727726174535
lda,1,2,psd__relative_power__beta__roi__R4__iqr__CE,-2.882893611908874,2.882893611908874
lda,1,2,psd__relative_power__beta__roi__R4__median__CE,-0.02413816044770206,0.02413816044770206
lda,1,2,psd__relative_power__beta__roi__R5__iqr__CE,1.0551816090881916,1.0551816090881916
lda,1,2,psd__relative_power__beta__roi__R5__median__CE,0.5918887137006197,0.5918887137006197
lda,1,2,psd__relative_power__beta__roi__R6__iqr__CE,-0.43436071929188325,0.43436071929188325
lda,1,2,psd__relative_power__beta__roi__R6__median__CE,-0.3399547409394422,0.3399547409394422
lda,1,2,psd__relative_power__gamma__roi__R2__iqr__CE,-0.005350159386900271,0.005350159386900271
lda,1,2,psd__relative_power__gamma__roi__R5__median__CE_minus_OE,2.727212851525223,2.727212851525223
lda,1,2,psd__relative_power__theta__roi__R3__iqr__OE,0.14504886593706384,0.14504886593706384
lda,1,2,psd__relative_power__theta__roi__R5__iqr__CE_minus_OE,1.3309615441869085,1.3309615441869085
lda,1,2,psd__relative_power__theta__roi__R5__iqr__OE,-0.2790582572581957,0.2790582572581957
lda,1,2,psd__relative_power__theta__roi__R5__median__CE_minus_OE,1.5866027658206243,1.5866027658206243
lda,1,2,psd__relative_power__theta__roi__R6__iqr__CE_minus_OE,-0.5102169661649615,0.5102169661649615
lda,1,2,psd__relative_power__theta__roi__R6__median__CE_minus_OE,1.1558279422621711,1.1558279422621711
lda,1,3,psd__absolute_power__alpha__roi__R3__iqr__OE,-1.021766920895468,1.021766920895468
lda,1,3,psd__absolute_power__alpha__roi__R3__median__CE_minus_OE,0.9274349246503599,0.9274349246503599
lda,1,3,psd__relative_power__alpha__roi__R2__median__OE,-1.5498010759231409,1.5498010759231409
lda,1,3,psd__relative_power__alpha__roi__R3__iqr__OE,-0.6822281150399606,0.6822281150399606
lda,1,3,psd__relative_power__alpha__roi__R3__median__OE,-0.3309321916224045,0.3309321916224045
lda,1,3,psd__relative_power__alpha__roi__R4__iqr__OE,-0.19055080517272693,0.19055080517272693
lda,1,3,psd__relative_power__alpha__roi__R4__median__OE,0.8556902542718503,0.8556902542718503
lda,1,3,psd__relative_power__beta__roi__R3__iqr__CE,1.0409805398775287,1.0409805398775287
lda,1,3,psd__relative_power__beta__roi__R6__iqr__CE,0.8845175781361905,0.8845175781361905
lda,1,3,psd__relative_power__gamma__roi__R1__iqr__CE,-0.42572168416315265,0.42572168416315265
lda,1,3,psd__relative_power__gamma__roi__R1__median__CE,1.940651719300155,1.940651719300155
lda,1,3,psd__relative_power__gamma__roi__R2__iqr__CE,1.5282125951348458,1.5282125951348458
lda,1,3,psd__relative_power__gamma__roi__R2__median__CE,0.911854892230836,0.911854892230836
lda,1,3,psd__relative_power__gamma__roi__R3__iqr__CE,-2.0492206548829026,2.0492206548829026
lda,1,3,psd__relative_power__gamma__roi__R3__median__CE,0.10908306262975426,0.10908306262975426
lda,1,3,psd__relative_power__gamma__roi__R4__iqr__CE,0.5350704761838984,0.5350704761838984
lda,1,3,psd__relative_power__gamma__roi__R4__median__CE,-1.091685726088619,1.091685726088619
lda,1,3,psd__relative_power__gamma__roi__R6__iqr__CE,0.5100169645672126,0.5100169645672126
lda,1,3,psd__relative_power__theta__roi__R1__median__CE,0.4556728140788745,0.4556728140788745
lda,1,3,psd__relative_power__theta__roi__R2__median__CE,-0.4756141348141903,0.4756141348141903
lda,1,4,complexity__spectral_entropy__broadband__roi__R1__median__CE_minus_OE,0.05930489839341936,0.05930489839341936
lda,1,4,complexity__spectral_entropy__broadband__roi__R2__median__CE_minus_OE,-0.22099482711967813,0.22099482711967813
lda,1,4,complexity__spectral_entropy__broadband__roi__R3__median__CE_minus_OE,0.12662603233954944,0.12662603233954944
lda,1,4,complexity__spectral_entropy__broadband__roi__R4__median__CE_minus_OE,-0.09874604136456026,0.09874604136456026
lda,1,4,complexity__spectral_entropy__broadband__roi__R5__median__CE_minus_OE,0.1543893188692385,0.1543893188692385
lda,1,4,complexity__spectral_entropy__broadband__roi__R6__median__CE_minus_OE,0.08922710592494311,0.08922710592494311
lda,1,4,psd__relative_power__beta__roi__R1__iqr__CE,0.4489018314326851,0.4489018314326851
lda,1,4,psd__relative_power__beta__roi__R1__median__CE_minus_OE,0.33375758905370917,0.33375758905370917
lda,1,4,psd__relative_power__beta__roi__R2__iqr__CE,0.45146849335581524,0.45146849335581524
lda,1,4,psd__relative_power__beta__roi__R2__median__CE_minus_OE,0.5475864610754411,0.5475864610754411
lda,1,4,psd__relative_power__beta__roi__R3__median__CE_minus_OE,0.3256833436953962,0.3256833436953962
lda,1,4,psd__relative_power__beta__roi__R4__iqr__CE,0.12131994597027101,0.12131994597027101
lda,1,4,psd__relative_power__beta__roi__R4__median__CE_minus_OE,0.6343757965311764,0.6343757965311764
lda,1,4,psd__relative_power__beta__roi__R5__median__CE_minus_OE,-0.03768998717466443,0.03768998717466443
lda,1,4,psd__relative_power__beta__roi__R6__iqr__CE,0.7367676436676573,0.7367676436676573
lda,1,4,psd__relative_power__beta__roi__R6__median__CE_minus_OE,0.03999813438547137,0.03999813438547137
lda,1,4,psd__relative_power__gamma__roi__R1__median__CE_minus_OE,0.13538554887013085,0.13538554887013085
lda,1,4,psd__relative_power__gamma__roi__R2__iqr__CE,0.4433293141133707,0.4433293141133707
lda,1,4,psd__relative_power__theta__roi__R1__median__CE_minus_OE,-0.15306378503842286,0.15306378503842286
lda,1,4,psd__relative_power__theta__roi__R2__median__CE_minus_OE,-0.35355008704425195,0.35355008704425195
lda,2,1,complexity__spectral_entropy__broadband__roi__R1__median__CE_minus_OE,0.36617464119431115,0.36617464119431115
lda,2,1,complexity__spectral_entropy__broadband__roi__R2__median__CE_minus_OE,0.14922138091934373,0.14922138091934373
lda,2,1,complexity__spectral_entropy__broadband__roi__R3__median__CE_minus_OE,-0.810149046233784,0.810149046233784
lda,2,1,complexity__spectral_entropy__broadband__roi__R5__median__CE_minus_OE,0.0299144997031878,0.0299144997031878
lda,2,1,complexity__spectral_entropy__broadband__roi__R6__median__CE,1.4297152048596107,1.4297152048596107
lda,2,1,complexity__spectral_entropy__broadband__roi__R6__median__CE_minus_OE,-0.09920512618089836,0.09920512618089836
lda,2,1,psd__absolute_power__alpha__roi__R1__median__OE,0.5663241840852961,0.5663241840852961
lda,2,1,psd__absolute_power__alpha__roi__R3__median__CE_minus_OE,-0.44043084867365956,0.44043084867365956
lda,2,1,psd__absolute_power__beta__roi__R1__median__CE,1.8225659101292835,1.8225659101292835
lda,2,1,psd__absolute_power__gamma__roi__R1__median__CE,0.41134415754337145,0.41134415754337145
lda,2,1,psd__relative_power__beta__roi__R2__median__CE_minus_OE,0.4960527332667955,0.4960527332667955
lda,2,1,psd__relative_power__beta__roi__R4__iqr__CE,0.25303783682290837,0.25303783682290837
lda,2,1,psd__relative_power__beta__roi__R6__iqr__CE,1.282501815443133,1.282501815443133
lda,2,1,psd__relative_power__gamma__roi__R1__median__CE,1.246059602127743,1.246059602127743
lda,2,1,psd__relative_power__gamma__roi__R1__median__CE_minus_OE,0.268744635480938,0.268744635480938
lda,2,1,psd__relative_power__gamma__roi__R2__iqr__CE,-1.7589472368865875,1.7589472368865875
lda,2,1,psd__relative_power__gamma__roi__R2__median__CE,0.8838779484133256,0.8838779484133256
lda,2,1,psd__relative_power__gamma__roi__R2__median__CE_minus_OE,0.857134901802832,0.857134901802832
lda,2,1,psd__relative_power__gamma__roi__R6__iqr__CE,0.5679488319029067,0.5679488319029067
lda,2,1,psd__relative_power__gamma__roi__R6__median__CE,0.28468095414853517,0.28468095414853517
lda,2,2,complexity__spectral_entropy__broadband__roi__R1__median__CE,0.5059821739979183,0.5059821739979183
lda,2,2,complexity__spectral_entropy__broadband__roi__R5__median__CE_minus_OE,1.005877342232669,1.005877342232669
lda,2,2,psd__relative_power__beta__roi__R1__iqr__CE,1.017068335936431,1.017068335936431
lda,2,2,psd__relative_power__beta__roi__R1__median__CE,0.9330381877713501,0.9330381877713501
lda,2,2,psd__relative_power__beta__roi__R2__median__CE,0.8180323942079893,0.8180323942079893
lda,2,2,psd__relative_power__beta__roi__R3__iqr__CE,1.1712706369825456,1.1712706369825456
lda,2,2,psd__relative_power__beta__roi__R3__median__CE,0.810446835457961,0.810446835457961
lda,2,2,psd__relative_power__beta__roi__R4__median__CE,0.8263395941272773,0.8263395941272773
lda,2,2,psd__relative_power__beta__roi__R5__iqr__CE,0.6938593418823287,0.6938593418823287
lda,2,2,psd__relative_power__beta__roi__R5__median__CE,0.7289692758218154,0.7289692758218154
lda,2,2,psd__relative_power__beta__roi__R6__iqr__CE,0.7622404117978114,0.7622404117978114
lda,2,2,psd__relative_power__beta__roi__R6__median__CE,0.9005372018981673,0.9005372018981673
lda,2,2,psd__relative_power__gamma__roi__R1__iqr__CE,0.7735556296550077,0.7735556296550077
lda,2,2,psd__relative_power__gamma__roi__R1__median__CE,1.0214874685445168,1.0214874685445168
lda,2,2,psd__relative_power__gamma__roi__R2__iqr__CE,1.0749847961725325,1.0749847961725325
lda,2,2,psd__relative_power__gamma__roi__R2__median__CE,1.0244962287509598,1.0244962287509598
lda,2,2,psd__relative_power__theta__roi__R5__median__CE_minus_OE,1.0243149597370662,1.0243149597370662
lda,2,2,psd__relative_power__theta__roi__R6__median__CE_minus_OE,1.1530306070413343,1.1530306070413343
lda,2,2,psd__sfr__derived__roi__R1__median__CE,-0.6773616563618721,0.6773616563618721
lda,2,2,psd__sfr__derived__roi__R2__median__CE,-0.6087096802068624,0.6087096802068624
lda,2,3,complexity__spectral_entropy__broadband__roi__R1__median__CE_minus_OE,0.6273260249582228,0.6273260249582228
lda,2,3,psd__relative_power__alpha__roi__R2__iqr__CE_minus_OE,0.8214912743723232,0.8214912743723232
lda,2,3,psd__relative_power__alpha__roi__R3__iqr__CE_minus_OE,0.6940997544407704,0.6940997544407704
lda,2,3,psd__relative_power__alpha__roi__R3__iqr__OE,-0.916874330997312,0.916874330997312
lda,2,3,psd__relative_power__alpha__roi__R4__iqr__CE_minus_OE,0.7902525925482109,0.7902525925482109
lda,2,3,psd__relative_power__alpha__roi__R4__iqr__OE,-0.783308900247695,0.783308900247695
lda,2,3,psd__relative_power__alpha__roi__R6__iqr__CE_minus_OE,0.9410674470371974,0.9410674470371974
lda,2,3,psd__relative_power__beta__roi__R1__iqr__CE,0.8311336385995756,0.8311336385995756
lda,2,3,psd__relative_power__beta__roi__R1__median__CE_minus_OE,0.8388415509387727,0.8388415509387727
lda,2,3,psd__relative_power__beta__roi__R2__iqr__CE,0.8095402189157832,0.8095402189157832
lda,2,3,psd__relative_power__beta__roi__R2__median__CE_minus_OE,0.7991634408111199,0.7991634408111199
lda,2,3,psd__relative_power__beta__roi__R6__iqr__CE,0.9008085961229396,0.9008085961229396
lda,2,3,psd__relative_power__gamma__roi__R1__iqr__CE,0.4770436721055633,0.4770436721055633
lda,2,3,psd__relative_power__gamma__roi__R1__median__CE,0.6134926847464229,0.6134926847464229
lda,2,3,psd__relative_power__gamma__roi__R2__iqr__CE,0.7757979934482421,0.7757979934482421
lda,2,3,psd__relative_power__gamma__roi__R6__iqr__CE,0.7815252635247869,0.7815252635247869
lda,2,3,psd__relative_power__theta__roi__R1__median__CE_minus_OE,-0.6919070015821606,0.6919070015821606
lda,2,3,psd__relative_power__theta__roi__R2__median__CE,-0.7068921203743783,0.7068921203743783
lda,2,3,psd__relative_power__theta__roi__R2__median__CE_minus_OE,-0.6266992376847492,0.6266992376847492
lda,2,3,psd__theta_alpha_ratio__derived__roi__R2__median__CE_minus_OE,-0.5000753369042292,0.5000753369042292
lda,2,4,complexity__spectral_entropy__broadband__roi__R5__median__CE_minus_OE,0.8138193778126758,0.8138193778126758
lda,2,4,psd__absolute_power__alpha__roi__R3__median__CE_minus_OE,-0.492527387830793,0.492527387830793
lda,2,4,psd__absolute_power__theta__roi__R5__iqr__CE,-0.04006035045818804,0.04006035045818804
lda,2,4,psd__relative_power__beta__roi__R3__iqr__CE,0.29602911413520316,0.29602911413520316
lda,2,4,psd__relative_power__beta__roi__R6__iqr__CE,0.873100166567442,0.873100166567442
lda,2,4,psd__relative_power__gamma__roi__R1__median__CE,0.32775835003027765,0.32775835003027765
lda,2,4,psd__relative_power__gamma__roi__R2__iqr__CE,0.673297207213967,0.673297207213967
lda,2,4,psd__relative_power__gamma__roi__R2__median__CE,0.34799460785932557,0.34799460785932557
lda,2,4,psd__relative_power__gamma__roi__R4__iqr__CE,-0.7814491925216305,0.7814491925216305
lda,2,4,psd__relative_power__theta__roi__R2__median__CE,-1.0949803427363203,1.0949803427363203
lda,3,1,psd__relative_power__beta__roi__R1__iqr__CE,0.6493171151349684,0.6493171151349684
lda,3,1,psd__relative_power__beta__roi__R1__median__CE,-0.12804375781604982,0.12804375781604982
lda,3,1,psd__relative_power__beta__roi__R3__iqr__CE,0.5753746978034046,0.5753746978034046
lda,3,1,psd__relative_power__beta__roi__R3__median__CE,0.24039800180623566,0.24039800180623566
lda,3,1,psd__relative_power__beta__roi__R6__iqr__CE,0.7135183968449874,0.7135183968449874
lda,3,1,psd__relative_power__gamma__roi__R1__iqr__CE,-0.8716185899215917,0.8716185899215917
lda,3,1,psd__relative_power__gamma__roi__R1__median__CE,1.3235427466566243,1.3235427466566243
lda,3,1,psd__relative_power__gamma__roi__R2__iqr__CE,0.8532456374407915,0.8532456374407915
lda,3,1,psd__relative_power__gamma__roi__R2__median__CE,0.2586047840246669,0.2586047840246669
lda,3,1,psd__relative_power__gamma__roi__R5__iqr__CE,0.17322300106822713,0.17322300106822713
lda,3,2,complexity__spectral_entropy__broadband__roi__R1__median__CE_minus_OE,0.057511777565584954,0.057511777565584954
lda,3,2,complexity__spectral_entropy__broadband__roi__R2__median__CE_minus_OE,-0.5891538399781069,0.5891538399781069
lda,3,2,complexity__spectral_entropy__broadband__roi__R5__median__OE,-0.3554239912540185,0.3554239912540185
lda,3,2,psd__relative_power__beta__roi__R1__iqr__CE,0.2956760768716144,0.2956760768716144
lda,3,2,psd__relative_power__beta__roi__R1__median__CE_minus_OE,1.1289656568931883,1.1289656568931883
lda,3,2,psd__relative_power__beta__roi__R2__iqr__CE,0.7324616330501825,0.7324616330501825
lda,3,2,psd__relative_power__beta__roi__R2__median__CE_minus_OE,1.0437707642587293,1.0437707642587293
lda,3,2,psd__relative_power__beta__roi__R4__median__CE_minus_OE,-0.5531207179524693,0.5531207179524693
lda,3,2,psd__relative_power__gamma__roi__R1__median__CE_minus_OE,0.12840433956267683,0.12840433956267683
lda,3,2,psd__relative_power__gamma__roi__R2__iqr__CE,1.0664836219600102,1.0664836219600102
lda,3,3,complexity__spectral_entropy__broadband__roi__R6__median__CE,0.4518459992699665,0.4518459992699665
lda,3,3,psd__absolute_power__theta__roi__R5__iqr__CE,-0.8292010854173237,0.8292010854173237
lda,3,3,psd__relative_power__gamma__roi__R1__median__CE,0.6784390582658473,0.6784390582658473
lda,3,3,psd__relative_power__gamma__roi__R2__median__CE,1.0615299658221122,1.0615299658221122
lda,3,3,psd__relative_power__gamma__roi__R4__median__CE,-0.31204886665455117,0.31204886665455117
lda,3,4,complexity__spectral_entropy__broadband__roi__R5__median__CE_minus_OE,0.13554622707298397,0.13554622707298397
lda,3,4,psd__absolute_power__alpha__roi__R3__median__CE_minus_OE,0.032675622634070006,0.032675622634070006
lda,3,4,psd__relative_power__alpha__roi__R4__median__CE,0.006683368659290659,0.006683368659290659
lda,3,4,psd__relative_power__alpha__roi__R4__median__CE_minus_OE,-0.4379449023504821,0.4379449023504821
lda,3,4,psd__relative_power__beta__roi__R6__iqr__CE,1.415713338800355,1.415713338800355
lda,3,4,psd__relative_power__gamma__roi__R1__median__CE,1.227127770889272,1.227127770889272
lda,3,4,psd__relative_power__gamma__roi__R2__iqr__CE,0.254167043208157,0.254167043208157
lda,3,4,psd__relative_power__gamma__roi__R2__median__CE,0.5699492718457995,0.5699492718457995
lda,3,4,psd__relative_power__gamma__roi__R6__iqr__CE,0.4385231280421607,0.4385231280421607
lda,3,4,psd__relative_power__theta__roi__R6__iqr__CE_minus_OE,0.5796604103329053,0.5796604103329053
lda,4,1,complexity__spectral_entropy__broadband__roi__R5__median__CE_minus_OE,0.4434954487658061,0.4434954487658061
lda,4,1,complexity__spectral_entropy__broadband__roi__R6__median__CE_minus_OE,0.38120643311407765,0.38120643311407765
lda,4,1,psd__relative_power__beta__roi__R2__median__CE_minus_OE,0.22524736626423575,0.22524736626423575
lda,4,1,psd__relative_power__gamma__roi__R1__median__CE_minus_OE,0.4315018026720018,0.4315018026720018
lda,4,1,psd__relative_power__gamma__roi__R2__median__CE,0.9259949007192033,0.9259949007192033
lda,4,2,psd__relative_power__beta__roi__R2__median__CE_minus_OE,0.10183501612335924,0.10183501612335924
lda,4,2,psd__relative_power__beta__roi__R4__median__CE_minus_OE,0.009468227978474408,0.009468227978474408
lda,4,2,psd__relative_power__beta__roi__R5__iqr__CE,0.6234550130096157,0.6234550130096157
lda,4,2,psd__relative_power__beta__roi__R6__iqr__CE,0.6195988318520695,0.6195988318520695
lda,4,2,psd__relative_power__gamma__roi__R1__median__CE,0.4579050848367635,0.4579050848367635
lda,4,2,psd__relative_power__gamma__roi__R1__median__CE_minus_OE,0.505545742815259,0.505545742815259
lda,4,2,psd__relative_power__gamma__roi__R2__iqr__CE,-0.14645781289724802,0.14645781289724802
lda,4,2,psd__relative_power__gamma__roi__R2__median__CE,0.6279596974991851,0.6279596974991851
lda,4,2,psd__relative_power__gamma__roi__R2__median__CE_minus_OE,0.37782803205503296,0.37782803205503296
lda,4,2,psd__relative_power__gamma__roi__R4__median__CE_minus_OE,0.34542796461367364,0.34542796461367364
lda,4,3,complexity__spectral_entropy__broadband__roi__R6__median__CE,0.5889564101757323,0.5889564101757323
lda,4,3,psd__absolute_power__alpha__roi__R3__median__CE_minus_OE,-0.7881511539014177,0.7881511539014177
lda,4,3,psd__absolute_power__alpha__roi__R4__median__CE_minus_OE,-0.6300214934692334,0.6300214934692334
lda,4,3,psd__delta_alpha_ratio__derived__roi__R2__median__CE_minus_OE,-0.6881044885457206,0.6881044885457206
lda,4,3,psd__relative_power__alpha__roi__R3__iqr__OE,-0.8323118135842352,0.8323118135842352
lda,4,3,psd__relative_power__alpha__roi__R4__iqr__OE,-0.8335332328905577,0.8335332328905577
lda,4,3,psd__relative_power__beta__roi__R1__iqr__CE,0.855020447163433,0.855020447163433
lda,4,3,psd__relative_power__beta__roi__R2__iqr__CE,0.6083788641683548,0.6083788641683548
lda,4,3,psd__relative_power__beta__roi__R3__iqr__CE,0.8065680609403978,0.8065680609403978
lda,4,3,psd__relative_power__beta__roi__R6__iqr__CE,0.9633736618275537,0.9633736618275537
lda,4,3,psd__relative_power__beta__roi__R6__median__CE,0.7841043761979493,0.7841043761979493
lda,4,3,psd__relative_power__gamma__roi__R1__iqr__CE,0.5517599679298995,0.5517599679298995
lda,4,3,psd__relative_power__gamma__roi__R1__median__CE,0.6132802577304104,0.6132802577304104
lda,4,3,psd__relative_power__gamma__roi__R2__iqr__CE,0.8725373496588076,0.8725373496588076
lda,4,3,psd__relative_power__gamma__roi__R2__median__CE,0.6486210675154986,0.6486210675154986
lda,4,3,psd__relative_power__gamma__roi__R3__iqr__CE,0.38186661304296005,0.38186661304296005
lda,4,3,psd__relative_power__gamma__roi__R5__iqr__CE,0.8296440214306429,0.8296440214306429
lda,4,3,psd__relative_power__gamma__roi__R6__iqr__CE,1.0555003564463146,1.0555003564463146
lda,4,3,psd__relative_power__theta__roi__R2__median__CE,-0.6239123166450022,0.6239123166450022
lda,4,3,psd__relative_power__theta__roi__R3__iqr__CE,-0.7859561178822916,0.7859561178822916
lda,4,4,complexity__spectral_entropy__broadband__roi__R1__median__CE,0.6067435399054846,0.6067435399054846
lda,4,4,psd__relative_power__gamma__roi__R1__median__CE,1.2025491088812768,1.2025491088812768
lda,4,4,psd__relative_power__gamma__roi__R2__iqr__CE,1.2816211986353456,1.2816211986353456
lda,4,4,psd__relative_power__gamma__roi__R2__median__CE,0.8128207102560234,0.8128207102560234
lda,4,4,psd__relative_power__gamma__roi__R4__iqr__CE,0.6836876311095046,0.6836876311095046
lda,5,1,psd__absolute_power__alpha__roi__R5__median__CE_minus_OE,-0.8073671879503159,0.8073671879503159
lda,5,1,psd__relative_power__beta__roi__R6__iqr__CE,0.9665970073014245,0.9665970073014245
lda,5,1,psd__relative_power__gamma__roi__R1__median__CE,0.8976622390054123,0.8976622390054123
lda,5,1,psd__relative_power__gamma__roi__R2__iqr__CE,1.050588930989286,1.050588930989286
lda,5,1,psd__relative_power__theta__roi__R6__iqr__CE_minus_OE,0.9104993343163676,0.9104993343163676
lda,5,2,complexity__spectral_entropy__broadband__roi__R1__median__CE_minus_OE,0.872406970084361,0.872406970084361
lda,5,2,complexity__spectral_entropy__broadband__roi__R5__median__CE_minus_OE,0.787632358920387,0.787632358920387
lda,5,2,complexity__spectral_entropy__broadband__roi__R6__median__CE,1.011309858819967,1.011309858819967
lda,5,2,complexity__spectral_entropy__broadband__roi__R6__median__CE_minus_OE,0.7838328849155531,0.7838328849155531
lda,5,2,psd__relative_power__beta__roi__R1__median__CE_minus_OE,0.93514246892849,0.93514246892849
lda,5,2,psd__relative_power__beta__roi__R2__median__CE_minus_OE,0.976899194943067,0.976899194943067
lda,5,2,psd__relative_power__gamma__roi__R1__median__CE,1.0370117784074977,1.0370117784074977
lda,5,2,psd__relative_power__gamma__roi__R2__median__CE,1.1443067182900437,1.1443067182900437
lda,5,2,psd__relative_power__gamma__roi__R6__iqr__CE,0.9841488856125177,0.9841488856125177
lda,5,2,psd__relative_power__gamma__roi__R6__median__CE,0.8684655009959367,0.8684655009959367
lda,5,3,complexity__spectral_entropy__broadband__roi__R1__median__CE,-1.8174613792221477,1.8174613792221477
lda,5,3,psd__absolute_power__theta__roi__R2__iqr__CE,0.1024803400084397,0.1024803400084397
lda,5,3,psd__absolute_power__theta__roi__R3__iqr__CE,-0.6497119484935331,0.6497119484935331
lda,5,3,psd__absolute_power__theta__roi__R3__median__CE,-3.2955266310446762,3.2955266310446762
lda,5,3,psd__absolute_power__theta__roi__R4__iqr__CE,0.8707855796865688,0.8707855796865688
lda,5,3,psd__absolute_power__theta__roi__R4__median__CE,-0.8502378919239245,0.8502378919239245
lda,5,3,psd__absolute_power__theta__roi__R5__iqr__CE,1.309385337415291,1.309385337415291
lda,5,3,psd__absolute_power__theta__roi__R5__median__CE,-1.3357223019928783,1.3357223019928783
lda,5,3,psd__absolute_power__theta__roi__R6__iqr__CE,0.7345179920345475,0.7345179920345475
lda,5,3,psd__absolute_power__theta__roi__R6__median__CE,0.7023642092366164,0.7023642092366164
lda,5,3,psd__relative_power__beta__roi__R1__median__CE,2.0112305314734655,2.0112305314734655
lda,5,3,psd__relative_power__beta__roi__R2__median__CE,0.22098270218051513,0.22098270218051513
lda,5,3,psd__relative_power__beta__roi__R3__median__CE,1.5481120855714599,1.5481120855714599
lda,5,3,psd__relative_power__beta__roi__R4__median__CE,1.2388407553500684,1.2388407553500684
lda,5,3,psd__relative_power__beta__roi__R5__median__CE,-0.03997249551391865,0.03997249551391865
lda,5,3,psd__relative_power__beta__roi__R6__median__CE,-0.07517443334024658,0.07517443334024658
lda,5,3,psd__relative_power__gamma__roi__R1__median__CE,1.5809652425933391,1.5809652425933391
lda,5,3,psd__relative_power__gamma__roi__R2__iqr__CE,2.2796513764230832,2.2796513764230832
lda,5,3,psd__relative_power__gamma__roi__R2__median__CE,0.4729730585295013,0.4729730585295013
lda,5,3,psd__relative_power__gamma__roi__R4__iqr__CE,2.413308348180203,2.413308348180203
lda,5,4,complexity__spectral_entropy__broadband__roi__R5__median__OE,-0.6725970819839598,0.6725970819839598
lda,5,4,psd__absolute_power__alpha__roi__R5__median__OE,0.8707011289214317,0.8707011289214317
lda,5,4,psd__absolute_power__alpha__roi__R6__median__OE,0.8583516517205199,0.8583516517205199
lda,5,4,psd__relative_power__beta__roi__R1__median__CE_minus_OE,0.7819365058333866,0.7819365058333866
lda,5,4,psd__relative_power__beta__roi__R2__median__CE_minus_OE,0.8852656648966981,0.8852656648966981
lda,5,4,psd__relative_power__beta__roi__R4__median__CE_minus_OE,0.6767675256411289,0.6767675256411289
lda,5,4,psd__relative_power__gamma__roi__R1__median__CE_minus_OE,0.903792432030022,0.903792432030022
lda,5,4,psd__relative_power__gamma__roi__R2__median__CE_minus_OE,1.0004058716258524,1.0004058716258524
lda,5,4,psd__relative_power__gamma__roi__R3__median__CE_minus_OE,0.7404494487127615,0.7404494487127615
lda,5,4,psd__relative_power__gamma__roi__R5__median__OE,-0.7827396436735432,0.7827396436735432
knn,1,1,psd__relative_power__gamma__roi__R1__iqr__CE,,
knn,1,1,psd__relative_power__gamma__roi__R1__median__CE,,
knn,1,1,psd__relative_power__gamma__roi__R2__iqr__CE,,
knn,1,1,psd__relative_power__gamma__roi__R2__median__CE,,
knn,1,1,psd__relative_power__gamma__roi__R6__iqr__CE,,
knn,1,2,complexity__spectral_entropy__broadband__roi__R5__median__CE_minus_OE,,
knn,1,2,psd__relative_power__beta__roi__R1__iqr__CE,,
knn,1,2,psd__relative_power__beta__roi__R1__median__CE,,
knn,1,2,psd__relative_power__beta__roi__R2__median__CE,,
knn,1,2,psd__relative_power__beta__roi__R3__iqr__CE,,
knn,1,2,psd__relative_power__beta__roi__R3__median__CE,,
knn,1,2,psd__relative_power__beta__roi__R4__iqr__CE,,
knn,1,2,psd__relative_power__beta__roi__R4__median__CE,,
knn,1,2,psd__relative_power__beta__roi__R5__iqr__CE,,
knn,1,2,psd__relative_power__beta__roi__R5__median__CE,,
knn,1,2,psd__relative_power__beta__roi__R6__iqr__CE,,
knn,1,2,psd__relative_power__beta__roi__R6__median__CE,,
knn,1,2,psd__relative_power__gamma__roi__R2__iqr__CE,,
knn,1,2,psd__relative_power__gamma__roi__R5__median__CE_minus_OE,,
knn,1,2,psd__relative_power__theta__roi__R3__iqr__OE,,
knn,1,2,psd__relative_power__theta__roi__R5__iqr__CE_minus_OE,,
knn,1,2,psd__relative_power__theta__roi__R5__iqr__OE,,
knn,1,2,psd__relative_power__theta__roi__R5__median__CE_minus_OE,,
knn,1,2,psd__relative_power__theta__roi__R6__iqr__CE_minus_OE,,
knn,1,2,psd__relative_power__theta__roi__R6__median__CE_minus_OE,,
knn,1,3,psd__absolute_power__alpha__roi__R3__iqr__OE,,
knn,1,3,psd__relative_power__alpha__roi__R4__iqr__OE,,
knn,1,3,psd__relative_power__gamma__roi__R1__iqr__CE,,
knn,1,3,psd__relative_power__gamma__roi__R1__median__CE,,
knn,1,3,psd__relative_power__gamma__roi__R2__iqr__CE,,
knn,1,3,psd__relative_power__gamma__roi__R2__median__CE,,
knn,1,3,psd__relative_power__gamma__roi__R4__iqr__CE,,
knn,1,3,psd__relative_power__gamma__roi__R4__median__CE,,
knn,1,3,psd__relative_power__gamma__roi__R6__iqr__CE,,
knn,1,3,psd__relative_power__theta__roi__R2__median__CE,,
knn,1,4,complexity__spectral_entropy__broadband__roi__R1__median__CE_minus_OE,,
knn,1,4,complexity__spectral_entropy__broadband__roi__R2__median__CE_minus_OE,,
knn,1,4,complexity__spectral_entropy__broadband__roi__R3__median__CE_minus_OE,,
knn,1,4,complexity__spectral_entropy__broadband__roi__R4__median__CE_minus_OE,,
knn,1,4,complexity__spectral_entropy__broadband__roi__R5__median__CE_minus_OE,,
knn,1,4,complexity__spectral_entropy__broadband__roi__R6__median__CE_minus_OE,,
knn,1,4,psd__relative_power__beta__roi__R1__iqr__CE,,
knn,1,4,psd__relative_power__beta__roi__R1__median__CE_minus_OE,,
knn,1,4,psd__relative_power__beta__roi__R2__iqr__CE,,
knn,1,4,psd__relative_power__beta__roi__R2__median__CE_minus_OE,,
knn,1,4,psd__relative_power__beta__roi__R3__median__CE_minus_OE,,
knn,1,4,psd__relative_power__beta__roi__R4__iqr__CE,,
knn,1,4,psd__relative_power__beta__roi__R4__median__CE_minus_OE,,
knn,1,4,psd__relative_power__beta__roi__R5__median__CE_minus_OE,,
knn,1,4,psd__relative_power__beta__roi__R6__iqr__CE,,
knn,1,4,psd__relative_power__beta__roi__R6__median__CE_minus_OE,,
knn,1,4,psd__relative_power__gamma__roi__R1__median__CE_minus_OE,,
knn,1,4,psd__relative_power__gamma__roi__R2__iqr__CE,,
knn,1,4,psd__relative_power__theta__roi__R1__median__CE_minus_OE,,
knn,1,4,psd__relative_power__theta__roi__R2__median__CE_minus_OE,,
knn,2,1,complexity__spectral_entropy__broadband__roi__R1__median__CE_minus_OE,,
knn,2,1,complexity__spectral_entropy__broadband__roi__R2__median__CE_minus_OE,,
knn,2,1,complexity__spectral_entropy__broadband__roi__R5__median__CE_minus_OE,,
knn,2,1,complexity__spectral_entropy__broadband__roi__R6__median__CE,,
knn,2,1,psd__relative_power__beta__roi__R2__median__CE_minus_OE,,
knn,2,1,psd__relative_power__beta__roi__R6__iqr__CE,,
knn,2,1,psd__relative_power__gamma__roi__R1__median__CE,,
knn,2,1,psd__relative_power__gamma__roi__R2__median__CE,,
knn,2,1,psd__relative_power__gamma__roi__R2__median__CE_minus_OE,,
knn,2,1,psd__relative_power__gamma__roi__R6__median__CE,,
knn,2,2,psd__relative_power__beta__roi__R1__median__CE,,
knn,2,2,psd__relative_power__beta__roi__R2__median__CE,,
knn,2,2,psd__relative_power__beta__roi__R3__iqr__CE,,
knn,2,2,psd__relative_power__beta__roi__R3__median__CE,,
knn,2,2,psd__relative_power__beta__roi__R4__median__CE,,
knn,2,2,psd__relative_power__beta__roi__R6__iqr__CE,,
knn,2,2,psd__relative_power__beta__roi__R6__median__CE,,
knn,2,2,psd__relative_power__gamma__roi__R1__median__CE,,
knn,2,2,psd__relative_power__gamma__roi__R2__iqr__CE,,
knn,2,2,psd__relative_power__gamma__roi__R2__median__CE,,
knn,2,3,complexity__spectral_entropy__broadband__roi__R1__median__CE_minus_OE,,
knn,2,3,psd__relative_power__alpha__roi__R2__iqr__CE_minus_OE,,
knn,2,3,psd__relative_power__alpha__roi__R3__iqr__CE_minus_OE,,
knn,2,3,psd__relative_power__alpha__roi__R3__iqr__OE,,
knn,2,3,psd__relative_power__alpha__roi__R4__iqr__CE_minus_OE,,
knn,2,3,psd__relative_power__alpha__roi__R4__iqr__OE,,
knn,2,3,psd__relative_power__alpha__roi__R6__iqr__CE_minus_OE,,
knn,2,3,psd__relative_power__beta__roi__R1__iqr__CE,,
knn,2,3,psd__relative_power__beta__roi__R1__median__CE_minus_OE,,
knn,2,3,psd__relative_power__beta__roi__R2__iqr__CE,,
knn,2,3,psd__relative_power__beta__roi__R2__median__CE_minus_OE,,
knn,2,3,psd__relative_power__beta__roi__R6__iqr__CE,,
knn,2,3,psd__relative_power__gamma__roi__R1__iqr__CE,,
knn,2,3,psd__relative_power__gamma__roi__R1__median__CE,,
knn,2,3,psd__relative_power__gamma__roi__R2__iqr__CE,,
knn,2,3,psd__relative_power__gamma__roi__R6__iqr__CE,,
knn,2,3,psd__relative_power__theta__roi__R1__median__CE_minus_OE,,
knn,2,3,psd__relative_power__theta__roi__R2__median__CE,,
knn,2,3,psd__relative_power__theta__roi__R2__median__CE_minus_OE,,
knn,2,3,psd__theta_alpha_ratio__derived__roi__R2__median__CE_minus_OE,,
knn,2,4,complexity__spectral_entropy__broadband__roi__R5__median__CE_minus_OE,,
knn,2,4,psd__absolute_power__alpha__roi__R3__median__CE_minus_OE,,
knn,2,4,psd__absolute_power__theta__roi__R5__iqr__CE,,
knn,2,4,psd__relative_power__beta__roi__R3__iqr__CE,,
knn,2,4,psd__relative_power__beta__roi__R6__iqr__CE,,
knn,2,4,psd__relative_power__gamma__roi__R1__median__CE,,
knn,2,4,psd__relative_power__gamma__roi__R2__iqr__CE,,
knn,2,4,psd__relative_power__gamma__roi__R2__median__CE,,
knn,2,4,psd__relative_power__gamma__roi__R4__iqr__CE,,
knn,2,4,psd__relative_power__theta__roi__R2__median__CE,,
knn,3,1,complexity__spectral_entropy__broadband__roi__R5__median__CE_minus_OE,,
knn,3,1,psd__absolute_power__alpha__roi__R3__iqr__CE_minus_OE,,
knn,3,1,psd__absolute_power__alpha__roi__R3__iqr__OE,,
knn,3,1,psd__absolute_power__gamma__roi__R4__iqr__CE_minus_OE,,
knn,3,1,psd__relative_power__beta__roi__R1__iqr__CE,,
knn,3,1,psd__relative_power__beta__roi__R1__median__CE,,
knn,3,1,psd__relative_power__beta__roi__R2__median__CE,,
knn,3,1,psd__relative_power__beta__roi__R3__iqr__CE,,
knn,3,1,psd__relative_power__beta__roi__R3__median__CE,,
knn,3,1,psd__relative_power__beta__roi__R4__median__CE,,
knn,3,1,psd__relative_power__beta__roi__R5__median__CE,,
knn,3,1,psd__relative_power__beta__roi__R6__iqr__CE,,
knn,3,1,psd__relative_power__beta__roi__R6__median__CE,,
knn,3,1,psd__relative_power__gamma__roi__R1__iqr__CE,,
knn,3,1,psd__relative_power__gamma__roi__R1__median__CE,,
knn,3,1,psd__relative_power__gamma__roi__R2__iqr__CE,,
knn,3,1,psd__relative_power__gamma__roi__R2__median__CE,,
knn,3,1,psd__relative_power__gamma__roi__R5__iqr__CE,,
knn,3,1,psd__relative_power__gamma__roi__R6__iqr__CE,,
knn,3,1,psd__relative_power__theta__roi__R2__median__CE,,
knn,3,2,psd__relative_power__beta__roi__R1__iqr__CE,,
knn,3,2,psd__relative_power__beta__roi__R1__median__CE_minus_OE,,
knn,3,2,psd__relative_power__beta__roi__R2__median__CE_minus_OE,,
knn,3,2,psd__relative_power__gamma__roi__R1__median__CE_minus_OE,,
knn,3,2,psd__relative_power__gamma__roi__R2__iqr__CE,,
knn,3,3,complexity__spectral_entropy__broadband__roi__R1__median__CE,,
knn,3,3,complexity__spectral_entropy__broadband__roi__R3__median__CE,,
knn,3,3,complexity__spectral_entropy__broadband__roi__R4__median__CE,,
knn,3,3,complexity__spectral_entropy__broadband__roi__R6__median__CE,,
knn,3,3,psd__absolute_power__theta__roi__R5__iqr__CE,,
knn,3,3,psd__absolute_power__theta__roi__R6__iqr__CE,,
knn,3,3,psd__relative_power__gamma__roi__R1__median__CE,,
knn,3,3,psd__relative_power__gamma__roi__R2__median__CE,,
knn,3,3,psd__relative_power__gamma__roi__R4__median__CE,,
knn,3,3,psd__relative_power__gamma__roi__R6__median__CE,,
knn,3,4,complexity__spectral_entropy__broadband__roi__R5__median__CE_minus_OE,,
knn,3,4,complexity__spectral_entropy__broadband__roi__R6__median__CE_minus_OE,,
knn,3,4,psd__absolute_power__alpha__roi__R3__median__CE_minus_OE,,
knn,3,4,psd__relative_power__alpha__roi__R3__median__CE,,
knn,3,4,psd__relative_power__alpha__roi__R4__median__CE,,
knn,3,4,psd__relative_power__alpha__roi__R4__median__CE_minus_OE,,
knn,3,4,psd__relative_power__alpha__roi__R5__median__CE_minus_OE,,
knn,3,4,psd__relative_power__alpha__roi__R6__median__CE_minus_OE,,
knn,3,4,psd__relative_power__beta__roi__R2__median__CE_minus_OE,,
knn,3,4,psd__relative_power__beta__roi__R3__iqr__CE,,
knn,3,4,psd__relative_power__beta__roi__R4__iqr__CE,,
knn,3,4,psd__relative_power__beta__roi__R5__iqr__CE,,
knn,3,4,psd__relative_power__beta__roi__R6__iqr__CE,,
knn,3,4,psd__relative_power__gamma__roi__R1__median__CE,,
knn,3,4,psd__relative_power__gamma__roi__R1__median__CE_minus_OE,,
knn,3,4,psd__relative_power__gamma__roi__R2__iqr__CE,,
knn,3,4,psd__relative_power__gamma__roi__R2__median__CE,,
knn,3,4,psd__relative_power__gamma__roi__R2__median__CE_minus_OE,,
knn,3,4,psd__relative_power__gamma__roi__R6__iqr__CE,,
knn,3,4,psd__relative_power__theta__roi__R6__iqr__CE_minus_OE,,
knn,4,1,complexity__spectral_entropy__broadband__roi__R1__median__CE_minus_OE,,
knn,4,1,complexity__spectral_entropy__broadband__roi__R2__median__CE_minus_OE,,
knn,4,1,complexity__spectral_entropy__broadband__roi__R3__median__CE_minus_OE,,
knn,4,1,complexity__spectral_entropy__broadband__roi__R4__median__CE_minus_OE,,
knn,4,1,complexity__spectral_entropy__broadband__roi__R5__median__CE_minus_OE,,
knn,4,1,complexity__spectral_entropy__broadband__roi__R6__median__CE,,
knn,4,1,complexity__spectral_entropy__broadband__roi__R6__median__CE_minus_OE,,
knn,4,1,psd__relative_power__beta__roi__R1__iqr__CE,,
knn,4,1,psd__relative_power__beta__roi__R1__median__CE_minus_OE,,
knn,4,1,psd__relative_power__beta__roi__R2__iqr__CE,,
knn,4,1,psd__relative_power__beta__roi__R2__median__CE_minus_OE,,
knn,4,1,psd__relative_power__beta__roi__R3__median__CE_minus_OE,,
knn,4,1,psd__relative_power__beta__roi__R4__median__CE_minus_OE,,
knn,4,1,psd__relative_power__beta__roi__R6__median__CE_minus_OE,,
knn,4,1,psd__relative_power__gamma__roi__R1__median__CE,,
knn,4,1,psd__relative_power__gamma__roi__R1__median__CE_minus_OE,,
knn,4,1,psd__relative_power__gamma__roi__R2__iqr__CE,,
knn,4,1,psd__relative_power__gamma__roi__R2__median__CE,,
knn,4,1,psd__relative_power__gamma__roi__R6__median__CE,,
knn,4,1,psd__relative_power__theta__roi__R1__median__CE_minus_OE,,
knn,4,2,complexity__spectral_entropy__broadband__roi__R1__median__CE_minus_OE,,
knn,4,2,complexity__spectral_entropy__broadband__roi__R5__median__CE_minus_OE,,
knn,4,2,complexity__spectral_entropy__broadband__roi__R6__median__CE_minus_OE,,
knn,4,2,psd__absolute_power__alpha__roi__R3__median__CE_minus_OE,,
knn,4,2,psd__absolute_power__beta__roi__R4__iqr__CE_minus_OE,,
knn,4,2,psd__absolute_power__gamma__roi__R4__iqr__OE,,
knn,4,2,psd__relative_power__beta__roi__R1__median__CE_minus_OE,,
knn,4,2,psd__relative_power__beta__roi__R2__median__CE_minus_OE,,
knn,4,2,psd__relative_power__beta__roi__R4__median__CE_minus_OE,,
knn,4,2,psd__relative_power__beta__roi__R5__iqr__CE,,
knn,4,2,psd__relative_power__beta__roi__R6__iqr__CE,,
knn,4,2,psd__relative_power__gamma__roi__R1__iqr__CE,,
knn,4,2,psd__relative_power__gamma__roi__R1__median__CE,,
knn,4,2,psd__relative_power__gamma__roi__R1__median__CE_minus_OE,,
knn,4,2,psd__relative_power__gamma__roi__R2__iqr__CE,,
knn,4,2,psd__relative_power__gamma__roi__R2__median__CE,,
knn,4,2,psd__relative_power__gamma__roi__R2__median__CE_minus_OE,,
knn,4,2,psd__relative_power__gamma__roi__R4__median__CE_minus_OE,,
knn,4,2,psd__relative_power__gamma__roi__R5__median__CE_minus_OE,,
knn,4,2,psd__relative_power__gamma__roi__R5__median__OE,,
knn,4,3,complexity__spectral_entropy__broadband__roi__R6__median__CE,,
knn,4,3,psd__absolute_power__alpha__roi__R3__median__CE_minus_OE,,
knn,4,3,psd__absolute_power__alpha__roi__R4__median__CE_minus_OE,,
knn,4,3,psd__delta_alpha_ratio__derived__roi__R2__median__CE_minus_OE,,
knn,4,3,psd__relative_power__alpha__roi__R3__iqr__OE,,
knn,4,3,psd__relative_power__alpha__roi__R4__iqr__OE,,
knn,4,3,psd__relative_power__beta__roi__R1__iqr__CE,,
knn,4,3,psd__relative_power__beta__roi__R2__iqr__CE,,
knn,4,3,psd__relative_power__beta__roi__R3__iqr__CE,,
knn,4,3,psd__relative_power__beta__roi__R6__iqr__CE,,
knn,4,3,psd__relative_power__beta__roi__R6__median__CE,,
knn,4,3,psd__relative_power__gamma__roi__R1__iqr__CE,,
knn,4,3,psd__relative_power__gamma__roi__R1__median__CE,,
knn,4,3,psd__relative_power__gamma__roi__R2__iqr__CE,,
knn,4,3,psd__relative_power__gamma__roi__R2__median__CE,,
knn,4,3,psd__relative_power__gamma__roi__R3__iqr__CE,,
knn,4,3,psd__relative_power__gamma__roi__R5__iqr__CE,,
knn,4,3,psd__relative_power__gamma__roi__R6__iqr__CE,,
knn,4,3,psd__relative_power__theta__roi__R2__median__CE,,
knn,4,3,psd__relative_power__theta__roi__R3__iqr__CE,,
knn,4,4,complexity__spectral_entropy__broadband__roi__R1__median__CE,,
knn,4,4,complexity__spectral_entropy__broadband__roi__R2__median__CE,,
knn,4,4,psd__relative_power__beta__roi__R3__iqr__CE,,
knn,4,4,psd__relative_power__beta__roi__R6__iqr__CE,,
knn,4,4,psd__relative_power__gamma__roi__R1__iqr__CE,,
knn,4,4,psd__relative_power__gamma__roi__R1__median__CE,,
knn,4,4,psd__relative_power__gamma__roi__R2__iqr__CE,,
knn,4,4,psd__relative_power__gamma__roi__R2__median__CE,,
knn,4,4,psd__relative_power__gamma__roi__R4__iqr__CE,,
knn,4,4,psd__relative_power__gamma__roi__R4__median__CE,,
knn,5,1,psd__absolute_power__alpha__roi__R5__median__CE_minus_OE,,
knn,5,1,psd__relative_power__beta__roi__R6__iqr__CE,,
knn,5,1,psd__relative_power__gamma__roi__R1__median__CE,,
knn,5,1,psd__relative_power__gamma__roi__R2__iqr__CE,,
knn,5,1,psd__relative_power__theta__roi__R6__iqr__CE_minus_OE,,
knn,5,2,complexity__spectral_entropy__broadband__roi__R1__median__CE_minus_OE,,
knn,5,2,complexity__spectral_entropy__broadband__roi__R5__median__CE_minus_OE,,
knn,5,2,complexity__spectral_entropy__broadband__roi__R6__median__CE,,
knn,5,2,complexity__spectral_entropy__broadband__roi__R6__median__CE_minus_OE,,
knn,5,2,psd__relative_power__beta__roi__R1__median__CE_minus_OE,,
knn,5,2,psd__relative_power__beta__roi__R2__median__CE_minus_OE,,
knn,5,2,psd__relative_power__gamma__roi__R1__median__CE,,
knn,5,2,psd__relative_power__gamma__roi__R2__median__CE,,
knn,5,2,psd__relative_power__gamma__roi__R6__iqr__CE,,
knn,5,2,psd__relative_power__gamma__roi__R6__median__CE,,
knn,5,3,complexity__spectral_entropy__broadband__roi__R1__median__CE,,
knn,5,3,psd__absolute_power__theta__roi__R2__iqr__CE,,
knn,5,3,psd__absolute_power__theta__roi__R3__iqr__CE,,
knn,5,3,psd__absolute_power__theta__roi__R3__median__CE,,
knn,5,3,psd__absolute_power__theta__roi__R4__iqr__CE,,
knn,5,3,psd__absolute_power__theta__roi__R4__median__CE,,
knn,5,3,psd__absolute_power__theta__roi__R5__iqr__CE,,
knn,5,3,psd__absolute_power__theta__roi__R5__median__CE,,
knn,5,3,psd__absolute_power__theta__roi__R6__iqr__CE,,
knn,5,3,psd__absolute_power__theta__roi__R6__median__CE,,
knn,5,3,psd__relative_power__beta__roi__R1__median__CE,,
knn,5,3,psd__relative_power__beta__roi__R2__median__CE,,
knn,5,3,psd__relative_power__beta__roi__R3__median__CE,,
knn,5,3,psd__relative_power__beta__roi__R4__median__CE,,
knn,5,3,psd__relative_power__beta__roi__R5__median__CE,,
knn,5,3,psd__relative_power__beta__roi__R6__median__CE,,
knn,5,3,psd__relative_power__gamma__roi__R1__median__CE,,
knn,5,3,psd__relative_power__gamma__roi__R2__iqr__CE,,
knn,5,3,psd__relative_power__gamma__roi__R2__median__CE,,
knn,5,3,psd__relative_power__gamma__roi__R4__iqr__CE,,
knn,5,4,complexity__spectral_entropy__broadband__roi__R2__median__CE_minus_OE,,
knn,5,4,complexity__spectral_entropy__broadband__roi__R5__median__CE_minus_OE,,
knn,5,4,complexity__spectral_entropy__broadband__roi__R5__median__OE,,
knn,5,4,psd__absolute_power__alpha__roi__R4__median__OE,,
knn,5,4,psd__absolute_power__alpha__roi__R5__median__OE,,
knn,5,4,psd__absolute_power__alpha__roi__R6__median__OE,,
knn,5,4,psd__relative_power__beta__roi__R1__median__CE_minus_OE,,
knn,5,4,psd__relative_power__beta__roi__R2__median__CE_minus_OE,,
knn,5,4,psd__relative_power__beta__roi__R3__median__CE_minus_OE,,
knn,5,4,psd__relative_power__beta__roi__R4__median__CE_minus_OE,,
knn,5,4,psd__relative_power__delta__roi__R1__median__CE_minus_OE,,
knn,5,4,psd__relative_power__delta__roi__R2__median__CE_minus_OE,,
knn,5,4,psd__relative_power__gamma__roi__R1__median__CE_minus_OE,,
knn,5,4,psd__relative_power__gamma__roi__R2__median__CE_minus_OE,,
knn,5,4,psd__relative_power__gamma__roi__R3__median__CE_minus_OE,,
knn,5,4,psd__relative_power__gamma__roi__R4__median__CE_minus_OE,,
knn,5,4,psd__relative_power__gamma__roi__R4__median__OE,,
knn,5,4,psd__relative_power__gamma__roi__R5__median__CE_minus_OE,,
knn,5,4,psd__relative_power__gamma__roi__R5__median__OE,,
knn,5,4,psd__relative_power__gamma__roi__R6__median__CE_minus_OE,,
xgboost,1,1,complexity__spectral_entropy__broadband__roi__R1__iqr__CE,0.0,0.0
xgboost,1,1,complexity__spectral_entropy__broadband__roi__R1__iqr__CE_minus_OE,0.0,0.0
xgboost,1,1,complexity__spectral_entropy__broadband__roi__R1__iqr__OE,0.0,0.0
xgboost,1,1,complexity__spectral_entropy__broadband__roi__R1__median__CE,0.0,0.0
xgboost,1,1,complexity__spectral_entropy__broadband__roi__R1__median__CE_minus_OE,0.0,0.0
xgboost,1,1,complexity__spectral_entropy__broadband__roi__R1__median__OE,0.0,0.0
xgboost,1,1,complexity__spectral_entropy__broadband__roi__R2__iqr__CE,0.0,0.0
xgboost,1,1,complexity__spectral_entropy__broadband__roi__R2__iqr__CE_minus_OE,0.0,0.0
xgboost,1,1,complexity__spectral_entropy__broadband__roi__R2__iqr__OE,0.0,0.0
xgboost,1,1,complexity__spectral_entropy__broadband__roi__R2__median__CE,0.0,0.0
xgboost,1,1,complexity__spectral_entropy__broadband__roi__R2__median__CE_minus_OE,0.0,0.0
xgboost,1,1,complexity__spectral_entropy__broadband__roi__R2__median__OE,0.0,0.0
xgboost,1,1,complexity__spectral_entropy__broadband__roi__R3__iqr__CE,0.0,0.0
xgboost,1,1,complexity__spectral_entropy__broadband__roi__R3__iqr__CE_minus_OE,0.0,0.0
xgboost,1,1,complexity__spectral_entropy__broadband__roi__R3__iqr__OE,0.0,0.0
xgboost,1,1,complexity__spectral_entropy__broadband__roi__R3__median__CE,0.0,0.0
xgboost,1,1,complexity__spectral_entropy__broadband__roi__R3__median__CE_minus_OE,0.0,0.0
xgboost,1,1,complexity__spectral_entropy__broadband__roi__R3__median__OE,0.0,0.0
xgboost,1,1,complexity__spectral_entropy__broadband__roi__R4__iqr__CE,0.0,0.0
xgboost,1,1,complexity__spectral_entropy__broadband__roi__R4__iqr__CE_minus_OE,0.0,0.0
xgboost,1,1,complexity__spectral_entropy__broadband__roi__R4__iqr__OE,0.0,0.0
xgboost,1,1,complexity__spectral_entropy__broadband__roi__R4__median__CE,0.0,0.0
xgboost,1,1,complexity__spectral_entropy__broadband__roi__R4__median__CE_minus_OE,0.0,0.0
xgboost,1,1,complexity__spectral_entropy__broadband__roi__R4__median__OE,0.0,0.0
xgboost,1,1,complexity__spectral_entropy__broadband__roi__R5__iqr__CE,0.0,0.0
xgboost,1,1,complexity__spectral_entropy__broadband__roi__R5__iqr__CE_minus_OE,0.0,0.0
xgboost,1,1,complexity__spectral_entropy__broadband__roi__R5__iqr__OE,0.0,0.0
xgboost,1,1,complexity__spectral_entropy__broadband__roi__R5__median__CE,0.0,0.0
xgboost,1,1,complexity__spectral_entropy__broadband__roi__R5__median__CE_minus_OE,0.0,0.0
xgboost,1,1,complexity__spectral_entropy__broadband__roi__R5__median__OE,0.0,0.0
xgboost,1,1,complexity__spectral_entropy__broadband__roi__R6__iqr__CE,0.0,0.0
xgboost,1,1,complexity__spectral_entropy__broadband__roi__R6__iqr__CE_minus_OE,0.0,0.0
xgboost,1,1,complexity__spectral_entropy__broadband__roi__R6__iqr__OE,0.0,0.0
xgboost,1,1,complexity__spectral_entropy__broadband__roi__R6__median__CE,0.0,0.0
xgboost,1,1,complexity__spectral_entropy__broadband__roi__R6__median__CE_minus_OE,0.0,0.0
xgboost,1,1,complexity__spectral_entropy__broadband__roi__R6__median__OE,0.0,0.0
xgboost,1,1,psd__absolute_power__alpha__roi__R1__iqr__CE,0.0,0.0
xgboost,1,1,psd__absolute_power__alpha__roi__R1__iqr__CE_minus_OE,0.0,0.0
xgboost,1,1,psd__absolute_power__alpha__roi__R1__iqr__OE,0.0,0.0
xgboost,1,1,psd__absolute_power__alpha__roi__R1__median__CE,0.0,0.0
xgboost,1,1,psd__absolute_power__alpha__roi__R1__median__CE_minus_OE,0.0,0.0
xgboost,1,1,psd__absolute_power__alpha__roi__R1__median__OE,0.0,0.0
xgboost,1,1,psd__absolute_power__alpha__roi__R2__iqr__CE,0.0,0.0
xgboost,1,1,psd__absolute_power__alpha__roi__R2__iqr__CE_minus_OE,0.0,0.0
xgboost,1,1,psd__absolute_power__alpha__roi__R2__iqr__OE,0.0,0.0
xgboost,1,1,psd__absolute_power__alpha__roi__R2__median__CE,0.0,0.0
xgboost,1,1,psd__absolute_power__alpha__roi__R2__median__CE_minus_OE,0.0,0.0
xgboost,1,1,psd__absolute_power__alpha__roi__R2__median__OE,0.0,0.0
xgboost,1,1,psd__absolute_power__alpha__roi__R3__iqr__CE,0.0,0.0
xgboost,1,1,psd__absolute_power__alpha__roi__R3__iqr__CE_minus_OE,0.0,0.0
xgboost,1,1,psd__absolute_power__alpha__roi__R3__iqr__OE,0.0,0.0
xgboost,1,1,psd__absolute_power__alpha__roi__R3__median__CE,0.0,0.0
xgboost,1,1,psd__absolute_power__alpha__roi__R3__median__CE_minus_OE,0.0,0.0
xgboost,1,1,psd__absolute_power__alpha__roi__R3__median__OE,0.0,0.0
xgboost,1,1,psd__absolute_power__alpha__roi__R4__iqr__CE,0.0,0.0
xgboost,1,1,psd__absolute_power__alpha__roi__R4__iqr__CE_minus_OE,0.0,0.0
xgboost,1,1,psd__absolute_power__alpha__roi__R4__iqr__OE,0.0,0.0
xgboost,1,1,psd__absolute_power__alpha__roi__R4__median__CE,0.0,0.0
xgboost,1,1,psd__absolute_power__alpha__roi__R4__median__CE_minus_OE,0.0,0.0
xgboost,1,1,psd__absolute_power__alpha__roi__R4__median__OE,0.0,0.0
xgboost,1,1,psd__absolute_power__alpha__roi__R5__iqr__CE,0.0,0.0
xgboost,1,1,psd__absolute_power__alpha__roi__R5__iqr__CE_minus_OE,0.0,0.0
xgboost,1,1,psd__absolute_power__alpha__roi__R5__iqr__OE,0.0,0.0
xgboost,1,1,psd__absolute_power__alpha__roi__R5__median__CE,0.0,0.0
xgboost,1,1,psd__absolute_power__alpha__roi__R5__median__CE_minus_OE,0.0,0.0
xgboost,1,1,psd__absolute_power__alpha__roi__R5__median__OE,0.0,0.0
xgboost,1,1,psd__absolute_power__alpha__roi__R6__iqr__CE,0.0,0.0
xgboost,1,1,psd__absolute_power__alpha__roi__R6__iqr__CE_minus_OE,0.0,0.0
xgboost,1,1,psd__absolute_power__alpha__roi__R6__iqr__OE,0.0,0.0
xgboost,1,1,psd__absolute_power__alpha__roi__R6__median__CE,0.0,0.0
xgboost,1,1,psd__absolute_power__alpha__roi__R6__median__CE_minus_OE,0.0,0.0
xgboost,1,1,psd__absolute_power__alpha__roi__R6__median__OE,0.0,0.0
xgboost,1,1,psd__absolute_power__beta__roi__R1__iqr__CE,0.0,0.0
xgboost,1,1,psd__absolute_power__beta__roi__R1__iqr__CE_minus_OE,0.0,0.0
xgboost,1,1,psd__absolute_power__beta__roi__R1__iqr__OE,0.0,0.0
xgboost,1,1,psd__absolute_power__beta__roi__R1__median__CE,0.11423830687999725,0.11423830687999725
xgboost,1,1,psd__absolute_power__beta__roi__R1__median__CE_minus_OE,0.0,0.0
xgboost,1,1,psd__absolute_power__beta__roi__R1__median__OE,0.0,0.0
xgboost,1,1,psd__absolute_power__beta__roi__R2__iqr__CE,0.0,0.0
xgboost,1,1,psd__absolute_power__beta__roi__R2__iqr__CE_minus_OE,0.0,0.0
xgboost,1,1,psd__absolute_power__beta__roi__R2__iqr__OE,0.0,0.0
xgboost,1,1,psd__absolute_power__beta__roi__R2__median__CE,0.0,0.0
xgboost,1,1,psd__absolute_power__beta__roi__R2__median__CE_minus_OE,0.0,0.0
xgboost,1,1,psd__absolute_power__beta__roi__R2__median__OE,0.0,0.0
xgboost,1,1,psd__absolute_power__beta__roi__R3__iqr__CE,0.0,0.0
xgboost,1,1,psd__absolute_power__beta__roi__R3__iqr__CE_minus_OE,0.0,0.0
xgboost,1,1,psd__absolute_power__beta__roi__R3__iqr__OE,0.0,0.0
xgboost,1,1,psd__absolute_power__beta__roi__R3__median__CE,0.0,0.0
xgboost,1,1,psd__absolute_power__beta__roi__R3__median__CE_minus_OE,0.0,0.0
xgboost,1,1,psd__absolute_power__beta__roi__R3__median__OE,0.0,0.0
xgboost,1,1,psd__absolute_power__beta__roi__R4__iqr__CE,0.0,0.0
xgboost,1,1,psd__absolute_power__beta__roi__R4__iqr__CE_minus_OE,0.0,0.0
xgboost,1,1,psd__absolute_power__beta__roi__R4__iqr__OE,0.0,0.0
xgboost,1,1,psd__absolute_power__beta__roi__R4__median__CE,0.0,0.0
xgboost,1,1,psd__absolute_power__beta__roi__R4__median__CE_minus_OE,0.0,0.0
xgboost,1,1,psd__absolute_power__beta__roi__R4__median__OE,0.0,0.0
xgboost,1,1,psd__absolute_power__beta__roi__R5__iqr__CE,0.0,0.0
xgboost,1,1,psd__absolute_power__beta__roi__R5__iqr__CE_minus_OE,0.0,0.0
xgboost,1,1,psd__absolute_power__beta__roi__R5__iqr__OE,0.0,0.0
xgboost,1,1,psd__absolute_power__beta__roi__R5__median__CE,0.0,0.0
xgboost,1,1,psd__absolute_power__beta__roi__R5__median__CE_minus_OE,0.0,0.0
xgboost,1,1,psd__absolute_power__beta__roi__R5__median__OE,0.0,0.0
xgboost,1,1,psd__absolute_power__beta__roi__R6__iqr__CE,0.0,0.0
xgboost,1,1,psd__absolute_power__beta__roi__R6__iqr__CE_minus_OE,0.0,0.0
xgboost,1,1,psd__absolute_power__beta__roi__R6__iqr__OE,0.0,0.0
xgboost,1,1,psd__absolute_power__beta__roi__R6__median__CE,0.0,0.0
xgboost,1,1,psd__absolute_power__beta__roi__R6__median__CE_minus_OE,0.0,0.0
xgboost,1,1,psd__absolute_power__beta__roi__R6__median__OE,0.0,0.0
xgboost,1,1,psd__absolute_power__delta__roi__R1__iqr__CE,0.0,0.0
xgboost,1,1,psd__absolute_power__delta__roi__R1__iqr__CE_minus_OE,0.0,0.0
xgboost,1,1,psd__absolute_power__delta__roi__R1__iqr__OE,0.0,0.0
xgboost,1,1,psd__absolute_power__delta__roi__R1__median__CE,0.0,0.0
xgboost,1,1,psd__absolute_power__delta__roi__R1__median__CE_minus_OE,0.0,0.0
xgboost,1,1,psd__absolute_power__delta__roi__R1__median__OE,0.0,0.0
xgboost,1,1,psd__absolute_power__delta__roi__R2__iqr__CE,0.0,0.0
xgboost,1,1,psd__absolute_power__delta__roi__R2__iqr__CE_minus_OE,0.0,0.0
xgboost,1,1,psd__absolute_power__delta__roi__R2__iqr__OE,0.0,0.0
xgboost,1,1,psd__absolute_power__delta__roi__R2__median__CE,0.0,0.0
xgboost,1,1,psd__absolute_power__delta__roi__R2__median__CE_minus_OE,0.0,0.0
xgboost,1,1,psd__absolute_power__delta__roi__R2__median__OE,0.0,0.0
xgboost,1,1,psd__absolute_power__delta__roi__R3__iqr__CE,0.0,0.0
xgboost,1,1,psd__absolute_power__delta__roi__R3__iqr__CE_minus_OE,0.0,0.0
xgboost,1,1,psd__absolute_power__delta__roi__R3__iqr__OE,0.0,0.0
xgboost,1,1,psd__absolute_power__delta__roi__R3__median__CE,0.0,0.0
xgboost,1,1,psd__absolute_power__delta__roi__R3__median__CE_minus_OE,0.0,0.0
xgboost,1,1,psd__absolute_power__delta__roi__R3__median__OE,0.0,0.0
xgboost,1,1,psd__absolute_power__delta__roi__R4__iqr__CE,0.0,0.0
xgboost,1,1,psd__absolute_power__delta__roi__R4__iqr__CE_minus_OE,0.0,0.0
xgboost,1,1,psd__absolute_power__delta__roi__R4__iqr__OE,0.0,0.0
xgboost,1,1,psd__absolute_power__delta__roi__R4__median__CE,0.0,0.0
xgboost,1,1,psd__absolute_power__delta__roi__R4__median__CE_minus_OE,0.0,0.0
xgboost,1,1,psd__absolute_power__delta__roi__R4__median__OE,0.0,0.0
xgboost,1,1,psd__absolute_power__delta__roi__R5__iqr__CE,0.0,0.0
xgboost,1,1,psd__absolute_power__delta__roi__R5__iqr__CE_minus_OE,0.0,0.0
xgboost,1,1,psd__absolute_power__delta__roi__R5__iqr__OE,0.0,0.0
xgboost,1,1,psd__absolute_power__delta__roi__R5__median__CE,0.0,0.0
xgboost,1,1,psd__absolute_power__delta__roi__R5__median__CE_minus_OE,0.0,0.0
xgboost,1,1,psd__absolute_power__delta__roi__R5__median__OE,0.0,0.0
xgboost,1,1,psd__absolute_power__delta__roi__R6__iqr__CE,0.0,0.0
xgboost,1,1,psd__absolute_power__delta__roi__R6__iqr__CE_minus_OE,0.0,0.0
xgboost,1,1,psd__absolute_power__delta__roi__R6__iqr__OE,0.0,0.0
xgboost,1,1,psd__absolute_power__delta__roi__R6__median__CE,0.0,0.0
xgboost,1,1,psd__absolute_power__delta__roi__R6__median__CE_minus_OE,0.0,0.0
xgboost,1,1,psd__absolute_power__delta__roi__R6__median__OE,0.0,0.0
xgboost,1,1,psd__absolute_power__gamma__roi__R1__iqr__CE,0.0,0.0
xgboost,1,1,psd__absolute_power__gamma__roi__R1__iqr__CE_minus_OE,0.0,0.0
xgboost,1,1,psd__absolute_power__gamma__roi__R1__iqr__OE,0.0,0.0
xgboost,1,1,psd__absolute_power__gamma__roi__R1__median__CE,0.0,0.0
xgboost,1,1,psd__absolute_power__gamma__roi__R1__median__CE_minus_OE,0.0,0.0
xgboost,1,1,psd__absolute_power__gamma__roi__R1__median__OE,0.0,0.0
xgboost,1,1,psd__absolute_power__gamma__roi__R2__iqr__CE,0.0,0.0
xgboost,1,1,psd__absolute_power__gamma__roi__R2__iqr__CE_minus_OE,0.0,0.0
xgboost,1,1,psd__absolute_power__gamma__roi__R2__iqr__OE,0.0,0.0
xgboost,1,1,psd__absolute_power__gamma__roi__R2__median__CE,0.05220300331711769,0.05220300331711769
xgboost,1,1,psd__absolute_power__gamma__roi__R2__median__CE_minus_OE,0.0,0.0
xgboost,1,1,psd__absolute_power__gamma__roi__R2__median__OE,0.0,0.0
xgboost,1,1,psd__absolute_power__gamma__roi__R3__iqr__CE,0.0,0.0
xgboost,1,1,psd__absolute_power__gamma__roi__R3__iqr__CE_minus_OE,0.0,0.0
xgboost,1,1,psd__absolute_power__gamma__roi__R3__iqr__OE,0.2501544952392578,0.2501544952392578
xgboost,1,1,psd__absolute_power__gamma__roi__R3__median__CE,0.0,0.0
xgboost,1,1,psd__absolute_power__gamma__roi__R3__median__CE_minus_OE,0.0,0.0
xgboost,1,1,psd__absolute_power__gamma__roi__R3__median__OE,0.0,0.0
xgboost,1,1,psd__absolute_power__gamma__roi__R4__iqr__CE,0.0,0.0
xgboost,1,1,psd__absolute_power__gamma__roi__R4__iqr__CE_minus_OE,0.0,0.0
xgboost,1,1,psd__absolute_power__gamma__roi__R4__iqr__OE,0.0,0.0
xgboost,1,1,psd__absolute_power__gamma__roi__R4__median__CE,0.0,0.0
xgboost,1,1,psd__absolute_power__gamma__roi__R4__median__CE_minus_OE,0.0,0.0
xgboost,1,1,psd__absolute_power__gamma__roi__R4__median__OE,0.0,0.0
xgboost,1,1,psd__absolute_power__gamma__roi__R5__iqr__CE,0.0,0.0
xgboost,1,1,psd__absolute_power__gamma__roi__R5__iqr__CE_minus_OE,0.0,0.0
xgboost,1,1,psd__absolute_power__gamma__roi__R5__iqr__OE,0.0,0.0
xgboost,1,1,psd__absolute_power__gamma__roi__R5__median__CE,0.0,0.0
xgboost,1,1,psd__absolute_power__gamma__roi__R5__median__CE_minus_OE,0.0,0.0
xgboost,1,1,psd__absolute_power__gamma__roi__R5__median__OE,0.0,0.0
xgboost,1,1,psd__absolute_power__gamma__roi__R6__iqr__CE,0.0,0.0
xgboost,1,1,psd__absolute_power__gamma__roi__R6__iqr__CE_minus_OE,0.0,0.0
xgboost,1,1,psd__absolute_power__gamma__roi__R6__iqr__OE,0.0,0.0
xgboost,1,1,psd__absolute_power__gamma__roi__R6__median__CE,0.0,0.0
xgboost,1,1,psd__absolute_power__gamma__roi__R6__median__CE_minus_OE,0.0,0.0
xgboost,1,1,psd__absolute_power__gamma__roi__R6__median__OE,0.0,0.0
xgboost,1,1,psd__absolute_power__theta__roi__R1__iqr__CE,0.0,0.0
xgboost,1,1,psd__absolute_power__theta__roi__R1__iqr__CE_minus_OE,0.0,0.0
xgboost,1,1,psd__absolute_power__theta__roi__R1__iqr__OE,0.0,0.0
xgboost,1,1,psd__absolute_power__theta__roi__R1__median__CE,0.0,0.0
xgboost,1,1,psd__absolute_power__theta__roi__R1__median__CE_minus_OE,0.0,0.0
xgboost,1,1,psd__absolute_power__theta__roi__R1__median__OE,0.0,0.0
xgboost,1,1,psd__absolute_power__theta__roi__R2__iqr__CE,0.0,0.0
xgboost,1,1,psd__absolute_power__theta__roi__R2__iqr__CE_minus_OE,0.0,0.0
xgboost,1,1,psd__absolute_power__theta__roi__R2__iqr__OE,0.0,0.0
xgboost,1,1,psd__absolute_power__theta__roi__R2__median__CE,0.0,0.0
xgboost,1,1,psd__absolute_power__theta__roi__R2__median__CE_minus_OE,0.0,0.0
xgboost,1,1,psd__absolute_power__theta__roi__R2__median__OE,0.0,0.0
xgboost,1,1,psd__absolute_power__theta__roi__R3__iqr__CE,0.0,0.0
xgboost,1,1,psd__absolute_power__theta__roi__R3__iqr__CE_minus_OE,0.0,0.0
xgboost,1,1,psd__absolute_power__theta__roi__R3__iqr__OE,0.0,0.0
xgboost,1,1,psd__absolute_power__theta__roi__R3__median__CE,0.0,0.0
xgboost,1,1,psd__absolute_power__theta__roi__R3__median__CE_minus_OE,0.0,0.0
xgboost,1,1,psd__absolute_power__theta__roi__R3__median__OE,0.0,0.0
xgboost,1,1,psd__absolute_power__theta__roi__R4__iqr__CE,0.0,0.0
xgboost,1,1,psd__absolute_power__theta__roi__R4__iqr__CE_minus_OE,0.0,0.0
xgboost,1,1,psd__absolute_power__theta__roi__R4__iqr__OE,0.0,0.0
xgboost,1,1,psd__absolute_power__theta__roi__R4__median__CE,0.0,0.0
xgboost,1,1,psd__absolute_power__theta__roi__R4__median__CE_minus_OE,0.0,0.0
xgboost,1,1,psd__absolute_power__theta__roi__R4__median__OE,0.0,0.0
xgboost,1,1,psd__absolute_power__theta__roi__R5__iqr__CE,0.0,0.0
xgboost,1,1,psd__absolute_power__theta__roi__R5__iqr__CE_minus_OE,0.0,0.0
xgboost,1,1,psd__absolute_power__theta__roi__R5__iqr__OE,0.0,0.0
xgboost,1,1,psd__absolute_power__theta__roi__R5__median__CE,0.0,0.0
xgboost,1,1,psd__absolute_power__theta__roi__R5__median__CE_minus_OE,0.0,0.0
xgboost,1,1,psd__absolute_power__theta__roi__R5__median__OE,0.0,0.0
xgboost,1,1,psd__absolute_power__theta__roi__R6__iqr__CE,0.0,0.0
xgboost,1,1,psd__absolute_power__theta__roi__R6__iqr__CE_minus_OE,0.0,0.0
xgboost,1,1,psd__absolute_power__theta__roi__R6__iqr__OE,0.0,0.0
xgboost,1,1,psd__absolute_power__theta__roi__R6__median__CE,0.0,0.0
xgboost,1,1,psd__absolute_power__theta__roi__R6__median__CE_minus_OE,0.0,0.0
xgboost,1,1,psd__absolute_power__theta__roi__R6__median__OE,0.0,0.0
xgboost,1,1,psd__delta_alpha_ratio__derived__roi__R1__iqr__CE,0.0,0.0
xgboost,1,1,psd__delta_alpha_ratio__derived__roi__R1__iqr__CE_minus_OE,0.0,0.0
xgboost,1,1,psd__delta_alpha_ratio__derived__roi__R1__iqr__OE,0.0,0.0
xgboost,1,1,psd__delta_alpha_ratio__derived__roi__R1__median__CE,0.0,0.0
xgboost,1,1,psd__delta_alpha_ratio__derived__roi__R1__median__CE_minus_OE,0.0,0.0
xgboost,1,1,psd__delta_alpha_ratio__derived__roi__R1__median__OE,0.0,0.0
xgboost,1,1,psd__delta_alpha_ratio__derived__roi__R2__iqr__CE,0.0,0.0
xgboost,1,1,psd__delta_alpha_ratio__derived__roi__R2__iqr__CE_minus_OE,0.0,0.0
xgboost,1,1,psd__delta_alpha_ratio__derived__roi__R2__iqr__OE,0.0,0.0
xgboost,1,1,psd__delta_alpha_ratio__derived__roi__R2__median__CE,0.0,0.0
xgboost,1,1,psd__delta_alpha_ratio__derived__roi__R2__median__CE_minus_OE,0.0,0.0
xgboost,1,1,psd__delta_alpha_ratio__derived__roi__R2__median__OE,0.0,0.0
xgboost,1,1,psd__delta_alpha_ratio__derived__roi__R3__iqr__CE,0.0,0.0
xgboost,1,1,psd__delta_alpha_ratio__derived__roi__R3__iqr__CE_minus_OE,0.0,0.0
xgboost,1,1,psd__delta_alpha_ratio__derived__roi__R3__iqr__OE,0.0,0.0
xgboost,1,1,psd__delta_alpha_ratio__derived__roi__R3__median__CE,0.0,0.0
xgboost,1,1,psd__delta_alpha_ratio__derived__roi__R3__median__CE_minus_OE,0.0,0.0
xgboost,1,1,psd__delta_alpha_ratio__derived__roi__R3__median__OE,0.0,0.0
xgboost,1,1,psd__delta_alpha_ratio__derived__roi__R4__iqr__CE,0.0,0.0
xgboost,1,1,psd__delta_alpha_ratio__derived__roi__R4__iqr__CE_minus_OE,0.0,0.0
xgboost,1,1,psd__delta_alpha_ratio__derived__roi__R4__iqr__OE,0.0,0.0
xgboost,1,1,psd__delta_alpha_ratio__derived__roi__R4__median__CE,0.0,0.0
xgboost,1,1,psd__delta_alpha_ratio__derived__roi__R4__median__CE_minus_OE,0.0,0.0
xgboost,1,1,psd__delta_alpha_ratio__derived__roi__R4__median__OE,0.0,0.0
xgboost,1,1,psd__delta_alpha_ratio__derived__roi__R5__iqr__CE,0.0,0.0
xgboost,1,1,psd__delta_alpha_ratio__derived__roi__R5__iqr__CE_minus_OE,0.0,0.0
xgboost,1,1,psd__delta_alpha_ratio__derived__roi__R5__iqr__OE,0.0,0.0
xgboost,1,1,psd__delta_alpha_ratio__derived__roi__R5__median__CE,0.0,0.0
xgboost,1,1,psd__delta_alpha_ratio__derived__roi__R5__median__CE_minus_OE,0.0,0.0
xgboost,1,1,psd__delta_alpha_ratio__derived__roi__R5__median__OE,0.0,0.0
xgboost,1,1,psd__delta_alpha_ratio__derived__roi__R6__iqr__CE,0.0,0.0
xgboost,1,1,psd__delta_alpha_ratio__derived__roi__R6__iqr__CE_minus_OE,0.0,0.0
xgboost,1,1,psd__delta_alpha_ratio__derived__roi__R6__iqr__OE,0.0,0.0
xgboost,1,1,psd__delta_alpha_ratio__derived__roi__R6__median__CE,0.0,0.0
xgboost,1,1,psd__delta_alpha_ratio__derived__roi__R6__median__CE_minus_OE,0.0,0.0
xgboost,1,1,psd__delta_alpha_ratio__derived__roi__R6__median__OE,0.0,0.0
xgboost,1,1,psd__relative_power__alpha__roi__R1__iqr__CE,0.0,0.0
xgboost,1,1,psd__relative_power__alpha__roi__R1__iqr__CE_minus_OE,0.0,0.0
xgboost,1,1,psd__relative_power__alpha__roi__R1__iqr__OE,0.0,0.0
xgboost,1,1,psd__relative_power__alpha__roi__R1__median__CE,0.0,0.0
xgboost,1,1,psd__relative_power__alpha__roi__R1__median__CE_minus_OE,0.0,0.0
xgboost,1,1,psd__relative_power__alpha__roi__R1__median__OE,0.0,0.0
xgboost,1,1,psd__relative_power__alpha__roi__R2__iqr__CE,0.0,0.0
xgboost,1,1,psd__relative_power__alpha__roi__R2__iqr__CE_minus_OE,0.0,0.0
xgboost,1,1,psd__relative_power__alpha__roi__R2__iqr__OE,0.0,0.0
xgboost,1,1,psd__relative_power__alpha__roi__R2__median__CE,0.0,0.0
xgboost,1,1,psd__relative_power__alpha__roi__R2__median__CE_minus_OE,0.0,0.0
xgboost,1,1,psd__relative_power__alpha__roi__R2__median__OE,0.0,0.0
xgboost,1,1,psd__relative_power__alpha__roi__R3__iqr__CE,0.0,0.0
xgboost,1,1,psd__relative_power__alpha__roi__R3__iqr__CE_minus_OE,0.0,0.0
xgboost,1,1,psd__relative_power__alpha__roi__R3__iqr__OE,0.0,0.0
xgboost,1,1,psd__relative_power__alpha__roi__R3__median__CE,0.0,0.0
xgboost,1,1,psd__relative_power__alpha__roi__R3__median__CE_minus_OE,0.0,0.0
xgboost,1,1,psd__relative_power__alpha__roi__R3__median__OE,0.0,0.0
xgboost,1,1,psd__relative_power__alpha__roi__R4__iqr__CE,0.0,0.0
xgboost,1,1,psd__relative_power__alpha__roi__R4__iqr__CE_minus_OE,0.0,0.0
xgboost,1,1,psd__relative_power__alpha__roi__R4__iqr__OE,0.0,0.0
xgboost,1,1,psd__relative_power__alpha__roi__R4__median__CE,0.0,0.0
xgboost,1,1,psd__relative_power__alpha__roi__R4__median__CE_minus_OE,0.0,0.0
xgboost,1,1,psd__relative_power__alpha__roi__R4__median__OE,0.0,0.0
xgboost,1,1,psd__relative_power__alpha__roi__R5__iqr__CE,0.0,0.0
xgboost,1,1,psd__relative_power__alpha__roi__R5__iqr__CE_minus_OE,0.0,0.0
xgboost,1,1,psd__relative_power__alpha__roi__R5__iqr__OE,0.0,0.0
xgboost,1,1,psd__relative_power__alpha__roi__R5__median__CE,0.0,0.0
xgboost,1,1,psd__relative_power__alpha__roi__R5__median__CE_minus_OE,0.0,0.0
xgboost,1,1,psd__relative_power__alpha__roi__R5__median__OE,0.0,0.0
xgboost,1,1,psd__relative_power__alpha__roi__R6__iqr__CE,0.0,0.0
xgboost,1,1,psd__relative_power__alpha__roi__R6__iqr__CE_minus_OE,0.0,0.0
xgboost,1,1,psd__relative_power__alpha__roi__R6__iqr__OE,0.0,0.0
xgboost,1,1,psd__relative_power__alpha__roi__R6__median__CE,0.0,0.0
xgboost,1,1,psd__relative_power__alpha__roi__R6__median__CE_minus_OE,0.0,0.0
xgboost,1,1,psd__relative_power__alpha__roi__R6__median__OE,0.0,0.0
xgboost,1,1,psd__relative_power__beta__roi__R1__iqr__CE,0.0,0.0
xgboost,1,1,psd__relative_power__beta__roi__R1__iqr__CE_minus_OE,0.0,0.0
xgboost,1,1,psd__relative_power__beta__roi__R1__iqr__OE,0.0,0.0
xgboost,1,1,psd__relative_power__beta__roi__R1__median__CE,0.0,0.0
xgboost,1,1,psd__relative_power__beta__roi__R1__median__CE_minus_OE,0.0,0.0
xgboost,1,1,psd__relative_power__beta__roi__R1__median__OE,0.0,0.0
xgboost,1,1,psd__relative_power__beta__roi__R2__iqr__CE,0.0,0.0
xgboost,1,1,psd__relative_power__beta__roi__R2__iqr__CE_minus_OE,0.0,0.0
xgboost,1,1,psd__relative_power__beta__roi__R2__iqr__OE,0.0,0.0
xgboost,1,1,psd__relative_power__beta__roi__R2__median__CE,0.0,0.0
xgboost,1,1,psd__relative_power__beta__roi__R2__median__CE_minus_OE,0.0,0.0
xgboost,1,1,psd__relative_power__beta__roi__R2__median__OE,0.0,0.0
xgboost,1,1,psd__relative_power__beta__roi__R3__iqr__CE,0.0,0.0
xgboost,1,1,psd__relative_power__beta__roi__R3__iqr__CE_minus_OE,0.0,0.0
xgboost,1,1,psd__relative_power__beta__roi__R3__iqr__OE,0.0,0.0
xgboost,1,1,psd__relative_power__beta__roi__R3__median__CE,0.0,0.0
xgboost,1,1,psd__relative_power__beta__roi__R3__median__CE_minus_OE,0.0,0.0
xgboost,1,1,psd__relative_power__beta__roi__R3__median__OE,0.0,0.0
xgboost,1,1,psd__relative_power__beta__roi__R4__iqr__CE,0.0,0.0
xgboost,1,1,psd__relative_power__beta__roi__R4__iqr__CE_minus_OE,0.0,0.0
xgboost,1,1,psd__relative_power__beta__roi__R4__iqr__OE,0.0,0.0
xgboost,1,1,psd__relative_power__beta__roi__R4__median__CE,0.0,0.0
xgboost,1,1,psd__relative_power__beta__roi__R4__median__CE_minus_OE,0.0,0.0
xgboost,1,1,psd__relative_power__beta__roi__R4__median__OE,0.0,0.0
xgboost,1,1,psd__relative_power__beta__roi__R5__iqr__CE,0.2587584853172302,0.2587584853172302
xgboost,1,1,psd__relative_power__beta__roi__R5__iqr__CE_minus_OE,0.0,0.0
xgboost,1,1,psd__relative_power__beta__roi__R5__iqr__OE,0.0,0.0
xgboost,1,1,psd__relative_power__beta__roi__R5__median__CE,0.0,0.0
xgboost,1,1,psd__relative_power__beta__roi__R5__median__CE_minus_OE,0.0,0.0
xgboost,1,1,psd__relative_power__beta__roi__R5__median__OE,0.0,0.0
xgboost,1,1,psd__relative_power__beta__roi__R6__iqr__CE,0.0,0.0
xgboost,1,1,psd__relative_power__beta__roi__R6__iqr__CE_minus_OE,0.0,0.0
xgboost,1,1,psd__relative_power__beta__roi__R6__iqr__OE,0.0,0.0
xgboost,1,1,psd__relative_power__beta__roi__R6__median__CE,0.0,0.0
xgboost,1,1,psd__relative_power__beta__roi__R6__median__CE_minus_OE,0.0,0.0
xgboost,1,1,psd__relative_power__beta__roi__R6__median__OE,0.0,0.0
xgboost,1,1,psd__relative_power__delta__roi__R1__iqr__CE,0.0,0.0
xgboost,1,1,psd__relative_power__delta__roi__R1__iqr__CE_minus_OE,0.0,0.0
xgboost,1,1,psd__relative_power__delta__roi__R1__iqr__OE,0.0,0.0
xgboost,1,1,psd__relative_power__delta__roi__R1__median__CE,0.0,0.0
xgboost,1,1,psd__relative_power__delta__roi__R1__median__CE_minus_OE,0.0,0.0
xgboost,1,1,psd__relative_power__delta__roi__R1__median__OE,0.0,0.0
xgboost,1,1,psd__relative_power__delta__roi__R2__iqr__CE,0.0,0.0
xgboost,1,1,psd__relative_power__delta__roi__R2__iqr__CE_minus_OE,0.0,0.0
xgboost,1,1,psd__relative_power__delta__roi__R2__iqr__OE,0.0,0.0
xgboost,1,1,psd__relative_power__delta__roi__R2__median__CE,0.0,0.0
xgboost,1,1,psd__relative_power__delta__roi__R2__median__CE_minus_OE,0.06272909790277481,0.06272909790277481
xgboost,1,1,psd__relative_power__delta__roi__R2__median__OE,0.0,0.0
xgboost,1,1,psd__relative_power__delta__roi__R3__iqr__CE,0.0,0.0
xgboost,1,1,psd__relative_power__delta__roi__R3__iqr__CE_minus_OE,0.0,0.0
xgboost,1,1,psd__relative_power__delta__roi__R3__iqr__OE,0.0,0.0
xgboost,1,1,psd__relative_power__delta__roi__R3__median__CE,0.0,0.0
xgboost,1,1,psd__relative_power__delta__roi__R3__median__CE_minus_OE,0.0,0.0
xgboost,1,1,psd__relative_power__delta__roi__R3__median__OE,0.0,0.0
xgboost,1,1,psd__relative_power__delta__roi__R4__iqr__CE,0.0,0.0
xgboost,1,1,psd__relative_power__delta__roi__R4__iqr__CE_minus_OE,0.0,0.0
xgboost,1,1,psd__relative_power__delta__roi__R4__iqr__OE,0.0,0.0
xgboost,1,1,psd__relative_power__delta__roi__R4__median__CE,0.0,0.0
xgboost,1,1,psd__relative_power__delta__roi__R4__median__CE_minus_OE,0.0,0.0
xgboost,1,1,psd__relative_power__delta__roi__R4__median__OE,0.0,0.0
xgboost,1,1,psd__relative_power__delta__roi__R5__iqr__CE,0.0,0.0
xgboost,1,1,psd__relative_power__delta__roi__R5__iqr__CE_minus_OE,0.0,0.0
xgboost,1,1,psd__relative_power__delta__roi__R5__iqr__OE,0.0,0.0
xgboost,1,1,psd__relative_power__delta__roi__R5__median__CE,0.0,0.0
xgboost,1,1,psd__relative_power__delta__roi__R5__median__CE_minus_OE,0.0,0.0
xgboost,1,1,psd__relative_power__delta__roi__R5__median__OE,0.0,0.0
xgboost,1,1,psd__relative_power__delta__roi__R6__iqr__CE,0.0,0.0
xgboost,1,1,psd__relative_power__delta__roi__R6__iqr__CE_minus_OE,0.0,0.0
xgboost,1,1,psd__relative_power__delta__roi__R6__iqr__OE,0.0,0.0
xgboost,1,1,psd__relative_power__delta__roi__R6__median__CE,0.0,0.0
xgboost,1,1,psd__relative_power__delta__roi__R6__median__CE_minus_OE,0.0,0.0
xgboost,1,1,psd__relative_power__delta__roi__R6__median__OE,0.0,0.0
xgboost,1,1,psd__relative_power__gamma__roi__R1__iqr__CE,0.0,0.0
xgboost,1,1,psd__relative_power__gamma__roi__R1__iqr__CE_minus_OE,0.0,0.0
xgboost,1,1,psd__relative_power__gamma__roi__R1__iqr__OE,0.0,0.0
xgboost,1,1,psd__relative_power__gamma__roi__R1__median__CE,0.11616276949644089,0.11616276949644089
xgboost,1,1,psd__relative_power__gamma__roi__R1__median__CE_minus_OE,0.0,0.0
xgboost,1,1,psd__relative_power__gamma__roi__R1__median__OE,0.0,0.0
xgboost,1,1,psd__relative_power__gamma__roi__R2__iqr__CE,0.0,0.0
xgboost,1,1,psd__relative_power__gamma__roi__R2__iqr__CE_minus_OE,0.0,0.0
xgboost,1,1,psd__relative_power__gamma__roi__R2__iqr__OE,0.0,0.0
xgboost,1,1,psd__relative_power__gamma__roi__R2__median__CE,0.0,0.0
xgboost,1,1,psd__relative_power__gamma__roi__R2__median__CE_minus_OE,0.0,0.0
xgboost,1,1,psd__relative_power__gamma__roi__R2__median__OE,0.0,0.0
xgboost,1,1,psd__relative_power__gamma__roi__R3__iqr__CE,0.0,0.0
xgboost,1,1,psd__relative_power__gamma__roi__R3__iqr__CE_minus_OE,0.0,0.0
xgboost,1,1,psd__relative_power__gamma__roi__R3__iqr__OE,0.0,0.0
xgboost,1,1,psd__relative_power__gamma__roi__R3__median__CE,0.0,0.0
xgboost,1,1,psd__relative_power__gamma__roi__R3__median__CE_minus_OE,0.0,0.0
xgboost,1,1,psd__relative_power__gamma__roi__R3__median__OE,0.0,0.0
xgboost,1,1,psd__relative_power__gamma__roi__R4__iqr__CE,0.0,0.0
xgboost,1,1,psd__relative_power__gamma__roi__R4__iqr__CE_minus_OE,0.0,0.0
xgboost,1,1,psd__relative_power__gamma__roi__R4__iqr__OE,0.0,0.0
xgboost,1,1,psd__relative_power__gamma__roi__R4__median__CE,0.0,0.0
xgboost,1,1,psd__relative_power__gamma__roi__R4__median__CE_minus_OE,0.0,0.0
xgboost,1,1,psd__relative_power__gamma__roi__R4__median__OE,0.0,0.0
xgboost,1,1,psd__relative_power__gamma__roi__R5__iqr__CE,0.0,0.0
xgboost,1,1,psd__relative_power__gamma__roi__R5__iqr__CE_minus_OE,0.0,0.0
xgboost,1,1,psd__relative_power__gamma__roi__R5__iqr__OE,0.0,0.0
xgboost,1,1,psd__relative_power__gamma__roi__R5__median__CE,0.0,0.0
xgboost,1,1,psd__relative_power__gamma__roi__R5__median__CE_minus_OE,0.0,0.0
xgboost,1,1,psd__relative_power__gamma__roi__R5__median__OE,0.0,0.0
xgboost,1,1,psd__relative_power__gamma__roi__R6__iqr__CE,0.0,0.0
xgboost,1,1,psd__relative_power__gamma__roi__R6__iqr__CE_minus_OE,0.0,0.0
xgboost,1,1,psd__relative_power__gamma__roi__R6__iqr__OE,0.0,0.0
xgboost,1,1,psd__relative_power__gamma__roi__R6__median__CE,0.06076925992965698,0.06076925992965698
xgboost,1,1,psd__relative_power__gamma__roi__R6__median__CE_minus_OE,0.0,0.0
xgboost,1,1,psd__relative_power__gamma__roi__R6__median__OE,0.0,0.0
xgboost,1,1,psd__relative_power__theta__roi__R1__iqr__CE,0.0,0.0
xgboost,1,1,psd__relative_power__theta__roi__R1__iqr__CE_minus_OE,0.0,0.0
xgboost,1,1,psd__relative_power__theta__roi__R1__iqr__OE,0.0,0.0
xgboost,1,1,psd__relative_power__theta__roi__R1__median__CE,0.0,0.0
xgboost,1,1,psd__relative_power__theta__roi__R1__median__CE_minus_OE,0.0,0.0
xgboost,1,1,psd__relative_power__theta__roi__R1__median__OE,0.0,0.0
xgboost,1,1,psd__relative_power__theta__roi__R2__iqr__CE,0.0,0.0
xgboost,1,1,psd__relative_power__theta__roi__R2__iqr__CE_minus_OE,0.0,0.0
xgboost,1,1,psd__relative_power__theta__roi__R2__iqr__OE,0.0,0.0
xgboost,1,1,psd__relative_power__theta__roi__R2__median__CE,0.0,0.0
xgboost,1,1,psd__relative_power__theta__roi__R2__median__CE_minus_OE,0.0,0.0
xgboost,1,1,psd__relative_power__theta__roi__R2__median__OE,0.0,0.0
xgboost,1,1,psd__relative_power__theta__roi__R3__iqr__CE,0.08498451113700867,0.08498451113700867
xgboost,1,1,psd__relative_power__theta__roi__R3__iqr__CE_minus_OE,0.0,0.0
xgboost,1,1,psd__relative_power__theta__roi__R3__iqr__OE,0.0,0.0
xgboost,1,1,psd__relative_power__theta__roi__R3__median__CE,0.0,0.0
xgboost,1,1,psd__relative_power__theta__roi__R3__median__CE_minus_OE,0.0,0.0
xgboost,1,1,psd__relative_power__theta__roi__R3__median__OE,0.0,0.0
xgboost,1,1,psd__relative_power__theta__roi__R4__iqr__CE,0.0,0.0
xgboost,1,1,psd__relative_power__theta__roi__R4__iqr__CE_minus_OE,0.0,0.0
xgboost,1,1,psd__relative_power__theta__roi__R4__iqr__OE,0.0,0.0
xgboost,1,1,psd__relative_power__theta__roi__R4__median__CE,0.0,0.0
xgboost,1,1,psd__relative_power__theta__roi__R4__median__CE_minus_OE,0.0,0.0
xgboost,1,1,psd__relative_power__theta__roi__R4__median__OE,0.0,0.0
xgboost,1,1,psd__relative_power__theta__roi__R5__iqr__CE,0.0,0.0
xgboost,1,1,psd__relative_power__theta__roi__R5__iqr__CE_minus_OE,0.0,0.0
xgboost,1,1,psd__relative_power__theta__roi__R5__iqr__OE,0.0,0.0
xgboost,1,1,psd__relative_power__theta__roi__R5__median__CE,0.0,0.0
xgboost,1,1,psd__relative_power__theta__roi__R5__median__CE_minus_OE,0.0,0.0
xgboost,1,1,psd__relative_power__theta__roi__R5__median__OE,0.0,0.0
xgboost,1,1,psd__relative_power__theta__roi__R6__iqr__CE,0.0,0.0
xgboost,1,1,psd__relative_power__theta__roi__R6__iqr__CE_minus_OE,0.0,0.0
xgboost,1,1,psd__relative_power__theta__roi__R6__iqr__OE,0.0,0.0
xgboost,1,1,psd__relative_power__theta__roi__R6__median__CE,0.0,0.0
xgboost,1,1,psd__relative_power__theta__roi__R6__median__CE_minus_OE,0.0,0.0
xgboost,1,1,psd__relative_power__theta__roi__R6__median__OE,0.0,0.0
xgboost,1,1,psd__sfr__derived__roi__R1__iqr__CE,0.0,0.0
xgboost,1,1,psd__sfr__derived__roi__R1__iqr__CE_minus_OE,0.0,0.0
xgboost,1,1,psd__sfr__derived__roi__R1__iqr__OE,0.0,0.0
xgboost,1,1,psd__sfr__derived__roi__R1__median__CE,0.0,0.0
xgboost,1,1,psd__sfr__derived__roi__R1__median__CE_minus_OE,0.0,0.0
xgboost,1,1,psd__sfr__derived__roi__R1__median__OE,0.0,0.0
xgboost,1,1,psd__sfr__derived__roi__R2__iqr__CE,0.0,0.0
xgboost,1,1,psd__sfr__derived__roi__R2__iqr__CE_minus_OE,0.0,0.0
xgboost,1,1,psd__sfr__derived__roi__R2__iqr__OE,0.0,0.0
xgboost,1,1,psd__sfr__derived__roi__R2__median__CE,0.0,0.0
xgboost,1,1,psd__sfr__derived__roi__R2__median__CE_minus_OE,0.0,0.0
xgboost,1,1,psd__sfr__derived__roi__R2__median__OE,0.0,0.0
xgboost,1,1,psd__sfr__derived__roi__R3__iqr__CE,0.0,0.0
xgboost,1,1,psd__sfr__derived__roi__R3__iqr__CE_minus_OE,0.0,0.0
xgboost,1,1,psd__sfr__derived__roi__R3__iqr__OE,0.0,0.0
xgboost,1,1,psd__sfr__derived__roi__R3__median__CE,0.0,0.0
xgboost,1,1,psd__sfr__derived__roi__R3__median__CE_minus_OE,0.0,0.0
xgboost,1,1,psd__sfr__derived__roi__R3__median__OE,0.0,0.0
xgboost,1,1,psd__sfr__derived__roi__R4__iqr__CE,0.0,0.0
xgboost,1,1,psd__sfr__derived__roi__R4__iqr__CE_minus_OE,0.0,0.0
xgboost,1,1,psd__sfr__derived__roi__R4__iqr__OE,0.0,0.0
xgboost,1,1,psd__sfr__derived__roi__R4__median__CE,0.0,0.0
xgboost,1,1,psd__sfr__derived__roi__R4__median__CE_minus_OE,0.0,0.0
xgboost,1,1,psd__sfr__derived__roi__R4__median__OE,0.0,0.0
xgboost,1,1,psd__sfr__derived__roi__R5__iqr__CE,0.0,0.0
xgboost,1,1,psd__sfr__derived__roi__R5__iqr__CE_minus_OE,0.0,0.0
xgboost,1,1,psd__sfr__derived__roi__R5__iqr__OE,0.0,0.0
xgboost,1,1,psd__sfr__derived__roi__R5__median__CE,0.0,0.0
xgboost,1,1,psd__sfr__derived__roi__R5__median__CE_minus_OE,0.0,0.0
xgboost,1,1,psd__sfr__derived__roi__R5__median__OE,0.0,0.0
xgboost,1,1,psd__sfr__derived__roi__R6__iqr__CE,0.0,0.0
xgboost,1,1,psd__sfr__derived__roi__R6__iqr__CE_minus_OE,0.0,0.0
xgboost,1,1,psd__sfr__derived__roi__R6__iqr__OE,0.0,0.0
xgboost,1,1,psd__sfr__derived__roi__R6__median__CE,0.0,0.0
xgboost,1,1,psd__sfr__derived__roi__R6__median__CE_minus_OE,0.0,0.0
xgboost,1,1,psd__sfr__derived__roi__R6__median__OE,0.0,0.0
xgboost,1,1,psd__theta_alpha_ratio__derived__roi__R1__iqr__CE,0.0,0.0
xgboost,1,1,psd__theta_alpha_ratio__derived__roi__R1__iqr__CE_minus_OE,0.0,0.0
xgboost,1,1,psd__theta_alpha_ratio__derived__roi__R1__iqr__OE,0.0,0.0
xgboost,1,1,psd__theta_alpha_ratio__derived__roi__R1__median__CE,0.0,0.0
xgboost,1,1,psd__theta_alpha_ratio__derived__roi__R1__median__CE_minus_OE,0.0,0.0
xgboost,1,1,psd__theta_alpha_ratio__derived__roi__R1__median__OE,0.0,0.0
xgboost,1,1,psd__theta_alpha_ratio__derived__roi__R2__iqr__CE,0.0,0.0
xgboost,1,1,psd__theta_alpha_ratio__derived__roi__R2__iqr__CE_minus_OE,0.0,0.0
xgboost,1,1,psd__theta_alpha_ratio__derived__roi__R2__iqr__OE,0.0,0.0
xgboost,1,1,psd__theta_alpha_ratio__derived__roi__R2__median__CE,0.0,0.0
xgboost,1,1,psd__theta_alpha_ratio__derived__roi__R2__median__CE_minus_OE,0.0,0.0
xgboost,1,1,psd__theta_alpha_ratio__derived__roi__R2__median__OE,0.0,0.0
xgboost,1,1,psd__theta_alpha_ratio__derived__roi__R3__iqr__CE,0.0,0.0
xgboost,1,1,psd__theta_alpha_ratio__derived__roi__R3__iqr__CE_minus_OE,0.0,0.0
xgboost,1,1,psd__theta_alpha_ratio__derived__roi__R3__iqr__OE,0.0,0.0
xgboost,1,1,psd__theta_alpha_ratio__derived__roi__R3__median__CE,0.0,0.0
xgboost,1,1,psd__theta_alpha_ratio__derived__roi__R3__median__CE_minus_OE,0.0,0.0
xgboost,1,1,psd__theta_alpha_ratio__derived__roi__R3__median__OE,0.0,0.0
xgboost,1,1,psd__theta_alpha_ratio__derived__roi__R4__iqr__CE,0.0,0.0
xgboost,1,1,psd__theta_alpha_ratio__derived__roi__R4__iqr__CE_minus_OE,0.0,0.0
xgboost,1,1,psd__theta_alpha_ratio__derived__roi__R4__iqr__OE,0.0,0.0
xgboost,1,1,psd__theta_alpha_ratio__derived__roi__R4__median__CE,0.0,0.0
xgboost,1,1,psd__theta_alpha_ratio__derived__roi__R4__median__CE_minus_OE,0.0,0.0
xgboost,1,1,psd__theta_alpha_ratio__derived__roi__R4__median__OE,0.0,0.0
xgboost,1,1,psd__theta_alpha_ratio__derived__roi__R5__iqr__CE,0.0,0.0
xgboost,1,1,psd__theta_alpha_ratio__derived__roi__R5__iqr__CE_minus_OE,0.0,0.0
xgboost,1,1,psd__theta_alpha_ratio__derived__roi__R5__iqr__OE,0.0,0.0
xgboost,1,1,psd__theta_alpha_ratio__derived__roi__R5__median__CE,0.0,0.0
xgboost,1,1,psd__theta_alpha_ratio__derived__roi__R5__median__CE_minus_OE,0.0,0.0
xgboost,1,1,psd__theta_alpha_ratio__derived__roi__R5__median__OE,0.0,0.0
xgboost,1,1,psd__theta_alpha_ratio__derived__roi__R6__iqr__CE,0.0,0.0
xgboost,1,1,psd__theta_alpha_ratio__derived__roi__R6__iqr__CE_minus_OE,0.0,0.0
xgboost,1,1,psd__theta_alpha_ratio__derived__roi__R6__iqr__OE,0.0,0.0
xgboost,1,1,psd__theta_alpha_ratio__derived__roi__R6__median__CE,0.0,0.0
xgboost,1,1,psd__theta_alpha_ratio__derived__roi__R6__median__CE_minus_OE,0.0,0.0
xgboost,1,1,psd__theta_alpha_ratio__derived__roi__R6__median__OE,0.0,0.0
xgboost,1,2,complexity__spectral_entropy__broadband__roi__R5__median__CE_minus_OE,0.0,0.0
xgboost,1,2,psd__relative_power__beta__roi__R1__iqr__CE,0.05868092179298401,0.05868092179298401
xgboost,1,2,psd__relative_power__beta__roi__R1__median__CE,0.0,0.0
xgboost,1,2,psd__relative_power__beta__roi__R2__median__CE,0.09057877957820892,0.09057877957820892
xgboost,1,2,psd__relative_power__beta__roi__R3__iqr__CE,0.11050163209438324,0.11050163209438324
xgboost,1,2,psd__relative_power__beta__roi__R3__median__CE,0.0,0.0
xgboost,1,2,psd__relative_power__beta__roi__R4__iqr__CE,0.0,0.0
xgboost,1,2,psd__relative_power__beta__roi__R4__median__CE,0.0,0.0
xgboost,1,2,psd__relative_power__beta__roi__R5__iqr__CE,0.2070179432630539,0.2070179432630539
xgboost,1,2,psd__relative_power__beta__roi__R5__median__CE,0.0,0.0
xgboost,1,2,psd__relative_power__beta__roi__R6__iqr__CE,0.17182759940624237,0.17182759940624237
xgboost,1,2,psd__relative_power__beta__roi__R6__median__CE,0.3001437783241272,0.3001437783241272
xgboost,1,2,psd__relative_power__gamma__roi__R2__iqr__CE,0.0,0.0
xgboost,1,2,psd__relative_power__gamma__roi__R5__median__CE_minus_OE,0.0,0.0
xgboost,1,2,psd__relative_power__theta__roi__R3__iqr__OE,0.0,0.0
xgboost,1,2,psd__relative_power__theta__roi__R5__iqr__CE_minus_OE,0.0,0.0
xgboost,1,2,psd__relative_power__theta__roi__R5__iqr__OE,0.0,0.0
xgboost,1,2,psd__relative_power__theta__roi__R5__median__CE_minus_OE,0.061249345541000366,0.061249345541000366
xgboost,1,2,psd__relative_power__theta__roi__R6__iqr__CE_minus_OE,0.0,0.0
xgboost,1,2,psd__relative_power__theta__roi__R6__median__CE_minus_OE,0.0,0.0
xgboost,1,3,psd__absolute_power__alpha__roi__R3__iqr__OE,0.0,0.0
xgboost,1,3,psd__relative_power__alpha__roi__R4__iqr__OE,0.0,0.0
xgboost,1,3,psd__relative_power__gamma__roi__R1__iqr__CE,0.0,0.0
xgboost,1,3,psd__relative_power__gamma__roi__R1__median__CE,0.0,0.0
xgboost,1,3,psd__relative_power__gamma__roi__R2__iqr__CE,0.0,0.0
xgboost,1,3,psd__relative_power__gamma__roi__R2__median__CE,1.0,1.0
xgboost,1,3,psd__relative_power__gamma__roi__R4__iqr__CE,0.0,0.0
xgboost,1,3,psd__relative_power__gamma__roi__R4__median__CE,0.0,0.0
xgboost,1,3,psd__relative_power__gamma__roi__R6__iqr__CE,0.0,0.0
xgboost,1,3,psd__relative_power__theta__roi__R2__median__CE,0.0,0.0
xgboost,1,4,complexity__spectral_entropy__broadband__roi__R1__median__CE_minus_OE,0.22393430769443512,0.22393430769443512
xgboost,1,4,complexity__spectral_entropy__broadband__roi__R2__median__CE_minus_OE,0.0,0.0
xgboost,1,4,complexity__spectral_entropy__broadband__roi__R3__median__CE_minus_OE,0.0,0.0
xgboost,1,4,complexity__spectral_entropy__broadband__roi__R4__median__CE_minus_OE,0.0,0.0
xgboost,1,4,complexity__spectral_entropy__broadband__roi__R5__median__CE_minus_OE,0.0,0.0
xgboost,1,4,complexity__spectral_entropy__broadband__roi__R6__median__CE_minus_OE,0.0,0.0
xgboost,1,4,psd__relative_power__beta__roi__R1__iqr__CE,0.08605479449033737,0.08605479449033737
xgboost,1,4,psd__relative_power__beta__roi__R1__median__CE_minus_OE,0.0,0.0
xgboost,1,4,psd__relative_power__beta__roi__R2__iqr__CE,0.011588675901293755,0.011588675901293755
xgboost,1,4,psd__relative_power__beta__roi__R2__median__CE_minus_OE,0.20116493105888367,0.20116493105888367
xgboost,1,4,psd__relative_power__beta__roi__R3__median__CE_minus_OE,0.0,0.0
xgboost,1,4,psd__relative_power__beta__roi__R4__iqr__CE,0.038540251553058624,0.038540251553058624
xgboost,1,4,psd__relative_power__beta__roi__R4__median__CE_minus_OE,0.13604716956615448,0.13604716956615448
xgboost,1,4,psd__relative_power__beta__roi__R5__median__CE_minus_OE,0.0,0.0
xgboost,1,4,psd__relative_power__beta__roi__R6__iqr__CE,0.25402480363845825,0.25402480363845825
xgboost,1,4,psd__relative_power__beta__roi__R6__median__CE_minus_OE,0.0,0.0
xgboost,1,4,psd__relative_power__gamma__roi__R1__median__CE_minus_OE,0.0,0.0
xgboost,1,4,psd__relative_power__gamma__roi__R2__iqr__CE,0.0,0.0
xgboost,1,4,psd__relative_power__theta__roi__R1__median__CE_minus_OE,0.04864506050944328,0.04864506050944328
xgboost,1,4,psd__relative_power__theta__roi__R2__median__CE_minus_OE,0.0,0.0
xgboost,2,1,complexity__spectral_entropy__broadband__roi__R1__median__CE_minus_OE,0.13107432425022125,0.13107432425022125
xgboost,2,1,complexity__spectral_entropy__broadband__roi__R2__median__CE_minus_OE,0.08016441017389297,0.08016441017389297
xgboost,2,1,complexity__spectral_entropy__broadband__roi__R3__median__CE_minus_OE,0.0,0.0
xgboost,2,1,complexity__spectral_entropy__broadband__roi__R5__median__CE_minus_OE,0.0,0.0
xgboost,2,1,complexity__spectral_entropy__broadband__roi__R6__median__CE,0.08035434037446976,0.08035434037446976
xgboost,2,1,complexity__spectral_entropy__broadband__roi__R6__median__CE_minus_OE,0.0,0.0
xgboost,2,1,psd__absolute_power__alpha__roi__R1__median__OE,0.0,0.0
xgboost,2,1,psd__absolute_power__alpha__roi__R3__median__CE_minus_OE,0.0,0.0
xgboost,2,1,psd__absolute_power__beta__roi__R1__median__CE,0.23759499192237854,0.23759499192237854
xgboost,2,1,psd__absolute_power__gamma__roi__R1__median__CE,0.0005647962680086493,0.0005647962680086493
xgboost,2,1,psd__relative_power__beta__roi__R2__median__CE_minus_OE,0.0,0.0
xgboost,2,1,psd__relative_power__beta__roi__R4__iqr__CE,0.021615151315927505,0.021615151315927505
xgboost,2,1,psd__relative_power__beta__roi__R6__iqr__CE,0.1917439103126526,0.1917439103126526
xgboost,2,1,psd__relative_power__gamma__roi__R1__median__CE,0.04581979289650917,0.04581979289650917
xgboost,2,1,psd__relative_power__gamma__roi__R1__median__CE_minus_OE,0.0,0.0
xgboost,2,1,psd__relative_power__gamma__roi__R2__iqr__CE,0.0,0.0
xgboost,2,1,psd__relative_power__gamma__roi__R2__median__CE,0.06396137177944183,0.06396137177944183
xgboost,2,1,psd__relative_power__gamma__roi__R2__median__CE_minus_OE,0.0,0.0
xgboost,2,1,psd__relative_power__gamma__roi__R6__iqr__CE,0.0,0.0
xgboost,2,1,psd__relative_power__gamma__roi__R6__median__CE,0.14710694551467896,0.14710694551467896
xgboost,2,2,psd__relative_power__beta__roi__R1__median__CE,0.0,0.0
xgboost,2,2,psd__relative_power__beta__roi__R2__median__CE,0.17835253477096558,0.17835253477096558
xgboost,2,2,psd__relative_power__beta__roi__R3__iqr__CE,0.25946545600891113,0.25946545600891113
xgboost,2,2,psd__relative_power__beta__roi__R3__median__CE,0.0,0.0
xgboost,2,2,psd__relative_power__beta__roi__R4__median__CE,0.0,0.0
xgboost,2,2,psd__relative_power__beta__roi__R6__iqr__CE,0.1584106832742691,0.1584106832742691
xgboost,2,2,psd__relative_power__beta__roi__R6__median__CE,0.1665809005498886,0.1665809005498886
xgboost,2,2,psd__relative_power__gamma__roi__R1__median__CE,0.16047459840774536,0.16047459840774536
xgboost,2,2,psd__relative_power__gamma__roi__R2__iqr__CE,0.07671578228473663,0.07671578228473663
xgboost,2,2,psd__relative_power__gamma__roi__R2__median__CE,0.0,0.0
xgboost,2,3,psd__relative_power__alpha__roi__R3__iqr__CE_minus_OE,0.0,0.0
xgboost,2,3,psd__relative_power__alpha__roi__R3__iqr__OE,0.0,0.0
xgboost,2,3,psd__relative_power__alpha__roi__R4__iqr__CE_minus_OE,0.15988944470882416,0.15988944470882416
xgboost,2,3,psd__relative_power__beta__roi__R1__iqr__CE,0.15569087862968445,0.15569087862968445
xgboost,2,3,psd__relative_power__beta__roi__R1__median__CE_minus_OE,0.099431112408638,0.099431112408638
xgboost,2,3,psd__relative_power__beta__roi__R2__iqr__CE,0.0,0.0
xgboost,2,3,psd__relative_power__beta__roi__R2__median__CE_minus_OE,0.1394449919462204,0.1394449919462204
xgboost,2,3,psd__relative_power__gamma__roi__R2__iqr__CE,0.08547590672969818,0.08547590672969818
xgboost,2,3,psd__relative_power__gamma__roi__R6__iqr__CE,0.0,0.0
xgboost,2,3,psd__relative_power__theta__roi__R1__median__CE_minus_OE,0.3600676655769348,0.3600676655769348
xgboost,2,4,complexity__spectral_entropy__broadband__roi__R5__median__CE_minus_OE,1.0,1.0
xgboost,2,4,psd__absolute_power__alpha__roi__R3__median__CE_minus_OE,0.0,0.0
xgboost,2,4,psd__absolute_power__theta__roi__R5__iqr__CE,0.0,0.0
xgboost,2,4,psd__relative_power__beta__roi__R3__iqr__CE,0.0,0.0
xgboost,2,4,psd__relative_power__beta__roi__R6__iqr__CE,0.0,0.0
xgboost,2,4,psd__relative_power__gamma__roi__R1__median__CE,0.0,0.0
xgboost,2,4,psd__relative_power__gamma__roi__R2__iqr__CE,0.0,0.0
xgboost,2,4,psd__relative_power__gamma__roi__R2__median__CE,0.0,0.0
xgboost,2,4,psd__relative_power__gamma__roi__R4__iqr__CE,0.0,0.0
xgboost,2,4,psd__relative_power__theta__roi__R2__median__CE,0.0,0.0
xgboost,3,1,complexity__spectral_entropy__broadband__roi__R5__median__CE_minus_OE,0.048312604427337646,0.048312604427337646
xgboost,3,1,psd__absolute_power__alpha__roi__R3__iqr__CE_minus_OE,0.1216234341263771,0.1216234341263771
xgboost,3,1,psd__absolute_power__alpha__roi__R3__iqr__OE,0.036378711462020874,0.036378711462020874
xgboost,3,1,psd__absolute_power__gamma__roi__R4__iqr__CE_minus_OE,0.07028952240943909,0.07028952240943909
xgboost,3,1,psd__relative_power__beta__roi__R1__iqr__CE,0.0,0.0
xgboost,3,1,psd__relative_power__beta__roi__R1__median__CE,0.0,0.0
xgboost,3,1,psd__relative_power__beta__roi__R2__median__CE,0.16154766082763672,0.16154766082763672
xgboost,3,1,psd__relative_power__beta__roi__R3__iqr__CE,0.09544995427131653,0.09544995427131653
xgboost,3,1,psd__relative_power__beta__roi__R3__median__CE,0.0,0.0
xgboost,3,1,psd__relative_power__beta__roi__R4__median__CE,0.0,0.0
xgboost,3,1,psd__relative_power__beta__roi__R5__median__CE,0.0,0.0
xgboost,3,1,psd__relative_power__beta__roi__R6__iqr__CE,0.2655912935733795,0.2655912935733795
xgboost,3,1,psd__relative_power__beta__roi__R6__median__CE,0.07817533612251282,0.07817533612251282
xgboost,3,1,psd__relative_power__gamma__roi__R1__iqr__CE,0.0,0.0
xgboost,3,1,psd__relative_power__gamma__roi__R1__median__CE,0.0,0.0
xgboost,3,1,psd__relative_power__gamma__roi__R2__iqr__CE,0.12263137102127075,0.12263137102127075
xgboost,3,1,psd__relative_power__gamma__roi__R2__median__CE,0.0,0.0
xgboost,3,1,psd__relative_power__gamma__roi__R5__iqr__CE,0.0,0.0
xgboost,3,1,psd__relative_power__gamma__roi__R6__iqr__CE,0.0,0.0
xgboost,3,1,psd__relative_power__theta__roi__R2__median__CE,0.0,0.0
xgboost,3,2,complexity__spectral_entropy__broadband__roi__R1__median__CE_minus_OE,0.15908800065517426,0.15908800065517426
xgboost,3,2,complexity__spectral_entropy__broadband__roi__R2__median__CE_minus_OE,0.0,0.0
xgboost,3,2,complexity__spectral_entropy__broadband__roi__R5__median__OE,0.2398928552865982,0.2398928552865982
xgboost,3,2,psd__relative_power__beta__roi__R1__iqr__CE,0.0,0.0
xgboost,3,2,psd__relative_power__beta__roi__R1__median__CE_minus_OE,0.08363955467939377,0.08363955467939377
xgboost,3,2,psd__relative_power__beta__roi__R2__iqr__CE,0.21058866381645203,0.21058866381645203
xgboost,3,2,psd__relative_power__beta__roi__R2__median__CE_minus_OE,0.1507505178451538,0.1507505178451538
xgboost,3,2,psd__relative_power__beta__roi__R4__median__CE_minus_OE,0.0,0.0
xgboost,3,2,psd__relative_power__gamma__roi__R1__median__CE_minus_OE,0.0,0.0
xgboost,3,2,psd__relative_power__gamma__roi__R2__iqr__CE,0.15604038536548615,0.15604038536548615
xgboost,3,3,complexity__spectral_entropy__broadband__roi__R1__median__CE,0.0,0.0
xgboost,3,3,complexity__spectral_entropy__broadband__roi__R3__median__CE,0.0,0.0
xgboost,3,3,complexity__spectral_entropy__broadband__roi__R4__median__CE,0.0,0.0
xgboost,3,3,complexity__spectral_entropy__broadband__roi__R6__median__CE,0.19385074079036713,0.19385074079036713
xgboost,3,3,psd__absolute_power__theta__roi__R5__iqr__CE,0.2888337969779968,0.2888337969779968
xgboost,3,3,psd__absolute_power__theta__roi__R6__iqr__CE,0.0,0.0
xgboost,3,3,psd__relative_power__gamma__roi__R1__median__CE,0.0,0.0
xgboost,3,3,psd__relative_power__gamma__roi__R2__median__CE,0.30601435899734497,0.30601435899734497
xgboost,3,3,psd__relative_power__gamma__roi__R4__median__CE,0.0,0.0
xgboost,3,3,psd__relative_power__gamma__roi__R6__median__CE,0.2113010734319687,0.2113010734319687
xgboost,3,4,complexity__spectral_entropy__broadband__roi__R5__median__CE_minus_OE,0.0,0.0
xgboost,3,4,complexity__spectral_entropy__broadband__roi__R6__median__CE_minus_OE,0.0,0.0
xgboost,3,4,psd__absolute_power__alpha__roi__R3__median__CE_minus_OE,0.2684740424156189,0.2684740424156189
xgboost,3,4,psd__relative_power__alpha__roi__R3__median__CE,0.0,0.0
xgboost,3,4,psd__relative_power__alpha__roi__R4__median__CE,0.0,0.0
xgboost,3,4,psd__relative_power__alpha__roi__R4__median__CE_minus_OE,0.06825411319732666,0.06825411319732666
xgboost,3,4,psd__relative_power__alpha__roi__R5__median__CE_minus_OE,0.0,0.0
xgboost,3,4,psd__relative_power__alpha__roi__R6__median__CE_minus_OE,0.0,0.0
xgboost,3,4,psd__relative_power__beta__roi__R2__median__CE_minus_OE,0.05379807576537132,0.05379807576537132
xgboost,3,4,psd__relative_power__beta__roi__R3__iqr__CE,0.0,0.0
xgboost,3,4,psd__relative_power__beta__roi__R4__iqr__CE,0.02192586660385132,0.02192586660385132
xgboost,3,4,psd__relative_power__beta__roi__R5__iqr__CE,0.2534016966819763,0.2534016966819763
xgboost,3,4,psd__relative_power__beta__roi__R6__iqr__CE,0.0,0.0
xgboost,3,4,psd__relative_power__gamma__roi__R1__median__CE,0.0,0.0
xgboost,3,4,psd__relative_power__gamma__roi__R1__median__CE_minus_OE,0.0,0.0
xgboost,3,4,psd__relative_power__gamma__roi__R2__iqr__CE,0.02022894285619259,0.02022894285619259
xgboost,3,4,psd__relative_power__gamma__roi__R2__median__CE,0.04950571805238724,0.04950571805238724
xgboost,3,4,psd__relative_power__gamma__roi__R2__median__CE_minus_OE,0.0,0.0
xgboost,3,4,psd__relative_power__gamma__roi__R6__iqr__CE,0.09477927535772324,0.09477927535772324
xgboost,3,4,psd__relative_power__theta__roi__R6__iqr__CE_minus_OE,0.16963230073451996,0.16963230073451996
xgboost,4,1,complexity__spectral_entropy__broadband__roi__R1__median__CE_minus_OE,0.3048773407936096,0.3048773407936096
xgboost,4,1,complexity__spectral_entropy__broadband__roi__R5__median__CE_minus_OE,0.025412151589989662,0.025412151589989662
xgboost,4,1,complexity__spectral_entropy__broadband__roi__R6__median__CE,0.10344317555427551,0.10344317555427551
xgboost,4,1,complexity__spectral_entropy__broadband__roi__R6__median__CE_minus_OE,0.0,0.0
xgboost,4,1,psd__relative_power__beta__roi__R2__iqr__CE,0.19211597740650177,0.19211597740650177
xgboost,4,1,psd__relative_power__beta__roi__R2__median__CE_minus_OE,0.24840453267097473,0.24840453267097473
xgboost,4,1,psd__relative_power__beta__roi__R4__median__CE_minus_OE,0.0,0.0
xgboost,4,1,psd__relative_power__gamma__roi__R1__median__CE,0.04214366525411606,0.04214366525411606
xgboost,4,1,psd__relative_power__gamma__roi__R1__median__CE_minus_OE,0.05750349536538124,0.05750349536538124
xgboost,4,1,psd__relative_power__gamma__roi__R2__median__CE,0.026099683716893196,0.026099683716893196
xgboost,4,2,complexity__spectral_entropy__broadband__roi__R1__iqr__CE,0.0,0.0
xgboost,4,2,complexity__spectral_entropy__broadband__roi__R1__iqr__CE_minus_OE,0.0,0.0
xgboost,4,2,complexity__spectral_entropy__broadband__roi__R1__iqr__OE,0.0,0.0
xgboost,4,2,complexity__spectral_entropy__broadband__roi__R1__median__CE,0.0,0.0
xgboost,4,2,complexity__spectral_entropy__broadband__roi__R1__median__CE_minus_OE,0.0,0.0
xgboost,4,2,complexity__spectral_entropy__broadband__roi__R1__median__OE,0.0,0.0
xgboost,4,2,complexity__spectral_entropy__broadband__roi__R2__iqr__CE,0.0,0.0
xgboost,4,2,complexity__spectral_entropy__broadband__roi__R2__iqr__CE_minus_OE,0.0,0.0
xgboost,4,2,complexity__spectral_entropy__broadband__roi__R2__iqr__OE,0.0,0.0
xgboost,4,2,complexity__spectral_entropy__broadband__roi__R2__median__CE,0.0,0.0
xgboost,4,2,complexity__spectral_entropy__broadband__roi__R2__median__CE_minus_OE,0.0,0.0
xgboost,4,2,complexity__spectral_entropy__broadband__roi__R2__median__OE,0.0,0.0
xgboost,4,2,complexity__spectral_entropy__broadband__roi__R3__iqr__CE,0.08832427114248276,0.08832427114248276
xgboost,4,2,complexity__spectral_entropy__broadband__roi__R3__iqr__CE_minus_OE,0.0,0.0
xgboost,4,2,complexity__spectral_entropy__broadband__roi__R3__iqr__OE,0.0,0.0
xgboost,4,2,complexity__spectral_entropy__broadband__roi__R3__median__CE,0.0,0.0
xgboost,4,2,complexity__spectral_entropy__broadband__roi__R3__median__CE_minus_OE,0.0,0.0
xgboost,4,2,complexity__spectral_entropy__broadband__roi__R3__median__OE,0.0,0.0
xgboost,4,2,complexity__spectral_entropy__broadband__roi__R4__iqr__CE,0.0,0.0
xgboost,4,2,complexity__spectral_entropy__broadband__roi__R4__iqr__CE_minus_OE,0.0,0.0
xgboost,4,2,complexity__spectral_entropy__broadband__roi__R4__iqr__OE,0.0,0.0
xgboost,4,2,complexity__spectral_entropy__broadband__roi__R4__median__CE,0.0,0.0
xgboost,4,2,complexity__spectral_entropy__broadband__roi__R4__median__CE_minus_OE,0.0,0.0
xgboost,4,2,complexity__spectral_entropy__broadband__roi__R4__median__OE,0.0,0.0
xgboost,4,2,complexity__spectral_entropy__broadband__roi__R5__iqr__CE,0.0,0.0
xgboost,4,2,complexity__spectral_entropy__broadband__roi__R5__iqr__CE_minus_OE,0.029299581423401833,0.029299581423401833
xgboost,4,2,complexity__spectral_entropy__broadband__roi__R5__iqr__OE,0.0,0.0
xgboost,4,2,complexity__spectral_entropy__broadband__roi__R5__median__CE,0.0032312883995473385,0.0032312883995473385
xgboost,4,2,complexity__spectral_entropy__broadband__roi__R5__median__CE_minus_OE,0.0,0.0
xgboost,4,2,complexity__spectral_entropy__broadband__roi__R5__median__OE,0.0,0.0
xgboost,4,2,complexity__spectral_entropy__broadband__roi__R6__iqr__CE,0.0,0.0
xgboost,4,2,complexity__spectral_entropy__broadband__roi__R6__iqr__CE_minus_OE,0.0,0.0
xgboost,4,2,complexity__spectral_entropy__broadband__roi__R6__iqr__OE,0.0,0.0
xgboost,4,2,complexity__spectral_entropy__broadband__roi__R6__median__CE,0.0,0.0
xgboost,4,2,complexity__spectral_entropy__broadband__roi__R6__median__CE_minus_OE,0.0,0.0
xgboost,4,2,complexity__spectral_entropy__broadband__roi__R6__median__OE,0.0,0.0
xgboost,4,2,psd__absolute_power__alpha__roi__R1__iqr__CE,0.0,0.0
xgboost,4,2,psd__absolute_power__alpha__roi__R1__iqr__CE_minus_OE,0.0,0.0
xgboost,4,2,psd__absolute_power__alpha__roi__R1__iqr__OE,0.0,0.0
xgboost,4,2,psd__absolute_power__alpha__roi__R1__median__CE,0.0,0.0
xgboost,4,2,psd__absolute_power__alpha__roi__R1__median__CE_minus_OE,0.0,0.0
xgboost,4,2,psd__absolute_power__alpha__roi__R1__median__OE,0.0,0.0
xgboost,4,2,psd__absolute_power__alpha__roi__R2__iqr__CE,0.0,0.0
xgboost,4,2,psd__absolute_power__alpha__roi__R2__iqr__CE_minus_OE,0.0,0.0
xgboost,4,2,psd__absolute_power__alpha__roi__R2__iqr__OE,0.0,0.0
xgboost,4,2,psd__absolute_power__alpha__roi__R2__median__CE,0.0,0.0
xgboost,4,2,psd__absolute_power__alpha__roi__R2__median__CE_minus_OE,0.0,0.0
xgboost,4,2,psd__absolute_power__alpha__roi__R2__median__OE,0.0,0.0
xgboost,4,2,psd__absolute_power__alpha__roi__R3__iqr__CE,0.0,0.0
xgboost,4,2,psd__absolute_power__alpha__roi__R3__iqr__CE_minus_OE,0.0,0.0
xgboost,4,2,psd__absolute_power__alpha__roi__R3__iqr__OE,0.0,0.0
xgboost,4,2,psd__absolute_power__alpha__roi__R3__median__CE,0.0,0.0
xgboost,4,2,psd__absolute_power__alpha__roi__R3__median__CE_minus_OE,0.0,0.0
xgboost,4,2,psd__absolute_power__alpha__roi__R3__median__OE,0.0,0.0
xgboost,4,2,psd__absolute_power__alpha__roi__R4__iqr__CE,0.0,0.0
xgboost,4,2,psd__absolute_power__alpha__roi__R4__iqr__CE_minus_OE,0.10921972990036011,0.10921972990036011
xgboost,4,2,psd__absolute_power__alpha__roi__R4__iqr__OE,0.0,0.0
xgboost,4,2,psd__absolute_power__alpha__roi__R4__median__CE,0.0,0.0
xgboost,4,2,psd__absolute_power__alpha__roi__R4__median__CE_minus_OE,0.0,0.0
xgboost,4,2,psd__absolute_power__alpha__roi__R4__median__OE,0.0,0.0
xgboost,4,2,psd__absolute_power__alpha__roi__R5__iqr__CE,0.0,0.0
xgboost,4,2,psd__absolute_power__alpha__roi__R5__iqr__CE_minus_OE,0.10346546769142151,0.10346546769142151
xgboost,4,2,psd__absolute_power__alpha__roi__R5__iqr__OE,0.0,0.0
xgboost,4,2,psd__absolute_power__alpha__roi__R5__median__CE,0.0,0.0
xgboost,4,2,psd__absolute_power__alpha__roi__R5__median__CE_minus_OE,0.0,0.0
xgboost,4,2,psd__absolute_power__alpha__roi__R5__median__OE,0.0,0.0
xgboost,4,2,psd__absolute_power__alpha__roi__R6__iqr__CE,0.0,0.0
xgboost,4,2,psd__absolute_power__alpha__roi__R6__iqr__CE_minus_OE,0.0,0.0
xgboost,4,2,psd__absolute_power__alpha__roi__R6__iqr__OE,0.0,0.0
xgboost,4,2,psd__absolute_power__alpha__roi__R6__median__CE,0.0,0.0
xgboost,4,2,psd__absolute_power__alpha__roi__R6__median__CE_minus_OE,0.0,0.0
xgboost,4,2,psd__absolute_power__alpha__roi__R6__median__OE,0.0,0.0
xgboost,4,2,psd__absolute_power__beta__roi__R1__iqr__CE,0.0,0.0
xgboost,4,2,psd__absolute_power__beta__roi__R1__iqr__CE_minus_OE,0.0,0.0
xgboost,4,2,psd__absolute_power__beta__roi__R1__iqr__OE,0.0,0.0
xgboost,4,2,psd__absolute_power__beta__roi__R1__median__CE,0.0,0.0
xgboost,4,2,psd__absolute_power__beta__roi__R1__median__CE_minus_OE,0.0,0.0
xgboost,4,2,psd__absolute_power__beta__roi__R1__median__OE,0.0,0.0
xgboost,4,2,psd__absolute_power__beta__roi__R2__iqr__CE,0.0,0.0
xgboost,4,2,psd__absolute_power__beta__roi__R2__iqr__CE_minus_OE,0.0,0.0
xgboost,4,2,psd__absolute_power__beta__roi__R2__iqr__OE,0.0,0.0
xgboost,4,2,psd__absolute_power__beta__roi__R2__median__CE,0.0,0.0
xgboost,4,2,psd__absolute_power__beta__roi__R2__median__CE_minus_OE,0.0,0.0
xgboost,4,2,psd__absolute_power__beta__roi__R2__median__OE,0.0,0.0
xgboost,4,2,psd__absolute_power__beta__roi__R3__iqr__CE,0.0,0.0
xgboost,4,2,psd__absolute_power__beta__roi__R3__iqr__CE_minus_OE,0.025699816644191742,0.025699816644191742
xgboost,4,2,psd__absolute_power__beta__roi__R3__iqr__OE,0.0,0.0
xgboost,4,2,psd__absolute_power__beta__roi__R3__median__CE,0.0,0.0
xgboost,4,2,psd__absolute_power__beta__roi__R3__median__CE_minus_OE,0.0,0.0
xgboost,4,2,psd__absolute_power__beta__roi__R3__median__OE,0.0,0.0
xgboost,4,2,psd__absolute_power__beta__roi__R4__iqr__CE,0.043632883578538895,0.043632883578538895
xgboost,4,2,psd__absolute_power__beta__roi__R4__iqr__CE_minus_OE,0.0,0.0
xgboost,4,2,psd__absolute_power__beta__roi__R4__iqr__OE,0.0,0.0
xgboost,4,2,psd__absolute_power__beta__roi__R4__median__CE,0.0,0.0
xgboost,4,2,psd__absolute_power__beta__roi__R4__median__CE_minus_OE,0.0,0.0
xgboost,4,2,psd__absolute_power__beta__roi__R4__median__OE,0.0,0.0
xgboost,4,2,psd__absolute_power__beta__roi__R5__iqr__CE,0.0,0.0
xgboost,4,2,psd__absolute_power__beta__roi__R5__iqr__CE_minus_OE,0.0,0.0
xgboost,4,2,psd__absolute_power__beta__roi__R5__iqr__OE,0.0,0.0
xgboost,4,2,psd__absolute_power__beta__roi__R5__median__CE,0.0,0.0
xgboost,4,2,psd__absolute_power__beta__roi__R5__median__CE_minus_OE,0.0,0.0
xgboost,4,2,psd__absolute_power__beta__roi__R5__median__OE,0.0,0.0
xgboost,4,2,psd__absolute_power__beta__roi__R6__iqr__CE,0.0,0.0
xgboost,4,2,psd__absolute_power__beta__roi__R6__iqr__CE_minus_OE,0.0,0.0
xgboost,4,2,psd__absolute_power__beta__roi__R6__iqr__OE,0.0,0.0
xgboost,4,2,psd__absolute_power__beta__roi__R6__median__CE,0.0,0.0
xgboost,4,2,psd__absolute_power__beta__roi__R6__median__CE_minus_OE,0.0034919600002467632,0.0034919600002467632
xgboost,4,2,psd__absolute_power__beta__roi__R6__median__OE,0.0,0.0
xgboost,4,2,psd__absolute_power__delta__roi__R1__iqr__CE,0.0,0.0
xgboost,4,2,psd__absolute_power__delta__roi__R1__iqr__CE_minus_OE,0.0,0.0
xgboost,4,2,psd__absolute_power__delta__roi__R1__iqr__OE,0.0,0.0
xgboost,4,2,psd__absolute_power__delta__roi__R1__median__CE,0.0,0.0
xgboost,4,2,psd__absolute_power__delta__roi__R1__median__CE_minus_OE,0.0,0.0
xgboost,4,2,psd__absolute_power__delta__roi__R1__median__OE,0.0,0.0
xgboost,4,2,psd__absolute_power__delta__roi__R2__iqr__CE,0.0,0.0
xgboost,4,2,psd__absolute_power__delta__roi__R2__iqr__CE_minus_OE,0.0,0.0
xgboost,4,2,psd__absolute_power__delta__roi__R2__iqr__OE,0.0,0.0
xgboost,4,2,psd__absolute_power__delta__roi__R2__median__CE,0.0,0.0
xgboost,4,2,psd__absolute_power__delta__roi__R2__median__CE_minus_OE,0.0,0.0
xgboost,4,2,psd__absolute_power__delta__roi__R2__median__OE,0.0,0.0
xgboost,4,2,psd__absolute_power__delta__roi__R3__iqr__CE,0.0,0.0
xgboost,4,2,psd__absolute_power__delta__roi__R3__iqr__CE_minus_OE,0.0,0.0
xgboost,4,2,psd__absolute_power__delta__roi__R3__iqr__OE,0.0,0.0
xgboost,4,2,psd__absolute_power__delta__roi__R3__median__CE,0.0,0.0
xgboost,4,2,psd__absolute_power__delta__roi__R3__median__CE_minus_OE,0.0,0.0
xgboost,4,2,psd__absolute_power__delta__roi__R3__median__OE,0.0,0.0
xgboost,4,2,psd__absolute_power__delta__roi__R4__iqr__CE,0.0,0.0
xgboost,4,2,psd__absolute_power__delta__roi__R4__iqr__CE_minus_OE,0.0,0.0
xgboost,4,2,psd__absolute_power__delta__roi__R4__iqr__OE,0.0,0.0
xgboost,4,2,psd__absolute_power__delta__roi__R4__median__CE,0.0,0.0
xgboost,4,2,psd__absolute_power__delta__roi__R4__median__CE_minus_OE,0.0,0.0
xgboost,4,2,psd__absolute_power__delta__roi__R4__median__OE,0.0,0.0
xgboost,4,2,psd__absolute_power__delta__roi__R5__iqr__CE,0.0,0.0
xgboost,4,2,psd__absolute_power__delta__roi__R5__iqr__CE_minus_OE,0.0,0.0
xgboost,4,2,psd__absolute_power__delta__roi__R5__iqr__OE,0.0,0.0
xgboost,4,2,psd__absolute_power__delta__roi__R5__median__CE,0.0,0.0
xgboost,4,2,psd__absolute_power__delta__roi__R5__median__CE_minus_OE,0.0,0.0
xgboost,4,2,psd__absolute_power__delta__roi__R5__median__OE,0.0,0.0
xgboost,4,2,psd__absolute_power__delta__roi__R6__iqr__CE,0.0,0.0
xgboost,4,2,psd__absolute_power__delta__roi__R6__iqr__CE_minus_OE,0.0,0.0
xgboost,4,2,psd__absolute_power__delta__roi__R6__iqr__OE,0.0,0.0
xgboost,4,2,psd__absolute_power__delta__roi__R6__median__CE,0.0,0.0
xgboost,4,2,psd__absolute_power__delta__roi__R6__median__CE_minus_OE,0.0,0.0
xgboost,4,2,psd__absolute_power__delta__roi__R6__median__OE,0.0,0.0
xgboost,4,2,psd__absolute_power__gamma__roi__R1__iqr__CE,0.0,0.0
xgboost,4,2,psd__absolute_power__gamma__roi__R1__iqr__CE_minus_OE,0.0,0.0
xgboost,4,2,psd__absolute_power__gamma__roi__R1__iqr__OE,0.0,0.0
xgboost,4,2,psd__absolute_power__gamma__roi__R1__median__CE,0.0,0.0
xgboost,4,2,psd__absolute_power__gamma__roi__R1__median__CE_minus_OE,0.0,0.0
xgboost,4,2,psd__absolute_power__gamma__roi__R1__median__OE,0.0,0.0
xgboost,4,2,psd__absolute_power__gamma__roi__R2__iqr__CE,0.0,0.0
xgboost,4,2,psd__absolute_power__gamma__roi__R2__iqr__CE_minus_OE,0.0,0.0
xgboost,4,2,psd__absolute_power__gamma__roi__R2__iqr__OE,0.0,0.0
xgboost,4,2,psd__absolute_power__gamma__roi__R2__median__CE,0.0,0.0
xgboost,4,2,psd__absolute_power__gamma__roi__R2__median__CE_minus_OE,0.0,0.0
xgboost,4,2,psd__absolute_power__gamma__roi__R2__median__OE,0.0,0.0
xgboost,4,2,psd__absolute_power__gamma__roi__R3__iqr__CE,0.0,0.0
xgboost,4,2,psd__absolute_power__gamma__roi__R3__iqr__CE_minus_OE,0.0,0.0
xgboost,4,2,psd__absolute_power__gamma__roi__R3__iqr__OE,0.0,0.0
xgboost,4,2,psd__absolute_power__gamma__roi__R3__median__CE,0.0,0.0
xgboost,4,2,psd__absolute_power__gamma__roi__R3__median__CE_minus_OE,0.0,0.0
xgboost,4,2,psd__absolute_power__gamma__roi__R3__median__OE,0.0,0.0
xgboost,4,2,psd__absolute_power__gamma__roi__R4__iqr__CE,0.0,0.0
xgboost,4,2,psd__absolute_power__gamma__roi__R4__iqr__CE_minus_OE,0.0,0.0
xgboost,4,2,psd__absolute_power__gamma__roi__R4__iqr__OE,0.0,0.0
xgboost,4,2,psd__absolute_power__gamma__roi__R4__median__CE,0.0,0.0
xgboost,4,2,psd__absolute_power__gamma__roi__R4__median__CE_minus_OE,0.0,0.0
xgboost,4,2,psd__absolute_power__gamma__roi__R4__median__OE,0.0,0.0
xgboost,4,2,psd__absolute_power__gamma__roi__R5__iqr__CE,0.0,0.0
xgboost,4,2,psd__absolute_power__gamma__roi__R5__iqr__CE_minus_OE,0.0,0.0
xgboost,4,2,psd__absolute_power__gamma__roi__R5__iqr__OE,0.0,0.0
xgboost,4,2,psd__absolute_power__gamma__roi__R5__median__CE,0.0,0.0
xgboost,4,2,psd__absolute_power__gamma__roi__R5__median__CE_minus_OE,0.0,0.0
xgboost,4,2,psd__absolute_power__gamma__roi__R5__median__OE,0.0,0.0
xgboost,4,2,psd__absolute_power__gamma__roi__R6__iqr__CE,0.0,0.0
xgboost,4,2,psd__absolute_power__gamma__roi__R6__iqr__CE_minus_OE,0.0,0.0
xgboost,4,2,psd__absolute_power__gamma__roi__R6__iqr__OE,0.05764257162809372,0.05764257162809372
xgboost,4,2,psd__absolute_power__gamma__roi__R6__median__CE,0.0,0.0
xgboost,4,2,psd__absolute_power__gamma__roi__R6__median__CE_minus_OE,0.0,0.0
xgboost,4,2,psd__absolute_power__gamma__roi__R6__median__OE,0.0,0.0
xgboost,4,2,psd__absolute_power__theta__roi__R1__iqr__CE,0.0,0.0
xgboost,4,2,psd__absolute_power__theta__roi__R1__iqr__CE_minus_OE,0.0,0.0
xgboost,4,2,psd__absolute_power__theta__roi__R1__iqr__OE,0.0,0.0
xgboost,4,2,psd__absolute_power__theta__roi__R1__median__CE,0.0,0.0
xgboost,4,2,psd__absolute_power__theta__roi__R1__median__CE_minus_OE,0.0,0.0
xgboost,4,2,psd__absolute_power__theta__roi__R1__median__OE,0.0,0.0
xgboost,4,2,psd__absolute_power__theta__roi__R2__iqr__CE,0.0,0.0
xgboost,4,2,psd__absolute_power__theta__roi__R2__iqr__CE_minus_OE,0.0,0.0
xgboost,4,2,psd__absolute_power__theta__roi__R2__iqr__OE,0.0,0.0
xgboost,4,2,psd__absolute_power__theta__roi__R2__median__CE,0.0,0.0
xgboost,4,2,psd__absolute_power__theta__roi__R2__median__CE_minus_OE,0.0,0.0
xgboost,4,2,psd__absolute_power__theta__roi__R2__median__OE,0.0,0.0
xgboost,4,2,psd__absolute_power__theta__roi__R3__iqr__CE,0.0,0.0
xgboost,4,2,psd__absolute_power__theta__roi__R3__iqr__CE_minus_OE,0.0,0.0
xgboost,4,2,psd__absolute_power__theta__roi__R3__iqr__OE,0.0,0.0
xgboost,4,2,psd__absolute_power__theta__roi__R3__median__CE,0.0,0.0
xgboost,4,2,psd__absolute_power__theta__roi__R3__median__CE_minus_OE,0.0,0.0
xgboost,4,2,psd__absolute_power__theta__roi__R3__median__OE,0.0,0.0
xgboost,4,2,psd__absolute_power__theta__roi__R4__iqr__CE,0.0,0.0
xgboost,4,2,psd__absolute_power__theta__roi__R4__iqr__CE_minus_OE,0.0946086123585701,0.0946086123585701
xgboost,4,2,psd__absolute_power__theta__roi__R4__iqr__OE,0.0,0.0
xgboost,4,2,psd__absolute_power__theta__roi__R4__median__CE,0.0,0.0
xgboost,4,2,psd__absolute_power__theta__roi__R4__median__CE_minus_OE,0.0,0.0
xgboost,4,2,psd__absolute_power__theta__roi__R4__median__OE,0.0,0.0
xgboost,4,2,psd__absolute_power__theta__roi__R5__iqr__CE,0.0,0.0
xgboost,4,2,psd__absolute_power__theta__roi__R5__iqr__CE_minus_OE,0.0,0.0
xgboost,4,2,psd__absolute_power__theta__roi__R5__iqr__OE,0.0,0.0
xgboost,4,2,psd__absolute_power__theta__roi__R5__median__CE,0.0,0.0
xgboost,4,2,psd__absolute_power__theta__roi__R5__median__CE_minus_OE,0.0,0.0
xgboost,4,2,psd__absolute_power__theta__roi__R5__median__OE,0.0,0.0
xgboost,4,2,psd__absolute_power__theta__roi__R6__iqr__CE,0.0,0.0
xgboost,4,2,psd__absolute_power__theta__roi__R6__iqr__CE_minus_OE,0.0,0.0
xgboost,4,2,psd__absolute_power__theta__roi__R6__iqr__OE,0.0,0.0
xgboost,4,2,psd__absolute_power__theta__roi__R6__median__CE,0.0,0.0
xgboost,4,2,psd__absolute_power__theta__roi__R6__median__CE_minus_OE,0.0,0.0
xgboost,4,2,psd__absolute_power__theta__roi__R6__median__OE,0.0,0.0
xgboost,4,2,psd__delta_alpha_ratio__derived__roi__R1__iqr__CE,0.0,0.0
xgboost,4,2,psd__delta_alpha_ratio__derived__roi__R1__iqr__CE_minus_OE,0.0,0.0
xgboost,4,2,psd__delta_alpha_ratio__derived__roi__R1__iqr__OE,0.07213879376649857,0.07213879376649857
xgboost,4,2,psd__delta_alpha_ratio__derived__roi__R1__median__CE,0.0,0.0
xgboost,4,2,psd__delta_alpha_ratio__derived__roi__R1__median__CE_minus_OE,0.0,0.0
xgboost,4,2,psd__delta_alpha_ratio__derived__roi__R1__median__OE,0.0,0.0
xgboost,4,2,psd__delta_alpha_ratio__derived__roi__R2__iqr__CE,0.0,0.0
xgboost,4,2,psd__delta_alpha_ratio__derived__roi__R2__iqr__CE_minus_OE,0.0,0.0
xgboost,4,2,psd__delta_alpha_ratio__derived__roi__R2__iqr__OE,0.0,0.0
xgboost,4,2,psd__delta_alpha_ratio__derived__roi__R2__median__CE,0.0,0.0
xgboost,4,2,psd__delta_alpha_ratio__derived__roi__R2__median__CE_minus_OE,0.0,0.0
xgboost,4,2,psd__delta_alpha_ratio__derived__roi__R2__median__OE,0.0,0.0
xgboost,4,2,psd__delta_alpha_ratio__derived__roi__R3__iqr__CE,0.0,0.0
xgboost,4,2,psd__delta_alpha_ratio__derived__roi__R3__iqr__CE_minus_OE,0.0,0.0
xgboost,4,2,psd__delta_alpha_ratio__derived__roi__R3__iqr__OE,0.0,0.0
xgboost,4,2,psd__delta_alpha_ratio__derived__roi__R3__median__CE,0.0,0.0
xgboost,4,2,psd__delta_alpha_ratio__derived__roi__R3__median__CE_minus_OE,0.0,0.0
xgboost,4,2,psd__delta_alpha_ratio__derived__roi__R3__median__OE,0.0,0.0
xgboost,4,2,psd__delta_alpha_ratio__derived__roi__R4__iqr__CE,0.0,0.0
xgboost,4,2,psd__delta_alpha_ratio__derived__roi__R4__iqr__CE_minus_OE,0.0,0.0
xgboost,4,2,psd__delta_alpha_ratio__derived__roi__R4__iqr__OE,0.0,0.0
xgboost,4,2,psd__delta_alpha_ratio__derived__roi__R4__median__CE,0.0,0.0
xgboost,4,2,psd__delta_alpha_ratio__derived__roi__R4__median__CE_minus_OE,0.0,0.0
xgboost,4,2,psd__delta_alpha_ratio__derived__roi__R4__median__OE,0.0,0.0
xgboost,4,2,psd__delta_alpha_ratio__derived__roi__R5__iqr__CE,0.0,0.0
xgboost,4,2,psd__delta_alpha_ratio__derived__roi__R5__iqr__CE_minus_OE,0.0,0.0
xgboost,4,2,psd__delta_alpha_ratio__derived__roi__R5__iqr__OE,0.0,0.0
xgboost,4,2,psd__delta_alpha_ratio__derived__roi__R5__median__CE,0.0,0.0
xgboost,4,2,psd__delta_alpha_ratio__derived__roi__R5__median__CE_minus_OE,0.0,0.0
xgboost,4,2,psd__delta_alpha_ratio__derived__roi__R5__median__OE,0.0,0.0
xgboost,4,2,psd__delta_alpha_ratio__derived__roi__R6__iqr__CE,0.0,0.0
xgboost,4,2,psd__delta_alpha_ratio__derived__roi__R6__iqr__CE_minus_OE,0.0,0.0
xgboost,4,2,psd__delta_alpha_ratio__derived__roi__R6__iqr__OE,0.0,0.0
xgboost,4,2,psd__delta_alpha_ratio__derived__roi__R6__median__CE,0.0,0.0
xgboost,4,2,psd__delta_alpha_ratio__derived__roi__R6__median__CE_minus_OE,0.0,0.0
xgboost,4,2,psd__delta_alpha_ratio__derived__roi__R6__median__OE,0.0,0.0
xgboost,4,2,psd__relative_power__alpha__roi__R1__iqr__CE,0.0,0.0
xgboost,4,2,psd__relative_power__alpha__roi__R1__iqr__CE_minus_OE,0.0,0.0
xgboost,4,2,psd__relative_power__alpha__roi__R1__iqr__OE,0.0,0.0
xgboost,4,2,psd__relative_power__alpha__roi__R1__median__CE,0.0,0.0
xgboost,4,2,psd__relative_power__alpha__roi__R1__median__CE_minus_OE,0.0,0.0
xgboost,4,2,psd__relative_power__alpha__roi__R1__median__OE,0.0,0.0
xgboost,4,2,psd__relative_power__alpha__roi__R2__iqr__CE,0.0,0.0
xgboost,4,2,psd__relative_power__alpha__roi__R2__iqr__CE_minus_OE,0.0,0.0
xgboost,4,2,psd__relative_power__alpha__roi__R2__iqr__OE,0.0,0.0
xgboost,4,2,psd__relative_power__alpha__roi__R2__median__CE,0.0,0.0
xgboost,4,2,psd__relative_power__alpha__roi__R2__median__CE_minus_OE,0.0,0.0
xgboost,4,2,psd__relative_power__alpha__roi__R2__median__OE,0.0,0.0
xgboost,4,2,psd__relative_power__alpha__roi__R3__iqr__CE,0.0,0.0
xgboost,4,2,psd__relative_power__alpha__roi__R3__iqr__CE_minus_OE,0.0,0.0
xgboost,4,2,psd__relative_power__alpha__roi__R3__iqr__OE,0.0,0.0
xgboost,4,2,psd__relative_power__alpha__roi__R3__median__CE,0.0,0.0
xgboost,4,2,psd__relative_power__alpha__roi__R3__median__CE_minus_OE,0.0,0.0
xgboost,4,2,psd__relative_power__alpha__roi__R3__median__OE,0.0,0.0
xgboost,4,2,psd__relative_power__alpha__roi__R4__iqr__CE,0.0,0.0
xgboost,4,2,psd__relative_power__alpha__roi__R4__iqr__CE_minus_OE,0.0,0.0
xgboost,4,2,psd__relative_power__alpha__roi__R4__iqr__OE,0.0,0.0
xgboost,4,2,psd__relative_power__alpha__roi__R4__median__CE,0.0,0.0
xgboost,4,2,psd__relative_power__alpha__roi__R4__median__CE_minus_OE,0.0,0.0
xgboost,4,2,psd__relative_power__alpha__roi__R4__median__OE,0.0,0.0
xgboost,4,2,psd__relative_power__alpha__roi__R5__iqr__CE,0.0,0.0
xgboost,4,2,psd__relative_power__alpha__roi__R5__iqr__CE_minus_OE,0.0,0.0
xgboost,4,2,psd__relative_power__alpha__roi__R5__iqr__OE,0.0,0.0
xgboost,4,2,psd__relative_power__alpha__roi__R5__median__CE,0.0,0.0
xgboost,4,2,psd__relative_power__alpha__roi__R5__median__CE_minus_OE,0.0,0.0
xgboost,4,2,psd__relative_power__alpha__roi__R5__median__OE,0.0,0.0
xgboost,4,2,psd__relative_power__alpha__roi__R6__iqr__CE,0.0,0.0
xgboost,4,2,psd__relative_power__alpha__roi__R6__iqr__CE_minus_OE,0.0,0.0
xgboost,4,2,psd__relative_power__alpha__roi__R6__iqr__OE,0.0,0.0
xgboost,4,2,psd__relative_power__alpha__roi__R6__median__CE,0.0,0.0
xgboost,4,2,psd__relative_power__alpha__roi__R6__median__CE_minus_OE,0.0,0.0
xgboost,4,2,psd__relative_power__alpha__roi__R6__median__OE,0.0,0.0
xgboost,4,2,psd__relative_power__beta__roi__R1__iqr__CE,0.0,0.0
xgboost,4,2,psd__relative_power__beta__roi__R1__iqr__CE_minus_OE,0.0,0.0
xgboost,4,2,psd__relative_power__beta__roi__R1__iqr__OE,0.0,0.0
xgboost,4,2,psd__relative_power__beta__roi__R1__median__CE,0.0,0.0
xgboost,4,2,psd__relative_power__beta__roi__R1__median__CE_minus_OE,0.0,0.0
xgboost,4,2,psd__relative_power__beta__roi__R1__median__OE,0.0,0.0
xgboost,4,2,psd__relative_power__beta__roi__R2__iqr__CE,0.0,0.0
xgboost,4,2,psd__relative_power__beta__roi__R2__iqr__CE_minus_OE,0.0,0.0
xgboost,4,2,psd__relative_power__beta__roi__R2__iqr__OE,0.0,0.0
xgboost,4,2,psd__relative_power__beta__roi__R2__median__CE,0.0,0.0
xgboost,4,2,psd__relative_power__beta__roi__R2__median__CE_minus_OE,0.0,0.0
xgboost,4,2,psd__relative_power__beta__roi__R2__median__OE,0.0,0.0
xgboost,4,2,psd__relative_power__beta__roi__R3__iqr__CE,0.0,0.0
xgboost,4,2,psd__relative_power__beta__roi__R3__iqr__CE_minus_OE,0.0,0.0
xgboost,4,2,psd__relative_power__beta__roi__R3__iqr__OE,0.0,0.0
xgboost,4,2,psd__relative_power__beta__roi__R3__median__CE,0.0,0.0
xgboost,4,2,psd__relative_power__beta__roi__R3__median__CE_minus_OE,0.0,0.0
xgboost,4,2,psd__relative_power__beta__roi__R3__median__OE,0.0,0.0
xgboost,4,2,psd__relative_power__beta__roi__R4__iqr__CE,0.0,0.0
xgboost,4,2,psd__relative_power__beta__roi__R4__iqr__CE_minus_OE,0.0,0.0
xgboost,4,2,psd__relative_power__beta__roi__R4__iqr__OE,0.0,0.0
xgboost,4,2,psd__relative_power__beta__roi__R4__median__CE,0.0,0.0
xgboost,4,2,psd__relative_power__beta__roi__R4__median__CE_minus_OE,0.0,0.0
xgboost,4,2,psd__relative_power__beta__roi__R4__median__OE,0.0,0.0
xgboost,4,2,psd__relative_power__beta__roi__R5__iqr__CE,0.25408223271369934,0.25408223271369934
xgboost,4,2,psd__relative_power__beta__roi__R5__iqr__CE_minus_OE,0.0,0.0
xgboost,4,2,psd__relative_power__beta__roi__R5__iqr__OE,0.0,0.0
xgboost,4,2,psd__relative_power__beta__roi__R5__median__CE,0.0,0.0
xgboost,4,2,psd__relative_power__beta__roi__R5__median__CE_minus_OE,0.0,0.0
xgboost,4,2,psd__relative_power__beta__roi__R5__median__OE,0.0,0.0
xgboost,4,2,psd__relative_power__beta__roi__R6__iqr__CE,0.11516286432743073,0.11516286432743073
xgboost,4,2,psd__relative_power__beta__roi__R6__iqr__CE_minus_OE,0.0,0.0
xgboost,4,2,psd__relative_power__beta__roi__R6__iqr__OE,0.0,0.0
xgboost,4,2,psd__relative_power__beta__roi__R6__median__CE,0.0,0.0
xgboost,4,2,psd__relative_power__beta__roi__R6__median__CE_minus_OE,0.0,0.0
xgboost,4,2,psd__relative_power__beta__roi__R6__median__OE,0.0,0.0
xgboost,4,2,psd__relative_power__delta__roi__R1__iqr__CE,0.0,0.0
xgboost,4,2,psd__relative_power__delta__roi__R1__iqr__CE_minus_OE,0.0,0.0
xgboost,4,2,psd__relative_power__delta__roi__R1__iqr__OE,0.0,0.0
xgboost,4,2,psd__relative_power__delta__roi__R1__median__CE,0.0,0.0
xgboost,4,2,psd__relative_power__delta__roi__R1__median__CE_minus_OE,0.0,0.0
xgboost,4,2,psd__relative_power__delta__roi__R1__median__OE,0.0,0.0
xgboost,4,2,psd__relative_power__delta__roi__R2__iqr__CE,0.0,0.0
xgboost,4,2,psd__relative_power__delta__roi__R2__iqr__CE_minus_OE,0.0,0.0
xgboost,4,2,psd__relative_power__delta__roi__R2__iqr__OE,0.0,0.0
xgboost,4,2,psd__relative_power__delta__roi__R2__median__CE,0.0,0.0
xgboost,4,2,psd__relative_power__delta__roi__R2__median__CE_minus_OE,0.0,0.0
xgboost,4,2,psd__relative_power__delta__roi__R2__median__OE,0.0,0.0
xgboost,4,2,psd__relative_power__delta__roi__R3__iqr__CE,0.0,0.0
xgboost,4,2,psd__relative_power__delta__roi__R3__iqr__CE_minus_OE,0.0,0.0
xgboost,4,2,psd__relative_power__delta__roi__R3__iqr__OE,0.0,0.0
xgboost,4,2,psd__relative_power__delta__roi__R3__median__CE,0.0,0.0
xgboost,4,2,psd__relative_power__delta__roi__R3__median__CE_minus_OE,0.0,0.0
xgboost,4,2,psd__relative_power__delta__roi__R3__median__OE,0.0,0.0
xgboost,4,2,psd__relative_power__delta__roi__R4__iqr__CE,0.0,0.0
xgboost,4,2,psd__relative_power__delta__roi__R4__iqr__CE_minus_OE,0.0,0.0
xgboost,4,2,psd__relative_power__delta__roi__R4__iqr__OE,0.0,0.0
xgboost,4,2,psd__relative_power__delta__roi__R4__median__CE,0.0,0.0
xgboost,4,2,psd__relative_power__delta__roi__R4__median__CE_minus_OE,0.0,0.0
xgboost,4,2,psd__relative_power__delta__roi__R4__median__OE,0.0,0.0
xgboost,4,2,psd__relative_power__delta__roi__R5__iqr__CE,0.0,0.0
xgboost,4,2,psd__relative_power__delta__roi__R5__iqr__CE_minus_OE,0.0,0.0
xgboost,4,2,psd__relative_power__delta__roi__R5__iqr__OE,0.0,0.0
xgboost,4,2,psd__relative_power__delta__roi__R5__median__CE,0.0,0.0
xgboost,4,2,psd__relative_power__delta__roi__R5__median__CE_minus_OE,0.0,0.0
xgboost,4,2,psd__relative_power__delta__roi__R5__median__OE,0.0,0.0
xgboost,4,2,psd__relative_power__delta__roi__R6__iqr__CE,0.0,0.0
xgboost,4,2,psd__relative_power__delta__roi__R6__iqr__CE_minus_OE,0.0,0.0
xgboost,4,2,psd__relative_power__delta__roi__R6__iqr__OE,0.0,0.0
xgboost,4,2,psd__relative_power__delta__roi__R6__median__CE,0.0,0.0
xgboost,4,2,psd__relative_power__delta__roi__R6__median__CE_minus_OE,0.0,0.0
xgboost,4,2,psd__relative_power__delta__roi__R6__median__OE,0.0,0.0
xgboost,4,2,psd__relative_power__gamma__roi__R1__iqr__CE,0.0,0.0
xgboost,4,2,psd__relative_power__gamma__roi__R1__iqr__CE_minus_OE,0.0,0.0
xgboost,4,2,psd__relative_power__gamma__roi__R1__iqr__OE,0.0,0.0
xgboost,4,2,psd__relative_power__gamma__roi__R1__median__CE,0.0,0.0
xgboost,4,2,psd__relative_power__gamma__roi__R1__median__CE_minus_OE,0.0,0.0
xgboost,4,2,psd__relative_power__gamma__roi__R1__median__OE,0.0,0.0
xgboost,4,2,psd__relative_power__gamma__roi__R2__iqr__CE,0.0,0.0
xgboost,4,2,psd__relative_power__gamma__roi__R2__iqr__CE_minus_OE,0.0,0.0
xgboost,4,2,psd__relative_power__gamma__roi__R2__iqr__OE,0.0,0.0
xgboost,4,2,psd__relative_power__gamma__roi__R2__median__CE,0.0,0.0
xgboost,4,2,psd__relative_power__gamma__roi__R2__median__CE_minus_OE,0.0,0.0
xgboost,4,2,psd__relative_power__gamma__roi__R2__median__OE,0.0,0.0
xgboost,4,2,psd__relative_power__gamma__roi__R3__iqr__CE,0.0,0.0
xgboost,4,2,psd__relative_power__gamma__roi__R3__iqr__CE_minus_OE,0.0,0.0
xgboost,4,2,psd__relative_power__gamma__roi__R3__iqr__OE,0.0,0.0
xgboost,4,2,psd__relative_power__gamma__roi__R3__median__CE,0.0,0.0
xgboost,4,2,psd__relative_power__gamma__roi__R3__median__CE_minus_OE,0.0,0.0
xgboost,4,2,psd__relative_power__gamma__roi__R3__median__OE,0.0,0.0
xgboost,4,2,psd__relative_power__gamma__roi__R4__iqr__CE,0.0,0.0
xgboost,4,2,psd__relative_power__gamma__roi__R4__iqr__CE_minus_OE,0.0,0.0
xgboost,4,2,psd__relative_power__gamma__roi__R4__iqr__OE,0.0,0.0
xgboost,4,2,psd__relative_power__gamma__roi__R4__median__CE,0.0,0.0
xgboost,4,2,psd__relative_power__gamma__roi__R4__median__CE_minus_OE,0.0,0.0
xgboost,4,2,psd__relative_power__gamma__roi__R4__median__OE,0.0,0.0
xgboost,4,2,psd__relative_power__gamma__roi__R5__iqr__CE,0.0,0.0
xgboost,4,2,psd__relative_power__gamma__roi__R5__iqr__CE_minus_OE,0.0,0.0
xgboost,4,2,psd__relative_power__gamma__roi__R5__iqr__OE,0.0,0.0
xgboost,4,2,psd__relative_power__gamma__roi__R5__median__CE,0.0,0.0
xgboost,4,2,psd__relative_power__gamma__roi__R5__median__CE_minus_OE,0.0,0.0
xgboost,4,2,psd__relative_power__gamma__roi__R5__median__OE,0.0,0.0
xgboost,4,2,psd__relative_power__gamma__roi__R6__iqr__CE,0.0,0.0
xgboost,4,2,psd__relative_power__gamma__roi__R6__iqr__CE_minus_OE,0.0,0.0
xgboost,4,2,psd__relative_power__gamma__roi__R6__iqr__OE,0.0,0.0
xgboost,4,2,psd__relative_power__gamma__roi__R6__median__CE,0.0,0.0
xgboost,4,2,psd__relative_power__gamma__roi__R6__median__CE_minus_OE,0.0,0.0
xgboost,4,2,psd__relative_power__gamma__roi__R6__median__OE,0.0,0.0
xgboost,4,2,psd__relative_power__theta__roi__R1__iqr__CE,0.0,0.0
xgboost,4,2,psd__relative_power__theta__roi__R1__iqr__CE_minus_OE,0.0,0.0
xgboost,4,2,psd__relative_power__theta__roi__R1__iqr__OE,0.0,0.0
xgboost,4,2,psd__relative_power__theta__roi__R1__median__CE,0.0,0.0
xgboost,4,2,psd__relative_power__theta__roi__R1__median__CE_minus_OE,0.0,0.0
xgboost,4,2,psd__relative_power__theta__roi__R1__median__OE,0.0,0.0
xgboost,4,2,psd__relative_power__theta__roi__R2__iqr__CE,0.0,0.0
xgboost,4,2,psd__relative_power__theta__roi__R2__iqr__CE_minus_OE,0.0,0.0
xgboost,4,2,psd__relative_power__theta__roi__R2__iqr__OE,0.0,0.0
xgboost,4,2,psd__relative_power__theta__roi__R2__median__CE,0.0,0.0
xgboost,4,2,psd__relative_power__theta__roi__R2__median__CE_minus_OE,0.0,0.0
xgboost,4,2,psd__relative_power__theta__roi__R2__median__OE,0.0,0.0
xgboost,4,2,psd__relative_power__theta__roi__R3__iqr__CE,0.0,0.0
xgboost,4,2,psd__relative_power__theta__roi__R3__iqr__CE_minus_OE,0.0,0.0
xgboost,4,2,psd__relative_power__theta__roi__R3__iqr__OE,0.0,0.0
xgboost,4,2,psd__relative_power__theta__roi__R3__median__CE,0.0,0.0
xgboost,4,2,psd__relative_power__theta__roi__R3__median__CE_minus_OE,0.0,0.0
xgboost,4,2,psd__relative_power__theta__roi__R3__median__OE,0.0,0.0
xgboost,4,2,psd__relative_power__theta__roi__R4__iqr__CE,0.0,0.0
xgboost,4,2,psd__relative_power__theta__roi__R4__iqr__CE_minus_OE,0.0,0.0
xgboost,4,2,psd__relative_power__theta__roi__R4__iqr__OE,0.0,0.0
xgboost,4,2,psd__relative_power__theta__roi__R4__median__CE,0.0,0.0
xgboost,4,2,psd__relative_power__theta__roi__R4__median__CE_minus_OE,0.0,0.0
xgboost,4,2,psd__relative_power__theta__roi__R4__median__OE,0.0,0.0
xgboost,4,2,psd__relative_power__theta__roi__R5__iqr__CE,0.0,0.0
xgboost,4,2,psd__relative_power__theta__roi__R5__iqr__CE_minus_OE,0.0,0.0
xgboost,4,2,psd__relative_power__theta__roi__R5__iqr__OE,0.0,0.0
xgboost,4,2,psd__relative_power__theta__roi__R5__median__CE,0.0,0.0
xgboost,4,2,psd__relative_power__theta__roi__R5__median__CE_minus_OE,0.0,0.0
xgboost,4,2,psd__relative_power__theta__roi__R5__median__OE,0.0,0.0
xgboost,4,2,psd__relative_power__theta__roi__R6__iqr__CE,0.0,0.0
xgboost,4,2,psd__relative_power__theta__roi__R6__iqr__CE_minus_OE,0.0,0.0
xgboost,4,2,psd__relative_power__theta__roi__R6__iqr__OE,0.0,0.0
xgboost,4,2,psd__relative_power__theta__roi__R6__median__CE,0.0,0.0
xgboost,4,2,psd__relative_power__theta__roi__R6__median__CE_minus_OE,0.0,0.0
xgboost,4,2,psd__relative_power__theta__roi__R6__median__OE,0.0,0.0
xgboost,4,2,psd__sfr__derived__roi__R1__iqr__CE,0.0,0.0
xgboost,4,2,psd__sfr__derived__roi__R1__iqr__CE_minus_OE,0.0,0.0
xgboost,4,2,psd__sfr__derived__roi__R1__iqr__OE,0.0,0.0
xgboost,4,2,psd__sfr__derived__roi__R1__median__CE,0.0,0.0
xgboost,4,2,psd__sfr__derived__roi__R1__median__CE_minus_OE,0.0,0.0
xgboost,4,2,psd__sfr__derived__roi__R1__median__OE,0.0,0.0
xgboost,4,2,psd__sfr__derived__roi__R2__iqr__CE,0.0,0.0
xgboost,4,2,psd__sfr__derived__roi__R2__iqr__CE_minus_OE,0.0,0.0
xgboost,4,2,psd__sfr__derived__roi__R2__iqr__OE,0.0,0.0
xgboost,4,2,psd__sfr__derived__roi__R2__median__CE,0.0,0.0
xgboost,4,2,psd__sfr__derived__roi__R2__median__CE_minus_OE,0.0,0.0
xgboost,4,2,psd__sfr__derived__roi__R2__median__OE,0.0,0.0
xgboost,4,2,psd__sfr__derived__roi__R3__iqr__CE,0.0,0.0
xgboost,4,2,psd__sfr__derived__roi__R3__iqr__CE_minus_OE,0.0,0.0
xgboost,4,2,psd__sfr__derived__roi__R3__iqr__OE,0.0,0.0
xgboost,4,2,psd__sfr__derived__roi__R3__median__CE,0.0,0.0
xgboost,4,2,psd__sfr__derived__roi__R3__median__CE_minus_OE,0.0,0.0
xgboost,4,2,psd__sfr__derived__roi__R3__median__OE,0.0,0.0
xgboost,4,2,psd__sfr__derived__roi__R4__iqr__CE,0.0,0.0
xgboost,4,2,psd__sfr__derived__roi__R4__iqr__CE_minus_OE,0.0,0.0
xgboost,4,2,psd__sfr__derived__roi__R4__iqr__OE,0.0,0.0
xgboost,4,2,psd__sfr__derived__roi__R4__median__CE,0.0,0.0
xgboost,4,2,psd__sfr__derived__roi__R4__median__CE_minus_OE,0.0,0.0
xgboost,4,2,psd__sfr__derived__roi__R4__median__OE,0.0,0.0
xgboost,4,2,psd__sfr__derived__roi__R5__iqr__CE,0.0,0.0
xgboost,4,2,psd__sfr__derived__roi__R5__iqr__CE_minus_OE,0.0,0.0
xgboost,4,2,psd__sfr__derived__roi__R5__iqr__OE,0.0,0.0
xgboost,4,2,psd__sfr__derived__roi__R5__median__CE,0.0,0.0
xgboost,4,2,psd__sfr__derived__roi__R5__median__CE_minus_OE,0.0,0.0
xgboost,4,2,psd__sfr__derived__roi__R5__median__OE,0.0,0.0
xgboost,4,2,psd__sfr__derived__roi__R6__iqr__CE,0.0,0.0
xgboost,4,2,psd__sfr__derived__roi__R6__iqr__CE_minus_OE,0.0,0.0
xgboost,4,2,psd__sfr__derived__roi__R6__iqr__OE,0.0,0.0
xgboost,4,2,psd__sfr__derived__roi__R6__median__CE,0.0,0.0
xgboost,4,2,psd__sfr__derived__roi__R6__median__CE_minus_OE,0.0,0.0
xgboost,4,2,psd__sfr__derived__roi__R6__median__OE,0.0,0.0
xgboost,4,2,psd__theta_alpha_ratio__derived__roi__R1__iqr__CE,0.0,0.0
xgboost,4,2,psd__theta_alpha_ratio__derived__roi__R1__iqr__CE_minus_OE,0.0,0.0
xgboost,4,2,psd__theta_alpha_ratio__derived__roi__R1__iqr__OE,0.0,0.0
xgboost,4,2,psd__theta_alpha_ratio__derived__roi__R1__median__CE,0.0,0.0
xgboost,4,2,psd__theta_alpha_ratio__derived__roi__R1__median__CE_minus_OE,0.0,0.0
xgboost,4,2,psd__theta_alpha_ratio__derived__roi__R1__median__OE,0.0,0.0
xgboost,4,2,psd__theta_alpha_ratio__derived__roi__R2__iqr__CE,0.0,0.0
xgboost,4,2,psd__theta_alpha_ratio__derived__roi__R2__iqr__CE_minus_OE,0.0,0.0
xgboost,4,2,psd__theta_alpha_ratio__derived__roi__R2__iqr__OE,0.0,0.0
xgboost,4,2,psd__theta_alpha_ratio__derived__roi__R2__median__CE,0.0,0.0
xgboost,4,2,psd__theta_alpha_ratio__derived__roi__R2__median__CE_minus_OE,0.0,0.0
xgboost,4,2,psd__theta_alpha_ratio__derived__roi__R2__median__OE,0.0,0.0
xgboost,4,2,psd__theta_alpha_ratio__derived__roi__R3__iqr__CE,0.0,0.0
xgboost,4,2,psd__theta_alpha_ratio__derived__roi__R3__iqr__CE_minus_OE,0.0,0.0
xgboost,4,2,psd__theta_alpha_ratio__derived__roi__R3__iqr__OE,0.0,0.0
xgboost,4,2,psd__theta_alpha_ratio__derived__roi__R3__median__CE,0.0,0.0
xgboost,4,2,psd__theta_alpha_ratio__derived__roi__R3__median__CE_minus_OE,0.0,0.0
xgboost,4,2,psd__theta_alpha_ratio__derived__roi__R3__median__OE,0.0,0.0
xgboost,4,2,psd__theta_alpha_ratio__derived__roi__R4__iqr__CE,0.0,0.0
xgboost,4,2,psd__theta_alpha_ratio__derived__roi__R4__iqr__CE_minus_OE,0.0,0.0
xgboost,4,2,psd__theta_alpha_ratio__derived__roi__R4__iqr__OE,0.0,0.0
xgboost,4,2,psd__theta_alpha_ratio__derived__roi__R4__median__CE,0.0,0.0
xgboost,4,2,psd__theta_alpha_ratio__derived__roi__R4__median__CE_minus_OE,0.0,0.0
xgboost,4,2,psd__theta_alpha_ratio__derived__roi__R4__median__OE,0.0,0.0
xgboost,4,2,psd__theta_alpha_ratio__derived__roi__R5__iqr__CE,0.0,0.0
xgboost,4,2,psd__theta_alpha_ratio__derived__roi__R5__iqr__CE_minus_OE,0.0,0.0
xgboost,4,2,psd__theta_alpha_ratio__derived__roi__R5__iqr__OE,0.0,0.0
xgboost,4,2,psd__theta_alpha_ratio__derived__roi__R5__median__CE,0.0,0.0
xgboost,4,2,psd__theta_alpha_ratio__derived__roi__R5__median__CE_minus_OE,0.0,0.0
xgboost,4,2,psd__theta_alpha_ratio__derived__roi__R5__median__OE,0.0,0.0
xgboost,4,2,psd__theta_alpha_ratio__derived__roi__R6__iqr__CE,0.0,0.0
xgboost,4,2,psd__theta_alpha_ratio__derived__roi__R6__iqr__CE_minus_OE,0.0,0.0
xgboost,4,2,psd__theta_alpha_ratio__derived__roi__R6__iqr__OE,0.0,0.0
xgboost,4,2,psd__theta_alpha_ratio__derived__roi__R6__median__CE,0.0,0.0
xgboost,4,2,psd__theta_alpha_ratio__derived__roi__R6__median__CE_minus_OE,0.0,0.0
xgboost,4,2,psd__theta_alpha_ratio__derived__roi__R6__median__OE,0.0,0.0
xgboost,4,3,psd__absolute_power__alpha__roi__R3__median__CE_minus_OE,0.04499496892094612,0.04499496892094612
xgboost,4,3,psd__relative_power__beta__roi__R1__iqr__CE,0.08455230295658112,0.08455230295658112
xgboost,4,3,psd__relative_power__beta__roi__R3__iqr__CE,0.16230863332748413,0.16230863332748413
xgboost,4,3,psd__relative_power__beta__roi__R6__iqr__CE,0.21336978673934937,0.21336978673934937
xgboost,4,3,psd__relative_power__gamma__roi__R1__iqr__CE,0.0,0.0
xgboost,4,3,psd__relative_power__gamma__roi__R1__median__CE,0.0,0.0
xgboost,4,3,psd__relative_power__gamma__roi__R2__iqr__CE,0.08567668497562408,0.08567668497562408
xgboost,4,3,psd__relative_power__gamma__roi__R5__iqr__CE,0.0,0.0
xgboost,4,3,psd__relative_power__gamma__roi__R6__iqr__CE,0.37905386090278625,0.37905386090278625
xgboost,4,3,psd__relative_power__theta__roi__R2__median__CE,0.030043713748455048,0.030043713748455048
xgboost,4,4,complexity__spectral_entropy__broadband__roi__R1__median__CE,0.029203368350863457,0.029203368350863457
xgboost,4,4,complexity__spectral_entropy__broadband__roi__R2__median__CE,0.0,0.0
xgboost,4,4,psd__relative_power__beta__roi__R3__iqr__CE,0.0880301222205162,0.0880301222205162
xgboost,4,4,psd__relative_power__beta__roi__R6__iqr__CE,0.35938385128974915,0.35938385128974915
xgboost,4,4,psd__relative_power__gamma__roi__R1__iqr__CE,0.0,0.0
xgboost,4,4,psd__relative_power__gamma__roi__R1__median__CE,0.0,0.0
xgboost,4,4,psd__relative_power__gamma__roi__R2__iqr__CE,0.16626816987991333,0.16626816987991333
xgboost,4,4,psd__relative_power__gamma__roi__R2__median__CE,0.29481416940689087,0.29481416940689087
xgboost,4,4,psd__relative_power__gamma__roi__R4__iqr__CE,0.06230033189058304,0.06230033189058304
xgboost,4,4,psd__relative_power__gamma__roi__R4__median__CE,0.0,0.0
xgboost,5,1,complexity__spectral_entropy__broadband__roi__R1__iqr__CE,0.0,0.0
xgboost,5,1,complexity__spectral_entropy__broadband__roi__R1__iqr__CE_minus_OE,0.0,0.0
xgboost,5,1,complexity__spectral_entropy__broadband__roi__R1__iqr__OE,0.0,0.0
xgboost,5,1,complexity__spectral_entropy__broadband__roi__R1__median__CE,0.0,0.0
xgboost,5,1,complexity__spectral_entropy__broadband__roi__R1__median__CE_minus_OE,0.0,0.0
xgboost,5,1,complexity__spectral_entropy__broadband__roi__R1__median__OE,0.0,0.0
xgboost,5,1,complexity__spectral_entropy__broadband__roi__R2__iqr__CE,0.0,0.0
xgboost,5,1,complexity__spectral_entropy__broadband__roi__R2__iqr__CE_minus_OE,0.0,0.0
xgboost,5,1,complexity__spectral_entropy__broadband__roi__R2__iqr__OE,0.0,0.0
xgboost,5,1,complexity__spectral_entropy__broadband__roi__R2__median__CE,0.0,0.0
xgboost,5,1,complexity__spectral_entropy__broadband__roi__R2__median__CE_minus_OE,0.0,0.0
xgboost,5,1,complexity__spectral_entropy__broadband__roi__R2__median__OE,0.0,0.0
xgboost,5,1,complexity__spectral_entropy__broadband__roi__R3__iqr__CE,0.0,0.0
xgboost,5,1,complexity__spectral_entropy__broadband__roi__R3__iqr__CE_minus_OE,0.0,0.0
xgboost,5,1,complexity__spectral_entropy__broadband__roi__R3__iqr__OE,0.0,0.0
xgboost,5,1,complexity__spectral_entropy__broadband__roi__R3__median__CE,0.0,0.0
xgboost,5,1,complexity__spectral_entropy__broadband__roi__R3__median__CE_minus_OE,0.0,0.0
xgboost,5,1,complexity__spectral_entropy__broadband__roi__R3__median__OE,0.0,0.0
xgboost,5,1,complexity__spectral_entropy__broadband__roi__R4__iqr__CE,0.0,0.0
xgboost,5,1,complexity__spectral_entropy__broadband__roi__R4__iqr__CE_minus_OE,0.0,0.0
xgboost,5,1,complexity__spectral_entropy__broadband__roi__R4__iqr__OE,0.0,0.0
xgboost,5,1,complexity__spectral_entropy__broadband__roi__R4__median__CE,0.0,0.0
xgboost,5,1,complexity__spectral_entropy__broadband__roi__R4__median__CE_minus_OE,0.0,0.0
xgboost,5,1,complexity__spectral_entropy__broadband__roi__R4__median__OE,0.0,0.0
xgboost,5,1,complexity__spectral_entropy__broadband__roi__R5__iqr__CE,0.0,0.0
xgboost,5,1,complexity__spectral_entropy__broadband__roi__R5__iqr__CE_minus_OE,0.0,0.0
xgboost,5,1,complexity__spectral_entropy__broadband__roi__R5__iqr__OE,0.0,0.0
xgboost,5,1,complexity__spectral_entropy__broadband__roi__R5__median__CE,0.0,0.0
xgboost,5,1,complexity__spectral_entropy__broadband__roi__R5__median__CE_minus_OE,0.0,0.0
xgboost,5,1,complexity__spectral_entropy__broadband__roi__R5__median__OE,0.0,0.0
xgboost,5,1,complexity__spectral_entropy__broadband__roi__R6__iqr__CE,0.0,0.0
xgboost,5,1,complexity__spectral_entropy__broadband__roi__R6__iqr__CE_minus_OE,0.0,0.0
xgboost,5,1,complexity__spectral_entropy__broadband__roi__R6__iqr__OE,0.0,0.0
xgboost,5,1,complexity__spectral_entropy__broadband__roi__R6__median__CE,0.0,0.0
xgboost,5,1,complexity__spectral_entropy__broadband__roi__R6__median__CE_minus_OE,0.0,0.0
xgboost,5,1,complexity__spectral_entropy__broadband__roi__R6__median__OE,0.0,0.0
xgboost,5,1,psd__absolute_power__alpha__roi__R1__iqr__CE,0.0,0.0
xgboost,5,1,psd__absolute_power__alpha__roi__R1__iqr__CE_minus_OE,0.0,0.0
xgboost,5,1,psd__absolute_power__alpha__roi__R1__iqr__OE,0.0,0.0
xgboost,5,1,psd__absolute_power__alpha__roi__R1__median__CE,0.0,0.0
xgboost,5,1,psd__absolute_power__alpha__roi__R1__median__CE_minus_OE,0.0,0.0
xgboost,5,1,psd__absolute_power__alpha__roi__R1__median__OE,0.0,0.0
xgboost,5,1,psd__absolute_power__alpha__roi__R2__iqr__CE,0.0,0.0
xgboost,5,1,psd__absolute_power__alpha__roi__R2__iqr__CE_minus_OE,0.0,0.0
xgboost,5,1,psd__absolute_power__alpha__roi__R2__iqr__OE,0.0,0.0
xgboost,5,1,psd__absolute_power__alpha__roi__R2__median__CE,0.0,0.0
xgboost,5,1,psd__absolute_power__alpha__roi__R2__median__CE_minus_OE,0.16203758120536804,0.16203758120536804
xgboost,5,1,psd__absolute_power__alpha__roi__R2__median__OE,0.0,0.0
xgboost,5,1,psd__absolute_power__alpha__roi__R3__iqr__CE,0.0,0.0
xgboost,5,1,psd__absolute_power__alpha__roi__R3__iqr__CE_minus_OE,0.0,0.0
xgboost,5,1,psd__absolute_power__alpha__roi__R3__iqr__OE,0.0,0.0
xgboost,5,1,psd__absolute_power__alpha__roi__R3__median__CE,0.0,0.0
xgboost,5,1,psd__absolute_power__alpha__roi__R3__median__CE_minus_OE,0.0,0.0
xgboost,5,1,psd__absolute_power__alpha__roi__R3__median__OE,0.0,0.0
xgboost,5,1,psd__absolute_power__alpha__roi__R4__iqr__CE,0.0,0.0
xgboost,5,1,psd__absolute_power__alpha__roi__R4__iqr__CE_minus_OE,0.0,0.0
xgboost,5,1,psd__absolute_power__alpha__roi__R4__iqr__OE,0.0,0.0
xgboost,5,1,psd__absolute_power__alpha__roi__R4__median__CE,0.0,0.0
xgboost,5,1,psd__absolute_power__alpha__roi__R4__median__CE_minus_OE,0.0,0.0
xgboost,5,1,psd__absolute_power__alpha__roi__R4__median__OE,0.0,0.0
xgboost,5,1,psd__absolute_power__alpha__roi__R5__iqr__CE,0.0,0.0
xgboost,5,1,psd__absolute_power__alpha__roi__R5__iqr__CE_minus_OE,0.0,0.0
xgboost,5,1,psd__absolute_power__alpha__roi__R5__iqr__OE,0.0,0.0
xgboost,5,1,psd__absolute_power__alpha__roi__R5__median__CE,0.0,0.0
xgboost,5,1,psd__absolute_power__alpha__roi__R5__median__CE_minus_OE,0.0,0.0
xgboost,5,1,psd__absolute_power__alpha__roi__R5__median__OE,0.0,0.0
xgboost,5,1,psd__absolute_power__alpha__roi__R6__iqr__CE,0.0,0.0
xgboost,5,1,psd__absolute_power__alpha__roi__R6__iqr__CE_minus_OE,0.0,0.0
xgboost,5,1,psd__absolute_power__alpha__roi__R6__iqr__OE,0.0,0.0
xgboost,5,1,psd__absolute_power__alpha__roi__R6__median__CE,0.0,0.0
xgboost,5,1,psd__absolute_power__alpha__roi__R6__median__CE_minus_OE,0.0,0.0
xgboost,5,1,psd__absolute_power__alpha__roi__R6__median__OE,0.0,0.0
xgboost,5,1,psd__absolute_power__beta__roi__R1__iqr__CE,0.0,0.0
xgboost,5,1,psd__absolute_power__beta__roi__R1__iqr__CE_minus_OE,0.0,0.0
xgboost,5,1,psd__absolute_power__beta__roi__R1__iqr__OE,0.0,0.0
xgboost,5,1,psd__absolute_power__beta__roi__R1__median__CE,0.0,0.0
xgboost,5,1,psd__absolute_power__beta__roi__R1__median__CE_minus_OE,0.0,0.0
xgboost,5,1,psd__absolute_power__beta__roi__R1__median__OE,0.0,0.0
xgboost,5,1,psd__absolute_power__beta__roi__R2__iqr__CE,0.0,0.0
xgboost,5,1,psd__absolute_power__beta__roi__R2__iqr__CE_minus_OE,0.0,0.0
xgboost,5,1,psd__absolute_power__beta__roi__R2__iqr__OE,0.0,0.0
xgboost,5,1,psd__absolute_power__beta__roi__R2__median__CE,0.0,0.0
xgboost,5,1,psd__absolute_power__beta__roi__R2__median__CE_minus_OE,0.0,0.0
xgboost,5,1,psd__absolute_power__beta__roi__R2__median__OE,0.0,0.0
xgboost,5,1,psd__absolute_power__beta__roi__R3__iqr__CE,0.0,0.0
xgboost,5,1,psd__absolute_power__beta__roi__R3__iqr__CE_minus_OE,0.0,0.0
xgboost,5,1,psd__absolute_power__beta__roi__R3__iqr__OE,0.0,0.0
xgboost,5,1,psd__absolute_power__beta__roi__R3__median__CE,0.0,0.0
xgboost,5,1,psd__absolute_power__beta__roi__R3__median__CE_minus_OE,0.0,0.0
xgboost,5,1,psd__absolute_power__beta__roi__R3__median__OE,0.0,0.0
xgboost,5,1,psd__absolute_power__beta__roi__R4__iqr__CE,0.0,0.0
xgboost,5,1,psd__absolute_power__beta__roi__R4__iqr__CE_minus_OE,0.0,0.0
xgboost,5,1,psd__absolute_power__beta__roi__R4__iqr__OE,0.0,0.0
xgboost,5,1,psd__absolute_power__beta__roi__R4__median__CE,0.0,0.0
xgboost,5,1,psd__absolute_power__beta__roi__R4__median__CE_minus_OE,0.0,0.0
xgboost,5,1,psd__absolute_power__beta__roi__R4__median__OE,0.0,0.0
xgboost,5,1,psd__absolute_power__beta__roi__R5__iqr__CE,0.0,0.0
xgboost,5,1,psd__absolute_power__beta__roi__R5__iqr__CE_minus_OE,0.0,0.0
xgboost,5,1,psd__absolute_power__beta__roi__R5__iqr__OE,0.0,0.0
xgboost,5,1,psd__absolute_power__beta__roi__R5__median__CE,0.0,0.0
xgboost,5,1,psd__absolute_power__beta__roi__R5__median__CE_minus_OE,0.0,0.0
xgboost,5,1,psd__absolute_power__beta__roi__R5__median__OE,0.0,0.0
xgboost,5,1,psd__absolute_power__beta__roi__R6__iqr__CE,0.0,0.0
xgboost,5,1,psd__absolute_power__beta__roi__R6__iqr__CE_minus_OE,0.0,0.0
xgboost,5,1,psd__absolute_power__beta__roi__R6__iqr__OE,0.0,0.0
xgboost,5,1,psd__absolute_power__beta__roi__R6__median__CE,0.0,0.0
xgboost,5,1,psd__absolute_power__beta__roi__R6__median__CE_minus_OE,0.0,0.0
xgboost,5,1,psd__absolute_power__beta__roi__R6__median__OE,0.0,0.0
xgboost,5,1,psd__absolute_power__delta__roi__R1__iqr__CE,0.0,0.0
xgboost,5,1,psd__absolute_power__delta__roi__R1__iqr__CE_minus_OE,0.0,0.0
xgboost,5,1,psd__absolute_power__delta__roi__R1__iqr__OE,0.0,0.0
xgboost,5,1,psd__absolute_power__delta__roi__R1__median__CE,0.0,0.0
xgboost,5,1,psd__absolute_power__delta__roi__R1__median__CE_minus_OE,0.0,0.0
xgboost,5,1,psd__absolute_power__delta__roi__R1__median__OE,0.0,0.0
xgboost,5,1,psd__absolute_power__delta__roi__R2__iqr__CE,0.0,0.0
xgboost,5,1,psd__absolute_power__delta__roi__R2__iqr__CE_minus_OE,0.0,0.0
xgboost,5,1,psd__absolute_power__delta__roi__R2__iqr__OE,0.0,0.0
xgboost,5,1,psd__absolute_power__delta__roi__R2__median__CE,0.0,0.0
xgboost,5,1,psd__absolute_power__delta__roi__R2__median__CE_minus_OE,0.0,0.0
xgboost,5,1,psd__absolute_power__delta__roi__R2__median__OE,0.0,0.0
xgboost,5,1,psd__absolute_power__delta__roi__R3__iqr__CE,0.0,0.0
xgboost,5,1,psd__absolute_power__delta__roi__R3__iqr__CE_minus_OE,0.0,0.0
xgboost,5,1,psd__absolute_power__delta__roi__R3__iqr__OE,0.0,0.0
xgboost,5,1,psd__absolute_power__delta__roi__R3__median__CE,0.0,0.0
xgboost,5,1,psd__absolute_power__delta__roi__R3__median__CE_minus_OE,0.0,0.0
xgboost,5,1,psd__absolute_power__delta__roi__R3__median__OE,0.0,0.0
xgboost,5,1,psd__absolute_power__delta__roi__R4__iqr__CE,0.0,0.0
xgboost,5,1,psd__absolute_power__delta__roi__R4__iqr__CE_minus_OE,0.0,0.0
xgboost,5,1,psd__absolute_power__delta__roi__R4__iqr__OE,0.0,0.0
xgboost,5,1,psd__absolute_power__delta__roi__R4__median__CE,0.0,0.0
xgboost,5,1,psd__absolute_power__delta__roi__R4__median__CE_minus_OE,0.0,0.0
xgboost,5,1,psd__absolute_power__delta__roi__R4__median__OE,0.0,0.0
xgboost,5,1,psd__absolute_power__delta__roi__R5__iqr__CE,0.0,0.0
xgboost,5,1,psd__absolute_power__delta__roi__R5__iqr__CE_minus_OE,0.0,0.0
xgboost,5,1,psd__absolute_power__delta__roi__R5__iqr__OE,0.0,0.0
xgboost,5,1,psd__absolute_power__delta__roi__R5__median__CE,0.0,0.0
xgboost,5,1,psd__absolute_power__delta__roi__R5__median__CE_minus_OE,0.0,0.0
xgboost,5,1,psd__absolute_power__delta__roi__R5__median__OE,0.0,0.0
xgboost,5,1,psd__absolute_power__delta__roi__R6__iqr__CE,0.0,0.0
xgboost,5,1,psd__absolute_power__delta__roi__R6__iqr__CE_minus_OE,0.0,0.0
xgboost,5,1,psd__absolute_power__delta__roi__R6__iqr__OE,0.0,0.0
xgboost,5,1,psd__absolute_power__delta__roi__R6__median__CE,0.0,0.0
xgboost,5,1,psd__absolute_power__delta__roi__R6__median__CE_minus_OE,0.0,0.0
xgboost,5,1,psd__absolute_power__delta__roi__R6__median__OE,0.0,0.0
xgboost,5,1,psd__absolute_power__gamma__roi__R1__iqr__CE,0.0,0.0
xgboost,5,1,psd__absolute_power__gamma__roi__R1__iqr__CE_minus_OE,0.0,0.0
xgboost,5,1,psd__absolute_power__gamma__roi__R1__iqr__OE,0.0,0.0
xgboost,5,1,psd__absolute_power__gamma__roi__R1__median__CE,0.0,0.0
xgboost,5,1,psd__absolute_power__gamma__roi__R1__median__CE_minus_OE,0.0,0.0
xgboost,5,1,psd__absolute_power__gamma__roi__R1__median__OE,0.0,0.0
xgboost,5,1,psd__absolute_power__gamma__roi__R2__iqr__CE,0.0,0.0
xgboost,5,1,psd__absolute_power__gamma__roi__R2__iqr__CE_minus_OE,0.0,0.0
xgboost,5,1,psd__absolute_power__gamma__roi__R2__iqr__OE,0.0,0.0
xgboost,5,1,psd__absolute_power__gamma__roi__R2__median__CE,0.0,0.0
xgboost,5,1,psd__absolute_power__gamma__roi__R2__median__CE_minus_OE,0.0,0.0
xgboost,5,1,psd__absolute_power__gamma__roi__R2__median__OE,0.0,0.0
xgboost,5,1,psd__absolute_power__gamma__roi__R3__iqr__CE,0.0,0.0
xgboost,5,1,psd__absolute_power__gamma__roi__R3__iqr__CE_minus_OE,0.0,0.0
xgboost,5,1,psd__absolute_power__gamma__roi__R3__iqr__OE,0.0,0.0
xgboost,5,1,psd__absolute_power__gamma__roi__R3__median__CE,0.0,0.0
xgboost,5,1,psd__absolute_power__gamma__roi__R3__median__CE_minus_OE,0.0,0.0
xgboost,5,1,psd__absolute_power__gamma__roi__R3__median__OE,0.0,0.0
xgboost,5,1,psd__absolute_power__gamma__roi__R4__iqr__CE,0.0,0.0
xgboost,5,1,psd__absolute_power__gamma__roi__R4__iqr__CE_minus_OE,0.0,0.0
xgboost,5,1,psd__absolute_power__gamma__roi__R4__iqr__OE,0.0,0.0
xgboost,5,1,psd__absolute_power__gamma__roi__R4__median__CE,0.0,0.0
xgboost,5,1,psd__absolute_power__gamma__roi__R4__median__CE_minus_OE,0.0,0.0
xgboost,5,1,psd__absolute_power__gamma__roi__R4__median__OE,0.0,0.0
xgboost,5,1,psd__absolute_power__gamma__roi__R5__iqr__CE,0.0,0.0
xgboost,5,1,psd__absolute_power__gamma__roi__R5__iqr__CE_minus_OE,0.0,0.0
xgboost,5,1,psd__absolute_power__gamma__roi__R5__iqr__OE,0.0,0.0
xgboost,5,1,psd__absolute_power__gamma__roi__R5__median__CE,0.0,0.0
xgboost,5,1,psd__absolute_power__gamma__roi__R5__median__CE_minus_OE,0.0,0.0
xgboost,5,1,psd__absolute_power__gamma__roi__R5__median__OE,0.0,0.0
xgboost,5,1,psd__absolute_power__gamma__roi__R6__iqr__CE,0.0,0.0
xgboost,5,1,psd__absolute_power__gamma__roi__R6__iqr__CE_minus_OE,0.0,0.0
xgboost,5,1,psd__absolute_power__gamma__roi__R6__iqr__OE,0.0,0.0
xgboost,5,1,psd__absolute_power__gamma__roi__R6__median__CE,0.0,0.0
xgboost,5,1,psd__absolute_power__gamma__roi__R6__median__CE_minus_OE,0.0,0.0
xgboost,5,1,psd__absolute_power__gamma__roi__R6__median__OE,0.0,0.0
xgboost,5,1,psd__absolute_power__theta__roi__R1__iqr__CE,0.0,0.0
xgboost,5,1,psd__absolute_power__theta__roi__R1__iqr__CE_minus_OE,0.0,0.0
xgboost,5,1,psd__absolute_power__theta__roi__R1__iqr__OE,0.0,0.0
xgboost,5,1,psd__absolute_power__theta__roi__R1__median__CE,0.0,0.0
xgboost,5,1,psd__absolute_power__theta__roi__R1__median__CE_minus_OE,0.0,0.0
xgboost,5,1,psd__absolute_power__theta__roi__R1__median__OE,0.0,0.0
xgboost,5,1,psd__absolute_power__theta__roi__R2__iqr__CE,0.0,0.0
xgboost,5,1,psd__absolute_power__theta__roi__R2__iqr__CE_minus_OE,0.0,0.0
xgboost,5,1,psd__absolute_power__theta__roi__R2__iqr__OE,0.0,0.0
xgboost,5,1,psd__absolute_power__theta__roi__R2__median__CE,0.0,0.0
xgboost,5,1,psd__absolute_power__theta__roi__R2__median__CE_minus_OE,0.0,0.0
xgboost,5,1,psd__absolute_power__theta__roi__R2__median__OE,0.0,0.0
xgboost,5,1,psd__absolute_power__theta__roi__R3__iqr__CE,0.0,0.0
xgboost,5,1,psd__absolute_power__theta__roi__R3__iqr__CE_minus_OE,0.0,0.0
xgboost,5,1,psd__absolute_power__theta__roi__R3__iqr__OE,0.0,0.0
xgboost,5,1,psd__absolute_power__theta__roi__R3__median__CE,0.0,0.0
xgboost,5,1,psd__absolute_power__theta__roi__R3__median__CE_minus_OE,0.0,0.0
xgboost,5,1,psd__absolute_power__theta__roi__R3__median__OE,0.0,0.0
xgboost,5,1,psd__absolute_power__theta__roi__R4__iqr__CE,0.0,0.0
xgboost,5,1,psd__absolute_power__theta__roi__R4__iqr__CE_minus_OE,0.0,0.0
xgboost,5,1,psd__absolute_power__theta__roi__R4__iqr__OE,0.0,0.0
xgboost,5,1,psd__absolute_power__theta__roi__R4__median__CE,0.0,0.0
xgboost,5,1,psd__absolute_power__theta__roi__R4__median__CE_minus_OE,0.0,0.0
xgboost,5,1,psd__absolute_power__theta__roi__R4__median__OE,0.0,0.0
xgboost,5,1,psd__absolute_power__theta__roi__R5__iqr__CE,0.0,0.0
xgboost,5,1,psd__absolute_power__theta__roi__R5__iqr__CE_minus_OE,0.0,0.0
xgboost,5,1,psd__absolute_power__theta__roi__R5__iqr__OE,0.0,0.0
xgboost,5,1,psd__absolute_power__theta__roi__R5__median__CE,0.0,0.0
xgboost,5,1,psd__absolute_power__theta__roi__R5__median__CE_minus_OE,0.0,0.0
xgboost,5,1,psd__absolute_power__theta__roi__R5__median__OE,0.0,0.0
xgboost,5,1,psd__absolute_power__theta__roi__R6__iqr__CE,0.0,0.0
xgboost,5,1,psd__absolute_power__theta__roi__R6__iqr__CE_minus_OE,0.0,0.0
xgboost,5,1,psd__absolute_power__theta__roi__R6__iqr__OE,0.0,0.0
xgboost,5,1,psd__absolute_power__theta__roi__R6__median__CE,0.0,0.0
xgboost,5,1,psd__absolute_power__theta__roi__R6__median__CE_minus_OE,0.0,0.0
xgboost,5,1,psd__absolute_power__theta__roi__R6__median__OE,0.0,0.0
xgboost,5,1,psd__delta_alpha_ratio__derived__roi__R1__iqr__CE,0.0,0.0
xgboost,5,1,psd__delta_alpha_ratio__derived__roi__R1__iqr__CE_minus_OE,0.0,0.0
xgboost,5,1,psd__delta_alpha_ratio__derived__roi__R1__iqr__OE,0.09899476915597916,0.09899476915597916
xgboost,5,1,psd__delta_alpha_ratio__derived__roi__R1__median__CE,0.0,0.0
xgboost,5,1,psd__delta_alpha_ratio__derived__roi__R1__median__CE_minus_OE,0.0,0.0
xgboost,5,1,psd__delta_alpha_ratio__derived__roi__R1__median__OE,0.0,0.0
xgboost,5,1,psd__delta_alpha_ratio__derived__roi__R2__iqr__CE,0.0,0.0
xgboost,5,1,psd__delta_alpha_ratio__derived__roi__R2__iqr__CE_minus_OE,0.0,0.0
xgboost,5,1,psd__delta_alpha_ratio__derived__roi__R2__iqr__OE,0.0,0.0
xgboost,5,1,psd__delta_alpha_ratio__derived__roi__R2__median__CE,0.0,0.0
xgboost,5,1,psd__delta_alpha_ratio__derived__roi__R2__median__CE_minus_OE,0.0,0.0
xgboost,5,1,psd__delta_alpha_ratio__derived__roi__R2__median__OE,0.0,0.0
xgboost,5,1,psd__delta_alpha_ratio__derived__roi__R3__iqr__CE,0.0,0.0
xgboost,5,1,psd__delta_alpha_ratio__derived__roi__R3__iqr__CE_minus_OE,0.0,0.0
xgboost,5,1,psd__delta_alpha_ratio__derived__roi__R3__iqr__OE,0.0,0.0
xgboost,5,1,psd__delta_alpha_ratio__derived__roi__R3__median__CE,0.0,0.0
xgboost,5,1,psd__delta_alpha_ratio__derived__roi__R3__median__CE_minus_OE,0.0,0.0
xgboost,5,1,psd__delta_alpha_ratio__derived__roi__R3__median__OE,0.0,0.0
xgboost,5,1,psd__delta_alpha_ratio__derived__roi__R4__iqr__CE,0.0,0.0
xgboost,5,1,psd__delta_alpha_ratio__derived__roi__R4__iqr__CE_minus_OE,0.0,0.0
xgboost,5,1,psd__delta_alpha_ratio__derived__roi__R4__iqr__OE,0.0,0.0
xgboost,5,1,psd__delta_alpha_ratio__derived__roi__R4__median__CE,0.0,0.0
xgboost,5,1,psd__delta_alpha_ratio__derived__roi__R4__median__CE_minus_OE,0.0,0.0
xgboost,5,1,psd__delta_alpha_ratio__derived__roi__R4__median__OE,0.0,0.0
xgboost,5,1,psd__delta_alpha_ratio__derived__roi__R5__iqr__CE,0.0,0.0
xgboost,5,1,psd__delta_alpha_ratio__derived__roi__R5__iqr__CE_minus_OE,0.0,0.0
xgboost,5,1,psd__delta_alpha_ratio__derived__roi__R5__iqr__OE,0.0,0.0
xgboost,5,1,psd__delta_alpha_ratio__derived__roi__R5__median__CE,0.0,0.0
xgboost,5,1,psd__delta_alpha_ratio__derived__roi__R5__median__CE_minus_OE,0.0,0.0
xgboost,5,1,psd__delta_alpha_ratio__derived__roi__R5__median__OE,0.0,0.0
xgboost,5,1,psd__delta_alpha_ratio__derived__roi__R6__iqr__CE,0.0,0.0
xgboost,5,1,psd__delta_alpha_ratio__derived__roi__R6__iqr__CE_minus_OE,0.0,0.0
xgboost,5,1,psd__delta_alpha_ratio__derived__roi__R6__iqr__OE,0.0,0.0
xgboost,5,1,psd__delta_alpha_ratio__derived__roi__R6__median__CE,0.0,0.0
xgboost,5,1,psd__delta_alpha_ratio__derived__roi__R6__median__CE_minus_OE,0.0,0.0
xgboost,5,1,psd__delta_alpha_ratio__derived__roi__R6__median__OE,0.0,0.0
xgboost,5,1,psd__relative_power__alpha__roi__R1__iqr__CE,0.0,0.0
xgboost,5,1,psd__relative_power__alpha__roi__R1__iqr__CE_minus_OE,0.0,0.0
xgboost,5,1,psd__relative_power__alpha__roi__R1__iqr__OE,0.0,0.0
xgboost,5,1,psd__relative_power__alpha__roi__R1__median__CE,0.0,0.0
xgboost,5,1,psd__relative_power__alpha__roi__R1__median__CE_minus_OE,0.0,0.0
xgboost,5,1,psd__relative_power__alpha__roi__R1__median__OE,0.0,0.0
xgboost,5,1,psd__relative_power__alpha__roi__R2__iqr__CE,0.0,0.0
xgboost,5,1,psd__relative_power__alpha__roi__R2__iqr__CE_minus_OE,0.0,0.0
xgboost,5,1,psd__relative_power__alpha__roi__R2__iqr__OE,0.0,0.0
xgboost,5,1,psd__relative_power__alpha__roi__R2__median__CE,0.0,0.0
xgboost,5,1,psd__relative_power__alpha__roi__R2__median__CE_minus_OE,0.0,0.0
xgboost,5,1,psd__relative_power__alpha__roi__R2__median__OE,0.0,0.0
xgboost,5,1,psd__relative_power__alpha__roi__R3__iqr__CE,0.0,0.0
xgboost,5,1,psd__relative_power__alpha__roi__R3__iqr__CE_minus_OE,0.0,0.0
xgboost,5,1,psd__relative_power__alpha__roi__R3__iqr__OE,0.0,0.0
xgboost,5,1,psd__relative_power__alpha__roi__R3__median__CE,0.0,0.0
xgboost,5,1,psd__relative_power__alpha__roi__R3__median__CE_minus_OE,0.0,0.0
xgboost,5,1,psd__relative_power__alpha__roi__R3__median__OE,0.0,0.0
xgboost,5,1,psd__relative_power__alpha__roi__R4__iqr__CE,0.0,0.0
xgboost,5,1,psd__relative_power__alpha__roi__R4__iqr__CE_minus_OE,0.0,0.0
xgboost,5,1,psd__relative_power__alpha__roi__R4__iqr__OE,0.0,0.0
xgboost,5,1,psd__relative_power__alpha__roi__R4__median__CE,0.0,0.0
xgboost,5,1,psd__relative_power__alpha__roi__R4__median__CE_minus_OE,0.0,0.0
xgboost,5,1,psd__relative_power__alpha__roi__R4__median__OE,0.0,0.0
xgboost,5,1,psd__relative_power__alpha__roi__R5__iqr__CE,0.0,0.0
xgboost,5,1,psd__relative_power__alpha__roi__R5__iqr__CE_minus_OE,0.0,0.0
xgboost,5,1,psd__relative_power__alpha__roi__R5__iqr__OE,0.0,0.0
xgboost,5,1,psd__relative_power__alpha__roi__R5__median__CE,0.0,0.0
xgboost,5,1,psd__relative_power__alpha__roi__R5__median__CE_minus_OE,0.0,0.0
xgboost,5,1,psd__relative_power__alpha__roi__R5__median__OE,0.0,0.0
xgboost,5,1,psd__relative_power__alpha__roi__R6__iqr__CE,0.0,0.0
xgboost,5,1,psd__relative_power__alpha__roi__R6__iqr__CE_minus_OE,0.0,0.0
xgboost,5,1,psd__relative_power__alpha__roi__R6__iqr__OE,0.0,0.0
xgboost,5,1,psd__relative_power__alpha__roi__R6__median__CE,0.0,0.0
xgboost,5,1,psd__relative_power__alpha__roi__R6__median__CE_minus_OE,0.0,0.0
xgboost,5,1,psd__relative_power__alpha__roi__R6__median__OE,0.0,0.0
xgboost,5,1,psd__relative_power__beta__roi__R1__iqr__CE,0.0,0.0
xgboost,5,1,psd__relative_power__beta__roi__R1__iqr__CE_minus_OE,0.0,0.0
xgboost,5,1,psd__relative_power__beta__roi__R1__iqr__OE,0.0,0.0
xgboost,5,1,psd__relative_power__beta__roi__R1__median__CE,0.0,0.0
xgboost,5,1,psd__relative_power__beta__roi__R1__median__CE_minus_OE,0.0,0.0
xgboost,5,1,psd__relative_power__beta__roi__R1__median__OE,0.0,0.0
xgboost,5,1,psd__relative_power__beta__roi__R2__iqr__CE,0.0,0.0
xgboost,5,1,psd__relative_power__beta__roi__R2__iqr__CE_minus_OE,0.0,0.0
xgboost,5,1,psd__relative_power__beta__roi__R2__iqr__OE,0.0,0.0
xgboost,5,1,psd__relative_power__beta__roi__R2__median__CE,0.0,0.0
xgboost,5,1,psd__relative_power__beta__roi__R2__median__CE_minus_OE,0.0,0.0
xgboost,5,1,psd__relative_power__beta__roi__R2__median__OE,0.0,0.0
xgboost,5,1,psd__relative_power__beta__roi__R3__iqr__CE,0.0,0.0
xgboost,5,1,psd__relative_power__beta__roi__R3__iqr__CE_minus_OE,0.0,0.0
xgboost,5,1,psd__relative_power__beta__roi__R3__iqr__OE,0.0,0.0
xgboost,5,1,psd__relative_power__beta__roi__R3__median__CE,0.0,0.0
xgboost,5,1,psd__relative_power__beta__roi__R3__median__CE_minus_OE,0.0,0.0
xgboost,5,1,psd__relative_power__beta__roi__R3__median__OE,0.0,0.0
xgboost,5,1,psd__relative_power__beta__roi__R4__iqr__CE,0.0,0.0
xgboost,5,1,psd__relative_power__beta__roi__R4__iqr__CE_minus_OE,0.0,0.0
xgboost,5,1,psd__relative_power__beta__roi__R4__iqr__OE,0.0,0.0
xgboost,5,1,psd__relative_power__beta__roi__R4__median__CE,0.0,0.0
xgboost,5,1,psd__relative_power__beta__roi__R4__median__CE_minus_OE,0.0,0.0
xgboost,5,1,psd__relative_power__beta__roi__R4__median__OE,0.0,0.0
xgboost,5,1,psd__relative_power__beta__roi__R5__iqr__CE,0.3486795723438263,0.3486795723438263
xgboost,5,1,psd__relative_power__beta__roi__R5__iqr__CE_minus_OE,0.0,0.0
xgboost,5,1,psd__relative_power__beta__roi__R5__iqr__OE,0.0,0.0
xgboost,5,1,psd__relative_power__beta__roi__R5__median__CE,0.0,0.0
xgboost,5,1,psd__relative_power__beta__roi__R5__median__CE_minus_OE,0.0,0.0
xgboost,5,1,psd__relative_power__beta__roi__R5__median__OE,0.0,0.0
xgboost,5,1,psd__relative_power__beta__roi__R6__iqr__CE,0.0,0.0
xgboost,5,1,psd__relative_power__beta__roi__R6__iqr__CE_minus_OE,0.0,0.0
xgboost,5,1,psd__relative_power__beta__roi__R6__iqr__OE,0.0,0.0
xgboost,5,1,psd__relative_power__beta__roi__R6__median__CE,0.0,0.0
xgboost,5,1,psd__relative_power__beta__roi__R6__median__CE_minus_OE,0.0,0.0
xgboost,5,1,psd__relative_power__beta__roi__R6__median__OE,0.0,0.0
xgboost,5,1,psd__relative_power__delta__roi__R1__iqr__CE,0.0,0.0
xgboost,5,1,psd__relative_power__delta__roi__R1__iqr__CE_minus_OE,0.0,0.0
xgboost,5,1,psd__relative_power__delta__roi__R1__iqr__OE,0.0,0.0
xgboost,5,1,psd__relative_power__delta__roi__R1__median__CE,0.0,0.0
xgboost,5,1,psd__relative_power__delta__roi__R1__median__CE_minus_OE,0.0,0.0
xgboost,5,1,psd__relative_power__delta__roi__R1__median__OE,0.0,0.0
xgboost,5,1,psd__relative_power__delta__roi__R2__iqr__CE,0.0,0.0
xgboost,5,1,psd__relative_power__delta__roi__R2__iqr__CE_minus_OE,0.0,0.0
xgboost,5,1,psd__relative_power__delta__roi__R2__iqr__OE,0.0,0.0
xgboost,5,1,psd__relative_power__delta__roi__R2__median__CE,0.0,0.0
xgboost,5,1,psd__relative_power__delta__roi__R2__median__CE_minus_OE,0.0,0.0
xgboost,5,1,psd__relative_power__delta__roi__R2__median__OE,0.0,0.0
xgboost,5,1,psd__relative_power__delta__roi__R3__iqr__CE,0.0,0.0
xgboost,5,1,psd__relative_power__delta__roi__R3__iqr__CE_minus_OE,0.20972386002540588,0.20972386002540588
xgboost,5,1,psd__relative_power__delta__roi__R3__iqr__OE,0.0,0.0
xgboost,5,1,psd__relative_power__delta__roi__R3__median__CE,0.0,0.0
xgboost,5,1,psd__relative_power__delta__roi__R3__median__CE_minus_OE,0.0,0.0
xgboost,5,1,psd__relative_power__delta__roi__R3__median__OE,0.0,0.0
xgboost,5,1,psd__relative_power__delta__roi__R4__iqr__CE,0.0,0.0
xgboost,5,1,psd__relative_power__delta__roi__R4__iqr__CE_minus_OE,0.0,0.0
xgboost,5,1,psd__relative_power__delta__roi__R4__iqr__OE,0.0,0.0
xgboost,5,1,psd__relative_power__delta__roi__R4__median__CE,0.0,0.0
xgboost,5,1,psd__relative_power__delta__roi__R4__median__CE_minus_OE,0.0,0.0
xgboost,5,1,psd__relative_power__delta__roi__R4__median__OE,0.0,0.0
xgboost,5,1,psd__relative_power__delta__roi__R5__iqr__CE,0.0,0.0
xgboost,5,1,psd__relative_power__delta__roi__R5__iqr__CE_minus_OE,0.0,0.0
xgboost,5,1,psd__relative_power__delta__roi__R5__iqr__OE,0.0,0.0
xgboost,5,1,psd__relative_power__delta__roi__R5__median__CE,0.0,0.0
xgboost,5,1,psd__relative_power__delta__roi__R5__median__CE_minus_OE,0.0,0.0
xgboost,5,1,psd__relative_power__delta__roi__R5__median__OE,0.0,0.0
xgboost,5,1,psd__relative_power__delta__roi__R6__iqr__CE,0.0,0.0
xgboost,5,1,psd__relative_power__delta__roi__R6__iqr__CE_minus_OE,0.0,0.0
xgboost,5,1,psd__relative_power__delta__roi__R6__iqr__OE,0.0,0.0
xgboost,5,1,psd__relative_power__delta__roi__R6__median__CE,0.0,0.0
xgboost,5,1,psd__relative_power__delta__roi__R6__median__CE_minus_OE,0.0,0.0
xgboost,5,1,psd__relative_power__delta__roi__R6__median__OE,0.0,0.0
xgboost,5,1,psd__relative_power__gamma__roi__R1__iqr__CE,0.0,0.0
xgboost,5,1,psd__relative_power__gamma__roi__R1__iqr__CE_minus_OE,0.0,0.0
xgboost,5,1,psd__relative_power__gamma__roi__R1__iqr__OE,0.0,0.0
xgboost,5,1,psd__relative_power__gamma__roi__R1__median__CE,0.0,0.0
xgboost,5,1,psd__relative_power__gamma__roi__R1__median__CE_minus_OE,0.0,0.0
xgboost,5,1,psd__relative_power__gamma__roi__R1__median__OE,0.0,0.0
xgboost,5,1,psd__relative_power__gamma__roi__R2__iqr__CE,0.0,0.0
xgboost,5,1,psd__relative_power__gamma__roi__R2__iqr__CE_minus_OE,0.0,0.0
xgboost,5,1,psd__relative_power__gamma__roi__R2__iqr__OE,0.0,0.0
xgboost,5,1,psd__relative_power__gamma__roi__R2__median__CE,0.0,0.0
xgboost,5,1,psd__relative_power__gamma__roi__R2__median__CE_minus_OE,0.0,0.0
xgboost,5,1,psd__relative_power__gamma__roi__R2__median__OE,0.0,0.0
xgboost,5,1,psd__relative_power__gamma__roi__R3__iqr__CE,0.0,0.0
xgboost,5,1,psd__relative_power__gamma__roi__R3__iqr__CE_minus_OE,0.0,0.0
xgboost,5,1,psd__relative_power__gamma__roi__R3__iqr__OE,0.0,0.0
xgboost,5,1,psd__relative_power__gamma__roi__R3__median__CE,0.0,0.0
xgboost,5,1,psd__relative_power__gamma__roi__R3__median__CE_minus_OE,0.0,0.0
xgboost,5,1,psd__relative_power__gamma__roi__R3__median__OE,0.0,0.0
xgboost,5,1,psd__relative_power__gamma__roi__R4__iqr__CE,0.0,0.0
xgboost,5,1,psd__relative_power__gamma__roi__R4__iqr__CE_minus_OE,0.0,0.0
xgboost,5,1,psd__relative_power__gamma__roi__R4__iqr__OE,0.0,0.0
xgboost,5,1,psd__relative_power__gamma__roi__R4__median__CE,0.0,0.0
xgboost,5,1,psd__relative_power__gamma__roi__R4__median__CE_minus_OE,0.0,0.0
xgboost,5,1,psd__relative_power__gamma__roi__R4__median__OE,0.0,0.0
xgboost,5,1,psd__relative_power__gamma__roi__R5__iqr__CE,0.0,0.0
xgboost,5,1,psd__relative_power__gamma__roi__R5__iqr__CE_minus_OE,0.0,0.0
xgboost,5,1,psd__relative_power__gamma__roi__R5__iqr__OE,0.0,0.0
xgboost,5,1,psd__relative_power__gamma__roi__R5__median__CE,0.0,0.0
xgboost,5,1,psd__relative_power__gamma__roi__R5__median__CE_minus_OE,0.0,0.0
xgboost,5,1,psd__relative_power__gamma__roi__R5__median__OE,0.0,0.0
xgboost,5,1,psd__relative_power__gamma__roi__R6__iqr__CE,0.0,0.0
xgboost,5,1,psd__relative_power__gamma__roi__R6__iqr__CE_minus_OE,0.0,0.0
xgboost,5,1,psd__relative_power__gamma__roi__R6__iqr__OE,0.0,0.0
xgboost,5,1,psd__relative_power__gamma__roi__R6__median__CE,0.09618930518627167,0.09618930518627167
xgboost,5,1,psd__relative_power__gamma__roi__R6__median__CE_minus_OE,0.0,0.0
xgboost,5,1,psd__relative_power__gamma__roi__R6__median__OE,0.0,0.0
xgboost,5,1,psd__relative_power__theta__roi__R1__iqr__CE,0.0,0.0
xgboost,5,1,psd__relative_power__theta__roi__R1__iqr__CE_minus_OE,0.0,0.0
xgboost,5,1,psd__relative_power__theta__roi__R1__iqr__OE,0.0,0.0
xgboost,5,1,psd__relative_power__theta__roi__R1__median__CE,0.0,0.0
xgboost,5,1,psd__relative_power__theta__roi__R1__median__CE_minus_OE,0.0,0.0
xgboost,5,1,psd__relative_power__theta__roi__R1__median__OE,0.0,0.0
xgboost,5,1,psd__relative_power__theta__roi__R2__iqr__CE,0.0,0.0
xgboost,5,1,psd__relative_power__theta__roi__R2__iqr__CE_minus_OE,0.0,0.0
xgboost,5,1,psd__relative_power__theta__roi__R2__iqr__OE,0.0,0.0
xgboost,5,1,psd__relative_power__theta__roi__R2__median__CE,0.0,0.0
xgboost,5,1,psd__relative_power__theta__roi__R2__median__CE_minus_OE,0.0,0.0
xgboost,5,1,psd__relative_power__theta__roi__R2__median__OE,0.0,0.0
xgboost,5,1,psd__relative_power__theta__roi__R3__iqr__CE,0.0,0.0
xgboost,5,1,psd__relative_power__theta__roi__R3__iqr__CE_minus_OE,0.0,0.0
xgboost,5,1,psd__relative_power__theta__roi__R3__iqr__OE,0.0,0.0
xgboost,5,1,psd__relative_power__theta__roi__R3__median__CE,0.0,0.0
xgboost,5,1,psd__relative_power__theta__roi__R3__median__CE_minus_OE,0.0,0.0
xgboost,5,1,psd__relative_power__theta__roi__R3__median__OE,0.0,0.0
xgboost,5,1,psd__relative_power__theta__roi__R4__iqr__CE,0.0,0.0
xgboost,5,1,psd__relative_power__theta__roi__R4__iqr__CE_minus_OE,0.0,0.0
xgboost,5,1,psd__relative_power__theta__roi__R4__iqr__OE,0.0,0.0
xgboost,5,1,psd__relative_power__theta__roi__R4__median__CE,0.0,0.0
xgboost,5,1,psd__relative_power__theta__roi__R4__median__CE_minus_OE,0.0,0.0
xgboost,5,1,psd__relative_power__theta__roi__R4__median__OE,0.0,0.0
xgboost,5,1,psd__relative_power__theta__roi__R5__iqr__CE,0.0,0.0
xgboost,5,1,psd__relative_power__theta__roi__R5__iqr__CE_minus_OE,0.0,0.0
xgboost,5,1,psd__relative_power__theta__roi__R5__iqr__OE,0.0,0.0
xgboost,5,1,psd__relative_power__theta__roi__R5__median__CE,0.0,0.0
xgboost,5,1,psd__relative_power__theta__roi__R5__median__CE_minus_OE,0.0,0.0
xgboost,5,1,psd__relative_power__theta__roi__R5__median__OE,0.0,0.0
xgboost,5,1,psd__relative_power__theta__roi__R6__iqr__CE,0.08437485247850418,0.08437485247850418
xgboost,5,1,psd__relative_power__theta__roi__R6__iqr__CE_minus_OE,0.0,0.0
xgboost,5,1,psd__relative_power__theta__roi__R6__iqr__OE,0.0,0.0
xgboost,5,1,psd__relative_power__theta__roi__R6__median__CE,0.0,0.0
xgboost,5,1,psd__relative_power__theta__roi__R6__median__CE_minus_OE,0.0,0.0
xgboost,5,1,psd__relative_power__theta__roi__R6__median__OE,0.0,0.0
xgboost,5,1,psd__sfr__derived__roi__R1__iqr__CE,0.0,0.0
xgboost,5,1,psd__sfr__derived__roi__R1__iqr__CE_minus_OE,0.0,0.0
xgboost,5,1,psd__sfr__derived__roi__R1__iqr__OE,0.0,0.0
xgboost,5,1,psd__sfr__derived__roi__R1__median__CE,0.0,0.0
xgboost,5,1,psd__sfr__derived__roi__R1__median__CE_minus_OE,0.0,0.0
xgboost,5,1,psd__sfr__derived__roi__R1__median__OE,0.0,0.0
xgboost,5,1,psd__sfr__derived__roi__R2__iqr__CE,0.0,0.0
xgboost,5,1,psd__sfr__derived__roi__R2__iqr__CE_minus_OE,0.0,0.0
xgboost,5,1,psd__sfr__derived__roi__R2__iqr__OE,0.0,0.0
xgboost,5,1,psd__sfr__derived__roi__R2__median__CE,0.0,0.0
xgboost,5,1,psd__sfr__derived__roi__R2__median__CE_minus_OE,0.0,0.0
xgboost,5,1,psd__sfr__derived__roi__R2__median__OE,0.0,0.0
xgboost,5,1,psd__sfr__derived__roi__R3__iqr__CE,0.0,0.0
xgboost,5,1,psd__sfr__derived__roi__R3__iqr__CE_minus_OE,0.0,0.0
xgboost,5,1,psd__sfr__derived__roi__R3__iqr__OE,0.0,0.0
xgboost,5,1,psd__sfr__derived__roi__R3__median__CE,0.0,0.0
xgboost,5,1,psd__sfr__derived__roi__R3__median__CE_minus_OE,0.0,0.0
xgboost,5,1,psd__sfr__derived__roi__R3__median__OE,0.0,0.0
xgboost,5,1,psd__sfr__derived__roi__R4__iqr__CE,0.0,0.0
xgboost,5,1,psd__sfr__derived__roi__R4__iqr__CE_minus_OE,0.0,0.0
xgboost,5,1,psd__sfr__derived__roi__R4__iqr__OE,0.0,0.0
xgboost,5,1,psd__sfr__derived__roi__R4__median__CE,0.0,0.0
xgboost,5,1,psd__sfr__derived__roi__R4__median__CE_minus_OE,0.0,0.0
xgboost,5,1,psd__sfr__derived__roi__R4__median__OE,0.0,0.0
xgboost,5,1,psd__sfr__derived__roi__R5__iqr__CE,0.0,0.0
xgboost,5,1,psd__sfr__derived__roi__R5__iqr__CE_minus_OE,0.0,0.0
xgboost,5,1,psd__sfr__derived__roi__R5__iqr__OE,0.0,0.0
xgboost,5,1,psd__sfr__derived__roi__R5__median__CE,0.0,0.0
xgboost,5,1,psd__sfr__derived__roi__R5__median__CE_minus_OE,0.0,0.0
xgboost,5,1,psd__sfr__derived__roi__R5__median__OE,0.0,0.0
xgboost,5,1,psd__sfr__derived__roi__R6__iqr__CE,0.0,0.0
xgboost,5,1,psd__sfr__derived__roi__R6__iqr__CE_minus_OE,0.0,0.0
xgboost,5,1,psd__sfr__derived__roi__R6__iqr__OE,0.0,0.0
xgboost,5,1,psd__sfr__derived__roi__R6__median__CE,0.0,0.0
xgboost,5,1,psd__sfr__derived__roi__R6__median__CE_minus_OE,0.0,0.0
xgboost,5,1,psd__sfr__derived__roi__R6__median__OE,0.0,0.0
xgboost,5,1,psd__theta_alpha_ratio__derived__roi__R1__iqr__CE,0.0,0.0
xgboost,5,1,psd__theta_alpha_ratio__derived__roi__R1__iqr__CE_minus_OE,0.0,0.0
xgboost,5,1,psd__theta_alpha_ratio__derived__roi__R1__iqr__OE,0.0,0.0
xgboost,5,1,psd__theta_alpha_ratio__derived__roi__R1__median__CE,0.0,0.0
xgboost,5,1,psd__theta_alpha_ratio__derived__roi__R1__median__CE_minus_OE,0.0,0.0
xgboost,5,1,psd__theta_alpha_ratio__derived__roi__R1__median__OE,0.0,0.0
xgboost,5,1,psd__theta_alpha_ratio__derived__roi__R2__iqr__CE,0.0,0.0
xgboost,5,1,psd__theta_alpha_ratio__derived__roi__R2__iqr__CE_minus_OE,0.0,0.0
xgboost,5,1,psd__theta_alpha_ratio__derived__roi__R2__iqr__OE,0.0,0.0
xgboost,5,1,psd__theta_alpha_ratio__derived__roi__R2__median__CE,0.0,0.0
xgboost,5,1,psd__theta_alpha_ratio__derived__roi__R2__median__CE_minus_OE,0.0,0.0
xgboost,5,1,psd__theta_alpha_ratio__derived__roi__R2__median__OE,0.0,0.0
xgboost,5,1,psd__theta_alpha_ratio__derived__roi__R3__iqr__CE,0.0,0.0
xgboost,5,1,psd__theta_alpha_ratio__derived__roi__R3__iqr__CE_minus_OE,0.0,0.0
xgboost,5,1,psd__theta_alpha_ratio__derived__roi__R3__iqr__OE,0.0,0.0
xgboost,5,1,psd__theta_alpha_ratio__derived__roi__R3__median__CE,0.0,0.0
xgboost,5,1,psd__theta_alpha_ratio__derived__roi__R3__median__CE_minus_OE,0.0,0.0
xgboost,5,1,psd__theta_alpha_ratio__derived__roi__R3__median__OE,0.0,0.0
xgboost,5,1,psd__theta_alpha_ratio__derived__roi__R4__iqr__CE,0.0,0.0
xgboost,5,1,psd__theta_alpha_ratio__derived__roi__R4__iqr__CE_minus_OE,0.0,0.0
xgboost,5,1,psd__theta_alpha_ratio__derived__roi__R4__iqr__OE,0.0,0.0
xgboost,5,1,psd__theta_alpha_ratio__derived__roi__R4__median__CE,0.0,0.0
xgboost,5,1,psd__theta_alpha_ratio__derived__roi__R4__median__CE_minus_OE,0.0,0.0
xgboost,5,1,psd__theta_alpha_ratio__derived__roi__R4__median__OE,0.0,0.0
xgboost,5,1,psd__theta_alpha_ratio__derived__roi__R5__iqr__CE,0.0,0.0
xgboost,5,1,psd__theta_alpha_ratio__derived__roi__R5__iqr__CE_minus_OE,0.0,0.0
xgboost,5,1,psd__theta_alpha_ratio__derived__roi__R5__iqr__OE,0.0,0.0
xgboost,5,1,psd__theta_alpha_ratio__derived__roi__R5__median__CE,0.0,0.0
xgboost,5,1,psd__theta_alpha_ratio__derived__roi__R5__median__CE_minus_OE,0.0,0.0
xgboost,5,1,psd__theta_alpha_ratio__derived__roi__R5__median__OE,0.0,0.0
xgboost,5,1,psd__theta_alpha_ratio__derived__roi__R6__iqr__CE,0.0,0.0
xgboost,5,1,psd__theta_alpha_ratio__derived__roi__R6__iqr__CE_minus_OE,0.0,0.0
xgboost,5,1,psd__theta_alpha_ratio__derived__roi__R6__iqr__OE,0.0,0.0
xgboost,5,1,psd__theta_alpha_ratio__derived__roi__R6__median__CE,0.0,0.0
xgboost,5,1,psd__theta_alpha_ratio__derived__roi__R6__median__CE_minus_OE,0.0,0.0
xgboost,5,1,psd__theta_alpha_ratio__derived__roi__R6__median__OE,0.0,0.0
xgboost,5,2,complexity__spectral_entropy__broadband__roi__R1__median__CE_minus_OE,0.47961267828941345,0.47961267828941345
xgboost,5,2,complexity__spectral_entropy__broadband__roi__R2__median__CE_minus_OE,0.0,0.0
xgboost,5,2,complexity__spectral_entropy__broadband__roi__R3__median__CE_minus_OE,0.0051071434281766415,0.0051071434281766415
xgboost,5,2,complexity__spectral_entropy__broadband__roi__R4__median__CE_minus_OE,0.0,0.0
xgboost,5,2,complexity__spectral_entropy__broadband__roi__R5__median__CE_minus_OE,0.0,0.0
xgboost,5,2,complexity__spectral_entropy__broadband__roi__R6__median__CE,0.07445114850997925,0.07445114850997925
xgboost,5,2,complexity__spectral_entropy__broadband__roi__R6__median__CE_minus_OE,0.0,0.0
xgboost,5,2,psd__relative_power__alpha__roi__R3__iqr__OE,0.0,0.0
xgboost,5,2,psd__relative_power__beta__roi__R1__median__CE_minus_OE,0.08825695514678955,0.08825695514678955
xgboost,5,2,psd__relative_power__beta__roi__R2__median__CE_minus_OE,0.019254855811595917,0.019254855811595917
xgboost,5,2,psd__relative_power__beta__roi__R3__median__CE_minus_OE,0.0,0.0
xgboost,5,2,psd__relative_power__beta__roi__R4__median__CE_minus_OE,0.0,0.0
xgboost,5,2,psd__relative_power__gamma__roi__R1__iqr__CE,0.0,0.0
xgboost,5,2,psd__relative_power__gamma__roi__R1__median__CE,0.0,0.0
xgboost,5,2,psd__relative_power__gamma__roi__R1__median__CE_minus_OE,0.0,0.0
xgboost,5,2,psd__relative_power__gamma__roi__R2__iqr__CE,0.0,0.0
xgboost,5,2,psd__relative_power__gamma__roi__R2__median__CE,0.05149843543767929,0.05149843543767929
xgboost,5,2,psd__relative_power__gamma__roi__R4__median__CE,0.0,0.0
xgboost,5,2,psd__relative_power__gamma__roi__R6__iqr__CE,0.0,0.0
xgboost,5,2,psd__relative_power__gamma__roi__R6__median__CE,0.28181880712509155,0.28181880712509155
xgboost,5,3,complexity__spectral_entropy__broadband__roi__R1__median__CE,0.0,0.0
xgboost,5,3,psd__absolute_power__theta__roi__R2__iqr__CE,0.0,0.0
xgboost,5,3,psd__absolute_power__theta__roi__R3__iqr__CE,0.3081298768520355,0.3081298768520355
xgboost,5,3,psd__absolute_power__theta__roi__R3__median__CE,0.0,0.0
xgboost,5,3,psd__absolute_power__theta__roi__R4__iqr__CE,0.0,0.0
xgboost,5,3,psd__absolute_power__theta__roi__R4__median__CE,0.0,0.0
xgboost,5,3,psd__absolute_power__theta__roi__R5__iqr__CE,0.0,0.0
xgboost,5,3,psd__absolute_power__theta__roi__R5__median__CE,0.0,0.0
xgboost,5,3,psd__absolute_power__theta__roi__R6__iqr__CE,0.0,0.0
xgboost,5,3,psd__absolute_power__theta__roi__R6__median__CE,0.0,0.0
xgboost,5,3,psd__relative_power__beta__roi__R1__median__CE,0.0,0.0
xgboost,5,3,psd__relative_power__beta__roi__R2__median__CE,0.0,0.0
xgboost,5,3,psd__relative_power__beta__roi__R3__median__CE,0.2142990082502365,0.2142990082502365
xgboost,5,3,psd__relative_power__beta__roi__R4__median__CE,0.0,0.0
xgboost,5,3,psd__relative_power__beta__roi__R5__median__CE,0.0,0.0
xgboost,5,3,psd__relative_power__beta__roi__R6__median__CE,0.18326333165168762,0.18326333165168762
xgboost,5,3,psd__relative_power__gamma__roi__R1__median__CE,0.0,0.0
xgboost,5,3,psd__relative_power__gamma__roi__R2__iqr__CE,0.15003283321857452,0.15003283321857452
xgboost,5,3,psd__relative_power__gamma__roi__R2__median__CE,0.0,0.0
xgboost,5,3,psd__relative_power__gamma__roi__R4__iqr__CE,0.14427492022514343,0.14427492022514343
xgboost,5,4,complexity__spectral_entropy__broadband__roi__R1__iqr__CE,0.0,0.0
xgboost,5,4,complexity__spectral_entropy__broadband__roi__R1__iqr__CE_minus_OE,0.0,0.0
xgboost,5,4,complexity__spectral_entropy__broadband__roi__R1__iqr__OE,0.0,0.0
xgboost,5,4,complexity__spectral_entropy__broadband__roi__R1__median__CE,0.0,0.0
xgboost,5,4,complexity__spectral_entropy__broadband__roi__R1__median__CE_minus_OE,0.0,0.0
xgboost,5,4,complexity__spectral_entropy__broadband__roi__R1__median__OE,0.0,0.0
xgboost,5,4,complexity__spectral_entropy__broadband__roi__R2__iqr__CE,0.0,0.0
xgboost,5,4,complexity__spectral_entropy__broadband__roi__R2__iqr__CE_minus_OE,0.0,0.0
xgboost,5,4,complexity__spectral_entropy__broadband__roi__R2__iqr__OE,0.0,0.0
xgboost,5,4,complexity__spectral_entropy__broadband__roi__R2__median__CE,0.0,0.0
xgboost,5,4,complexity__spectral_entropy__broadband__roi__R2__median__CE_minus_OE,0.0,0.0
xgboost,5,4,complexity__spectral_entropy__broadband__roi__R2__median__OE,0.0,0.0
xgboost,5,4,complexity__spectral_entropy__broadband__roi__R3__iqr__CE,0.0,0.0
xgboost,5,4,complexity__spectral_entropy__broadband__roi__R3__iqr__CE_minus_OE,0.0,0.0
xgboost,5,4,complexity__spectral_entropy__broadband__roi__R3__iqr__OE,0.0,0.0
xgboost,5,4,complexity__spectral_entropy__broadband__roi__R3__median__CE,0.0,0.0
xgboost,5,4,complexity__spectral_entropy__broadband__roi__R3__median__CE_minus_OE,0.0,0.0
xgboost,5,4,complexity__spectral_entropy__broadband__roi__R3__median__OE,0.0,0.0
xgboost,5,4,complexity__spectral_entropy__broadband__roi__R4__iqr__CE,0.0,0.0
xgboost,5,4,complexity__spectral_entropy__broadband__roi__R4__iqr__CE_minus_OE,0.0,0.0
xgboost,5,4,complexity__spectral_entropy__broadband__roi__R4__iqr__OE,0.0,0.0
xgboost,5,4,complexity__spectral_entropy__broadband__roi__R4__median__CE,0.0,0.0
xgboost,5,4,complexity__spectral_entropy__broadband__roi__R4__median__CE_minus_OE,0.0,0.0
xgboost,5,4,complexity__spectral_entropy__broadband__roi__R4__median__OE,0.0,0.0
xgboost,5,4,complexity__spectral_entropy__broadband__roi__R5__iqr__CE,0.0,0.0
xgboost,5,4,complexity__spectral_entropy__broadband__roi__R5__iqr__CE_minus_OE,0.0,0.0
xgboost,5,4,complexity__spectral_entropy__broadband__roi__R5__iqr__OE,0.0,0.0
xgboost,5,4,complexity__spectral_entropy__broadband__roi__R5__median__CE,0.0,0.0
xgboost,5,4,complexity__spectral_entropy__broadband__roi__R5__median__CE_minus_OE,0.0,0.0
xgboost,5,4,complexity__spectral_entropy__broadband__roi__R5__median__OE,0.11836040765047073,0.11836040765047073
xgboost,5,4,complexity__spectral_entropy__broadband__roi__R6__iqr__CE,0.0,0.0
xgboost,5,4,complexity__spectral_entropy__broadband__roi__R6__iqr__CE_minus_OE,0.0,0.0
xgboost,5,4,complexity__spectral_entropy__broadband__roi__R6__iqr__OE,0.0,0.0
xgboost,5,4,complexity__spectral_entropy__broadband__roi__R6__median__CE,0.0,0.0
xgboost,5,4,complexity__spectral_entropy__broadband__roi__R6__median__CE_minus_OE,0.0,0.0
xgboost,5,4,complexity__spectral_entropy__broadband__roi__R6__median__OE,0.0,0.0
xgboost,5,4,psd__absolute_power__alpha__roi__R1__iqr__CE,0.0,0.0
xgboost,5,4,psd__absolute_power__alpha__roi__R1__iqr__CE_minus_OE,0.0,0.0
xgboost,5,4,psd__absolute_power__alpha__roi__R1__iqr__OE,0.0,0.0
xgboost,5,4,psd__absolute_power__alpha__roi__R1__median__CE,0.0,0.0
xgboost,5,4,psd__absolute_power__alpha__roi__R1__median__CE_minus_OE,0.0,0.0
xgboost,5,4,psd__absolute_power__alpha__roi__R1__median__OE,0.0,0.0
xgboost,5,4,psd__absolute_power__alpha__roi__R2__iqr__CE,0.0,0.0
xgboost,5,4,psd__absolute_power__alpha__roi__R2__iqr__CE_minus_OE,0.0,0.0
xgboost,5,4,psd__absolute_power__alpha__roi__R2__iqr__OE,0.0,0.0
xgboost,5,4,psd__absolute_power__alpha__roi__R2__median__CE,0.0,0.0
xgboost,5,4,psd__absolute_power__alpha__roi__R2__median__CE_minus_OE,0.0,0.0
xgboost,5,4,psd__absolute_power__alpha__roi__R2__median__OE,0.0,0.0
xgboost,5,4,psd__absolute_power__alpha__roi__R3__iqr__CE,0.0,0.0
xgboost,5,4,psd__absolute_power__alpha__roi__R3__iqr__CE_minus_OE,0.0,0.0
xgboost,5,4,psd__absolute_power__alpha__roi__R3__iqr__OE,0.0,0.0
xgboost,5,4,psd__absolute_power__alpha__roi__R3__median__CE,0.0,0.0
xgboost,5,4,psd__absolute_power__alpha__roi__R3__median__CE_minus_OE,0.0,0.0
xgboost,5,4,psd__absolute_power__alpha__roi__R3__median__OE,0.0,0.0
xgboost,5,4,psd__absolute_power__alpha__roi__R4__iqr__CE,0.0,0.0
xgboost,5,4,psd__absolute_power__alpha__roi__R4__iqr__CE_minus_OE,0.1352546513080597,0.1352546513080597
xgboost,5,4,psd__absolute_power__alpha__roi__R4__iqr__OE,0.0,0.0
xgboost,5,4,psd__absolute_power__alpha__roi__R4__median__CE,0.0,0.0
xgboost,5,4,psd__absolute_power__alpha__roi__R4__median__CE_minus_OE,0.0,0.0
xgboost,5,4,psd__absolute_power__alpha__roi__R4__median__OE,0.0,0.0
xgboost,5,4,psd__absolute_power__alpha__roi__R5__iqr__CE,0.0,0.0
xgboost,5,4,psd__absolute_power__alpha__roi__R5__iqr__CE_minus_OE,0.0,0.0
xgboost,5,4,psd__absolute_power__alpha__roi__R5__iqr__OE,0.0,0.0
xgboost,5,4,psd__absolute_power__alpha__roi__R5__median__CE,0.0,0.0
xgboost,5,4,psd__absolute_power__alpha__roi__R5__median__CE_minus_OE,0.0,0.0
xgboost,5,4,psd__absolute_power__alpha__roi__R5__median__OE,0.0,0.0
xgboost,5,4,psd__absolute_power__alpha__roi__R6__iqr__CE,0.0,0.0
xgboost,5,4,psd__absolute_power__alpha__roi__R6__iqr__CE_minus_OE,0.0,0.0
xgboost,5,4,psd__absolute_power__alpha__roi__R6__iqr__OE,0.0,0.0
xgboost,5,4,psd__absolute_power__alpha__roi__R6__median__CE,0.0,0.0
xgboost,5,4,psd__absolute_power__alpha__roi__R6__median__CE_minus_OE,0.0,0.0
xgboost,5,4,psd__absolute_power__alpha__roi__R6__median__OE,0.0,0.0
xgboost,5,4,psd__absolute_power__beta__roi__R1__iqr__CE,0.0,0.0
xgboost,5,4,psd__absolute_power__beta__roi__R1__iqr__CE_minus_OE,0.0,0.0
xgboost,5,4,psd__absolute_power__beta__roi__R1__iqr__OE,0.0,0.0
xgboost,5,4,psd__absolute_power__beta__roi__R1__median__CE,0.0,0.0
xgboost,5,4,psd__absolute_power__beta__roi__R1__median__CE_minus_OE,0.0,0.0
xgboost,5,4,psd__absolute_power__beta__roi__R1__median__OE,0.0,0.0
xgboost,5,4,psd__absolute_power__beta__roi__R2__iqr__CE,0.0,0.0
xgboost,5,4,psd__absolute_power__beta__roi__R2__iqr__CE_minus_OE,0.0,0.0
xgboost,5,4,psd__absolute_power__beta__roi__R2__iqr__OE,0.0,0.0
xgboost,5,4,psd__absolute_power__beta__roi__R2__median__CE,0.0,0.0
xgboost,5,4,psd__absolute_power__beta__roi__R2__median__CE_minus_OE,0.0,0.0
xgboost,5,4,psd__absolute_power__beta__roi__R2__median__OE,0.0,0.0
xgboost,5,4,psd__absolute_power__beta__roi__R3__iqr__CE,0.0,0.0
xgboost,5,4,psd__absolute_power__beta__roi__R3__iqr__CE_minus_OE,0.015716955065727234,0.015716955065727234
xgboost,5,4,psd__absolute_power__beta__roi__R3__iqr__OE,0.0,0.0
xgboost,5,4,psd__absolute_power__beta__roi__R3__median__CE,0.0,0.0
xgboost,5,4,psd__absolute_power__beta__roi__R3__median__CE_minus_OE,0.0,0.0
xgboost,5,4,psd__absolute_power__beta__roi__R3__median__OE,0.0,0.0
xgboost,5,4,psd__absolute_power__beta__roi__R4__iqr__CE,0.0,0.0
xgboost,5,4,psd__absolute_power__beta__roi__R4__iqr__CE_minus_OE,0.06207367777824402,0.06207367777824402
xgboost,5,4,psd__absolute_power__beta__roi__R4__iqr__OE,0.0,0.0
xgboost,5,4,psd__absolute_power__beta__roi__R4__median__CE,0.0,0.0
xgboost,5,4,psd__absolute_power__beta__roi__R4__median__CE_minus_OE,0.0,0.0
xgboost,5,4,psd__absolute_power__beta__roi__R4__median__OE,0.0,0.0
xgboost,5,4,psd__absolute_power__beta__roi__R5__iqr__CE,0.0,0.0
xgboost,5,4,psd__absolute_power__beta__roi__R5__iqr__CE_minus_OE,0.0,0.0
xgboost,5,4,psd__absolute_power__beta__roi__R5__iqr__OE,0.0,0.0
xgboost,5,4,psd__absolute_power__beta__roi__R5__median__CE,0.0,0.0
xgboost,5,4,psd__absolute_power__beta__roi__R5__median__CE_minus_OE,0.0,0.0
xgboost,5,4,psd__absolute_power__beta__roi__R5__median__OE,0.0,0.0
xgboost,5,4,psd__absolute_power__beta__roi__R6__iqr__CE,0.0,0.0
xgboost,5,4,psd__absolute_power__beta__roi__R6__iqr__CE_minus_OE,0.0,0.0
xgboost,5,4,psd__absolute_power__beta__roi__R6__iqr__OE,0.0,0.0
xgboost,5,4,psd__absolute_power__beta__roi__R6__median__CE,0.0,0.0
xgboost,5,4,psd__absolute_power__beta__roi__R6__median__CE_minus_OE,0.0,0.0
xgboost,5,4,psd__absolute_power__beta__roi__R6__median__OE,0.0,0.0
xgboost,5,4,psd__absolute_power__delta__roi__R1__iqr__CE,0.0,0.0
xgboost,5,4,psd__absolute_power__delta__roi__R1__iqr__CE_minus_OE,0.0,0.0
xgboost,5,4,psd__absolute_power__delta__roi__R1__iqr__OE,0.0,0.0
xgboost,5,4,psd__absolute_power__delta__roi__R1__median__CE,0.0,0.0
xgboost,5,4,psd__absolute_power__delta__roi__R1__median__CE_minus_OE,0.0,0.0
xgboost,5,4,psd__absolute_power__delta__roi__R1__median__OE,0.0,0.0
xgboost,5,4,psd__absolute_power__delta__roi__R2__iqr__CE,0.0,0.0
xgboost,5,4,psd__absolute_power__delta__roi__R2__iqr__CE_minus_OE,0.0,0.0
xgboost,5,4,psd__absolute_power__delta__roi__R2__iqr__OE,0.0,0.0
xgboost,5,4,psd__absolute_power__delta__roi__R2__median__CE,0.0,0.0
xgboost,5,4,psd__absolute_power__delta__roi__R2__median__CE_minus_OE,0.0,0.0
xgboost,5,4,psd__absolute_power__delta__roi__R2__median__OE,0.0,0.0
xgboost,5,4,psd__absolute_power__delta__roi__R3__iqr__CE,0.0,0.0
xgboost,5,4,psd__absolute_power__delta__roi__R3__iqr__CE_minus_OE,0.0,0.0
xgboost,5,4,psd__absolute_power__delta__roi__R3__iqr__OE,0.0,0.0
xgboost,5,4,psd__absolute_power__delta__roi__R3__median__CE,0.0,0.0
xgboost,5,4,psd__absolute_power__delta__roi__R3__median__CE_minus_OE,0.0,0.0
xgboost,5,4,psd__absolute_power__delta__roi__R3__median__OE,0.0,0.0
xgboost,5,4,psd__absolute_power__delta__roi__R4__iqr__CE,0.0,0.0
xgboost,5,4,psd__absolute_power__delta__roi__R4__iqr__CE_minus_OE,0.0,0.0
xgboost,5,4,psd__absolute_power__delta__roi__R4__iqr__OE,0.0,0.0
xgboost,5,4,psd__absolute_power__delta__roi__R4__median__CE,0.0,0.0
xgboost,5,4,psd__absolute_power__delta__roi__R4__median__CE_minus_OE,0.0,0.0
xgboost,5,4,psd__absolute_power__delta__roi__R4__median__OE,0.0,0.0
xgboost,5,4,psd__absolute_power__delta__roi__R5__iqr__CE,0.0,0.0
xgboost,5,4,psd__absolute_power__delta__roi__R5__iqr__CE_minus_OE,0.0,0.0
xgboost,5,4,psd__absolute_power__delta__roi__R5__iqr__OE,0.0,0.0
xgboost,5,4,psd__absolute_power__delta__roi__R5__median__CE,0.0,0.0
xgboost,5,4,psd__absolute_power__delta__roi__R5__median__CE_minus_OE,0.0,0.0
xgboost,5,4,psd__absolute_power__delta__roi__R5__median__OE,0.0,0.0
xgboost,5,4,psd__absolute_power__delta__roi__R6__iqr__CE,0.0,0.0
xgboost,5,4,psd__absolute_power__delta__roi__R6__iqr__CE_minus_OE,0.0,0.0
xgboost,5,4,psd__absolute_power__delta__roi__R6__iqr__OE,0.0,0.0
xgboost,5,4,psd__absolute_power__delta__roi__R6__median__CE,0.0,0.0
xgboost,5,4,psd__absolute_power__delta__roi__R6__median__CE_minus_OE,0.0,0.0
xgboost,5,4,psd__absolute_power__delta__roi__R6__median__OE,0.0,0.0
xgboost,5,4,psd__absolute_power__gamma__roi__R1__iqr__CE,0.0,0.0
xgboost,5,4,psd__absolute_power__gamma__roi__R1__iqr__CE_minus_OE,0.0,0.0
xgboost,5,4,psd__absolute_power__gamma__roi__R1__iqr__OE,0.0,0.0
xgboost,5,4,psd__absolute_power__gamma__roi__R1__median__CE,0.0,0.0
xgboost,5,4,psd__absolute_power__gamma__roi__R1__median__CE_minus_OE,0.0,0.0
xgboost,5,4,psd__absolute_power__gamma__roi__R1__median__OE,0.0,0.0
xgboost,5,4,psd__absolute_power__gamma__roi__R2__iqr__CE,0.0,0.0
xgboost,5,4,psd__absolute_power__gamma__roi__R2__iqr__CE_minus_OE,0.0,0.0
xgboost,5,4,psd__absolute_power__gamma__roi__R2__iqr__OE,0.0,0.0
xgboost,5,4,psd__absolute_power__gamma__roi__R2__median__CE,0.0,0.0
xgboost,5,4,psd__absolute_power__gamma__roi__R2__median__CE_minus_OE,0.0,0.0
xgboost,5,4,psd__absolute_power__gamma__roi__R2__median__OE,0.0,0.0
xgboost,5,4,psd__absolute_power__gamma__roi__R3__iqr__CE,0.0,0.0
xgboost,5,4,psd__absolute_power__gamma__roi__R3__iqr__CE_minus_OE,0.0,0.0
xgboost,5,4,psd__absolute_power__gamma__roi__R3__iqr__OE,0.0,0.0
xgboost,5,4,psd__absolute_power__gamma__roi__R3__median__CE,0.0,0.0
xgboost,5,4,psd__absolute_power__gamma__roi__R3__median__CE_minus_OE,0.0,0.0
xgboost,5,4,psd__absolute_power__gamma__roi__R3__median__OE,0.0,0.0
xgboost,5,4,psd__absolute_power__gamma__roi__R4__iqr__CE,0.03352411836385727,0.03352411836385727
xgboost,5,4,psd__absolute_power__gamma__roi__R4__iqr__CE_minus_OE,0.0,0.0
xgboost,5,4,psd__absolute_power__gamma__roi__R4__iqr__OE,0.0,0.0
xgboost,5,4,psd__absolute_power__gamma__roi__R4__median__CE,0.0,0.0
xgboost,5,4,psd__absolute_power__gamma__roi__R4__median__CE_minus_OE,0.0,0.0
xgboost,5,4,psd__absolute_power__gamma__roi__R4__median__OE,0.0,0.0
xgboost,5,4,psd__absolute_power__gamma__roi__R5__iqr__CE,0.0,0.0
xgboost,5,4,psd__absolute_power__gamma__roi__R5__iqr__CE_minus_OE,0.0,0.0
xgboost,5,4,psd__absolute_power__gamma__roi__R5__iqr__OE,0.0,0.0
xgboost,5,4,psd__absolute_power__gamma__roi__R5__median__CE,0.0,0.0
xgboost,5,4,psd__absolute_power__gamma__roi__R5__median__CE_minus_OE,0.0,0.0
xgboost,5,4,psd__absolute_power__gamma__roi__R5__median__OE,0.0,0.0
xgboost,5,4,psd__absolute_power__gamma__roi__R6__iqr__CE,0.0,0.0
xgboost,5,4,psd__absolute_power__gamma__roi__R6__iqr__CE_minus_OE,0.0,0.0
xgboost,5,4,psd__absolute_power__gamma__roi__R6__iqr__OE,0.0424991212785244,0.0424991212785244
xgboost,5,4,psd__absolute_power__gamma__roi__R6__median__CE,0.0,0.0
xgboost,5,4,psd__absolute_power__gamma__roi__R6__median__CE_minus_OE,0.0,0.0
xgboost,5,4,psd__absolute_power__gamma__roi__R6__median__OE,0.0,0.0
xgboost,5,4,psd__absolute_power__theta__roi__R1__iqr__CE,0.0,0.0
xgboost,5,4,psd__absolute_power__theta__roi__R1__iqr__CE_minus_OE,0.0,0.0
xgboost,5,4,psd__absolute_power__theta__roi__R1__iqr__OE,0.0,0.0
xgboost,5,4,psd__absolute_power__theta__roi__R1__median__CE,0.0,0.0
xgboost,5,4,psd__absolute_power__theta__roi__R1__median__CE_minus_OE,0.0,0.0
xgboost,5,4,psd__absolute_power__theta__roi__R1__median__OE,0.0,0.0
xgboost,5,4,psd__absolute_power__theta__roi__R2__iqr__CE,0.0,0.0
xgboost,5,4,psd__absolute_power__theta__roi__R2__iqr__CE_minus_OE,0.0,0.0
xgboost,5,4,psd__absolute_power__theta__roi__R2__iqr__OE,0.0,0.0
xgboost,5,4,psd__absolute_power__theta__roi__R2__median__CE,0.0,0.0
xgboost,5,4,psd__absolute_power__theta__roi__R2__median__CE_minus_OE,0.0,0.0
xgboost,5,4,psd__absolute_power__theta__roi__R2__median__OE,0.0,0.0
xgboost,5,4,psd__absolute_power__theta__roi__R3__iqr__CE,0.0,0.0
xgboost,5,4,psd__absolute_power__theta__roi__R3__iqr__CE_minus_OE,0.0,0.0
xgboost,5,4,psd__absolute_power__theta__roi__R3__iqr__OE,0.0,0.0
xgboost,5,4,psd__absolute_power__theta__roi__R3__median__CE,0.0,0.0
xgboost,5,4,psd__absolute_power__theta__roi__R3__median__CE_minus_OE,0.0,0.0
xgboost,5,4,psd__absolute_power__theta__roi__R3__median__OE,0.0,0.0
xgboost,5,4,psd__absolute_power__theta__roi__R4__iqr__CE,0.022111494094133377,0.022111494094133377
xgboost,5,4,psd__absolute_power__theta__roi__R4__iqr__CE_minus_OE,0.0,0.0
xgboost,5,4,psd__absolute_power__theta__roi__R4__iqr__OE,0.0,0.0
xgboost,5,4,psd__absolute_power__theta__roi__R4__median__CE,0.0,0.0
xgboost,5,4,psd__absolute_power__theta__roi__R4__median__CE_minus_OE,0.0,0.0
xgboost,5,4,psd__absolute_power__theta__roi__R4__median__OE,0.0,0.0
xgboost,5,4,psd__absolute_power__theta__roi__R5__iqr__CE,0.0,0.0
xgboost,5,4,psd__absolute_power__theta__roi__R5__iqr__CE_minus_OE,0.0,0.0
xgboost,5,4,psd__absolute_power__theta__roi__R5__iqr__OE,0.0,0.0
xgboost,5,4,psd__absolute_power__theta__roi__R5__median__CE,0.0,0.0
xgboost,5,4,psd__absolute_power__theta__roi__R5__median__CE_minus_OE,0.0,0.0
xgboost,5,4,psd__absolute_power__theta__roi__R5__median__OE,0.0,0.0
xgboost,5,4,psd__absolute_power__theta__roi__R6__iqr__CE,0.0,0.0
xgboost,5,4,psd__absolute_power__theta__roi__R6__iqr__CE_minus_OE,0.0,0.0
xgboost,5,4,psd__absolute_power__theta__roi__R6__iqr__OE,0.0,0.0
xgboost,5,4,psd__absolute_power__theta__roi__R6__median__CE,0.0,0.0
xgboost,5,4,psd__absolute_power__theta__roi__R6__median__CE_minus_OE,0.0,0.0
xgboost,5,4,psd__absolute_power__theta__roi__R6__median__OE,0.0,0.0
xgboost,5,4,psd__delta_alpha_ratio__derived__roi__R1__iqr__CE,0.0,0.0
xgboost,5,4,psd__delta_alpha_ratio__derived__roi__R1__iqr__CE_minus_OE,0.0,0.0
xgboost,5,4,psd__delta_alpha_ratio__derived__roi__R1__iqr__OE,0.0,0.0
xgboost,5,4,psd__delta_alpha_ratio__derived__roi__R1__median__CE,0.0,0.0
xgboost,5,4,psd__delta_alpha_ratio__derived__roi__R1__median__CE_minus_OE,0.0,0.0
xgboost,5,4,psd__delta_alpha_ratio__derived__roi__R1__median__OE,0.0,0.0
xgboost,5,4,psd__delta_alpha_ratio__derived__roi__R2__iqr__CE,0.0,0.0
xgboost,5,4,psd__delta_alpha_ratio__derived__roi__R2__iqr__CE_minus_OE,0.0,0.0
xgboost,5,4,psd__delta_alpha_ratio__derived__roi__R2__iqr__OE,0.0,0.0
xgboost,5,4,psd__delta_alpha_ratio__derived__roi__R2__median__CE,0.0,0.0
xgboost,5,4,psd__delta_alpha_ratio__derived__roi__R2__median__CE_minus_OE,0.0,0.0
xgboost,5,4,psd__delta_alpha_ratio__derived__roi__R2__median__OE,0.0,0.0
xgboost,5,4,psd__delta_alpha_ratio__derived__roi__R3__iqr__CE,0.0,0.0
xgboost,5,4,psd__delta_alpha_ratio__derived__roi__R3__iqr__CE_minus_OE,0.0,0.0
xgboost,5,4,psd__delta_alpha_ratio__derived__roi__R3__iqr__OE,0.0,0.0
xgboost,5,4,psd__delta_alpha_ratio__derived__roi__R3__median__CE,0.0,0.0
xgboost,5,4,psd__delta_alpha_ratio__derived__roi__R3__median__CE_minus_OE,0.0,0.0
xgboost,5,4,psd__delta_alpha_ratio__derived__roi__R3__median__OE,0.0,0.0
xgboost,5,4,psd__delta_alpha_ratio__derived__roi__R4__iqr__CE,0.0,0.0
xgboost,5,4,psd__delta_alpha_ratio__derived__roi__R4__iqr__CE_minus_OE,0.0,0.0
xgboost,5,4,psd__delta_alpha_ratio__derived__roi__R4__iqr__OE,0.0,0.0
xgboost,5,4,psd__delta_alpha_ratio__derived__roi__R4__median__CE,0.0,0.0
xgboost,5,4,psd__delta_alpha_ratio__derived__roi__R4__median__CE_minus_OE,0.0,0.0
xgboost,5,4,psd__delta_alpha_ratio__derived__roi__R4__median__OE,0.0,0.0
xgboost,5,4,psd__delta_alpha_ratio__derived__roi__R5__iqr__CE,0.0,0.0
xgboost,5,4,psd__delta_alpha_ratio__derived__roi__R5__iqr__CE_minus_OE,0.0,0.0
xgboost,5,4,psd__delta_alpha_ratio__derived__roi__R5__iqr__OE,0.0,0.0
xgboost,5,4,psd__delta_alpha_ratio__derived__roi__R5__median__CE,0.0,0.0
xgboost,5,4,psd__delta_alpha_ratio__derived__roi__R5__median__CE_minus_OE,0.0,0.0
xgboost,5,4,psd__delta_alpha_ratio__derived__roi__R5__median__OE,0.0,0.0
xgboost,5,4,psd__delta_alpha_ratio__derived__roi__R6__iqr__CE,0.0,0.0
xgboost,5,4,psd__delta_alpha_ratio__derived__roi__R6__iqr__CE_minus_OE,0.0,0.0
xgboost,5,4,psd__delta_alpha_ratio__derived__roi__R6__iqr__OE,0.0,0.0
xgboost,5,4,psd__delta_alpha_ratio__derived__roi__R6__median__CE,0.0,0.0
xgboost,5,4,psd__delta_alpha_ratio__derived__roi__R6__median__CE_minus_OE,0.0,0.0
xgboost,5,4,psd__delta_alpha_ratio__derived__roi__R6__median__OE,0.0,0.0
xgboost,5,4,psd__relative_power__alpha__roi__R1__iqr__CE,0.0,0.0
xgboost,5,4,psd__relative_power__alpha__roi__R1__iqr__CE_minus_OE,0.0,0.0
xgboost,5,4,psd__relative_power__alpha__roi__R1__iqr__OE,0.0,0.0
xgboost,5,4,psd__relative_power__alpha__roi__R1__median__CE,0.0,0.0
xgboost,5,4,psd__relative_power__alpha__roi__R1__median__CE_minus_OE,0.0,0.0
xgboost,5,4,psd__relative_power__alpha__roi__R1__median__OE,0.0,0.0
xgboost,5,4,psd__relative_power__alpha__roi__R2__iqr__CE,0.0,0.0
xgboost,5,4,psd__relative_power__alpha__roi__R2__iqr__CE_minus_OE,0.0,0.0
xgboost,5,4,psd__relative_power__alpha__roi__R2__iqr__OE,0.0,0.0
xgboost,5,4,psd__relative_power__alpha__roi__R2__median__CE,0.0,0.0
xgboost,5,4,psd__relative_power__alpha__roi__R2__median__CE_minus_OE,0.0,0.0
xgboost,5,4,psd__relative_power__alpha__roi__R2__median__OE,0.0,0.0
xgboost,5,4,psd__relative_power__alpha__roi__R3__iqr__CE,0.0,0.0
xgboost,5,4,psd__relative_power__alpha__roi__R3__iqr__CE_minus_OE,0.0,0.0
xgboost,5,4,psd__relative_power__alpha__roi__R3__iqr__OE,0.0,0.0
xgboost,5,4,psd__relative_power__alpha__roi__R3__median__CE,0.0,0.0
xgboost,5,4,psd__relative_power__alpha__roi__R3__median__CE_minus_OE,0.0,0.0
xgboost,5,4,psd__relative_power__alpha__roi__R3__median__OE,0.0,0.0
xgboost,5,4,psd__relative_power__alpha__roi__R4__iqr__CE,0.0,0.0
xgboost,5,4,psd__relative_power__alpha__roi__R4__iqr__CE_minus_OE,0.0,0.0
xgboost,5,4,psd__relative_power__alpha__roi__R4__iqr__OE,0.0,0.0
xgboost,5,4,psd__relative_power__alpha__roi__R4__median__CE,0.0,0.0
xgboost,5,4,psd__relative_power__alpha__roi__R4__median__CE_minus_OE,0.0,0.0
xgboost,5,4,psd__relative_power__alpha__roi__R4__median__OE,0.0,0.0
xgboost,5,4,psd__relative_power__alpha__roi__R5__iqr__CE,0.0,0.0
xgboost,5,4,psd__relative_power__alpha__roi__R5__iqr__CE_minus_OE,0.0,0.0
xgboost,5,4,psd__relative_power__alpha__roi__R5__iqr__OE,0.0,0.0
xgboost,5,4,psd__relative_power__alpha__roi__R5__median__CE,0.0,0.0
xgboost,5,4,psd__relative_power__alpha__roi__R5__median__CE_minus_OE,0.0,0.0
xgboost,5,4,psd__relative_power__alpha__roi__R5__median__OE,0.0,0.0
xgboost,5,4,psd__relative_power__alpha__roi__R6__iqr__CE,0.0,0.0
xgboost,5,4,psd__relative_power__alpha__roi__R6__iqr__CE_minus_OE,0.0,0.0
xgboost,5,4,psd__relative_power__alpha__roi__R6__iqr__OE,0.0,0.0
xgboost,5,4,psd__relative_power__alpha__roi__R6__median__CE,0.0,0.0
xgboost,5,4,psd__relative_power__alpha__roi__R6__median__CE_minus_OE,0.0,0.0
xgboost,5,4,psd__relative_power__alpha__roi__R6__median__OE,0.0,0.0
xgboost,5,4,psd__relative_power__beta__roi__R1__iqr__CE,0.0,0.0
xgboost,5,4,psd__relative_power__beta__roi__R1__iqr__CE_minus_OE,0.0,0.0
xgboost,5,4,psd__relative_power__beta__roi__R1__iqr__OE,0.0,0.0
xgboost,5,4,psd__relative_power__beta__roi__R1__median__CE,0.0,0.0
xgboost,5,4,psd__relative_power__beta__roi__R1__median__CE_minus_OE,0.0,0.0
xgboost,5,4,psd__relative_power__beta__roi__R1__median__OE,0.0,0.0
xgboost,5,4,psd__relative_power__beta__roi__R2__iqr__CE,0.0,0.0
xgboost,5,4,psd__relative_power__beta__roi__R2__iqr__CE_minus_OE,0.0,0.0
xgboost,5,4,psd__relative_power__beta__roi__R2__iqr__OE,0.0,0.0
xgboost,5,4,psd__relative_power__beta__roi__R2__median__CE,0.0,0.0
xgboost,5,4,psd__relative_power__beta__roi__R2__median__CE_minus_OE,0.0,0.0
xgboost,5,4,psd__relative_power__beta__roi__R2__median__OE,0.0,0.0
xgboost,5,4,psd__relative_power__beta__roi__R3__iqr__CE,0.0,0.0
xgboost,5,4,psd__relative_power__beta__roi__R3__iqr__CE_minus_OE,0.0,0.0
xgboost,5,4,psd__relative_power__beta__roi__R3__iqr__OE,0.0,0.0
xgboost,5,4,psd__relative_power__beta__roi__R3__median__CE,0.0,0.0
xgboost,5,4,psd__relative_power__beta__roi__R3__median__CE_minus_OE,0.0,0.0
xgboost,5,4,psd__relative_power__beta__roi__R3__median__OE,0.0,0.0
xgboost,5,4,psd__relative_power__beta__roi__R4__iqr__CE,0.0425456203520298,0.0425456203520298
xgboost,5,4,psd__relative_power__beta__roi__R4__iqr__CE_minus_OE,0.0,0.0
xgboost,5,4,psd__relative_power__beta__roi__R4__iqr__OE,0.0,0.0
xgboost,5,4,psd__relative_power__beta__roi__R4__median__CE,0.0,0.0
xgboost,5,4,psd__relative_power__beta__roi__R4__median__CE_minus_OE,0.0,0.0
xgboost,5,4,psd__relative_power__beta__roi__R4__median__OE,0.0,0.0
xgboost,5,4,psd__relative_power__beta__roi__R5__iqr__CE,0.22223985195159912,0.22223985195159912
xgboost,5,4,psd__relative_power__beta__roi__R5__iqr__CE_minus_OE,0.0,0.0
xgboost,5,4,psd__relative_power__beta__roi__R5__iqr__OE,0.0,0.0
xgboost,5,4,psd__relative_power__beta__roi__R5__median__CE,0.0,0.0
xgboost,5,4,psd__relative_power__beta__roi__R5__median__CE_minus_OE,0.0,0.0
xgboost,5,4,psd__relative_power__beta__roi__R5__median__OE,0.0,0.0
xgboost,5,4,psd__relative_power__beta__roi__R6__iqr__CE,0.15665845572948456,0.15665845572948456
xgboost,5,4,psd__relative_power__beta__roi__R6__iqr__CE_minus_OE,0.0,0.0
xgboost,5,4,psd__relative_power__beta__roi__R6__iqr__OE,0.0,0.0
xgboost,5,4,psd__relative_power__beta__roi__R6__median__CE,0.0,0.0
xgboost,5,4,psd__relative_power__beta__roi__R6__median__CE_minus_OE,0.0,0.0
xgboost,5,4,psd__relative_power__beta__roi__R6__median__OE,0.0,0.0
xgboost,5,4,psd__relative_power__delta__roi__R1__iqr__CE,0.0,0.0
xgboost,5,4,psd__relative_power__delta__roi__R1__iqr__CE_minus_OE,0.0,0.0
xgboost,5,4,psd__relative_power__delta__roi__R1__iqr__OE,0.0,0.0
xgboost,5,4,psd__relative_power__delta__roi__R1__median__CE,0.0,0.0
xgboost,5,4,psd__relative_power__delta__roi__R1__median__CE_minus_OE,0.06057661399245262,0.06057661399245262
xgboost,5,4,psd__relative_power__delta__roi__R1__median__OE,0.0,0.0
xgboost,5,4,psd__relative_power__delta__roi__R2__iqr__CE,0.0,0.0
xgboost,5,4,psd__relative_power__delta__roi__R2__iqr__CE_minus_OE,0.0,0.0
xgboost,5,4,psd__relative_power__delta__roi__R2__iqr__OE,0.0,0.0
xgboost,5,4,psd__relative_power__delta__roi__R2__median__CE,0.0,0.0
xgboost,5,4,psd__relative_power__delta__roi__R2__median__CE_minus_OE,0.0,0.0
xgboost,5,4,psd__relative_power__delta__roi__R2__median__OE,0.0,0.0
xgboost,5,4,psd__relative_power__delta__roi__R3__iqr__CE,0.0,0.0
xgboost,5,4,psd__relative_power__delta__roi__R3__iqr__CE_minus_OE,0.0,0.0
xgboost,5,4,psd__relative_power__delta__roi__R3__iqr__OE,0.0,0.0
xgboost,5,4,psd__relative_power__delta__roi__R3__median__CE,0.0,0.0
xgboost,5,4,psd__relative_power__delta__roi__R3__median__CE_minus_OE,0.0,0.0
xgboost,5,4,psd__relative_power__delta__roi__R3__median__OE,0.0,0.0
xgboost,5,4,psd__relative_power__delta__roi__R4__iqr__CE,0.0,0.0
xgboost,5,4,psd__relative_power__delta__roi__R4__iqr__CE_minus_OE,0.0,0.0
xgboost,5,4,psd__relative_power__delta__roi__R4__iqr__OE,0.0,0.0
xgboost,5,4,psd__relative_power__delta__roi__R4__median__CE,0.0,0.0
xgboost,5,4,psd__relative_power__delta__roi__R4__median__CE_minus_OE,0.0,0.0
xgboost,5,4,psd__relative_power__delta__roi__R4__median__OE,0.0,0.0
xgboost,5,4,psd__relative_power__delta__roi__R5__iqr__CE,0.0,0.0
xgboost,5,4,psd__relative_power__delta__roi__R5__iqr__CE_minus_OE,0.0,0.0
xgboost,5,4,psd__relative_power__delta__roi__R5__iqr__OE,0.0,0.0
xgboost,5,4,psd__relative_power__delta__roi__R5__median__CE,0.0,0.0
xgboost,5,4,psd__relative_power__delta__roi__R5__median__CE_minus_OE,0.0,0.0
xgboost,5,4,psd__relative_power__delta__roi__R5__median__OE,0.0,0.0
xgboost,5,4,psd__relative_power__delta__roi__R6__iqr__CE,0.0,0.0
xgboost,5,4,psd__relative_power__delta__roi__R6__iqr__CE_minus_OE,0.01915098913013935,0.01915098913013935
xgboost,5,4,psd__relative_power__delta__roi__R6__iqr__OE,0.0,0.0
xgboost,5,4,psd__relative_power__delta__roi__R6__median__CE,0.0,0.0
xgboost,5,4,psd__relative_power__delta__roi__R6__median__CE_minus_OE,0.0,0.0
xgboost,5,4,psd__relative_power__delta__roi__R6__median__OE,0.0,0.0
xgboost,5,4,psd__relative_power__gamma__roi__R1__iqr__CE,0.0,0.0
xgboost,5,4,psd__relative_power__gamma__roi__R1__iqr__CE_minus_OE,0.0,0.0
xgboost,5,4,psd__relative_power__gamma__roi__R1__iqr__OE,0.0,0.0
xgboost,5,4,psd__relative_power__gamma__roi__R1__median__CE,0.0,0.0
xgboost,5,4,psd__relative_power__gamma__roi__R1__median__CE_minus_OE,0.0,0.0
xgboost,5,4,psd__relative_power__gamma__roi__R1__median__OE,0.0,0.0
xgboost,5,4,psd__relative_power__gamma__roi__R2__iqr__CE,0.0,0.0
xgboost,5,4,psd__relative_power__gamma__roi__R2__iqr__CE_minus_OE,0.0,0.0
xgboost,5,4,psd__relative_power__gamma__roi__R2__iqr__OE,0.0,0.0
xgboost,5,4,psd__relative_power__gamma__roi__R2__median__CE,0.0,0.0
xgboost,5,4,psd__relative_power__gamma__roi__R2__median__CE_minus_OE,0.0,0.0
xgboost,5,4,psd__relative_power__gamma__roi__R2__median__OE,0.0,0.0
xgboost,5,4,psd__relative_power__gamma__roi__R3__iqr__CE,0.0,0.0
xgboost,5,4,psd__relative_power__gamma__roi__R3__iqr__CE_minus_OE,0.0,0.0
xgboost,5,4,psd__relative_power__gamma__roi__R3__iqr__OE,0.0,0.0
xgboost,5,4,psd__relative_power__gamma__roi__R3__median__CE,0.0,0.0
xgboost,5,4,psd__relative_power__gamma__roi__R3__median__CE_minus_OE,0.0,0.0
xgboost,5,4,psd__relative_power__gamma__roi__R3__median__OE,0.0,0.0
xgboost,5,4,psd__relative_power__gamma__roi__R4__iqr__CE,0.0,0.0
xgboost,5,4,psd__relative_power__gamma__roi__R4__iqr__CE_minus_OE,0.0,0.0
xgboost,5,4,psd__relative_power__gamma__roi__R4__iqr__OE,0.0,0.0
xgboost,5,4,psd__relative_power__gamma__roi__R4__median__CE,0.0,0.0
xgboost,5,4,psd__relative_power__gamma__roi__R4__median__CE_minus_OE,0.0,0.0
xgboost,5,4,psd__relative_power__gamma__roi__R4__median__OE,0.0,0.0
xgboost,5,4,psd__relative_power__gamma__roi__R5__iqr__CE,0.0,0.0
xgboost,5,4,psd__relative_power__gamma__roi__R5__iqr__CE_minus_OE,0.0,0.0
xgboost,5,4,psd__relative_power__gamma__roi__R5__iqr__OE,0.0,0.0
xgboost,5,4,psd__relative_power__gamma__roi__R5__median__CE,0.0,0.0
xgboost,5,4,psd__relative_power__gamma__roi__R5__median__CE_minus_OE,0.0,0.0
xgboost,5,4,psd__relative_power__gamma__roi__R5__median__OE,0.0,0.0
xgboost,5,4,psd__relative_power__gamma__roi__R6__iqr__CE,0.0,0.0
xgboost,5,4,psd__relative_power__gamma__roi__R6__iqr__CE_minus_OE,0.0,0.0
xgboost,5,4,psd__relative_power__gamma__roi__R6__iqr__OE,0.0,0.0
xgboost,5,4,psd__relative_power__gamma__roi__R6__median__CE,0.0,0.0
xgboost,5,4,psd__relative_power__gamma__roi__R6__median__CE_minus_OE,0.0,0.0
xgboost,5,4,psd__relative_power__gamma__roi__R6__median__OE,0.0,0.0
xgboost,5,4,psd__relative_power__theta__roi__R1__iqr__CE,0.0,0.0
xgboost,5,4,psd__relative_power__theta__roi__R1__iqr__CE_minus_OE,0.0,0.0
xgboost,5,4,psd__relative_power__theta__roi__R1__iqr__OE,0.0,0.0
xgboost,5,4,psd__relative_power__theta__roi__R1__median__CE,0.0,0.0
xgboost,5,4,psd__relative_power__theta__roi__R1__median__CE_minus_OE,0.0,0.0
xgboost,5,4,psd__relative_power__theta__roi__R1__median__OE,0.0,0.0
xgboost,5,4,psd__relative_power__theta__roi__R2__iqr__CE,0.0,0.0
xgboost,5,4,psd__relative_power__theta__roi__R2__iqr__CE_minus_OE,0.0,0.0
xgboost,5,4,psd__relative_power__theta__roi__R2__iqr__OE,0.030537215992808342,0.030537215992808342
xgboost,5,4,psd__relative_power__theta__roi__R2__median__CE,0.0,0.0
xgboost,5,4,psd__relative_power__theta__roi__R2__median__CE_minus_OE,0.0,0.0
xgboost,5,4,psd__relative_power__theta__roi__R2__median__OE,0.0,0.0
xgboost,5,4,psd__relative_power__theta__roi__R3__iqr__CE,0.0,0.0
xgboost,5,4,psd__relative_power__theta__roi__R3__iqr__CE_minus_OE,0.0,0.0
xgboost,5,4,psd__relative_power__theta__roi__R3__iqr__OE,0.0,0.0
xgboost,5,4,psd__relative_power__theta__roi__R3__median__CE,0.0,0.0
xgboost,5,4,psd__relative_power__theta__roi__R3__median__CE_minus_OE,0.0,0.0
xgboost,5,4,psd__relative_power__theta__roi__R3__median__OE,0.0,0.0
xgboost,5,4,psd__relative_power__theta__roi__R4__iqr__CE,0.0,0.0
xgboost,5,4,psd__relative_power__theta__roi__R4__iqr__CE_minus_OE,0.0,0.0
xgboost,5,4,psd__relative_power__theta__roi__R4__iqr__OE,0.0,0.0
xgboost,5,4,psd__relative_power__theta__roi__R4__median__CE,0.0,0.0
xgboost,5,4,psd__relative_power__theta__roi__R4__median__CE_minus_OE,0.0,0.0
xgboost,5,4,psd__relative_power__theta__roi__R4__median__OE,0.0,0.0
xgboost,5,4,psd__relative_power__theta__roi__R5__iqr__CE,0.0,0.0
xgboost,5,4,psd__relative_power__theta__roi__R5__iqr__CE_minus_OE,0.0,0.0
xgboost,5,4,psd__relative_power__theta__roi__R5__iqr__OE,0.0,0.0
xgboost,5,4,psd__relative_power__theta__roi__R5__median__CE,0.0,0.0
xgboost,5,4,psd__relative_power__theta__roi__R5__median__CE_minus_OE,0.0,0.0
xgboost,5,4,psd__relative_power__theta__roi__R5__median__OE,0.0,0.0
xgboost,5,4,psd__relative_power__theta__roi__R6__iqr__CE,0.03875075653195381,0.03875075653195381
xgboost,5,4,psd__relative_power__theta__roi__R6__iqr__CE_minus_OE,0.0,0.0
xgboost,5,4,psd__relative_power__theta__roi__R6__iqr__OE,0.0,0.0
xgboost,5,4,psd__relative_power__theta__roi__R6__median__CE,0.0,0.0
xgboost,5,4,psd__relative_power__theta__roi__R6__median__CE_minus_OE,0.0,0.0
xgboost,5,4,psd__relative_power__theta__roi__R6__median__OE,0.0,0.0
xgboost,5,4,psd__sfr__derived__roi__R1__iqr__CE,0.0,0.0
xgboost,5,4,psd__sfr__derived__roi__R1__iqr__CE_minus_OE,0.0,0.0
xgboost,5,4,psd__sfr__derived__roi__R1__iqr__OE,0.0,0.0
xgboost,5,4,psd__sfr__derived__roi__R1__median__CE,0.0,0.0
xgboost,5,4,psd__sfr__derived__roi__R1__median__CE_minus_OE,0.0,0.0
xgboost,5,4,psd__sfr__derived__roi__R1__median__OE,0.0,0.0
xgboost,5,4,psd__sfr__derived__roi__R2__iqr__CE,0.0,0.0
xgboost,5,4,psd__sfr__derived__roi__R2__iqr__CE_minus_OE,0.0,0.0
xgboost,5,4,psd__sfr__derived__roi__R2__iqr__OE,0.0,0.0
xgboost,5,4,psd__sfr__derived__roi__R2__median__CE,0.0,0.0
xgboost,5,4,psd__sfr__derived__roi__R2__median__CE_minus_OE,0.0,0.0
xgboost,5,4,psd__sfr__derived__roi__R2__median__OE,0.0,0.0
xgboost,5,4,psd__sfr__derived__roi__R3__iqr__CE,0.0,0.0
xgboost,5,4,psd__sfr__derived__roi__R3__iqr__CE_minus_OE,0.0,0.0
xgboost,5,4,psd__sfr__derived__roi__R3__iqr__OE,0.0,0.0
xgboost,5,4,psd__sfr__derived__roi__R3__median__CE,0.0,0.0
xgboost,5,4,psd__sfr__derived__roi__R3__median__CE_minus_OE,0.0,0.0
xgboost,5,4,psd__sfr__derived__roi__R3__median__OE,0.0,0.0
xgboost,5,4,psd__sfr__derived__roi__R4__iqr__CE,0.0,0.0
xgboost,5,4,psd__sfr__derived__roi__R4__iqr__CE_minus_OE,0.0,0.0
xgboost,5,4,psd__sfr__derived__roi__R4__iqr__OE,0.0,0.0
xgboost,5,4,psd__sfr__derived__roi__R4__median__CE,0.0,0.0
xgboost,5,4,psd__sfr__derived__roi__R4__median__CE_minus_OE,0.0,0.0
xgboost,5,4,psd__sfr__derived__roi__R4__median__OE,0.0,0.0
xgboost,5,4,psd__sfr__derived__roi__R5__iqr__CE,0.0,0.0
xgboost,5,4,psd__sfr__derived__roi__R5__iqr__CE_minus_OE,0.0,0.0
xgboost,5,4,psd__sfr__derived__roi__R5__iqr__OE,0.0,0.0
xgboost,5,4,psd__sfr__derived__roi__R5__median__CE,0.0,0.0
xgboost,5,4,psd__sfr__derived__roi__R5__median__CE_minus_OE,0.0,0.0
xgboost,5,4,psd__sfr__derived__roi__R5__median__OE,0.0,0.0
xgboost,5,4,psd__sfr__derived__roi__R6__iqr__CE,0.0,0.0
xgboost,5,4,psd__sfr__derived__roi__R6__iqr__CE_minus_OE,0.0,0.0
xgboost,5,4,psd__sfr__derived__roi__R6__iqr__OE,0.0,0.0
xgboost,5,4,psd__sfr__derived__roi__R6__median__CE,0.0,0.0
xgboost,5,4,psd__sfr__derived__roi__R6__median__CE_minus_OE,0.0,0.0
xgboost,5,4,psd__sfr__derived__roi__R6__median__OE,0.0,0.0
xgboost,5,4,psd__theta_alpha_ratio__derived__roi__R1__iqr__CE,0.0,0.0
xgboost,5,4,psd__theta_alpha_ratio__derived__roi__R1__iqr__CE_minus_OE,0.0,0.0
xgboost,5,4,psd__theta_alpha_ratio__derived__roi__R1__iqr__OE,0.0,0.0
xgboost,5,4,psd__theta_alpha_ratio__derived__roi__R1__median__CE,0.0,0.0
xgboost,5,4,psd__theta_alpha_ratio__derived__roi__R1__median__CE_minus_OE,0.0,0.0
xgboost,5,4,psd__theta_alpha_ratio__derived__roi__R1__median__OE,0.0,0.0
xgboost,5,4,psd__theta_alpha_ratio__derived__roi__R2__iqr__CE,0.0,0.0
xgboost,5,4,psd__theta_alpha_ratio__derived__roi__R2__iqr__CE_minus_OE,0.0,0.0
xgboost,5,4,psd__theta_alpha_ratio__derived__roi__R2__iqr__OE,0.0,0.0
xgboost,5,4,psd__theta_alpha_ratio__derived__roi__R2__median__CE,0.0,0.0
xgboost,5,4,psd__theta_alpha_ratio__derived__roi__R2__median__CE_minus_OE,0.0,0.0
xgboost,5,4,psd__theta_alpha_ratio__derived__roi__R2__median__OE,0.0,0.0
xgboost,5,4,psd__theta_alpha_ratio__derived__roi__R3__iqr__CE,0.0,0.0
xgboost,5,4,psd__theta_alpha_ratio__derived__roi__R3__iqr__CE_minus_OE,0.0,0.0
xgboost,5,4,psd__theta_alpha_ratio__derived__roi__R3__iqr__OE,0.0,0.0
xgboost,5,4,psd__theta_alpha_ratio__derived__roi__R3__median__CE,0.0,0.0
xgboost,5,4,psd__theta_alpha_ratio__derived__roi__R3__median__CE_minus_OE,0.0,0.0
xgboost,5,4,psd__theta_alpha_ratio__derived__roi__R3__median__OE,0.0,0.0
xgboost,5,4,psd__theta_alpha_ratio__derived__roi__R4__iqr__CE,0.0,0.0
xgboost,5,4,psd__theta_alpha_ratio__derived__roi__R4__iqr__CE_minus_OE,0.0,0.0
xgboost,5,4,psd__theta_alpha_ratio__derived__roi__R4__iqr__OE,0.0,0.0
xgboost,5,4,psd__theta_alpha_ratio__derived__roi__R4__median__CE,0.0,0.0
xgboost,5,4,psd__theta_alpha_ratio__derived__roi__R4__median__CE_minus_OE,0.0,0.0
xgboost,5,4,psd__theta_alpha_ratio__derived__roi__R4__median__OE,0.0,0.0
xgboost,5,4,psd__theta_alpha_ratio__derived__roi__R5__iqr__CE,0.0,0.0
xgboost,5,4,psd__theta_alpha_ratio__derived__roi__R5__iqr__CE_minus_OE,0.0,0.0
xgboost,5,4,psd__theta_alpha_ratio__derived__roi__R5__iqr__OE,0.0,0.0
xgboost,5,4,psd__theta_alpha_ratio__derived__roi__R5__median__CE,0.0,0.0
xgboost,5,4,psd__theta_alpha_ratio__derived__roi__R5__median__CE_minus_OE,0.0,0.0
xgboost,5,4,psd__theta_alpha_ratio__derived__roi__R5__median__OE,0.0,0.0
xgboost,5,4,psd__theta_alpha_ratio__derived__roi__R6__iqr__CE,0.0,0.0
xgboost,5,4,psd__theta_alpha_ratio__derived__roi__R6__iqr__CE_minus_OE,0.0,0.0
xgboost,5,4,psd__theta_alpha_ratio__derived__roi__R6__iqr__OE,0.0,0.0
xgboost,5,4,psd__theta_alpha_ratio__derived__roi__R6__median__CE,0.0,0.0
xgboost,5,4,psd__theta_alpha_ratio__derived__roi__R6__median__CE_minus_OE,0.0,0.0
xgboost,5,4,psd__theta_alpha_ratio__derived__roi__R6__median__OE,0.0,0.0
