relative_path,subject_id,family,condition,variable,shape,dtype,n_nan,n_inf,minimum,maximum
PSD\hc\PSDrelative_ID_01_CTR_CE.mat,hc_01,psd,CE,PSD_alpha,27x18,float32,0,0,54.4368896484375,474.4376220703125
PSD\hc\PSDrelative_ID_01_CTR_CE.mat,hc_01,psd,CE,PSD_alpha_ROI,6x18,float32,0,0,69.21715545654297,268.94384765625
PSD\hc\PSDrelative_ID_01_CTR_CE.mat,hc_01,psd,CE,PSD_alpha_ROI_rel,6x18,float32,0,0,0.07837621122598648,0.23843097686767578
PSD\hc\PSDrelative_ID_01_CTR_CE.mat,hc_01,psd,CE,PSD_alpha_rel,27x18,float32,0,0,0.07075437158346176,0.2640320062637329
PSD\hc\PSDrelative_ID_01_CTR_CE.mat,hc_01,psd,CE,PSD_beta,27x18,float32,0,0,106.51097106933594,360.892333984375
PSD\hc\PSDrelative_ID_01_CTR_CE.mat,hc_01,psd,CE,PSD_beta_ROI,6x18,float32,0,0,142.76014709472656,332.6115417480469
PSD\hc\PSDrelative_ID_01_CTR_CE.mat,hc_01,psd,CE,PSD_beta_ROI_rel,6x18,float32,0,0,0.17321209609508514,0.3535930812358856
PSD\hc\PSDrelative_ID_01_CTR_CE.mat,hc_01,psd,CE,PSD_beta_rel,27x18,float32,0,0,0.15663869678974152,0.3619568943977356
PSD\hc\PSDrelative_ID_01_CTR_CE.mat,hc_01,psd,CE,PSD_delta,27x18,float32,0,0,121.43143463134766,903.4158935546875
PSD\hc\PSDrelative_ID_01_CTR_CE.mat,hc_01,psd,CE,PSD_delta_ROI,6x18,float32,0,0,148.07115173339844,624.482421875
PSD\hc\PSDrelative_ID_01_CTR_CE.mat,hc_01,psd,CE,PSD_delta_ROI_rel,6x18,float32,0,0,0.2315189242362976,0.5437294244766235
PSD\hc\PSDrelative_ID_01_CTR_CE.mat,hc_01,psd,CE,PSD_delta_alpha,27x18,float32,0,0,1.209520936012268,7.5546979904174805
PSD\hc\PSDrelative_ID_01_CTR_CE.mat,hc_01,psd,CE,PSD_delta_alpha_ROI,6x18,float32,0,0,1.3846559524536133,6.502302646636963
PSD\hc\PSDrelative_ID_01_CTR_CE.mat,hc_01,psd,CE,PSD_delta_rel,27x18,float32,0,0,0.2232537418603897,0.5579030513763428
PSD\hc\PSDrelative_ID_01_CTR_CE.mat,hc_01,psd,CE,PSD_gamma,27x18,float32,0,0,59.040828704833984,165.85140991210938
PSD\hc\PSDrelative_ID_01_CTR_CE.mat,hc_01,psd,CE,PSD_gamma_ROI,6x18,float32,0,0,78.05059051513672,140.73733520507812
PSD\hc\PSDrelative_ID_01_CTR_CE.mat,hc_01,psd,CE,PSD_gamma_ROI_rel,6x18,float32,0,0,0.08298029005527496,0.1584264039993286
PSD\hc\PSDrelative_ID_01_CTR_CE.mat,hc_01,psd,CE,PSD_gamma_rel,27x18,float32,0,0,0.05710378289222717,0.17191684246063232
PSD\hc\PSDrelative_ID_01_CTR_CE.mat,hc_01,psd,CE,PSD_theta,27x18,float32,0,0,49.78563690185547,320.058837890625
PSD\hc\PSDrelative_ID_01_CTR_CE.mat,hc_01,psd,CE,PSD_theta_ROI,6x18,float32,0,0,64.12762451171875,213.8271942138672
PSD\hc\PSDrelative_ID_01_CTR_CE.mat,hc_01,psd,CE,PSD_theta_ROI_rel,6x18,float32,0,0,0.08500939607620239,0.17113268375396729
PSD\hc\PSDrelative_ID_01_CTR_CE.mat,hc_01,psd,CE,PSD_theta_alpha,27x18,float32,0,0,0.4176194369792938,2.022247076034546
PSD\hc\PSDrelative_ID_01_CTR_CE.mat,hc_01,psd,CE,PSD_theta_alpha_ROI,6x18,float32,0,0,0.5623341202735901,1.6775096654891968
PSD\hc\PSDrelative_ID_01_CTR_CE.mat,hc_01,psd,CE,PSD_theta_rel,27x18,float32,0,0,0.0767400935292244,0.1905936300754547
PSD\hc\PSDrelative_ID_01_CTR_CE.mat,hc_01,psd,CE,PSD_tot,27x18,float32,0,0,433.084228515625,2091.00341796875
PSD\hc\PSDrelative_ID_01_CTR_CE.mat,hc_01,psd,CE,PSD_tot_ROI,6x18,float32,0,0,571.8276977539062,1403.0289306640625
PSD\hc\PSDrelative_ID_01_CTR_CE.mat,hc_01,psd,CE,SFR,27x18,float32,0,0,0.7199875712394714,2.926556348800659
PSD\hc\PSDrelative_ID_01_CTR_CE.mat,hc_01,psd,CE,SFR_ROI,6x18,float32,0,0,0.7452249526977539,2.523540496826172
PSD\hc\PSDrelative_ID_01_CTR_OE.mat,hc_01,psd,OE,PSD_alpha,27x18,float32,0,0,55.35913848876953,384.9945983886719
PSD\hc\PSDrelative_ID_01_CTR_OE.mat,hc_01,psd,OE,PSD_alpha_ROI,6x18,float32,0,0,74.1710433959961,230.2098388671875
PSD\hc\PSDrelative_ID_01_CTR_OE.mat,hc_01,psd,OE,PSD_alpha_ROI_rel,6x18,float32,0,0,0.0776250883936882,0.19203682243824005
PSD\hc\PSDrelative_ID_01_CTR_OE.mat,hc_01,psd,OE,PSD_alpha_rel,27x18,float32,0,0,0.06763459742069244,0.22344432771205902
PSD\hc\PSDrelative_ID_01_CTR_OE.mat,hc_01,psd,OE,PSD_beta,27x18,float32,0,0,127.35543823242188,446.529541015625
PSD\hc\PSDrelative_ID_01_CTR_OE.mat,hc_01,psd,OE,PSD_beta_ROI,6x18,float32,0,0,166.5504913330078,386.2881774902344
PSD\hc\PSDrelative_ID_01_CTR_OE.mat,hc_01,psd,OE,PSD_beta_ROI_rel,6x18,float32,0,0,0.15724104642868042,0.3062710464000702
PSD\hc\PSDrelative_ID_01_CTR_OE.mat,hc_01,psd,OE,PSD_beta_rel,27x18,float32,0,0,0.1513584554195404,0.3303687572479248
PSD\hc\PSDrelative_ID_01_CTR_OE.mat,hc_01,psd,OE,PSD_delta,27x18,float32,0,0,118.71246337890625,1034.54150390625
PSD\hc\PSDrelative_ID_01_CTR_OE.mat,hc_01,psd,OE,PSD_delta_ROI,6x18,float32,0,0,159.1026153564453,893.7897338867188
PSD\hc\PSDrelative_ID_01_CTR_OE.mat,hc_01,psd,OE,PSD_delta_ROI_rel,6x18,float32,0,0,0.23054510354995728,0.5292670130729675
PSD\hc\PSDrelative_ID_01_CTR_OE.mat,hc_01,psd,OE,PSD_delta_alpha,27x18,float32,0,0,1.333493709564209,8.17391300201416
PSD\hc\PSDrelative_ID_01_CTR_OE.mat,hc_01,psd,OE,PSD_delta_alpha_ROI,6x18,float32,0,0,1.5227093696594238,6.819153308868408
PSD\hc\PSDrelative_ID_01_CTR_OE.mat,hc_01,psd,OE,PSD_delta_rel,27x18,float32,0,0,0.21169690787792206,0.5528393387794495
PSD\hc\PSDrelative_ID_01_CTR_OE.mat,hc_01,psd,OE,PSD_gamma,27x18,float32,0,0,55.614261627197266,214.6334686279297
PSD\hc\PSDrelative_ID_01_CTR_OE.mat,hc_01,psd,OE,PSD_gamma_ROI,6x18,float32,0,0,73.27454376220703,205.84759521484375
PSD\hc\PSDrelative_ID_01_CTR_OE.mat,hc_01,psd,OE,PSD_gamma_ROI_rel,6x18,float32,0,0,0.07567515224218369,0.2003037929534912
PSD\hc\PSDrelative_ID_01_CTR_OE.mat,hc_01,psd,OE,PSD_gamma_rel,27x18,float32,0,0,0.06015503406524658,0.22815172374248505
PSD\hc\PSDrelative_ID_01_CTR_OE.mat,hc_01,psd,OE,PSD_theta,27x18,float32,0,0,46.910221099853516,275.0988464355469
PSD\hc\PSDrelative_ID_01_CTR_OE.mat,hc_01,psd,OE,PSD_theta_ROI,6x18,float32,0,0,63.1768913269043,224.62489318847656
PSD\hc\PSDrelative_ID_01_CTR_OE.mat,hc_01,psd,OE,PSD_theta_ROI_rel,6x18,float32,0,0,0.07536805421113968,0.1768389493227005
PSD\hc\PSDrelative_ID_01_CTR_OE.mat,hc_01,psd,OE,PSD_theta_alpha,27x18,float32,0,0,0.4009426236152649,2.4198787212371826
PSD\hc\PSDrelative_ID_01_CTR_OE.mat,hc_01,psd,OE,PSD_theta_alpha_ROI,6x18,float32,0,0,0.4750621020793915,2.0990419387817383
PSD\hc\PSDrelative_ID_01_CTR_OE.mat,hc_01,psd,OE,PSD_theta_rel,27x18,float32,0,0,0.06964726746082306,0.19068962335586548
PSD\hc\PSDrelative_ID_01_CTR_OE.mat,hc_01,psd,OE,PSD_tot,27x18,float32,0,0,457.2720031738281,1979.25732421875
PSD\hc\PSDrelative_ID_01_CTR_OE.mat,hc_01,psd,OE,PSD_tot_ROI,6x18,float32,0,0,624.4362182617188,1763.5260009765625
PSD\hc\PSDrelative_ID_01_CTR_OE.mat,hc_01,psd,OE,SFR,27x18,float32,0,0,0.7713517546653748,2.6598522663116455
PSD\hc\PSDrelative_ID_01_CTR_OE.mat,hc_01,psd,OE,SFR_ROI,6x18,float32,0,0,0.8182275891304016,2.635045289993286
PSD\hc\PSDrelative_ID_02_CTR_CE.mat,hc_02,psd,CE,PSD_alpha,27x18,float32,0,0,11.57768726348877,873.2451782226562
PSD\hc\PSDrelative_ID_02_CTR_CE.mat,hc_02,psd,CE,PSD_alpha_ROI,6x18,float32,0,0,14.669299125671387,667.2649536132812
PSD\hc\PSDrelative_ID_02_CTR_CE.mat,hc_02,psd,CE,PSD_alpha_ROI_rel,6x18,float32,0,0,0.019059428945183754,0.43816980719566345
PSD\hc\PSDrelative_ID_02_CTR_CE.mat,hc_02,psd,CE,PSD_alpha_rel,27x18,float32,0,0,0.018201738595962524,0.4909639358520508
PSD\hc\PSDrelative_ID_02_CTR_CE.mat,hc_02,psd,CE,PSD_beta,27x18,float32,0,0,19.495437622070312,385.5813293457031
PSD\hc\PSDrelative_ID_02_CTR_CE.mat,hc_02,psd,CE,PSD_beta_ROI,6x18,float32,0,0,28.620893478393555,286.06427001953125
PSD\hc\PSDrelative_ID_02_CTR_CE.mat,hc_02,psd,CE,PSD_beta_ROI_rel,6x18,float32,0,0,0.0172251146286726,0.26326408982276917
PSD\hc\PSDrelative_ID_02_CTR_CE.mat,hc_02,psd,CE,PSD_beta_rel,27x18,float32,0,0,0.01356342900544405,0.3122709095478058
PSD\hc\PSDrelative_ID_02_CTR_CE.mat,hc_02,psd,CE,PSD_delta,27x18,float32,0,0,76.0266342163086,4107.384765625
PSD\hc\PSDrelative_ID_02_CTR_CE.mat,hc_02,psd,CE,PSD_delta_ROI,6x18,float32,0,0,80.79134368896484,3900.634033203125
PSD\hc\PSDrelative_ID_02_CTR_CE.mat,hc_02,psd,CE,PSD_delta_ROI_rel,6x18,float32,0,0,0.22239182889461517,0.8635010123252869
PSD\hc\PSDrelative_ID_02_CTR_CE.mat,hc_02,psd,CE,PSD_delta_alpha,27x18,float32,0,0,0.5801265835762024,44.59955978393555
PSD\hc\PSDrelative_ID_02_CTR_CE.mat,hc_02,psd,CE,PSD_delta_alpha_ROI,6x18,float32,0,0,0.7659182548522949,41.8581657409668
PSD\hc\PSDrelative_ID_02_CTR_CE.mat,hc_02,psd,CE,PSD_delta_rel,27x18,float32,0,0,0.2008763700723648,0.8838761448860168
PSD\hc\PSDrelative_ID_02_CTR_CE.mat,hc_02,psd,CE,PSD_gamma,27x18,float32,0,0,6.868093967437744,92.0428466796875
PSD\hc\PSDrelative_ID_02_CTR_CE.mat,hc_02,psd,CE,PSD_gamma_ROI,6x18,float32,0,0,7.238500118255615,64.11505889892578
PSD\hc\PSDrelative_ID_02_CTR_CE.mat,hc_02,psd,CE,PSD_gamma_ROI_rel,6x18,float32,0,0,0.005268941167742014,0.07225770503282547
PSD\hc\PSDrelative_ID_02_CTR_CE.mat,hc_02,psd,CE,PSD_gamma_rel,27x18,float32,0,0,0.004618611186742783,0.14126452803611755
PSD\hc\PSDrelative_ID_02_CTR_CE.mat,hc_02,psd,CE,PSD_theta,27x18,float32,0,0,22.611783981323242,723.7368774414062
PSD\hc\PSDrelative_ID_02_CTR_CE.mat,hc_02,psd,CE,PSD_theta_ROI,6x18,float32,0,0,25.510820388793945,697.0980834960938
PSD\hc\PSDrelative_ID_02_CTR_CE.mat,hc_02,psd,CE,PSD_theta_ROI_rel,6x18,float32,0,0,0.04483133926987648,0.3733234107494354
PSD\hc\PSDrelative_ID_02_CTR_CE.mat,hc_02,psd,CE,PSD_theta_alpha,27x18,float32,0,0,0.10790625959634781,9.488739013671875
PSD\hc\PSDrelative_ID_02_CTR_CE.mat,hc_02,psd,CE,PSD_theta_alpha_ROI,6x18,float32,0,0,0.1526212841272354,9.001744270324707
PSD\hc\PSDrelative_ID_02_CTR_CE.mat,hc_02,psd,CE,PSD_theta_rel,27x18,float32,0,0,0.042658109217882156,0.39363184571266174
PSD\hc\PSDrelative_ID_02_CTR_CE.mat,hc_02,psd,CE,PSD_tot,27x18,float32,0,0,218.23898315429688,5320.2392578125
PSD\hc\PSDrelative_ID_02_CTR_CE.mat,hc_02,psd,CE,PSD_tot_ROI,6x18,float32,0,0,231.984375,5103.68798828125
PSD\hc\PSDrelative_ID_02_CTR_CE.mat,hc_02,psd,CE,SFR,27x18,float32,0,0,0.5172846913337708,30.174604415893555
PSD\hc\PSDrelative_ID_02_CTR_CE.mat,hc_02,psd,CE,SFR_ROI,6x18,float32,0,0,0.6789118647575378,26.86114501953125
PSD\hc\PSDrelative_ID_02_CTR_OE.mat,hc_02,psd,OE,PSD_alpha,27x18,float32,0,0,5.669395446777344,134.16946411132812
PSD\hc\PSDrelative_ID_02_CTR_OE.mat,hc_02,psd,OE,PSD_alpha_ROI,6x18,float32,0,0,7.757228374481201,125.43390655517578
PSD\hc\PSDrelative_ID_02_CTR_OE.mat,hc_02,psd,OE,PSD_alpha_ROI_rel,6x18,float32,0,0,0.03520263358950615,0.18617820739746094
PSD\hc\PSDrelative_ID_02_CTR_OE.mat,hc_02,psd,OE,PSD_alpha_rel,27x18,float32,0,0,0.02646491304039955,0.2218959629535675
PSD\hc\PSDrelative_ID_02_CTR_OE.mat,hc_02,psd,OE,PSD_beta,27x18,float32,0,0,21.907712936401367,333.30718994140625
PSD\hc\PSDrelative_ID_02_CTR_OE.mat,hc_02,psd,OE,PSD_beta_ROI,6x18,float32,0,0,24.0964412689209,220.2901153564453
PSD\hc\PSDrelative_ID_02_CTR_OE.mat,hc_02,psd,OE,PSD_beta_ROI_rel,6x18,float32,0,0,0.04954298958182335,0.4409465789794922
PSD\hc\PSDrelative_ID_02_CTR_OE.mat,hc_02,psd,OE,PSD_beta_rel,27x18,float32,0,0,0.04318653792142868,0.5370959043502808
PSD\hc\PSDrelative_ID_02_CTR_OE.mat,hc_02,psd,OE,PSD_delta,27x18,float32,0,0,28.17089080810547,1968.9085693359375
PSD\hc\PSDrelative_ID_02_CTR_OE.mat,hc_02,psd,OE,PSD_delta_ROI,6x18,float32,0,0,39.452152252197266,1568.2843017578125
PSD\hc\PSDrelative_ID_02_CTR_OE.mat,hc_02,psd,OE,PSD_delta_ROI_rel,6x18,float32,0,0,0.2213454693555832,0.7667502760887146
PSD\hc\PSDrelative_ID_02_CTR_OE.mat,hc_02,psd,OE,PSD_delta_alpha,27x18,float32,0,0,0.9968293309211731,28.595972061157227
PSD\hc\PSDrelative_ID_02_CTR_OE.mat,hc_02,psd,OE,PSD_delta_alpha_ROI,6x18,float32,0,0,1.5499821901321411,21.46046257019043
PSD\hc\PSDrelative_ID_02_CTR_OE.mat,hc_02,psd,OE,PSD_delta_rel,27x18,float32,0,0,0.1423576921224594,0.7798426151275635
PSD\hc\PSDrelative_ID_02_CTR_OE.mat,hc_02,psd,OE,PSD_gamma,27x18,float32,0,0,8.062273025512695,220.73098754882812
PSD\hc\PSDrelative_ID_02_CTR_OE.mat,hc_02,psd,OE,PSD_gamma_ROI,6x18,float32,0,0,10.768561363220215,101.27120971679688
PSD\hc\PSDrelative_ID_02_CTR_OE.mat,hc_02,psd,OE,PSD_gamma_ROI_rel,6x18,float32,0,0,0.021216757595539093,0.19990511238574982
PSD\hc\PSDrelative_ID_02_CTR_OE.mat,hc_02,psd,OE,PSD_gamma_rel,27x18,float32,0,0,0.012623762711882591,0.3841577470302582
PSD\hc\PSDrelative_ID_02_CTR_OE.mat,hc_02,psd,OE,PSD_theta,27x18,float32,0,0,9.242535591125488,372.61065673828125
PSD\hc\PSDrelative_ID_02_CTR_OE.mat,hc_02,psd,OE,PSD_theta_ROI,6x18,float32,0,0,11.496501922607422,363.0627136230469
PSD\hc\PSDrelative_ID_02_CTR_OE.mat,hc_02,psd,OE,PSD_theta_ROI_rel,6x18,float32,0,0,0.08273787796497345,0.2867942154407501
PSD\hc\PSDrelative_ID_02_CTR_OE.mat,hc_02,psd,OE,PSD_theta_alpha,27x18,float32,0,0,0.3430824875831604,4.900134086608887
PSD\hc\PSDrelative_ID_02_CTR_OE.mat,hc_02,psd,OE,PSD_theta_alpha_ROI,6x18,float32,0,0,0.5318718552589417,4.647864818572998
PSD\hc\PSDrelative_ID_02_CTR_OE.mat,hc_02,psd,OE,PSD_theta_rel,27x18,float32,0,0,0.04475579783320427,0.3016315996646881
PSD\hc\PSDrelative_ID_02_CTR_OE.mat,hc_02,psd,OE,PSD_tot,27x18,float32,0,0,91.56233215332031,2594.24951171875
PSD\hc\PSDrelative_ID_02_CTR_OE.mat,hc_02,psd,OE,PSD_tot_ROI,6x18,float32,0,0,110.06747436523438,2110.919921875
PSD\hc\PSDrelative_ID_02_CTR_OE.mat,hc_02,psd,OE,SFR,27x18,float32,0,0,0.4011012613773346,9.580629348754883
PSD\hc\PSDrelative_ID_02_CTR_OE.mat,hc_02,psd,OE,SFR_ROI,6x18,float32,0,0,0.5621240735054016,7.46705436706543
PSD\hc\PSDrelative_ID_03_CTR_CE.mat,hc_03,psd,CE,PSD_alpha,27x18,float32,0,0,0.9441331624984741,928.1503295898438
PSD\hc\PSDrelative_ID_03_CTR_CE.mat,hc_03,psd,CE,PSD_alpha_ROI,6x18,float32,0,0,3.185941696166992,706.9154663085938
PSD\hc\PSDrelative_ID_03_CTR_CE.mat,hc_03,psd,CE,PSD_alpha_ROI_rel,6x18,float32,0,0,0.21724575757980347,0.7906065583229065
PSD\hc\PSDrelative_ID_03_CTR_CE.mat,hc_03,psd,CE,PSD_alpha_rel,27x18,float32,0,0,0.09796061366796494,0.8795854449272156
PSD\hc\PSDrelative_ID_03_CTR_CE.mat,hc_03,psd,CE,PSD_beta,27x18,float32,0,0,0.8012778162956238,95.33100891113281
PSD\hc\PSDrelative_ID_03_CTR_CE.mat,hc_03,psd,CE,PSD_beta_ROI,6x18,float32,0,0,2.4800055027008057,70.45581817626953
PSD\hc\PSDrelative_ID_03_CTR_CE.mat,hc_03,psd,CE,PSD_beta_ROI_rel,6x18,float32,0,0,0.05796235799789429,0.20357652008533478
PSD\hc\PSDrelative_ID_03_CTR_CE.mat,hc_03,psd,CE,PSD_beta_rel,27x18,float32,0,0,0.02989925816655159,0.34713590145111084
PSD\hc\PSDrelative_ID_03_CTR_CE.mat,hc_03,psd,CE,PSD_delta,27x18,float32,0,0,1.0499520301818848,753.4363403320312
PSD\hc\PSDrelative_ID_03_CTR_CE.mat,hc_03,psd,CE,PSD_delta_ROI,6x18,float32,0,0,2.2926480770111084,311.3703918457031
PSD\hc\PSDrelative_ID_03_CTR_CE.mat,hc_03,psd,CE,PSD_delta_ROI_rel,6x18,float32,0,0,0.05343775078654289,0.4611679017543793
PSD\hc\PSDrelative_ID_03_CTR_CE.mat,hc_03,psd,CE,PSD_delta_alpha,27x18,float32,0,0,0.043148282915353775,6.306974411010742
PSD\hc\PSDrelative_ID_03_CTR_CE.mat,hc_03,psd,CE,PSD_delta_alpha_ROI,6x18,float32,0,0,0.0687762126326561,2.411010980606079
PSD\hc\PSDrelative_ID_03_CTR_CE.mat,hc_03,psd,CE,PSD_delta_rel,27x18,float32,0,0,0.03690263256430626,0.7146044969558716
PSD\hc\PSDrelative_ID_03_CTR_CE.mat,hc_03,psd,CE,PSD_gamma,27x18,float32,0,0,0.4114578664302826,64.56365966796875
PSD\hc\PSDrelative_ID_03_CTR_CE.mat,hc_03,psd,CE,PSD_gamma_ROI,6x18,float32,0,0,1.0709896087646484,18.245630264282227
PSD\hc\PSDrelative_ID_03_CTR_CE.mat,hc_03,psd,CE,PSD_gamma_ROI_rel,6x18,float32,0,0,0.016060324385762215,0.13213707506656647
PSD\hc\PSDrelative_ID_03_CTR_CE.mat,hc_03,psd,CE,PSD_gamma_rel,27x18,float32,0,0,0.004698135890066624,0.2675583064556122
PSD\hc\PSDrelative_ID_03_CTR_CE.mat,hc_03,psd,CE,PSD_theta,27x18,float32,0,0,0.7828955054283142,98.21321868896484
PSD\hc\PSDrelative_ID_03_CTR_CE.mat,hc_03,psd,CE,PSD_theta_ROI,6x18,float32,0,0,1.3747133016586304,87.29763793945312
PSD\hc\PSDrelative_ID_03_CTR_CE.mat,hc_03,psd,CE,PSD_theta_ROI_rel,6x18,float32,0,0,0.0652352049946785,0.151480570435524
PSD\hc\PSDrelative_ID_03_CTR_CE.mat,hc_03,psd,CE,PSD_theta_alpha,27x18,float32,0,0,0.0504838302731514,1.0680651664733887
PSD\hc\PSDrelative_ID_03_CTR_CE.mat,hc_03,psd,CE,PSD_theta_alpha_ROI,6x18,float32,0,0,0.09359841793775558,0.5417374968528748
PSD\hc\PSDrelative_ID_03_CTR_CE.mat,hc_03,psd,CE,PSD_theta_rel,27x18,float32,0,0,0.039573345333337784,0.22774896025657654
PSD\hc\PSDrelative_ID_03_CTR_CE.mat,hc_03,psd,CE,PSD_tot,27x18,float32,0,0,5.267590522766113,1690.289794921875
PSD\hc\PSDrelative_ID_03_CTR_CE.mat,hc_03,psd,CE,PSD_tot_ROI,6x18,float32,0,0,12.1038818359375,1066.5792236328125
PSD\hc\PSDrelative_ID_03_CTR_CE.mat,hc_03,psd,CE,SFR,27x18,float32,0,0,0.09049517661333084,4.689013481140137
PSD\hc\PSDrelative_ID_03_CTR_CE.mat,hc_03,psd,CE,SFR_ROI,6x18,float32,0,0,0.1548987627029419,1.7512602806091309
PSD\hc\PSDrelative_ID_03_CTR_OE.mat,hc_03,psd,OE,PSD_alpha,27x18,float32,0,0,0.5623999238014221,71.83386993408203
PSD\hc\PSDrelative_ID_03_CTR_OE.mat,hc_03,psd,OE,PSD_alpha_ROI,6x18,float32,0,0,1.1220548152923584,42.85081100463867
PSD\hc\PSDrelative_ID_03_CTR_OE.mat,hc_03,psd,OE,PSD_alpha_ROI_rel,6x18,float32,0,0,0.04546203091740608,0.19296257197856903
PSD\hc\PSDrelative_ID_03_CTR_OE.mat,hc_03,psd,OE,PSD_alpha_rel,27x18,float32,0,0,0.020751455798745155,0.2816605269908905
PSD\hc\PSDrelative_ID_03_CTR_OE.mat,hc_03,psd,OE,PSD_beta,27x18,float32,0,0,1.051922082901001,228.19918823242188
PSD\hc\PSDrelative_ID_03_CTR_OE.mat,hc_03,psd,OE,PSD_beta_ROI,6x18,float32,0,0,3.2195940017700195,72.91006469726562
PSD\hc\PSDrelative_ID_03_CTR_OE.mat,hc_03,psd,OE,PSD_beta_ROI_rel,6x18,float32,0,0,0.053179796785116196,0.31383466720581055
PSD\hc\PSDrelative_ID_03_CTR_OE.mat,hc_03,psd,OE,PSD_beta_rel,27x18,float32,0,0,0.015045158565044403,0.4385155737400055
PSD\hc\PSDrelative_ID_03_CTR_OE.mat,hc_03,psd,OE,PSD_delta,27x18,float32,0,0,1.3307702541351318,2293.706298828125
PSD\hc\PSDrelative_ID_03_CTR_OE.mat,hc_03,psd,OE,PSD_delta_ROI,6x18,float32,0,0,2.6881771087646484,1233.7933349609375
PSD\hc\PSDrelative_ID_03_CTR_OE.mat,hc_03,psd,OE,PSD_delta_ROI_rel,6x18,float32,0,0,0.1989348977804184,0.7425480484962463
PSD\hc\PSDrelative_ID_03_CTR_OE.mat,hc_03,psd,OE,PSD_delta_alpha,27x18,float32,0,0,0.7632233500480652,41.1956901550293
PSD\hc\PSDrelative_ID_03_CTR_OE.mat,hc_03,psd,OE,PSD_delta_alpha_ROI,6x18,float32,0,0,1.5774701833724976,27.053237915039062
PSD\hc\PSDrelative_ID_03_CTR_OE.mat,hc_03,psd,OE,PSD_delta_rel,27x18,float32,0,0,0.10086020827293396,0.8663523197174072
PSD\hc\PSDrelative_ID_03_CTR_OE.mat,hc_03,psd,OE,PSD_gamma,27x18,float32,0,0,0.6402502655982971,291.89642333984375
PSD\hc\PSDrelative_ID_03_CTR_OE.mat,hc_03,psd,OE,PSD_gamma_ROI,6x18,float32,0,0,1.8924697637557983,95.16532135009766
PSD\hc\PSDrelative_ID_03_CTR_OE.mat,hc_03,psd,OE,PSD_gamma_ROI_rel,6x18,float32,0,0,0.039669569581747055,0.3651336133480072
PSD\hc\PSDrelative_ID_03_CTR_OE.mat,hc_03,psd,OE,PSD_gamma_rel,27x18,float32,0,0,0.0031855576671659946,0.4793814718723297
PSD\hc\PSDrelative_ID_03_CTR_OE.mat,hc_03,psd,OE,PSD_theta,27x18,float32,0,0,0.5554347038269043,295.64813232421875
PSD\hc\PSDrelative_ID_03_CTR_OE.mat,hc_03,psd,OE,PSD_theta_ROI,6x18,float32,0,0,1.1135423183441162,143.35818481445312
PSD\hc\PSDrelative_ID_03_CTR_OE.mat,hc_03,psd,OE,PSD_theta_ROI_rel,6x18,float32,0,0,0.05630031228065491,0.21257710456848145
PSD\hc\PSDrelative_ID_03_CTR_OE.mat,hc_03,psd,OE,PSD_theta_alpha,27x18,float32,0,0,0.3030509352684021,4.115720748901367
PSD\hc\PSDrelative_ID_03_CTR_OE.mat,hc_03,psd,OE,PSD_theta_alpha_ROI,6x18,float32,0,0,0.6089124083518982,3.1921308040618896
PSD\hc\PSDrelative_ID_03_CTR_OE.mat,hc_03,psd,OE,PSD_theta_rel,27x18,float32,0,0,0.020728331059217453,0.24747608602046967
PSD\hc\PSDrelative_ID_03_CTR_OE.mat,hc_03,psd,OE,PSD_tot,27x18,float32,0,0,4.69865083694458,2647.54443359375
PSD\hc\PSDrelative_ID_03_CTR_OE.mat,hc_03,psd,OE,PSD_tot_ROI,6x18,float32,0,0,11.943431854248047,1479.4534912109375
PSD\hc\PSDrelative_ID_03_CTR_OE.mat,hc_03,psd,OE,SFR,27x18,float32,0,0,0.29988348484039307,23.331016540527344
PSD\hc\PSDrelative_ID_03_CTR_OE.mat,hc_03,psd,OE,SFR_ROI,6x18,float32,0,0,0.66107577085495,14.612159729003906
PSD\hc\PSDrelative_ID_04_CTR_CE.mat,hc_04,psd,CE,PSD_alpha,27x18,float32,0,0,16.233043670654297,2621.013671875
PSD\hc\PSDrelative_ID_04_CTR_CE.mat,hc_04,psd,CE,PSD_alpha_ROI,6x18,float32,0,0,18.186689376831055,2289.9404296875
PSD\hc\PSDrelative_ID_04_CTR_CE.mat,hc_04,psd,CE,PSD_alpha_ROI_rel,6x18,float32,0,0,0.053718339651823044,0.7557334899902344
PSD\hc\PSDrelative_ID_04_CTR_CE.mat,hc_04,psd,CE,PSD_alpha_rel,27x18,float32,0,0,0.04789838194847107,0.7849652767181396
PSD\hc\PSDrelative_ID_04_CTR_CE.mat,hc_04,psd,CE,PSD_beta,27x18,float32,0,0,13.763668060302734,170.01670837402344
PSD\hc\PSDrelative_ID_04_CTR_CE.mat,hc_04,psd,CE,PSD_beta_ROI,6x18,float32,0,0,17.42702293395996,141.43238830566406
PSD\hc\PSDrelative_ID_04_CTR_CE.mat,hc_04,psd,CE,PSD_beta_ROI_rel,6x18,float32,0,0,0.031430620700120926,0.15589196979999542
PSD\hc\PSDrelative_ID_04_CTR_CE.mat,hc_04,psd,CE,PSD_beta_rel,27x18,float32,0,0,0.02534499391913414,0.1793397217988968
PSD\hc\PSDrelative_ID_04_CTR_CE.mat,hc_04,psd,CE,PSD_delta,27x18,float32,0,0,61.105831146240234,1236.8826904296875
PSD\hc\PSDrelative_ID_04_CTR_CE.mat,hc_04,psd,CE,PSD_delta_ROI,6x18,float32,0,0,63.62434768676758,1080.020751953125
PSD\hc\PSDrelative_ID_04_CTR_CE.mat,hc_04,psd,CE,PSD_delta_ROI_rel,6x18,float32,0,0,0.08326681703329086,0.7745847105979919
PSD\hc\PSDrelative_ID_04_CTR_CE.mat,hc_04,psd,CE,PSD_delta_alpha,27x18,float32,0,0,0.0789475291967392,16.47405242919922
PSD\hc\PSDrelative_ID_04_CTR_CE.mat,hc_04,psd,CE,PSD_delta_alpha_ROI,6x18,float32,0,0,0.11373040825128555,14.567606925964355
PSD\hc\PSDrelative_ID_04_CTR_CE.mat,hc_04,psd,CE,PSD_delta_rel,27x18,float32,0,0,0.061328813433647156,0.7929480671882629
PSD\hc\PSDrelative_ID_04_CTR_CE.mat,hc_04,psd,CE,PSD_gamma,27x18,float32,0,0,5.016053676605225,88.88687896728516
PSD\hc\PSDrelative_ID_04_CTR_CE.mat,hc_04,psd,CE,PSD_gamma_ROI,6x18,float32,0,0,5.304649829864502,35.70158767700195
PSD\hc\PSDrelative_ID_04_CTR_CE.mat,hc_04,psd,CE,PSD_gamma_ROI_rel,6x18,float32,0,0,0.006590531673282385,0.05110512673854828
PSD\hc\PSDrelative_ID_04_CTR_CE.mat,hc_04,psd,CE,PSD_gamma_rel,27x18,float32,0,0,0.0038898964412510395,0.12881827354431152
PSD\hc\PSDrelative_ID_04_CTR_CE.mat,hc_04,psd,CE,PSD_theta,27x18,float32,0,0,19.445255279541016,524.3209228515625
PSD\hc\PSDrelative_ID_04_CTR_CE.mat,hc_04,psd,CE,PSD_theta_ROI,6x18,float32,0,0,25.56160545349121,454.4270935058594
PSD\hc\PSDrelative_ID_04_CTR_CE.mat,hc_04,psd,CE,PSD_theta_ROI_rel,6x18,float32,0,0,0.07905832678079605,0.22792790830135345
PSD\hc\PSDrelative_ID_04_CTR_CE.mat,hc_04,psd,CE,PSD_theta_alpha,27x18,float32,0,0,0.09460324794054031,2.793346643447876
PSD\hc\PSDrelative_ID_04_CTR_CE.mat,hc_04,psd,CE,PSD_theta_alpha_ROI,6x18,float32,0,0,0.10484745353460312,2.356757402420044
PSD\hc\PSDrelative_ID_04_CTR_CE.mat,hc_04,psd,CE,PSD_theta_rel,27x18,float32,0,0,0.07111199200153351,0.2401462346315384
PSD\hc\PSDrelative_ID_04_CTR_CE.mat,hc_04,psd,CE,PSD_tot,27x18,float32,0,0,150.5304718017578,3684.605712890625
PSD\hc\PSDrelative_ID_04_CTR_CE.mat,hc_04,psd,CE,PSD_tot_ROI,6x18,float32,0,0,187.0340576171875,3334.535400390625
PSD\hc\PSDrelative_ID_04_CTR_CE.mat,hc_04,psd,CE,SFR,27x18,float32,0,0,0.18585853278636932,9.341333389282227
PSD\hc\PSDrelative_ID_04_CTR_CE.mat,hc_04,psd,CE,SFR_ROI,6x18,float32,0,0,0.24192436039447784,8.245013236999512
PSD\hc\PSDrelative_ID_04_CTR_OE.mat,hc_04,psd,OE,PSD_alpha,27x18,float32,0,0,6.250208377838135,278.4289855957031
PSD\hc\PSDrelative_ID_04_CTR_OE.mat,hc_04,psd,OE,PSD_alpha_ROI,6x18,float32,0,0,6.446169376373291,273.2817687988281
PSD\hc\PSDrelative_ID_04_CTR_OE.mat,hc_04,psd,OE,PSD_alpha_ROI_rel,6x18,float32,0,0,0.043255776166915894,0.2031087726354599
PSD\hc\PSDrelative_ID_04_CTR_OE.mat,hc_04,psd,OE,PSD_alpha_rel,27x18,float32,0,0,0.04270584136247635,0.24904055893421173
PSD\hc\PSDrelative_ID_04_CTR_OE.mat,hc_04,psd,OE,PSD_beta,27x18,float32,0,0,14.680039405822754,139.5303497314453
PSD\hc\PSDrelative_ID_04_CTR_OE.mat,hc_04,psd,OE,PSD_beta_ROI,6x18,float32,0,0,16.186267852783203,125.97383880615234
PSD\hc\PSDrelative_ID_04_CTR_OE.mat,hc_04,psd,OE,PSD_beta_ROI_rel,6x18,float32,0,0,0.01327174436300993,0.3377133309841156
PSD\hc\PSDrelative_ID_04_CTR_OE.mat,hc_04,psd,OE,PSD_beta_rel,27x18,float32,0,0,0.011622048914432526,0.38964545726776123
PSD\hc\PSDrelative_ID_04_CTR_OE.mat,hc_04,psd,OE,PSD_delta,27x18,float32,0,0,17.988195419311523,3555.195556640625
PSD\hc\PSDrelative_ID_04_CTR_OE.mat,hc_04,psd,OE,PSD_delta_ROI,6x18,float32,0,0,22.436689376831055,3424.114990234375
PSD\hc\PSDrelative_ID_04_CTR_OE.mat,hc_04,psd,OE,PSD_delta_ROI_rel,6x18,float32,0,0,0.2426883578300476,0.7172457575798035
PSD\hc\PSDrelative_ID_04_CTR_OE.mat,hc_04,psd,OE,PSD_delta_alpha,27x18,float32,0,0,0.8476077318191528,16.842025756835938
PSD\hc\PSDrelative_ID_04_CTR_OE.mat,hc_04,psd,OE,PSD_delta_alpha_ROI,6x18,float32,0,0,1.3967088460922241,16.583391189575195
PSD\hc\PSDrelative_ID_04_CTR_OE.mat,hc_04,psd,OE,PSD_delta_rel,27x18,float32,0,0,0.15346311032772064,0.7253252267837524
PSD\hc\PSDrelative_ID_04_CTR_OE.mat,hc_04,psd,OE,PSD_gamma,27x18,float32,0,0,6.905679702758789,66.65587615966797
PSD\hc\PSDrelative_ID_04_CTR_OE.mat,hc_04,psd,OE,PSD_gamma_ROI,6x18,float32,0,0,7.5446295738220215,49.22641372680664
PSD\hc\PSDrelative_ID_04_CTR_OE.mat,hc_04,psd,OE,PSD_gamma_ROI_rel,6x18,float32,0,0,0.004256558138877153,0.1851755827665329
PSD\hc\PSDrelative_ID_04_CTR_OE.mat,hc_04,psd,OE,PSD_gamma_rel,27x18,float32,0,0,0.0037057185545563698,0.25318166613578796
PSD\hc\PSDrelative_ID_04_CTR_OE.mat,hc_04,psd,OE,PSD_theta,27x18,float32,0,0,7.180159091949463,1171.1893310546875
PSD\hc\PSDrelative_ID_04_CTR_OE.mat,hc_04,psd,OE,PSD_theta_ROI,6x18,float32,0,0,8.414017677307129,1139.445068359375
PSD\hc\PSDrelative_ID_04_CTR_OE.mat,hc_04,psd,OE,PSD_theta_ROI_rel,6x18,float32,0,0,0.08792468160390854,0.29787537455558777
PSD\hc\PSDrelative_ID_04_CTR_OE.mat,hc_04,psd,OE,PSD_theta_alpha,27x18,float32,0,0,0.44915589690208435,5.612198829650879
PSD\hc\PSDrelative_ID_04_CTR_OE.mat,hc_04,psd,OE,PSD_theta_alpha_ROI,6x18,float32,0,0,0.578967809677124,5.450868606567383
PSD\hc\PSDrelative_ID_04_CTR_OE.mat,hc_04,psd,OE,PSD_theta_rel,27x18,float32,0,0,0.07061118632555008,0.3015983998775482
PSD\hc\PSDrelative_ID_04_CTR_OE.mat,hc_04,psd,OE,PSD_tot,27x18,float32,0,0,60.801639556884766,5009.57470703125
PSD\hc\PSDrelative_ID_04_CTR_OE.mat,hc_04,psd,OE,PSD_tot_ROI,6x18,float32,0,0,71.55542755126953,4799.65869140625
PSD\hc\PSDrelative_ID_04_CTR_OE.mat,hc_04,psd,OE,SFR,27x18,float32,0,0,0.4443452060222626,17.21420669555664
PSD\hc\PSDrelative_ID_04_CTR_OE.mat,hc_04,psd,OE,SFR_ROI,6x18,float32,0,0,0.7397095561027527,16.60762596130371
PSD\hc\PSDrelative_ID_05_CTR_CE.mat,hc_05,psd,CE,PSD_alpha,27x18,float32,0,0,3.7865970134735107,794.3515625
PSD\hc\PSDrelative_ID_05_CTR_CE.mat,hc_05,psd,CE,PSD_alpha_ROI,6x18,float32,0,0,8.571101188659668,435.4278564453125
PSD\hc\PSDrelative_ID_05_CTR_CE.mat,hc_05,psd,CE,PSD_alpha_ROI_rel,6x18,float32,0,0,0.10451892018318176,0.37755322456359863
PSD\hc\PSDrelative_ID_05_CTR_CE.mat,hc_05,psd,CE,PSD_alpha_rel,27x18,float32,0,0,0.04846544191241264,0.5134570598602295
PSD\hc\PSDrelative_ID_05_CTR_CE.mat,hc_05,psd,CE,PSD_beta,27x18,float32,0,0,6.017200946807861,556.6838989257812
PSD\hc\PSDrelative_ID_05_CTR_CE.mat,hc_05,psd,CE,PSD_beta_ROI,6x18,float32,0,0,14.085749626159668,359.1611022949219
PSD\hc\PSDrelative_ID_05_CTR_CE.mat,hc_05,psd,CE,PSD_beta_ROI_rel,6x18,float32,0,0,0.168728768825531,0.3971174657344818
PSD\hc\PSDrelative_ID_05_CTR_CE.mat,hc_05,psd,CE,PSD_beta_rel,27x18,float32,0,0,0.09400834888219833,0.4250243902206421
PSD\hc\PSDrelative_ID_05_CTR_CE.mat,hc_05,psd,CE,PSD_delta,27x18,float32,0,0,4.923683166503906,1988.779296875
PSD\hc\PSDrelative_ID_05_CTR_CE.mat,hc_05,psd,CE,PSD_delta_ROI,6x18,float32,0,0,16.928695678710938,479.2001037597656
PSD\hc\PSDrelative_ID_05_CTR_CE.mat,hc_05,psd,CE,PSD_delta_ROI_rel,6x18,float32,0,0,0.11726000159978867,0.44647812843322754
PSD\hc\PSDrelative_ID_05_CTR_CE.mat,hc_05,psd,CE,PSD_delta_alpha,27x18,float32,0,0,0.18066531419754028,13.36337947845459
PSD\hc\PSDrelative_ID_05_CTR_CE.mat,hc_05,psd,CE,PSD_delta_alpha_ROI,6x18,float32,0,0,0.3680154085159302,6.219784259796143
PSD\hc\PSDrelative_ID_05_CTR_CE.mat,hc_05,psd,CE,PSD_delta_rel,27x18,float32,0,0,0.08414269238710403,0.6476621031761169
PSD\hc\PSDrelative_ID_05_CTR_CE.mat,hc_05,psd,CE,PSD_gamma,27x18,float32,0,0,1.0981099605560303,132.42507934570312
PSD\hc\PSDrelative_ID_05_CTR_CE.mat,hc_05,psd,CE,PSD_gamma_ROI,6x18,float32,0,0,3.699200391769409,67.65110778808594
PSD\hc\PSDrelative_ID_05_CTR_CE.mat,hc_05,psd,CE,PSD_gamma_ROI_rel,6x18,float32,0,0,0.022723786532878876,0.12060407549142838
PSD\hc\PSDrelative_ID_05_CTR_CE.mat,hc_05,psd,CE,PSD_gamma_rel,27x18,float32,0,0,0.015186677686870098,0.19421252608299255
PSD\hc\PSDrelative_ID_05_CTR_CE.mat,hc_05,psd,CE,PSD_theta,27x18,float32,0,0,3.2790231704711914,367.9810791015625
PSD\hc\PSDrelative_ID_05_CTR_CE.mat,hc_05,psd,CE,PSD_theta_ROI,6x18,float32,0,0,12.23363208770752,293.2403869628906
PSD\hc\PSDrelative_ID_05_CTR_CE.mat,hc_05,psd,CE,PSD_theta_ROI_rel,6x18,float32,0,0,0.11990013718605042,0.3012193739414215
PSD\hc\PSDrelative_ID_05_CTR_CE.mat,hc_05,psd,CE,PSD_theta_alpha,27x18,float32,0,0,0.1787850707769394,4.018707275390625
PSD\hc\PSDrelative_ID_05_CTR_CE.mat,hc_05,psd,CE,PSD_theta_alpha_ROI,6x18,float32,0,0,0.3946289122104645,2.1520938873291016
PSD\hc\PSDrelative_ID_05_CTR_CE.mat,hc_05,psd,CE,PSD_theta_rel,27x18,float32,0,0,0.07369376718997955,0.37444522976875305
PSD\hc\PSDrelative_ID_05_CTR_CE.mat,hc_05,psd,CE,PSD_tot,27x18,float32,0,0,21.439987182617188,3748.959716796875
PSD\hc\PSDrelative_ID_05_CTR_CE.mat,hc_05,psd,CE,PSD_tot_ROI,6x18,float32,0,0,65.87064361572266,1149.8800048828125
PSD\hc\PSDrelative_ID_05_CTR_CE.mat,hc_05,psd,CE,SFR,27x18,float32,0,0,0.2491299957036972,5.9128804206848145
PSD\hc\PSDrelative_ID_05_CTR_CE.mat,hc_05,psd,CE,SFR_ROI,6x18,float32,0,0,0.4427497386932373,2.7438061237335205
PSD\hc\PSDrelative_ID_05_CTR_OE.mat,hc_05,psd,OE,PSD_alpha,27x18,float32,0,0,4.288578987121582,375.05401611328125
PSD\hc\PSDrelative_ID_05_CTR_OE.mat,hc_05,psd,OE,PSD_alpha_ROI,6x18,float32,0,0,11.530623435974121,215.9178466796875
PSD\hc\PSDrelative_ID_05_CTR_OE.mat,hc_05,psd,OE,PSD_alpha_ROI_rel,6x18,float32,0,0,0.10096962004899979,0.28102076053619385
PSD\hc\PSDrelative_ID_05_CTR_OE.mat,hc_05,psd,OE,PSD_alpha_rel,27x18,float32,0,0,0.057819731533527374,0.4087575674057007
PSD\hc\PSDrelative_ID_05_CTR_OE.mat,hc_05,psd,OE,PSD_beta,27x18,float32,0,0,11.317170143127441,402.2101745605469
PSD\hc\PSDrelative_ID_05_CTR_OE.mat,hc_05,psd,OE,PSD_beta_ROI,6x18,float32,0,0,36.925296783447266,335.0605163574219
PSD\hc\PSDrelative_ID_05_CTR_OE.mat,hc_05,psd,OE,PSD_beta_ROI_rel,6x18,float32,0,0,0.2714911997318268,0.5100829601287842
PSD\hc\PSDrelative_ID_05_CTR_OE.mat,hc_05,psd,OE,PSD_beta_rel,27x18,float32,0,0,0.15708579123020172,0.5762219429016113
PSD\hc\PSDrelative_ID_05_CTR_OE.mat,hc_05,psd,OE,PSD_delta,27x18,float32,0,0,4.757179260253906,1362.27197265625
PSD\hc\PSDrelative_ID_05_CTR_OE.mat,hc_05,psd,OE,PSD_delta_ROI,6x18,float32,0,0,21.793563842773438,331.44915771484375
PSD\hc\PSDrelative_ID_05_CTR_OE.mat,hc_05,psd,OE,PSD_delta_ROI_rel,6x18,float32,0,0,0.12237641960382462,0.3991643488407135
PSD\hc\PSDrelative_ID_05_CTR_OE.mat,hc_05,psd,OE,PSD_delta_alpha,27x18,float32,0,0,0.3494948744773865,6.0582356452941895
PSD\hc\PSDrelative_ID_05_CTR_OE.mat,hc_05,psd,OE,PSD_delta_alpha_ROI,6x18,float32,0,0,0.6854326725006104,3.8380956649780273
PSD\hc\PSDrelative_ID_05_CTR_OE.mat,hc_05,psd,OE,PSD_delta_rel,27x18,float32,0,0,0.07497788220643997,0.6176723837852478
PSD\hc\PSDrelative_ID_05_CTR_OE.mat,hc_05,psd,OE,PSD_gamma,27x18,float32,0,0,3.7779526710510254,148.1005859375
PSD\hc\PSDrelative_ID_05_CTR_OE.mat,hc_05,psd,OE,PSD_gamma_ROI,6x18,float32,0,0,15.002899169921875,78.41641235351562
PSD\hc\PSDrelative_ID_05_CTR_OE.mat,hc_05,psd,OE,PSD_gamma_ROI_rel,6x18,float32,0,0,0.04542534053325653,0.21867668628692627
PSD\hc\PSDrelative_ID_05_CTR_OE.mat,hc_05,psd,OE,PSD_gamma_rel,27x18,float32,0,0,0.015460487455129623,0.36125925183296204
PSD\hc\PSDrelative_ID_05_CTR_OE.mat,hc_05,psd,OE,PSD_theta,27x18,float32,0,0,3.2165346145629883,258.2865295410156
PSD\hc\PSDrelative_ID_05_CTR_OE.mat,hc_05,psd,OE,PSD_theta_ROI,6x18,float32,0,0,11.891423225402832,206.65638732910156
PSD\hc\PSDrelative_ID_05_CTR_OE.mat,hc_05,psd,OE,PSD_theta_ROI_rel,6x18,float32,0,0,0.08582422882318497,0.2305545061826706
PSD\hc\PSDrelative_ID_05_CTR_OE.mat,hc_05,psd,OE,PSD_theta_alpha,27x18,float32,0,0,0.23359812796115875,1.9083911180496216
PSD\hc\PSDrelative_ID_05_CTR_OE.mat,hc_05,psd,OE,PSD_theta_alpha_ROI,6x18,float32,0,0,0.48126426339149475,1.4596519470214844
PSD\hc\PSDrelative_ID_05_CTR_OE.mat,hc_05,psd,OE,PSD_theta_rel,27x18,float32,0,0,0.049773234874010086,0.27326691150665283
PSD\hc\PSDrelative_ID_05_CTR_OE.mat,hc_05,psd,OE,PSD_tot,27x18,float32,0,0,32.02414321899414,2205.49267578125
PSD\hc\PSDrelative_ID_05_CTR_OE.mat,hc_05,psd,OE,PSD_tot_ROI,6x18,float32,0,0,102.02468872070312,948.0596313476562
PSD\hc\PSDrelative_ID_05_CTR_OE.mat,hc_05,psd,OE,SFR,27x18,float32,0,0,0.23451991379261017,2.8365440368652344
PSD\hc\PSDrelative_ID_05_CTR_OE.mat,hc_05,psd,OE,SFR_ROI,6x18,float32,0,0,0.3610619008541107,1.5726789236068726
PSD\hc\PSDrelative_ID_06_CTR_CE.mat,hc_06,psd,CE,PSD_alpha,27x18,float32,0,0,3.359943389892578,2907.45947265625
PSD\hc\PSDrelative_ID_06_CTR_CE.mat,hc_06,psd,CE,PSD_alpha_ROI,6x18,float32,0,0,9.395400047302246,2448.707275390625
PSD\hc\PSDrelative_ID_06_CTR_CE.mat,hc_06,psd,CE,PSD_alpha_ROI_rel,6x18,float32,0,0,0.14166325330734253,0.8476770520210266
PSD\hc\PSDrelative_ID_06_CTR_CE.mat,hc_06,psd,CE,PSD_alpha_rel,27x18,float32,0,0,0.091529980301857,0.8567943572998047
PSD\hc\PSDrelative_ID_06_CTR_CE.mat,hc_06,psd,CE,PSD_beta,27x18,float32,0,0,7.517796993255615,287.05908203125
PSD\hc\PSDrelative_ID_06_CTR_CE.mat,hc_06,psd,CE,PSD_beta_ROI,6x18,float32,0,0,13.879727363586426,249.9182891845703
PSD\hc\PSDrelative_ID_06_CTR_CE.mat,hc_06,psd,CE,PSD_beta_ROI_rel,6x18,float32,0,0,0.073644258081913,0.28015270829200745
PSD\hc\PSDrelative_ID_06_CTR_CE.mat,hc_06,psd,CE,PSD_beta_rel,27x18,float32,0,0,0.0677386149764061,0.33273744583129883
PSD\hc\PSDrelative_ID_06_CTR_CE.mat,hc_06,psd,CE,PSD_delta,27x18,float32,0,0,7.57603120803833,409.54425048828125
PSD\hc\PSDrelative_ID_06_CTR_CE.mat,hc_06,psd,CE,PSD_delta_ROI,6x18,float32,0,0,15.236502647399902,190.19769287109375
PSD\hc\PSDrelative_ID_06_CTR_CE.mat,hc_06,psd,CE,PSD_delta_ROI_rel,6x18,float32,0,0,0.02838805876672268,0.3854292333126068
PSD\hc\PSDrelative_ID_06_CTR_CE.mat,hc_06,psd,CE,PSD_delta_alpha,27x18,float32,0,0,0.028344467282295227,4.202334403991699
PSD\hc\PSDrelative_ID_06_CTR_CE.mat,hc_06,psd,CE,PSD_delta_alpha_ROI,6x18,float32,0,0,0.03356495127081871,2.7025363445281982
PSD\hc\PSDrelative_ID_06_CTR_CE.mat,hc_06,psd,CE,PSD_delta_rel,27x18,float32,0,0,0.024211501702666283,0.4392269253730774
PSD\hc\PSDrelative_ID_06_CTR_CE.mat,hc_06,psd,CE,PSD_gamma,27x18,float32,0,0,2.714968681335449,153.10011291503906
PSD\hc\PSDrelative_ID_06_CTR_CE.mat,hc_06,psd,CE,PSD_gamma_ROI,6x18,float32,0,0,5.9254326820373535,68.07576751708984
PSD\hc\PSDrelative_ID_06_CTR_CE.mat,hc_06,psd,CE,PSD_gamma_ROI_rel,6x18,float32,0,0,0.010160009376704693,0.20576606690883636
PSD\hc\PSDrelative_ID_06_CTR_CE.mat,hc_06,psd,CE,PSD_gamma_rel,27x18,float32,0,0,0.009356566704809666,0.322173148393631
PSD\hc\PSDrelative_ID_06_CTR_CE.mat,hc_06,psd,CE,PSD_theta,27x18,float32,0,0,3.449289560317993,119.31942749023438
PSD\hc\PSDrelative_ID_06_CTR_CE.mat,hc_06,psd,CE,PSD_theta_ROI,6x18,float32,0,0,7.922291278839111,102.78922271728516
PSD\hc\PSDrelative_ID_06_CTR_CE.mat,hc_06,psd,CE,PSD_theta_ROI_rel,6x18,float32,0,0,0.029188720509409904,0.14763766527175903
PSD\hc\PSDrelative_ID_06_CTR_CE.mat,hc_06,psd,CE,PSD_theta_alpha,27x18,float32,0,0,0.0289249699562788,1.2537457942962646
PSD\hc\PSDrelative_ID_06_CTR_CE.mat,hc_06,psd,CE,PSD_theta_alpha_ROI,6x18,float32,0,0,0.034630779176950455,0.9900582432746887
PSD\hc\PSDrelative_ID_06_CTR_CE.mat,hc_06,psd,CE,PSD_theta_rel,27x18,float32,0,0,0.023957999423146248,0.1983109563589096
PSD\hc\PSDrelative_ID_06_CTR_CE.mat,hc_06,psd,CE,PSD_tot,27x18,float32,0,0,30.742996215820312,3393.415771484375
PSD\hc\PSDrelative_ID_06_CTR_CE.mat,hc_06,psd,CE,PSD_tot_ROI,6x18,float32,0,0,60.89298629760742,2893.3203125
PSD\hc\PSDrelative_ID_06_CTR_CE.mat,hc_06,psd,CE,SFR,27x18,float32,0,0,0.05280206352472305,1.8363498449325562
PSD\hc\PSDrelative_ID_06_CTR_CE.mat,hc_06,psd,CE,SFR_ROI,6x18,float32,0,0,0.0619034580886364,1.4415980577468872
PSD\hc\PSDrelative_ID_06_CTR_OE.mat,hc_06,psd,OE,PSD_alpha,27x18,float32,0,0,2.595855712890625,169.3987274169922
PSD\hc\PSDrelative_ID_06_CTR_OE.mat,hc_06,psd,OE,PSD_alpha_ROI,6x18,float32,0,0,8.744006156921387,140.97991943359375
PSD\hc\PSDrelative_ID_06_CTR_OE.mat,hc_06,psd,OE,PSD_alpha_ROI_rel,6x18,float32,0,0,0.05636096000671387,0.3363903760910034
PSD\hc\PSDrelative_ID_06_CTR_OE.mat,hc_06,psd,OE,PSD_alpha_rel,27x18,float32,0,0,0.036090925335884094,0.34978893399238586
PSD\hc\PSDrelative_ID_06_CTR_OE.mat,hc_06,psd,OE,PSD_beta,27x18,float32,0,0,7.90762996673584,203.490966796875
PSD\hc\PSDrelative_ID_06_CTR_OE.mat,hc_06,psd,OE,PSD_beta_ROI,6x18,float32,0,0,40.315242767333984,136.15232849121094
PSD\hc\PSDrelative_ID_06_CTR_OE.mat,hc_06,psd,OE,PSD_beta_ROI_rel,6x18,float32,0,0,0.1484934538602829,0.3903111517429352
PSD\hc\PSDrelative_ID_06_CTR_OE.mat,hc_06,psd,OE,PSD_beta_rel,27x18,float32,0,0,0.11777403950691223,0.4659546911716461
PSD\hc\PSDrelative_ID_06_CTR_OE.mat,hc_06,psd,OE,PSD_delta,27x18,float32,0,0,8.954950332641602,482.4442443847656
PSD\hc\PSDrelative_ID_06_CTR_OE.mat,hc_06,psd,OE,PSD_delta_ROI,6x18,float32,0,0,17.46718406677246,304.26043701171875
PSD\hc\PSDrelative_ID_06_CTR_OE.mat,hc_06,psd,OE,PSD_delta_ROI_rel,6x18,float32,0,0,0.15007920563220978,0.562994658946991
PSD\hc\PSDrelative_ID_06_CTR_OE.mat,hc_06,psd,OE,PSD_delta_alpha,27x18,float32,0,0,0.5060791373252869,10.210837364196777
PSD\hc\PSDrelative_ID_06_CTR_OE.mat,hc_06,psd,OE,PSD_delta_alpha_ROI,6x18,float32,0,0,0.6543505191802979,6.9719414710998535
PSD\hc\PSDrelative_ID_06_CTR_OE.mat,hc_06,psd,OE,PSD_delta_rel,27x18,float32,0,0,0.0671672374010086,0.6282086372375488
PSD\hc\PSDrelative_ID_06_CTR_OE.mat,hc_06,psd,OE,PSD_gamma,27x18,float32,0,0,4.875344753265381,231.26063537597656
PSD\hc\PSDrelative_ID_06_CTR_OE.mat,hc_06,psd,OE,PSD_gamma_ROI,6x18,float32,0,0,25.987106323242188,71.9716567993164
PSD\hc\PSDrelative_ID_06_CTR_OE.mat,hc_06,psd,OE,PSD_gamma_ROI_rel,6x18,float32,0,0,0.07523974031209946,0.34884515404701233
PSD\hc\PSDrelative_ID_06_CTR_OE.mat,hc_06,psd,OE,PSD_gamma_rel,27x18,float32,0,0,0.0633103996515274,0.48025739192962646
PSD\hc\PSDrelative_ID_06_CTR_OE.mat,hc_06,psd,OE,PSD_theta,27x18,float32,0,0,3.2155072689056396,139.84490966796875
PSD\hc\PSDrelative_ID_06_CTR_OE.mat,hc_06,psd,OE,PSD_theta_ROI,6x18,float32,0,0,9.136794090270996,94.22396087646484
PSD\hc\PSDrelative_ID_06_CTR_OE.mat,hc_06,psd,OE,PSD_theta_ROI_rel,6x18,float32,0,0,0.06255968660116196,0.18864209949970245
PSD\hc\PSDrelative_ID_06_CTR_OE.mat,hc_06,psd,OE,PSD_theta_alpha,27x18,float32,0,0,0.284846693277359,2.457151412963867
PSD\hc\PSDrelative_ID_06_CTR_OE.mat,hc_06,psd,OE,PSD_theta_alpha_ROI,6x18,float32,0,0,0.3338017165660858,1.9615892171859741
PSD\hc\PSDrelative_ID_06_CTR_OE.mat,hc_06,psd,OE,PSD_theta_rel,27x18,float32,0,0,0.034832507371902466,0.21411029994487762
PSD\hc\PSDrelative_ID_06_CTR_OE.mat,hc_06,psd,OE,PSD_tot,27x18,float32,0,0,32.49344253540039,775.2239990234375
PSD\hc\PSDrelative_ID_06_CTR_OE.mat,hc_06,psd,OE,PSD_tot_ROI,6x18,float32,0,0,130.05726623535156,526.5911865234375
PSD\hc\PSDrelative_ID_06_CTR_OE.mat,hc_06,psd,OE,SFR,27x18,float32,0,0,0.22228427231311798,4.188225746154785
PSD\hc\PSDrelative_ID_06_CTR_OE.mat,hc_06,psd,OE,SFR_ROI,6x18,float32,0,0,0.45923295617103577,3.0399744510650635
PSD\hc\PSDrelative_ID_07_CTR_CE.mat,hc_07,psd,CE,PSD_alpha,27x18,float32,0,0,19.915843963623047,5209.1962890625
PSD\hc\PSDrelative_ID_07_CTR_CE.mat,hc_07,psd,CE,PSD_alpha_ROI,6x18,float32,0,0,42.519710540771484,3984.0966796875
PSD\hc\PSDrelative_ID_07_CTR_CE.mat,hc_07,psd,CE,PSD_alpha_ROI_rel,6x18,float32,0,0,0.13351397216320038,0.7147767543792725
PSD\hc\PSDrelative_ID_07_CTR_CE.mat,hc_07,psd,CE,PSD_alpha_rel,27x18,float32,0,0,0.04827076569199562,0.7645530104637146
PSD\hc\PSDrelative_ID_07_CTR_CE.mat,hc_07,psd,CE,PSD_beta,27x18,float32,0,0,13.97291374206543,604.1529541015625
PSD\hc\PSDrelative_ID_07_CTR_CE.mat,hc_07,psd,CE,PSD_beta_ROI,6x18,float32,0,0,29.172109603881836,552.0585327148438
PSD\hc\PSDrelative_ID_07_CTR_CE.mat,hc_07,psd,CE,PSD_beta_ROI_rel,6x18,float32,0,0,0.06612464785575867,0.22323955595493317
PSD\hc\PSDrelative_ID_07_CTR_CE.mat,hc_07,psd,CE,PSD_beta_rel,27x18,float32,0,0,0.01760782301425934,0.23977690935134888
PSD\hc\PSDrelative_ID_07_CTR_CE.mat,hc_07,psd,CE,PSD_delta,27x18,float32,0,0,10.137459754943848,22015.587890625
PSD\hc\PSDrelative_ID_07_CTR_CE.mat,hc_07,psd,CE,PSD_delta_ROI,6x18,float32,0,0,24.72945213317871,7538.97900390625
PSD\hc\PSDrelative_ID_07_CTR_CE.mat,hc_07,psd,CE,PSD_delta_ROI_rel,6x18,float32,0,0,0.03167439624667168,0.6233165860176086
PSD\hc\PSDrelative_ID_07_CTR_CE.mat,hc_07,psd,CE,PSD_delta_alpha,27x18,float32,0,0,0.029135430231690407,17.011886596679688
PSD\hc\PSDrelative_ID_07_CTR_CE.mat,hc_07,psd,CE,PSD_delta_alpha_ROI,6x18,float32,0,0,0.04474513605237007,5.8565673828125
PSD\hc\PSDrelative_ID_07_CTR_CE.mat,hc_07,psd,CE,PSD_delta_rel,27x18,float32,0,0,0.021976063027977943,0.8211767077445984
PSD\hc\PSDrelative_ID_07_CTR_CE.mat,hc_07,psd,CE,PSD_gamma,27x18,float32,0,0,1.5594342947006226,71.87296295166016
PSD\hc\PSDrelative_ID_07_CTR_CE.mat,hc_07,psd,CE,PSD_gamma_ROI,6x18,float32,0,0,2.829900026321411,63.8409538269043
PSD\hc\PSDrelative_ID_07_CTR_CE.mat,hc_07,psd,CE,PSD_gamma_ROI_rel,6x18,float32,0,0,0.002460368676111102,0.08342329412698746
PSD\hc\PSDrelative_ID_07_CTR_CE.mat,hc_07,psd,CE,PSD_gamma_rel,27x18,float32,0,0,0.00224039563909173,0.134636789560318
PSD\hc\PSDrelative_ID_07_CTR_CE.mat,hc_07,psd,CE,PSD_theta,27x18,float32,0,0,7.991969585418701,3232.54931640625
PSD\hc\PSDrelative_ID_07_CTR_CE.mat,hc_07,psd,CE,PSD_theta_ROI,6x18,float32,0,0,18.95981216430664,1653.5677490234375
PSD\hc\PSDrelative_ID_07_CTR_CE.mat,hc_07,psd,CE,PSD_theta_ROI_rel,6x18,float32,0,0,0.07908258587121964,0.28492116928100586
PSD\hc\PSDrelative_ID_07_CTR_CE.mat,hc_07,psd,CE,PSD_theta_alpha,27x18,float32,0,0,0.09795922040939331,2.4978556632995605
PSD\hc\PSDrelative_ID_07_CTR_CE.mat,hc_07,psd,CE,PSD_theta_alpha_ROI,6x18,float32,0,0,0.19411225616931915,0.9193791747093201
PSD\hc\PSDrelative_ID_07_CTR_CE.mat,hc_07,psd,CE,PSD_theta_rel,27x18,float32,0,0,0.05839555710554123,0.29942604899406433
PSD\hc\PSDrelative_ID_07_CTR_CE.mat,hc_07,psd,CE,PSD_tot,27x18,float32,0,0,65.43726348876953,26809.8046875
PSD\hc\PSDrelative_ID_07_CTR_CE.mat,hc_07,psd,CE,PSD_tot_ROI,6x18,float32,0,0,155.90740966796875,10169.3974609375
PSD\hc\PSDrelative_ID_07_CTR_CE.mat,hc_07,psd,CE,SFR,27x18,float32,0,0,0.15432122349739075,14.295238494873047
PSD\hc\PSDrelative_ID_07_CTR_CE.mat,hc_07,psd,CE,SFR_ROI,6x18,float32,0,0,0.2473793625831604,4.976746082305908
PSD\hc\PSDrelative_ID_07_CTR_OE.mat,hc_07,psd,OE,PSD_alpha,27x18,float32,0,0,7.906432151794434,2832.0751953125
PSD\hc\PSDrelative_ID_07_CTR_OE.mat,hc_07,psd,OE,PSD_alpha_ROI,6x18,float32,0,0,16.249509811401367,1530.8685302734375
PSD\hc\PSDrelative_ID_07_CTR_OE.mat,hc_07,psd,OE,PSD_alpha_ROI_rel,6x18,float32,0,0,0.04782348871231079,0.5742768049240112
PSD\hc\PSDrelative_ID_07_CTR_OE.mat,hc_07,psd,OE,PSD_alpha_rel,27x18,float32,0,0,0.026442185044288635,0.6978054642677307
PSD\hc\PSDrelative_ID_07_CTR_OE.mat,hc_07,psd,OE,PSD_beta,27x18,float32,0,0,8.013936996459961,2313.418701171875
PSD\hc\PSDrelative_ID_07_CTR_OE.mat,hc_07,psd,OE,PSD_beta_ROI,6x18,float32,0,0,19.911481857299805,916.5205688476562
PSD\hc\PSDrelative_ID_07_CTR_OE.mat,hc_07,psd,OE,PSD_beta_ROI_rel,6x18,float32,0,0,0.062528096139431,0.3106735646724701
PSD\hc\PSDrelative_ID_07_CTR_OE.mat,hc_07,psd,OE,PSD_beta_rel,27x18,float32,0,0,0.022979814559221268,0.42339402437210083
PSD\hc\PSDrelative_ID_07_CTR_OE.mat,hc_07,psd,OE,PSD_delta,27x18,float32,0,0,10.149642944335938,87561.1484375
PSD\hc\PSDrelative_ID_07_CTR_OE.mat,hc_07,psd,OE,PSD_delta_ROI,6x18,float32,0,0,23.9078369140625,29548.6328125
PSD\hc\PSDrelative_ID_07_CTR_OE.mat,hc_07,psd,OE,PSD_delta_ROI_rel,6x18,float32,0,0,0.11010351032018661,0.789325475692749
PSD\hc\PSDrelative_ID_07_CTR_OE.mat,hc_07,psd,OE,PSD_delta_alpha,27x18,float32,0,0,0.09473945945501328,33.27052688598633
PSD\hc\PSDrelative_ID_07_CTR_OE.mat,hc_07,psd,OE,PSD_delta_alpha_ROI,6x18,float32,0,0,0.20707488059997559,19.713285446166992
PSD\hc\PSDrelative_ID_07_CTR_OE.mat,hc_07,psd,OE,PSD_delta_rel,27x18,float32,0,0,0.06610970944166183,0.8874557614326477
PSD\hc\PSDrelative_ID_07_CTR_OE.mat,hc_07,psd,OE,PSD_gamma,27x18,float32,0,0,3.7301371097564697,492.7050476074219
PSD\hc\PSDrelative_ID_07_CTR_OE.mat,hc_07,psd,OE,PSD_gamma_ROI,6x18,float32,0,0,6.7710490226745605,194.06817626953125
PSD\hc\PSDrelative_ID_07_CTR_OE.mat,hc_07,psd,OE,PSD_gamma_ROI_rel,6x18,float32,0,0,0.01085993554443121,0.12706078588962555
PSD\hc\PSDrelative_ID_07_CTR_OE.mat,hc_07,psd,OE,PSD_gamma_rel,27x18,float32,0,0,0.0027464088052511215,0.2617337703704834
PSD\hc\PSDrelative_ID_07_CTR_OE.mat,hc_07,psd,OE,PSD_theta,27x18,float32,0,0,5.072343349456787,6263.55419921875
PSD\hc\PSDrelative_ID_07_CTR_OE.mat,hc_07,psd,OE,PSD_theta_ROI,6x18,float32,0,0,12.374043464660645,2160.633056640625
PSD\hc\PSDrelative_ID_07_CTR_OE.mat,hc_07,psd,OE,PSD_theta_ROI_rel,6x18,float32,0,0,0.0708802342414856,0.20813412964344025
PSD\hc\PSDrelative_ID_07_CTR_OE.mat,hc_07,psd,OE,PSD_theta_alpha,27x18,float32,0,0,0.1136583685874939,2.411831855773926
PSD\hc\PSDrelative_ID_07_CTR_OE.mat,hc_07,psd,OE,PSD_theta_alpha_ROI,6x18,float32,0,0,0.2101668119430542,1.6221946477890015
PSD\hc\PSDrelative_ID_07_CTR_OE.mat,hc_07,psd,OE,PSD_theta_rel,27x18,float32,0,0,0.05833772197365761,0.274530827999115
PSD\hc\PSDrelative_ID_07_CTR_OE.mat,hc_07,psd,OE,PSD_tot,27x18,float32,0,0,35.56709671020508,98665.3671875
PSD\hc\PSDrelative_ID_07_CTR_OE.mat,hc_07,psd,OE,PSD_tot_ROI,6x18,float32,0,0,80.62455749511719,33567.96875
PSD\hc\PSDrelative_ID_07_CTR_OE.mat,hc_07,psd,OE,SFR,27x18,float32,0,0,0.2184612900018692,18.234342575073242
PSD\hc\PSDrelative_ID_07_CTR_OE.mat,hc_07,psd,OE,SFR_ROI,6x18,float32,0,0,0.3199349343776703,9.38599681854248
PSD\hc\PSDrelative_ID_08_CTR_CE.mat,hc_08,psd,CE,PSD_alpha,27x18,float32,0,0,4.162426471710205,2847.375244140625
PSD\hc\PSDrelative_ID_08_CTR_CE.mat,hc_08,psd,CE,PSD_alpha_ROI,6x18,float32,0,0,21.78289222717285,2009.25341796875
PSD\hc\PSDrelative_ID_08_CTR_CE.mat,hc_08,psd,CE,PSD_alpha_ROI_rel,6x18,float32,0,0,0.15421037375926971,0.7253785133361816
PSD\hc\PSDrelative_ID_08_CTR_CE.mat,hc_08,psd,CE,PSD_alpha_rel,27x18,float32,0,0,0.07473620772361755,0.809738039970398
PSD\hc\PSDrelative_ID_08_CTR_CE.mat,hc_08,psd,CE,PSD_beta,27x18,float32,0,0,5.253106594085693,526.9732666015625
PSD\hc\PSDrelative_ID_08_CTR_CE.mat,hc_08,psd,CE,PSD_beta_ROI,6x18,float32,0,0,18.728376388549805,363.133544921875
PSD\hc\PSDrelative_ID_08_CTR_CE.mat,hc_08,psd,CE,PSD_beta_ROI_rel,6x18,float32,0,0,0.08062305301427841,0.25681015849113464
PSD\hc\PSDrelative_ID_08_CTR_CE.mat,hc_08,psd,CE,PSD_beta_rel,27x18,float32,0,0,0.035810645669698715,0.29823946952819824
PSD\hc\PSDrelative_ID_08_CTR_CE.mat,hc_08,psd,CE,PSD_delta,27x18,float32,0,0,4.686903476715088,5777.56591796875
PSD\hc\PSDrelative_ID_08_CTR_CE.mat,hc_08,psd,CE,PSD_delta_ROI,6x18,float32,0,0,16.4826602935791,1578.60595703125
PSD\hc\PSDrelative_ID_08_CTR_CE.mat,hc_08,psd,CE,PSD_delta_ROI_rel,6x18,float32,0,0,0.05678333714604378,0.45468878746032715
PSD\hc\PSDrelative_ID_08_CTR_CE.mat,hc_08,psd,CE,PSD_delta_alpha,27x18,float32,0,0,0.05210966616868973,9.450228691101074
PSD\hc\PSDrelative_ID_08_CTR_CE.mat,hc_08,psd,CE,PSD_delta_alpha_ROI,6x18,float32,0,0,0.08228769898414612,3.682171583175659
PSD\hc\PSDrelative_ID_08_CTR_CE.mat,hc_08,psd,CE,PSD_delta_rel,27x18,float32,0,0,0.04066379368305206,0.7062742114067078
PSD\hc\PSDrelative_ID_08_CTR_CE.mat,hc_08,psd,CE,PSD_gamma,27x18,float32,0,0,0.9913191199302673,238.96875
PSD\hc\PSDrelative_ID_08_CTR_CE.mat,hc_08,psd,CE,PSD_gamma_ROI,6x18,float32,0,0,3.018312454223633,111.54735565185547
PSD\hc\PSDrelative_ID_08_CTR_CE.mat,hc_08,psd,CE,PSD_gamma_ROI_rel,6x18,float32,0,0,0.006524371448904276,0.11992453783750534
PSD\hc\PSDrelative_ID_08_CTR_CE.mat,hc_08,psd,CE,PSD_gamma_rel,27x18,float32,0,0,0.0039406889118254185,0.23461401462554932
PSD\hc\PSDrelative_ID_08_CTR_CE.mat,hc_08,psd,CE,PSD_theta,27x18,float32,0,0,5.046942234039307,1596.4461669921875
PSD\hc\PSDrelative_ID_08_CTR_CE.mat,hc_08,psd,CE,PSD_theta_ROI,6x18,float32,0,0,18.72492027282715,848.5706176757812
PSD\hc\PSDrelative_ID_08_CTR_CE.mat,hc_08,psd,CE,PSD_theta_ROI_rel,6x18,float32,0,0,0.13167542219161987,0.39993318915367126
PSD\hc\PSDrelative_ID_08_CTR_CE.mat,hc_08,psd,CE,PSD_theta_alpha,27x18,float32,0,0,0.10138706862926483,3.2607297897338867
PSD\hc\PSDrelative_ID_08_CTR_CE.mat,hc_08,psd,CE,PSD_theta_alpha_ROI,6x18,float32,0,0,0.18679505586624146,2.3559863567352295
PSD\hc\PSDrelative_ID_08_CTR_CE.mat,hc_08,psd,CE,PSD_theta_rel,27x18,float32,0,0,0.08077185600996017,0.5033563375473022
PSD\hc\PSDrelative_ID_08_CTR_CE.mat,hc_08,psd,CE,PSD_tot,27x18,float32,0,0,24.362045288085938,8180.34375
PSD\hc\PSDrelative_ID_08_CTR_CE.mat,hc_08,psd,CE,PSD_tot_ROI,6x18,float32,0,0,90.80289459228516,3000.865478515625
PSD\hc\PSDrelative_ID_08_CTR_CE.mat,hc_08,psd,CE,SFR,27x18,float32,0,0,0.14091356098651886,8.154285430908203
PSD\hc\PSDrelative_ID_08_CTR_CE.mat,hc_08,psd,CE,SFR_ROI,6x18,float32,0,0,0.2516170144081116,3.1600959300994873
PSD\hc\PSDrelative_ID_08_CTR_OE.mat,hc_08,psd,OE,PSD_alpha,27x18,float32,0,0,3.743950366973877,1437.4744873046875
PSD\hc\PSDrelative_ID_08_CTR_OE.mat,hc_08,psd,OE,PSD_alpha_ROI,6x18,float32,0,0,12.585749626159668,1087.24072265625
PSD\hc\PSDrelative_ID_08_CTR_OE.mat,hc_08,psd,OE,PSD_alpha_ROI_rel,6x18,float32,0,0,0.09062998741865158,0.5142797231674194
PSD\hc\PSDrelative_ID_08_CTR_OE.mat,hc_08,psd,OE,PSD_alpha_rel,27x18,float32,0,0,0.030074920505285263,0.5578435063362122
PSD\hc\PSDrelative_ID_08_CTR_OE.mat,hc_08,psd,OE,PSD_beta,27x18,float32,0,0,6.97084903717041,475.83837890625
PSD\hc\PSDrelative_ID_08_CTR_OE.mat,hc_08,psd,OE,PSD_beta_ROI,6x18,float32,0,0,23.522611618041992,322.0428771972656
PSD\hc\PSDrelative_ID_08_CTR_OE.mat,hc_08,psd,OE,PSD_beta_ROI_rel,6x18,float32,0,0,0.1018538847565651,0.3444748818874359
PSD\hc\PSDrelative_ID_08_CTR_OE.mat,hc_08,psd,OE,PSD_beta_rel,27x18,float32,0,0,0.02430916018784046,0.4000551998615265
PSD\hc\PSDrelative_ID_08_CTR_OE.mat,hc_08,psd,OE,PSD_delta,27x18,float32,0,0,4.222228527069092,5101.7109375
PSD\hc\PSDrelative_ID_08_CTR_OE.mat,hc_08,psd,OE,PSD_delta_ROI,6x18,float32,0,0,20.278289794921875,1411.1102294921875
PSD\hc\PSDrelative_ID_08_CTR_OE.mat,hc_08,psd,OE,PSD_delta_ROI_rel,6x18,float32,0,0,0.08953703194856644,0.4750690460205078
PSD\hc\PSDrelative_ID_08_CTR_OE.mat,hc_08,psd,OE,PSD_delta_alpha,27x18,float32,0,0,0.11890534311532974,23.79224967956543
PSD\hc\PSDrelative_ID_08_CTR_OE.mat,hc_08,psd,OE,PSD_delta_alpha_ROI,6x18,float32,0,0,0.18619795143604279,9.166119575500488
PSD\hc\PSDrelative_ID_08_CTR_OE.mat,hc_08,psd,OE,PSD_delta_rel,27x18,float32,0,0,0.0649653896689415,0.7210885286331177
PSD\hc\PSDrelative_ID_08_CTR_OE.mat,hc_08,psd,OE,PSD_gamma,27x18,float32,0,0,1.6186152696609497,303.8697509765625
PSD\hc\PSDrelative_ID_08_CTR_OE.mat,hc_08,psd,OE,PSD_gamma_ROI,6x18,float32,0,0,6.7606658935546875,150.39369201660156
PSD\hc\PSDrelative_ID_08_CTR_OE.mat,hc_08,psd,OE,PSD_gamma_ROI_rel,6x18,float32,0,0,0.019143611192703247,0.1597617268562317
PSD\hc\PSDrelative_ID_08_CTR_OE.mat,hc_08,psd,OE,PSD_gamma_rel,27x18,float32,0,0,0.005141355562955141,0.17531777918338776
PSD\hc\PSDrelative_ID_08_CTR_OE.mat,hc_08,psd,OE,PSD_theta,27x18,float32,0,0,4.7950005531311035,1602.824951171875
PSD\hc\PSDrelative_ID_08_CTR_OE.mat,hc_08,psd,OE,PSD_theta_ROI,6x18,float32,0,0,15.651522636413574,859.79150390625
PSD\hc\PSDrelative_ID_08_CTR_OE.mat,hc_08,psd,OE,PSD_theta_ROI_rel,6x18,float32,0,0,0.1601601094007492,0.3852511942386627
PSD\hc\PSDrelative_ID_08_CTR_OE.mat,hc_08,psd,OE,PSD_theta_alpha,27x18,float32,0,0,0.3486456573009491,7.823163032531738
PSD\hc\PSDrelative_ID_08_CTR_OE.mat,hc_08,psd,OE,PSD_theta_alpha_ROI,6x18,float32,0,0,0.4339315891265869,2.995072603225708
PSD\hc\PSDrelative_ID_08_CTR_OE.mat,hc_08,psd,OE,PSD_theta_rel,27x18,float32,0,0,0.09559866786003113,0.4462437331676483
PSD\hc\PSDrelative_ID_08_CTR_OE.mat,hc_08,psd,OE,PSD_tot,27x18,float32,0,0,25.79737091064453,7075.01318359375
PSD\hc\PSDrelative_ID_08_CTR_OE.mat,hc_08,psd,OE,PSD_tot_ROI,6x18,float32,0,0,90.12823486328125,2489.214599609375
PSD\hc\PSDrelative_ID_08_CTR_OE.mat,hc_08,psd,OE,SFR,27x18,float32,0,0,0.37144166231155396,16.511505126953125
PSD\hc\PSDrelative_ID_08_CTR_OE.mat,hc_08,psd,OE,SFR_ROI,6x18,float32,0,0,0.4792400300502777,6.255865097045898
PSD\ms\PSDrelative_ID_01_T0_CE.mat,ms_01,psd,CE,PSD_alpha,27x18,float32,0,0,11.77598762512207,315.9503173828125
PSD\ms\PSDrelative_ID_01_T0_CE.mat,ms_01,psd,CE,PSD_alpha_ROI,6x18,float32,0,0,18.96817398071289,239.54913330078125
PSD\ms\PSDrelative_ID_01_T0_CE.mat,ms_01,psd,CE,PSD_alpha_ROI_rel,6x18,float32,0,0,0.01866050809621811,0.2505568563938141
PSD\ms\PSDrelative_ID_01_T0_CE.mat,ms_01,psd,CE,PSD_alpha_rel,27x18,float32,0,0,0.011821052059531212,0.28195545077323914
PSD\ms\PSDrelative_ID_01_T0_CE.mat,ms_01,psd,CE,PSD_beta,27x18,float32,0,0,18.4293270111084,238.37060546875
PSD\ms\PSDrelative_ID_01_T0_CE.mat,ms_01,psd,CE,PSD_beta_ROI,6x18,float32,0,0,23.527603149414062,190.3433837890625
PSD\ms\PSDrelative_ID_01_T0_CE.mat,ms_01,psd,CE,PSD_beta_ROI_rel,6x18,float32,0,0,0.023178761824965477,0.1911747008562088
PSD\ms\PSDrelative_ID_01_T0_CE.mat,ms_01,psd,CE,PSD_beta_rel,27x18,float32,0,0,0.018366077914834023,0.23934943974018097
PSD\ms\PSDrelative_ID_01_T0_CE.mat,ms_01,psd,CE,PSD_delta,27x18,float32,0,0,89.94625091552734,2291.24560546875
PSD\ms\PSDrelative_ID_01_T0_CE.mat,ms_01,psd,CE,PSD_delta_ROI,6x18,float32,0,0,94.3027572631836,2212.35986328125
PSD\ms\PSDrelative_ID_01_T0_CE.mat,ms_01,psd,CE,PSD_delta_ROI_rel,6x18,float32,0,0,0.3177533447742462,0.9027172923088074
PSD\ms\PSDrelative_ID_01_T0_CE.mat,ms_01,psd,CE,PSD_delta_alpha,27x18,float32,0,0,1.1342910528182983,74.85697937011719
PSD\ms\PSDrelative_ID_01_T0_CE.mat,ms_01,psd,CE,PSD_delta_alpha_ROI,6x18,float32,0,0,1.3476446866989136,48.87192153930664
PSD\ms\PSDrelative_ID_01_T0_CE.mat,ms_01,psd,CE,PSD_delta_rel,27x18,float32,0,0,0.2897125780582428,0.9106694459915161
PSD\ms\PSDrelative_ID_01_T0_CE.mat,ms_01,psd,CE,PSD_gamma,27x18,float32,0,0,9.75317668914795,450.99334716796875
PSD\ms\PSDrelative_ID_01_T0_CE.mat,ms_01,psd,CE,PSD_gamma_ROI,6x18,float32,0,0,14.571782112121582,157.08779907226562
PSD\ms\PSDrelative_ID_01_T0_CE.mat,ms_01,psd,CE,PSD_gamma_ROI_rel,6x18,float32,0,0,0.014243154786527157,0.1871970295906067
PSD\ms\PSDrelative_ID_01_T0_CE.mat,ms_01,psd,CE,PSD_gamma_rel,27x18,float32,0,0,0.010743418708443642,0.31352537870407104
PSD\ms\PSDrelative_ID_01_T0_CE.mat,ms_01,psd,CE,PSD_theta,27x18,float32,0,0,12.172657012939453,291.8659973144531
PSD\ms\PSDrelative_ID_01_T0_CE.mat,ms_01,psd,CE,PSD_theta_ROI,6x18,float32,0,0,14.836936950683594,205.48974609375
PSD\ms\PSDrelative_ID_01_T0_CE.mat,ms_01,psd,CE,PSD_theta_ROI_rel,6x18,float32,0,0,0.04450489580631256,0.1296355128288269
PSD\ms\PSDrelative_ID_01_T0_CE.mat,ms_01,psd,CE,PSD_theta_alpha,27x18,float32,0,0,0.33195760846138,5.708126068115234
PSD\ms\PSDrelative_ID_01_T0_CE.mat,ms_01,psd,CE,PSD_theta_alpha_ROI,6x18,float32,0,0,0.42960894107818604,3.8533647060394287
PSD\ms\PSDrelative_ID_01_T0_CE.mat,ms_01,psd,CE,PSD_theta_rel,27x18,float32,0,0,0.03357435762882233,0.1522872895002365
PSD\ms\PSDrelative_ID_01_T0_CE.mat,ms_01,psd,CE,PSD_tot,27x18,float32,0,0,157.79945373535156,2969.788330078125
PSD\ms\PSDrelative_ID_01_T0_CE.mat,ms_01,psd,CE,PSD_tot_ROI,6x18,float32,0,0,185.5493927001953,2788.440673828125
PSD\ms\PSDrelative_ID_01_T0_CE.mat,ms_01,psd,CE,SFR,27x18,float32,0,0,0.9093829989433289,31.548686981201172
PSD\ms\PSDrelative_ID_01_T0_CE.mat,ms_01,psd,CE,SFR_ROI,6x18,float32,0,0,0.9761812686920166,22.772912979125977
PSD\ms\PSDrelative_ID_01_T0_OE.mat,ms_01,psd,OE,PSD_alpha,27x18,float32,0,0,91.91847229003906,590.4796752929688
PSD\ms\PSDrelative_ID_01_T0_OE.mat,ms_01,psd,OE,PSD_alpha_ROI,6x18,float32,0,0,103.45269775390625,561.31494140625
PSD\ms\PSDrelative_ID_01_T0_OE.mat,ms_01,psd,OE,PSD_alpha_ROI_rel,6x18,float32,0,0,0.010698188096284866,0.056552618741989136
PSD\ms\PSDrelative_ID_01_T0_OE.mat,ms_01,psd,OE,PSD_alpha_rel,27x18,float32,0,0,0.010182523168623447,0.06956595927476883
PSD\ms\PSDrelative_ID_01_T0_OE.mat,ms_01,psd,OE,PSD_beta,27x18,float32,0,0,29.544797897338867,654.71630859375
PSD\ms\PSDrelative_ID_01_T0_OE.mat,ms_01,psd,OE,PSD_beta_ROI,6x18,float32,0,0,52.7867546081543,246.7523193359375
PSD\ms\PSDrelative_ID_01_T0_OE.mat,ms_01,psd,OE,PSD_beta_ROI_rel,6x18,float32,0,0,0.004288021940737963,0.034197062253952026
PSD\ms\PSDrelative_ID_01_T0_OE.mat,ms_01,psd,OE,PSD_beta_rel,27x18,float32,0,0,0.002362067112699151,0.06493010371923447
PSD\ms\PSDrelative_ID_01_T0_OE.mat,ms_01,psd,OE,PSD_delta,27x18,float32,0,0,2790.101318359375,29146.4609375
PSD\ms\PSDrelative_ID_01_T0_OE.mat,ms_01,psd,OE,PSD_delta_ROI,6x18,float32,0,0,2933.337646484375,28463.896484375
PSD\ms\PSDrelative_ID_01_T0_OE.mat,ms_01,psd,OE,PSD_delta_ROI_rel,6x18,float32,0,0,0.6913679242134094,0.8591691851615906
PSD\ms\PSDrelative_ID_01_T0_OE.mat,ms_01,psd,OE,PSD_delta_alpha,27x18,float32,0,0,9.407347679138184,84.6411361694336
PSD\ms\PSDrelative_ID_01_T0_OE.mat,ms_01,psd,OE,PSD_delta_alpha_ROI,6x18,float32,0,0,12.503314971923828,80.56745910644531
PSD\ms\PSDrelative_ID_01_T0_OE.mat,ms_01,psd,OE,PSD_delta_rel,27x18,float32,0,0,0.6371755599975586,0.8618603944778442
PSD\ms\PSDrelative_ID_01_T0_OE.mat,ms_01,psd,OE,PSD_gamma,27x18,float32,0,0,16.140518188476562,698.507080078125
PSD\ms\PSDrelative_ID_01_T0_OE.mat,ms_01,psd,OE,PSD_gamma_ROI,6x18,float32,0,0,42.9680061340332,268.0606994628906
PSD\ms\PSDrelative_ID_01_T0_OE.mat,ms_01,psd,OE,PSD_gamma_ROI_rel,6x18,float32,0,0,0.0026092592161148787,0.05001802369952202
PSD\ms\PSDrelative_ID_01_T0_OE.mat,ms_01,psd,OE,PSD_gamma_rel,27x18,float32,0,0,0.0014616731787100434,0.10404899716377258
PSD\ms\PSDrelative_ID_01_T0_OE.mat,ms_01,psd,OE,PSD_theta,27x18,float32,0,0,854.0643920898438,4486.8798828125
PSD\ms\PSDrelative_ID_01_T0_OE.mat,ms_01,psd,OE,PSD_theta_ROI,6x18,float32,0,0,879.5646362304688,4352.08056640625
PSD\ms\PSDrelative_ID_01_T0_OE.mat,ms_01,psd,OE,PSD_theta_ROI_rel,6x18,float32,0,0,0.1285022795200348,0.25434887409210205
PSD\ms\PSDrelative_ID_01_T0_OE.mat,ms_01,psd,OE,PSD_theta_alpha,27x18,float32,0,0,3.5463907718658447,13.13329029083252
PSD\ms\PSDrelative_ID_01_T0_OE.mat,ms_01,psd,OE,PSD_theta_alpha_ROI,6x18,float32,0,0,4.160455226898193,12.354537963867188
PSD\ms\PSDrelative_ID_01_T0_OE.mat,ms_01,psd,OE,PSD_theta_rel,27x18,float32,0,0,0.12080555409193039,0.2559942603111267
PSD\ms\PSDrelative_ID_01_T0_OE.mat,ms_01,psd,OE,PSD_tot,27x18,float32,0,0,3857.76220703125,34156.421875
PSD\ms\PSDrelative_ID_01_T0_OE.mat,ms_01,psd,OE,PSD_tot_ROI,6x18,float32,0,0,4180.68701171875,33354.8984375
PSD\ms\PSDrelative_ID_01_T0_OE.mat,ms_01,psd,OE,SFR,27x18,float32,0,0,8.424813270568848,77.84330749511719
PSD\ms\PSDrelative_ID_01_T0_OE.mat,ms_01,psd,OE,SFR_ROI,6x18,float32,0,0,12.971043586730957,67.70204162597656
PSD\ms\PSDrelative_ID_02_T0_CE.mat,ms_02,psd,CE,PSD_alpha,27x18,float32,0,0,10.729472160339355,141.346435546875
PSD\ms\PSDrelative_ID_02_T0_CE.mat,ms_02,psd,CE,PSD_alpha_ROI,6x18,float32,0,0,16.55219841003418,104.3165054321289
PSD\ms\PSDrelative_ID_02_T0_CE.mat,ms_02,psd,CE,PSD_alpha_ROI_rel,6x18,float32,0,0,0.02970561385154724,0.08775916695594788
PSD\ms\PSDrelative_ID_02_T0_CE.mat,ms_02,psd,CE,PSD_alpha_rel,27x18,float32,0,0,0.0263647623360157,0.10349869728088379
PSD\ms\PSDrelative_ID_02_T0_CE.mat,ms_02,psd,CE,PSD_beta,27x18,float32,0,0,33.2607536315918,374.4224853515625
PSD\ms\PSDrelative_ID_02_T0_CE.mat,ms_02,psd,CE,PSD_beta_ROI,6x18,float32,0,0,42.8343391418457,271.2215576171875
PSD\ms\PSDrelative_ID_02_T0_CE.mat,ms_02,psd,CE,PSD_beta_ROI_rel,6x18,float32,0,0,0.049751508980989456,0.26492711901664734
PSD\ms\PSDrelative_ID_02_T0_CE.mat,ms_02,psd,CE,PSD_beta_rel,27x18,float32,0,0,0.04046386852860451,0.33728960156440735
PSD\ms\PSDrelative_ID_02_T0_CE.mat,ms_02,psd,CE,PSD_delta,27x18,float32,0,0,103.38297271728516,1080.3778076171875
PSD\ms\PSDrelative_ID_02_T0_CE.mat,ms_02,psd,CE,PSD_delta_ROI,6x18,float32,0,0,144.452880859375,1038.6373291015625
PSD\ms\PSDrelative_ID_02_T0_CE.mat,ms_02,psd,CE,PSD_delta_ROI_rel,6x18,float32,0,0,0.35269394516944885,0.6434636116027832
PSD\ms\PSDrelative_ID_02_T0_CE.mat,ms_02,psd,CE,PSD_delta_alpha,27x18,float32,0,0,3.8702328205108643,23.349401473999023
PSD\ms\PSDrelative_ID_02_T0_CE.mat,ms_02,psd,CE,PSD_delta_alpha_ROI,6x18,float32,0,0,4.709213733673096,21.12660026550293
PSD\ms\PSDrelative_ID_02_T0_CE.mat,ms_02,psd,CE,PSD_delta_rel,27x18,float32,0,0,0.2835717797279358,0.7704641222953796
PSD\ms\PSDrelative_ID_02_T0_CE.mat,ms_02,psd,CE,PSD_gamma,27x18,float32,0,0,37.947696685791016,438.58203125
PSD\ms\PSDrelative_ID_02_T0_CE.mat,ms_02,psd,CE,PSD_gamma_ROI,6x18,float32,0,0,47.00175857543945,287.84466552734375
PSD\ms\PSDrelative_ID_02_T0_CE.mat,ms_02,psd,CE,PSD_gamma_ROI_rel,6x18,float32,0,0,0.07500002533197403,0.21069581806659698
PSD\ms\PSDrelative_ID_02_T0_CE.mat,ms_02,psd,CE,PSD_gamma_rel,27x18,float32,0,0,0.03923051059246063,0.33385762572288513
PSD\ms\PSDrelative_ID_02_T0_CE.mat,ms_02,psd,CE,PSD_theta,27x18,float32,0,0,39.00941848754883,457.4783630371094
PSD\ms\PSDrelative_ID_02_T0_CE.mat,ms_02,psd,CE,PSD_theta_ROI,6x18,float32,0,0,54.50508499145508,451.0794372558594
PSD\ms\PSDrelative_ID_02_T0_CE.mat,ms_02,psd,CE,PSD_theta_ROI_rel,6x18,float32,0,0,0.09609976410865784,0.2892446219921112
PSD\ms\PSDrelative_ID_02_T0_CE.mat,ms_02,psd,CE,PSD_theta_alpha,27x18,float32,0,0,0.9973427057266235,8.825907707214355
PSD\ms\PSDrelative_ID_02_T0_CE.mat,ms_02,psd,CE,PSD_theta_alpha_ROI,6x18,float32,0,0,1.1020970344543457,7.699477672576904
PSD\ms\PSDrelative_ID_02_T0_CE.mat,ms_02,psd,CE,PSD_theta_rel,27x18,float32,0,0,0.08341856300830841,0.3059625029563904
PSD\ms\PSDrelative_ID_02_T0_CE.mat,ms_02,psd,CE,PSD_tot,27x18,float32,0,0,260.3009948730469,2015.760986328125
PSD\ms\PSDrelative_ID_02_T0_CE.mat,ms_02,psd,CE,PSD_tot_ROI,6x18,float32,0,0,362.7108154296875,1843.9385986328125
PSD\ms\PSDrelative_ID_02_T0_CE.mat,ms_02,psd,CE,SFR,27x18,float32,0,0,1.0641708374023438,12.579500198364258
PSD\ms\PSDrelative_ID_02_T0_CE.mat,ms_02,psd,CE,SFR_ROI,6x18,float32,0,0,1.643762230873108,10.946499824523926
PSD\ms\PSDrelative_ID_02_T0_OE.mat,ms_02,psd,OE,PSD_alpha,27x18,float32,0,0,47.10653305053711,621.9108276367188
PSD\ms\PSDrelative_ID_02_T0_OE.mat,ms_02,psd,OE,PSD_alpha_ROI,6x18,float32,0,0,53.20417404174805,598.2308349609375
PSD\ms\PSDrelative_ID_02_T0_OE.mat,ms_02,psd,OE,PSD_alpha_ROI_rel,6x18,float32,0,0,0.0364605188369751,0.06133732199668884
PSD\ms\PSDrelative_ID_02_T0_OE.mat,ms_02,psd,OE,PSD_alpha_rel,27x18,float32,0,0,0.03584061190485954,0.06907541304826736
PSD\ms\PSDrelative_ID_02_T0_OE.mat,ms_02,psd,OE,PSD_beta,27x18,float32,0,0,57.38209915161133,660.7117919921875
PSD\ms\PSDrelative_ID_02_T0_OE.mat,ms_02,psd,OE,PSD_beta_ROI,6x18,float32,0,0,70.16744232177734,287.6262512207031
PSD\ms\PSDrelative_ID_02_T0_OE.mat,ms_02,psd,OE,PSD_beta_ROI_rel,6x18,float32,0,0,0.017370477318763733,0.09441106766462326
PSD\ms\PSDrelative_ID_02_T0_OE.mat,ms_02,psd,OE,PSD_beta_rel,27x18,float32,0,0,0.015475468710064888,0.13982456922531128
PSD\ms\PSDrelative_ID_02_T0_OE.mat,ms_02,psd,OE,PSD_delta,27x18,float32,0,0,589.5532836914062,10438.19921875
PSD\ms\PSDrelative_ID_02_T0_OE.mat,ms_02,psd,OE,PSD_delta_ROI,6x18,float32,0,0,630.722412109375,10076.4677734375
PSD\ms\PSDrelative_ID_02_T0_OE.mat,ms_02,psd,OE,PSD_delta_ROI_rel,6x18,float32,0,0,0.5882112383842468,0.7275900840759277
PSD\ms\PSDrelative_ID_02_T0_OE.mat,ms_02,psd,OE,PSD_delta_alpha,27x18,float32,0,0,8.769265174865723,19.854232788085938
PSD\ms\PSDrelative_ID_02_T0_OE.mat,ms_02,psd,OE,PSD_delta_alpha_ROI,6x18,float32,0,0,9.84558391571045,19.6638240814209
PSD\ms\PSDrelative_ID_02_T0_OE.mat,ms_02,psd,OE,PSD_delta_rel,27x18,float32,0,0,0.4935775399208069,0.7328604459762573
PSD\ms\PSDrelative_ID_02_T0_OE.mat,ms_02,psd,OE,PSD_gamma,27x18,float32,0,0,49.21564483642578,646.627685546875
PSD\ms\PSDrelative_ID_02_T0_OE.mat,ms_02,psd,OE,PSD_gamma_ROI,6x18,float32,0,0,60.70634841918945,231.5634002685547
PSD\ms\PSDrelative_ID_02_T0_OE.mat,ms_02,psd,OE,PSD_gamma_ROI_rel,6x18,float32,0,0,0.012095044367015362,0.06822505593299866
PSD\ms\PSDrelative_ID_02_T0_OE.mat,ms_02,psd,OE,PSD_gamma_rel,27x18,float32,0,0,0.009972228668630123,0.1469074934720993
PSD\ms\PSDrelative_ID_02_T0_OE.mat,ms_02,psd,OE,PSD_theta,27x18,float32,0,0,237.81222534179688,3190.22802734375
PSD\ms\PSDrelative_ID_02_T0_OE.mat,ms_02,psd,OE,PSD_theta_ROI,6x18,float32,0,0,265.8344421386719,3162.367919921875
PSD\ms\PSDrelative_ID_02_T0_OE.mat,ms_02,psd,OE,PSD_theta_ROI_rel,6x18,float32,0,0,0.21243298053741455,0.2898886501789093
PSD\ms\PSDrelative_ID_02_T0_OE.mat,ms_02,psd,OE,PSD_theta_alpha,27x18,float32,0,0,3.470472812652588,6.45084285736084
PSD\ms\PSDrelative_ID_02_T0_OE.mat,ms_02,psd,OE,PSD_theta_alpha_ROI,6x18,float32,0,0,3.7786788940429688,6.249292850494385
PSD\ms\PSDrelative_ID_02_T0_OE.mat,ms_02,psd,OE,PSD_theta_rel,27x18,float32,0,0,0.1894773542881012,0.29314130544662476
PSD\ms\PSDrelative_ID_02_T0_OE.mat,ms_02,psd,OE,PSD_tot,27x18,float32,0,0,1036.025146484375,14479.98046875
PSD\ms\PSDrelative_ID_02_T0_OE.mat,ms_02,psd,OE,PSD_tot_ROI,6x18,float32,0,0,1071.414794921875,14102.2216796875
PSD\ms\PSDrelative_ID_02_T0_OE.mat,ms_02,psd,OE,SFR,27x18,float32,0,0,3.747551679611206,17.927871704101562
PSD\ms\PSDrelative_ID_02_T0_OE.mat,ms_02,psd,OE,SFR_ROI,6x18,float32,0,0,5.8155341148376465,17.563608169555664
PSD\ms\PSDrelative_ID_03_T0_CE.mat,ms_03,psd,CE,PSD_alpha,27x18,float32,0,0,24.456350326538086,3375.9462890625
PSD\ms\PSDrelative_ID_03_T0_CE.mat,ms_03,psd,CE,PSD_alpha_ROI,6x18,float32,0,0,27.922025680541992,2318.730224609375
PSD\ms\PSDrelative_ID_03_T0_CE.mat,ms_03,psd,CE,PSD_alpha_ROI_rel,6x18,float32,0,0,0.008962233550846577,0.7660186886787415
PSD\ms\PSDrelative_ID_03_T0_CE.mat,ms_03,psd,CE,PSD_alpha_rel,27x18,float32,0,0,0.007580999284982681,0.8144384026527405
PSD\ms\PSDrelative_ID_03_T0_CE.mat,ms_03,psd,CE,PSD_beta,27x18,float32,0,0,32.81745529174805,678.3626708984375
PSD\ms\PSDrelative_ID_03_T0_CE.mat,ms_03,psd,CE,PSD_beta_ROI,6x18,float32,0,0,39.74055862426758,358.5784606933594
PSD\ms\PSDrelative_ID_03_T0_CE.mat,ms_03,psd,CE,PSD_beta_ROI_rel,6x18,float32,0,0,0.013753373175859451,0.3489236831665039
PSD\ms\PSDrelative_ID_03_T0_CE.mat,ms_03,psd,CE,PSD_beta_rel,27x18,float32,0,0,0.011388163082301617,0.4395414888858795
PSD\ms\PSDrelative_ID_03_T0_CE.mat,ms_03,psd,CE,PSD_delta,27x18,float32,0,0,21.298498153686523,8126.29345703125
PSD\ms\PSDrelative_ID_03_T0_CE.mat,ms_03,psd,CE,PSD_delta_ROI,6x18,float32,0,0,27.30446434020996,7864.046875
PSD\ms\PSDrelative_ID_03_T0_CE.mat,ms_03,psd,CE,PSD_delta_ROI_rel,6x18,float32,0,0,0.05096478760242462,0.9548436999320984
PSD\ms\PSDrelative_ID_03_T0_CE.mat,ms_03,psd,CE,PSD_delta_alpha,27x18,float32,0,0,0.04344942420721054,124.27536010742188
PSD\ms\PSDrelative_ID_03_T0_CE.mat,ms_03,psd,CE,PSD_delta_alpha_ROI,6x18,float32,0,0,0.06968285888433456,106.91739654541016
PSD\ms\PSDrelative_ID_03_T0_CE.mat,ms_03,psd,CE,PSD_delta_rel,27x18,float32,0,0,0.035252440720796585,0.9584084749221802
PSD\ms\PSDrelative_ID_03_T0_CE.mat,ms_03,psd,CE,PSD_gamma,27x18,float32,0,0,12.239154815673828,619.4069213867188
PSD\ms\PSDrelative_ID_03_T0_CE.mat,ms_03,psd,CE,PSD_gamma_ROI,6x18,float32,0,0,16.22951889038086,226.46803283691406
PSD\ms\PSDrelative_ID_03_T0_CE.mat,ms_03,psd,CE,PSD_gamma_ROI_rel,6x18,float32,0,0,0.0034989044070243835,0.1632036417722702
PSD\ms\PSDrelative_ID_03_T0_CE.mat,ms_03,psd,CE,PSD_gamma_rel,27x18,float32,0,0,0.0029701218008995056,0.3240276575088501
PSD\ms\PSDrelative_ID_03_T0_CE.mat,ms_03,psd,CE,PSD_theta,27x18,float32,0,0,14.736125946044922,323.4654235839844
PSD\ms\PSDrelative_ID_03_T0_CE.mat,ms_03,psd,CE,PSD_theta_ROI,6x18,float32,0,0,22.194543838500977,238.2132110595703
PSD\ms\PSDrelative_ID_03_T0_CE.mat,ms_03,psd,CE,PSD_theta_ROI_rel,6x18,float32,0,0,0.01689654029905796,0.19122456014156342
PSD\ms\PSDrelative_ID_03_T0_CE.mat,ms_03,psd,CE,PSD_theta_alpha,27x18,float32,0,0,0.04703683406114578,3.02248215675354
PSD\ms\PSDrelative_ID_03_T0_CE.mat,ms_03,psd,CE,PSD_theta_alpha_ROI,6x18,float32,0,0,0.05343586578965187,2.5964038372039795
PSD\ms\PSDrelative_ID_03_T0_CE.mat,ms_03,psd,CE,PSD_theta_rel,27x18,float32,0,0,0.015498931519687176,0.2531563341617584
PSD\ms\PSDrelative_ID_03_T0_CE.mat,ms_03,psd,CE,PSD_tot,27x18,float32,0,0,155.30496215820312,10134.8974609375
PSD\ms\PSDrelative_ID_03_T0_CE.mat,ms_03,psd,CE,PSD_tot_ROI,6x18,float32,0,0,179.9380340576172,9588.0830078125
PSD\ms\PSDrelative_ID_03_T0_CE.mat,ms_03,psd,CE,SFR,27x18,float32,0,0,0.09100188314914703,46.24204635620117
PSD\ms\PSDrelative_ID_03_T0_CE.mat,ms_03,psd,CE,SFR_ROI,6x18,float32,0,0,0.11891743540763855,39.77505111694336
PSD\ms\PSDrelative_ID_03_T0_OE.mat,ms_03,psd,OE,PSD_alpha,27x18,float32,0,0,24.272743225097656,2555.81201171875
PSD\ms\PSDrelative_ID_03_T0_OE.mat,ms_03,psd,OE,PSD_alpha_ROI,6x18,float32,0,0,26.4718074798584,1485.85595703125
PSD\ms\PSDrelative_ID_03_T0_OE.mat,ms_03,psd,OE,PSD_alpha_ROI_rel,6x18,float32,0,0,0.0076682004146277905,0.41447877883911133
PSD\ms\PSDrelative_ID_03_T0_OE.mat,ms_03,psd,OE,PSD_alpha_rel,27x18,float32,0,0,0.0065859719179570675,0.5694127678871155
PSD\ms\PSDrelative_ID_03_T0_OE.mat,ms_03,psd,OE,PSD_beta,27x18,float32,0,0,30.196922302246094,623.6217651367188
PSD\ms\PSDrelative_ID_03_T0_OE.mat,ms_03,psd,OE,PSD_beta_ROI,6x18,float32,0,0,46.00212097167969,312.2026672363281
PSD\ms\PSDrelative_ID_03_T0_OE.mat,ms_03,psd,OE,PSD_beta_ROI_rel,6x18,float32,0,0,0.009729265235364437,0.217709019780159
PSD\ms\PSDrelative_ID_03_T0_OE.mat,ms_03,psd,OE,PSD_beta_rel,27x18,float32,0,0,0.006508147343993187,0.25407129526138306
PSD\ms\PSDrelative_ID_03_T0_OE.mat,ms_03,psd,OE,PSD_delta,27x18,float32,0,0,119.4931640625,10988.73046875
PSD\ms\PSDrelative_ID_03_T0_OE.mat,ms_03,psd,OE,PSD_delta_ROI,6x18,float32,0,0,127.8300552368164,10851.3447265625
PSD\ms\PSDrelative_ID_03_T0_OE.mat,ms_03,psd,OE,PSD_delta_ROI_rel,6x18,float32,0,0,0.31262853741645813,0.932399570941925
PSD\ms\PSDrelative_ID_03_T0_OE.mat,ms_03,psd,OE,PSD_delta_alpha,27x18,float32,0,0,0.3491227626800537,139.0651092529297
PSD\ms\PSDrelative_ID_03_T0_OE.mat,ms_03,psd,OE,PSD_delta_alpha_ROI,6x18,float32,0,0,0.8475515842437744,119.07837677001953
PSD\ms\PSDrelative_ID_03_T0_OE.mat,ms_03,psd,OE,PSD_delta_rel,27x18,float32,0,0,0.19879496097564697,0.9364560842514038
PSD\ms\PSDrelative_ID_03_T0_OE.mat,ms_03,psd,OE,PSD_gamma,27x18,float32,0,0,11.324265480041504,899.6630249023438
PSD\ms\PSDrelative_ID_03_T0_OE.mat,ms_03,psd,OE,PSD_gamma_ROI,6x18,float32,0,0,16.356725692749023,320.279296875
PSD\ms\PSDrelative_ID_03_T0_OE.mat,ms_03,psd,OE,PSD_gamma_ROI_rel,6x18,float32,0,0,0.0037317846436053514,0.0750800222158432
PSD\ms\PSDrelative_ID_03_T0_OE.mat,ms_03,psd,OE,PSD_gamma_rel,27x18,float32,0,0,0.0024712157901376486,0.164411261677742
PSD\ms\PSDrelative_ID_03_T0_OE.mat,ms_03,psd,OE,PSD_theta,27x18,float32,0,0,29.334917068481445,1344.2471923828125
PSD\ms\PSDrelative_ID_03_T0_OE.mat,ms_03,psd,OE,PSD_theta_ROI,6x18,float32,0,0,36.69149398803711,1294.0040283203125
PSD\ms\PSDrelative_ID_03_T0_OE.mat,ms_03,psd,OE,PSD_theta_ROI_rel,6x18,float32,0,0,0.039822835475206375,0.14582370221614838
PSD\ms\PSDrelative_ID_03_T0_OE.mat,ms_03,psd,OE,PSD_theta_alpha,27x18,float32,0,0,0.16487987339496613,12.161584854125977
PSD\ms\PSDrelative_ID_03_T0_OE.mat,ms_03,psd,OE,PSD_theta_alpha_ROI,6x18,float32,0,0,0.2935766875743866,10.784815788269043
PSD\ms\PSDrelative_ID_03_T0_OE.mat,ms_03,psd,OE,PSD_theta_rel,27x18,float32,0,0,0.03719348832964897,0.1596536934375763
PSD\ms\PSDrelative_ID_03_T0_OE.mat,ms_03,psd,OE,PSD_tot,27x18,float32,0,0,242.79141235351562,13365.06640625
PSD\ms\PSDrelative_ID_03_T0_OE.mat,ms_03,psd,OE,PSD_tot_ROI,6x18,float32,0,0,268.0355529785156,12458.4833984375
PSD\ms\PSDrelative_ID_03_T0_OE.mat,ms_03,psd,OE,SFR,27x18,float32,0,0,0.4840424954891205,72.21382141113281
PSD\ms\PSDrelative_ID_03_T0_OE.mat,ms_03,psd,OE,SFR_ROI,6x18,float32,0,0,0.8146088719367981,53.33558654785156
PSD\ms\PSDrelative_ID_04_T0_CE.mat,ms_04,psd,CE,PSD_alpha,27x18,float32,0,0,13.746255874633789,7928.7275390625
PSD\ms\PSDrelative_ID_04_T0_CE.mat,ms_04,psd,CE,PSD_alpha_ROI,6x18,float32,0,0,53.76524353027344,6670.921875
PSD\ms\PSDrelative_ID_04_T0_CE.mat,ms_04,psd,CE,PSD_alpha_ROI_rel,6x18,float32,0,0,0.13773293793201447,0.7912278175354004
PSD\ms\PSDrelative_ID_04_T0_CE.mat,ms_04,psd,CE,PSD_alpha_rel,27x18,float32,0,0,0.09537900239229202,0.8103105425834656
PSD\ms\PSDrelative_ID_04_T0_CE.mat,ms_04,psd,CE,PSD_beta,27x18,float32,0,0,29.462581634521484,1631.23486328125
PSD\ms\PSDrelative_ID_04_T0_CE.mat,ms_04,psd,CE,PSD_beta_ROI,6x18,float32,0,0,86.87682342529297,1410.2523193359375
PSD\ms\PSDrelative_ID_04_T0_CE.mat,ms_04,psd,CE,PSD_beta_ROI_rel,6x18,float32,0,0,0.11235413700342178,0.3923482596874237
PSD\ms\PSDrelative_ID_04_T0_CE.mat,ms_04,psd,CE,PSD_beta_rel,27x18,float32,0,0,0.10181780159473419,0.4565143287181854
PSD\ms\PSDrelative_ID_04_T0_CE.mat,ms_04,psd,CE,PSD_delta,27x18,float32,0,0,23.199447631835938,817.8469848632812
PSD\ms\PSDrelative_ID_04_T0_CE.mat,ms_04,psd,CE,PSD_delta_ROI,6x18,float32,0,0,66.54360961914062,436.679443359375
PSD\ms\PSDrelative_ID_04_T0_CE.mat,ms_04,psd,CE,PSD_delta_ROI_rel,6x18,float32,0,0,0.03182654455304146,0.3748808801174164
PSD\ms\PSDrelative_ID_04_T0_CE.mat,ms_04,psd,CE,PSD_delta_alpha,27x18,float32,0,0,0.033914715051651,3.534170389175415
PSD\ms\PSDrelative_ID_04_T0_CE.mat,ms_04,psd,CE,PSD_delta_alpha_ROI,6x18,float32,0,0,0.04037569835782051,2.538198471069336
PSD\ms\PSDrelative_ID_04_T0_CE.mat,ms_04,psd,CE,PSD_delta_rel,27x18,float32,0,0,0.02717665210366249,0.5214976668357849
PSD\ms\PSDrelative_ID_04_T0_CE.mat,ms_04,psd,CE,PSD_gamma,27x18,float32,0,0,9.705277442932129,181.40487670898438
PSD\ms\PSDrelative_ID_04_T0_CE.mat,ms_04,psd,CE,PSD_gamma_ROI,6x18,float32,0,0,26.65315055847168,145.37986755371094
PSD\ms\PSDrelative_ID_04_T0_CE.mat,ms_04,psd,CE,PSD_gamma_ROI_rel,6x18,float32,0,0,0.010824666358530521,0.14554692804813385
PSD\ms\PSDrelative_ID_04_T0_CE.mat,ms_04,psd,CE,PSD_gamma_rel,27x18,float32,0,0,0.008397911675274372,0.19043226540088654
PSD\ms\PSDrelative_ID_04_T0_CE.mat,ms_04,psd,CE,PSD_theta,27x18,float32,0,0,8.255158424377441,623.8827514648438
PSD\ms\PSDrelative_ID_04_T0_CE.mat,ms_04,psd,CE,PSD_theta_ROI,6x18,float32,0,0,29.50653076171875,506.7669677734375
PSD\ms\PSDrelative_ID_04_T0_CE.mat,ms_04,psd,CE,PSD_theta_ROI_rel,6x18,float32,0,0,0.03149956837296486,0.1632148027420044
PSD\ms\PSDrelative_ID_04_T0_CE.mat,ms_04,psd,CE,PSD_theta_alpha,27x18,float32,0,0,0.03570617362856865,1.2893357276916504
PSD\ms\PSDrelative_ID_04_T0_CE.mat,ms_04,psd,CE,PSD_theta_alpha_ROI,6x18,float32,0,0,0.04172052815556526,1.0946329832077026
PSD\ms\PSDrelative_ID_04_T0_CE.mat,ms_04,psd,CE,PSD_theta_rel,27x18,float32,0,0,0.028215911239385605,0.17725776135921478
PSD\ms\PSDrelative_ID_04_T0_CE.mat,ms_04,psd,CE,PSD_tot,27x18,float32,0,0,94.38895416259766,10198.9296875
PSD\ms\PSDrelative_ID_04_T0_CE.mat,ms_04,psd,CE,PSD_tot_ROI,6x18,float32,0,0,290.3812561035156,8505.6455078125
PSD\ms\PSDrelative_ID_04_T0_CE.mat,ms_04,psd,CE,SFR,27x18,float32,0,0,0.06696329265832901,1.9147213697433472
PSD\ms\PSDrelative_ID_04_T0_CE.mat,ms_04,psd,CE,SFR_ROI,6x18,float32,0,0,0.07741888612508774,1.1461445093154907
PSD\ms\PSDrelative_ID_04_T0_OE.mat,ms_04,psd,OE,PSD_alpha,27x18,float32,0,0,8.30254077911377,559.5453491210938
PSD\ms\PSDrelative_ID_04_T0_OE.mat,ms_04,psd,OE,PSD_alpha_ROI,6x18,float32,0,0,25.78517723083496,437.5816345214844
PSD\ms\PSDrelative_ID_04_T0_OE.mat,ms_04,psd,OE,PSD_alpha_ROI_rel,6x18,float32,0,0,0.04865780100226402,0.21860162913799286
PSD\ms\PSDrelative_ID_04_T0_OE.mat,ms_04,psd,OE,PSD_alpha_rel,27x18,float32,0,0,0.04200618714094162,0.27288395166397095
PSD\ms\PSDrelative_ID_04_T0_OE.mat,ms_04,psd,OE,PSD_beta,27x18,float32,0,0,30.2353515625,887.8502197265625
PSD\ms\PSDrelative_ID_04_T0_OE.mat,ms_04,psd,OE,PSD_beta_ROI,6x18,float32,0,0,89.27143096923828,787.3301391601562
PSD\ms\PSDrelative_ID_04_T0_OE.mat,ms_04,psd,OE,PSD_beta_ROI_rel,6x18,float32,0,0,0.13791793584823608,0.4849238097667694
PSD\ms\PSDrelative_ID_04_T0_OE.mat,ms_04,psd,OE,PSD_beta_rel,27x18,float32,0,0,0.11706480383872986,0.538271427154541
PSD\ms\PSDrelative_ID_04_T0_OE.mat,ms_04,psd,OE,PSD_delta,27x18,float32,0,0,24.046308517456055,2220.901611328125
PSD\ms\PSDrelative_ID_04_T0_OE.mat,ms_04,psd,OE,PSD_delta_ROI,6x18,float32,0,0,73.60152435302734,1099.6708984375
PSD\ms\PSDrelative_ID_04_T0_OE.mat,ms_04,psd,OE,PSD_delta_ROI_rel,6x18,float32,0,0,0.16837452352046967,0.6654030680656433
PSD\ms\PSDrelative_ID_04_T0_OE.mat,ms_04,psd,OE,PSD_delta_alpha,27x18,float32,0,0,0.6818403005599976,16.81498908996582
PSD\ms\PSDrelative_ID_04_T0_OE.mat,ms_04,psd,OE,PSD_delta_alpha_ROI,6x18,float32,0,0,1.0848925113677979,13.720611572265625
PSD\ms\PSDrelative_ID_04_T0_OE.mat,ms_04,psd,OE,PSD_delta_rel,27x18,float32,0,0,0.10616464912891388,0.7130814790725708
PSD\ms\PSDrelative_ID_04_T0_OE.mat,ms_04,psd,OE,PSD_gamma,27x18,float32,0,0,10.034295082092285,598.2915649414062
PSD\ms\PSDrelative_ID_04_T0_OE.mat,ms_04,psd,OE,PSD_gamma_ROI,6x18,float32,0,0,34.79178237915039,386.5816650390625
PSD\ms\PSDrelative_ID_04_T0_OE.mat,ms_04,psd,OE,PSD_gamma_ROI_rel,6x18,float32,0,0,0.0660151019692421,0.24937725067138672
PSD\ms\PSDrelative_ID_04_T0_OE.mat,ms_04,psd,OE,PSD_gamma_rel,27x18,float32,0,0,0.045721057802438736,0.3276303708553314
PSD\ms\PSDrelative_ID_04_T0_OE.mat,ms_04,psd,OE,PSD_theta,27x18,float32,0,0,12.143486976623535,315.6701354980469
PSD\ms\PSDrelative_ID_04_T0_OE.mat,ms_04,psd,OE,PSD_theta_ROI,6x18,float32,0,0,35.66909408569336,213.7442169189453
PSD\ms\PSDrelative_ID_04_T0_OE.mat,ms_04,psd,OE,PSD_theta_ROI_rel,6x18,float32,0,0,0.0612054280936718,0.1536525934934616
PSD\ms\PSDrelative_ID_04_T0_OE.mat,ms_04,psd,OE,PSD_theta_alpha,27x18,float32,0,0,0.2767818868160248,2.6954119205474854
PSD\ms\PSDrelative_ID_04_T0_OE.mat,ms_04,psd,OE,PSD_theta_alpha_ROI,6x18,float32,0,0,0.3218449056148529,2.0563833713531494
PSD\ms\PSDrelative_ID_04_T0_OE.mat,ms_04,psd,OE,PSD_theta_rel,27x18,float32,0,0,0.03459985554218292,0.2118031233549118
PSD\ms\PSDrelative_ID_04_T0_OE.mat,ms_04,psd,OE,PSD_tot,27x18,float32,0,0,91.87994384765625,3252.18798828125
PSD\ms\PSDrelative_ID_04_T0_OE.mat,ms_04,psd,OE,PSD_tot_ROI,6x18,float32,0,0,280.4447937011719,2405.553955078125
PSD\ms\PSDrelative_ID_04_T0_OE.mat,ms_04,psd,OE,SFR,27x18,float32,0,0,0.30647578835487366,5.010987281799316
PSD\ms\PSDrelative_ID_04_T0_OE.mat,ms_04,psd,OE,SFR_ROI,6x18,float32,0,0,0.46383222937583923,4.056840419769287
PSD\ms\PSDrelative_ID_05_T0_CE.mat,ms_05,psd,CE,PSD_alpha,27x18,float32,0,0,18.282150268554688,924.1911010742188
PSD\ms\PSDrelative_ID_05_T0_CE.mat,ms_05,psd,CE,PSD_alpha_ROI,6x18,float32,0,0,22.86100959777832,717.7150268554688
PSD\ms\PSDrelative_ID_05_T0_CE.mat,ms_05,psd,CE,PSD_alpha_ROI_rel,6x18,float32,0,0,0.014435455203056335,0.6012935042381287
PSD\ms\PSDrelative_ID_05_T0_CE.mat,ms_05,psd,CE,PSD_alpha_rel,27x18,float32,0,0,0.011020173318684101,0.6675702929496765
PSD\ms\PSDrelative_ID_05_T0_CE.mat,ms_05,psd,CE,PSD_beta,27x18,float32,0,0,29.044973373413086,146.1004180908203
PSD\ms\PSDrelative_ID_05_T0_CE.mat,ms_05,psd,CE,PSD_beta_ROI,6x18,float32,0,0,30.243112564086914,113.341552734375
PSD\ms\PSDrelative_ID_05_T0_CE.mat,ms_05,psd,CE,PSD_beta_ROI_rel,6x18,float32,0,0,0.008727673441171646,0.2579147219657898
PSD\ms\PSDrelative_ID_05_T0_CE.mat,ms_05,psd,CE,PSD_beta_rel,27x18,float32,0,0,0.007268002722412348,0.2851823568344116
PSD\ms\PSDrelative_ID_05_T0_CE.mat,ms_05,psd,CE,PSD_delta,27x18,float32,0,0,28.459951400756836,7365.82421875
PSD\ms\PSDrelative_ID_05_T0_CE.mat,ms_05,psd,CE,PSD_delta_ROI,6x18,float32,0,0,29.305578231811523,7094.41748046875
PSD\ms\PSDrelative_ID_05_T0_CE.mat,ms_05,psd,CE,PSD_delta_ROI_rel,6x18,float32,0,0,0.10645204782485962,0.9440277218818665
PSD\ms\PSDrelative_ID_05_T0_CE.mat,ms_05,psd,CE,PSD_delta_alpha,27x18,float32,0,0,0.14096865057945251,86.06432342529297
PSD\ms\PSDrelative_ID_05_T0_CE.mat,ms_05,psd,CE,PSD_delta_alpha_ROI,6x18,float32,0,0,0.18663544952869415,67.89179229736328
PSD\ms\PSDrelative_ID_05_T0_CE.mat,ms_05,psd,CE,PSD_delta_rel,27x18,float32,0,0,0.0895104855298996,0.9484437704086304
PSD\ms\PSDrelative_ID_05_T0_CE.mat,ms_05,psd,CE,PSD_gamma,27x18,float32,0,0,18.238895416259766,114.09015655517578
PSD\ms\PSDrelative_ID_05_T0_CE.mat,ms_05,psd,CE,PSD_gamma_ROI,6x18,float32,0,0,19.308317184448242,82.29852294921875
PSD\ms\PSDrelative_ID_05_T0_CE.mat,ms_05,psd,CE,PSD_gamma_ROI_rel,6x18,float32,0,0,0.006970107555389404,0.20787423849105835
PSD\ms\PSDrelative_ID_05_T0_CE.mat,ms_05,psd,CE,PSD_gamma_rel,27x18,float32,0,0,0.006470332387834787,0.2334461808204651
PSD\ms\PSDrelative_ID_05_T0_CE.mat,ms_05,psd,CE,PSD_theta,27x18,float32,0,0,11.012121200561523,255.6464080810547
PSD\ms\PSDrelative_ID_05_T0_CE.mat,ms_05,psd,CE,PSD_theta_ROI,6x18,float32,0,0,12.560641288757324,247.06211853027344
PSD\ms\PSDrelative_ID_05_T0_CE.mat,ms_05,psd,CE,PSD_theta_ROI_rel,6x18,float32,0,0,0.02545742690563202,0.22467057406902313
PSD\ms\PSDrelative_ID_05_T0_CE.mat,ms_05,psd,CE,PSD_theta_alpha,27x18,float32,0,0,0.19342613220214844,2.258836507797241
PSD\ms\PSDrelative_ID_05_T0_CE.mat,ms_05,psd,CE,PSD_theta_alpha_ROI,6x18,float32,0,0,0.22047506272792816,1.8245939016342163
PSD\ms\PSDrelative_ID_05_T0_CE.mat,ms_05,psd,CE,PSD_theta_rel,27x18,float32,0,0,0.02263369970023632,0.25558605790138245
PSD\ms\PSDrelative_ID_05_T0_CE.mat,ms_05,psd,CE,PSD_tot,27x18,float32,0,0,124.53300476074219,8276.2041015625
PSD\ms\PSDrelative_ID_05_T0_CE.mat,ms_05,psd,CE,PSD_tot_ROI,6x18,float32,0,0,130.28758239746094,8159.20751953125
PSD\ms\PSDrelative_ID_05_T0_CE.mat,ms_05,psd,CE,SFR,27x18,float32,0,0,0.3279951810836792,50.0210075378418
PSD\ms\PSDrelative_ID_05_T0_CE.mat,ms_05,psd,CE,SFR_ROI,6x18,float32,0,0,0.41177424788475037,41.952884674072266
PSD\ms\PSDrelative_ID_05_T0_OE.mat,ms_05,psd,OE,PSD_alpha,27x18,float32,0,0,10.712644577026367,296.54443359375
PSD\ms\PSDrelative_ID_05_T0_OE.mat,ms_05,psd,OE,PSD_alpha_ROI,6x18,float32,0,0,12.321768760681152,267.6876220703125
PSD\ms\PSDrelative_ID_05_T0_OE.mat,ms_05,psd,OE,PSD_alpha_ROI_rel,6x18,float32,0,0,0.014600914902985096,0.2023506611585617
PSD\ms\PSDrelative_ID_05_T0_OE.mat,ms_05,psd,OE,PSD_alpha_rel,27x18,float32,0,0,0.013704813085496426,0.22485552728176117
PSD\ms\PSDrelative_ID_05_T0_OE.mat,ms_05,psd,OE,PSD_beta,27x18,float32,0,0,189.7074432373047,461.91363525390625
PSD\ms\PSDrelative_ID_05_T0_OE.mat,ms_05,psd,OE,PSD_beta_ROI,6x18,float32,0,0,197.63909912109375,384.9312438964844
PSD\ms\PSDrelative_ID_05_T0_OE.mat,ms_05,psd,OE,PSD_beta_ROI_rel,6x18,float32,0,0,0.04259759560227394,0.5685968995094299
PSD\ms\PSDrelative_ID_05_T0_OE.mat,ms_05,psd,OE,PSD_beta_rel,27x18,float32,0,0,0.040935322642326355,0.5795496106147766
PSD\ms\PSDrelative_ID_05_T0_OE.mat,ms_05,psd,OE,PSD_delta,27x18,float32,0,0,27.293113708496094,4186.8515625
PSD\ms\PSDrelative_ID_05_T0_OE.mat,ms_05,psd,OE,PSD_delta_ROI,6x18,float32,0,0,34.69990921020508,4077.661376953125
PSD\ms\PSDrelative_ID_05_T0_OE.mat,ms_05,psd,OE,PSD_delta_ROI_rel,6x18,float32,0,0,0.0831131711602211,0.7841544151306152
PSD\ms\PSDrelative_ID_05_T0_OE.mat,ms_05,psd,OE,PSD_delta_alpha,27x18,float32,0,0,0.5664066076278687,54.04849624633789
PSD\ms\PSDrelative_ID_05_T0_OE.mat,ms_05,psd,OE,PSD_delta_alpha_ROI,6x18,float32,0,0,0.619449257850647,50.328369140625
PSD\ms\PSDrelative_ID_05_T0_OE.mat,ms_05,psd,OE,PSD_delta_rel,27x18,float32,0,0,0.06494749337434769,0.7908049821853638
PSD\ms\PSDrelative_ID_05_T0_OE.mat,ms_05,psd,OE,PSD_gamma,27x18,float32,0,0,98.40170288085938,394.6750183105469
PSD\ms\PSDrelative_ID_05_T0_OE.mat,ms_05,psd,OE,PSD_gamma_ROI,6x18,float32,0,0,104.5704345703125,225.54248046875
PSD\ms\PSDrelative_ID_05_T0_OE.mat,ms_05,psd,OE,PSD_gamma_ROI_rel,6x18,float32,0,0,0.021482395008206367,0.3527798354625702
PSD\ms\PSDrelative_ID_05_T0_OE.mat,ms_05,psd,OE,PSD_gamma_rel,27x18,float32,0,0,0.02102798782289028,0.380658894777298
PSD\ms\PSDrelative_ID_05_T0_OE.mat,ms_05,psd,OE,PSD_theta,27x18,float32,0,0,8.59854793548584,1769.351318359375
PSD\ms\PSDrelative_ID_05_T0_OE.mat,ms_05,psd,OE,PSD_theta_ROI,6x18,float32,0,0,12.202319145202637,1668.5924072265625
PSD\ms\PSDrelative_ID_05_T0_OE.mat,ms_05,psd,OE,PSD_theta_ROI_rel,6x18,float32,0,0,0.025317654013633728,0.2731517553329468
PSD\ms\PSDrelative_ID_05_T0_OE.mat,ms_05,psd,OE,PSD_theta_alpha,27x18,float32,0,0,0.3780873119831085,10.206315994262695
PSD\ms\PSDrelative_ID_05_T0_OE.mat,ms_05,psd,OE,PSD_theta_alpha_ROI,6x18,float32,0,0,0.4321909248828888,9.491044998168945
PSD\ms\PSDrelative_ID_05_T0_OE.mat,ms_05,psd,OE,PSD_theta_rel,27x18,float32,0,0,0.01753925532102585,0.27618056535720825
PSD\ms\PSDrelative_ID_05_T0_OE.mat,ms_05,psd,OE,PSD_tot,27x18,float32,0,0,391.1837463378906,6564.35400390625
PSD\ms\PSDrelative_ID_05_T0_OE.mat,ms_05,psd,OE,PSD_tot_ROI,6x18,float32,0,0,413.3412170410156,6131.79345703125
PSD\ms\PSDrelative_ID_05_T0_OE.mat,ms_05,psd,OE,SFR,27x18,float32,0,0,0.1741085797548294,12.368268966674805
PSD\ms\PSDrelative_ID_05_T0_OE.mat,ms_05,psd,OE,SFR_ROI,6x18,float32,0,0,0.21738509833812714,11.766738891601562
PSD\ms\PSDrelative_ID_06_T0_CE.mat,ms_06,psd,CE,PSD_alpha,27x18,float32,0,0,19.27804946899414,1723.96533203125
PSD\ms\PSDrelative_ID_06_T0_CE.mat,ms_06,psd,CE,PSD_alpha_ROI,6x18,float32,0,0,32.59267807006836,1411.13623046875
PSD\ms\PSDrelative_ID_06_T0_CE.mat,ms_06,psd,CE,PSD_alpha_ROI_rel,6x18,float32,0,0,0.02816013991832733,0.5307134985923767
PSD\ms\PSDrelative_ID_06_T0_CE.mat,ms_06,psd,CE,PSD_alpha_rel,27x18,float32,0,0,0.02380584366619587,0.5802386999130249
PSD\ms\PSDrelative_ID_06_T0_CE.mat,ms_06,psd,CE,PSD_beta,27x18,float32,0,0,69.5246353149414,413.80828857421875
PSD\ms\PSDrelative_ID_06_T0_CE.mat,ms_06,psd,CE,PSD_beta_ROI,6x18,float32,0,0,82.06375122070312,265.0560607910156
PSD\ms\PSDrelative_ID_06_T0_CE.mat,ms_06,psd,CE,PSD_beta_ROI_rel,6x18,float32,0,0,0.047718167304992676,0.3626878559589386
PSD\ms\PSDrelative_ID_06_T0_CE.mat,ms_06,psd,CE,PSD_beta_rel,27x18,float32,0,0,0.03752114623785019,0.47035345435142517
PSD\ms\PSDrelative_ID_06_T0_CE.mat,ms_06,psd,CE,PSD_delta,27x18,float32,0,0,97.45164489746094,2538.089111328125
PSD\ms\PSDrelative_ID_06_T0_CE.mat,ms_06,psd,CE,PSD_delta_ROI,6x18,float32,0,0,103.81510162353516,2409.641845703125
PSD\ms\PSDrelative_ID_06_T0_CE.mat,ms_06,psd,CE,PSD_delta_ROI_rel,6x18,float32,0,0,0.20623594522476196,0.8203116059303284
PSD\ms\PSDrelative_ID_06_T0_CE.mat,ms_06,psd,CE,PSD_delta_alpha,27x18,float32,0,0,0.3058473765850067,36.355438232421875
PSD\ms\PSDrelative_ID_06_T0_CE.mat,ms_06,psd,CE,PSD_delta_alpha_ROI,6x18,float32,0,0,0.3964804410934448,26.32939910888672
PSD\ms\PSDrelative_ID_06_T0_CE.mat,ms_06,psd,CE,PSD_delta_rel,27x18,float32,0,0,0.11076800525188446,0.8654718995094299
PSD\ms\PSDrelative_ID_06_T0_CE.mat,ms_06,psd,CE,PSD_gamma,27x18,float32,0,0,45.95518112182617,357.59527587890625
PSD\ms\PSDrelative_ID_06_T0_CE.mat,ms_06,psd,CE,PSD_gamma_ROI,6x18,float32,0,0,52.0440788269043,176.43833923339844
PSD\ms\PSDrelative_ID_06_T0_CE.mat,ms_06,psd,CE,PSD_gamma_ROI_rel,6x18,float32,0,0,0.018656982108950615,0.2651471197605133
PSD\ms\PSDrelative_ID_06_T0_CE.mat,ms_06,psd,CE,PSD_gamma_rel,27x18,float32,0,0,0.017268961295485497,0.3536755442619324
PSD\ms\PSDrelative_ID_06_T0_CE.mat,ms_06,psd,CE,PSD_theta,27x18,float32,0,0,18.94691276550293,269.9703063964844
PSD\ms\PSDrelative_ID_06_T0_CE.mat,ms_06,psd,CE,PSD_theta_ROI,6x18,float32,0,0,22.158449172973633,256.0698547363281
PSD\ms\PSDrelative_ID_06_T0_CE.mat,ms_06,psd,CE,PSD_theta_ROI_rel,6x18,float32,0,0,0.037370067089796066,0.09485044330358505
PSD\ms\PSDrelative_ID_06_T0_CE.mat,ms_06,psd,CE,PSD_theta_alpha,27x18,float32,0,0,0.08427488058805466,2.871433973312378
PSD\ms\PSDrelative_ID_06_T0_CE.mat,ms_06,psd,CE,PSD_theta_alpha_ROI,6x18,float32,0,0,0.10114532709121704,1.87921941280365
PSD\ms\PSDrelative_ID_06_T0_CE.mat,ms_06,psd,CE,PSD_theta_rel,27x18,float32,0,0,0.024771597236394882,0.10511501878499985
PSD\ms\PSDrelative_ID_06_T0_CE.mat,ms_06,psd,CE,PSD_tot,27x18,float32,0,0,378.8116149902344,4215.5888671875
PSD\ms\PSDrelative_ID_06_T0_CE.mat,ms_06,psd,CE,PSD_tot_ROI,6x18,float32,0,0,451.0705261230469,3731.114501953125
PSD\ms\PSDrelative_ID_06_T0_CE.mat,ms_06,psd,CE,SFR,27x18,float32,0,0,0.2628391683101654,14.91053581237793
PSD\ms\PSDrelative_ID_06_T0_CE.mat,ms_06,psd,CE,SFR_ROI,6x18,float32,0,0,0.3905242681503296,9.213043212890625
PSD\ms\PSDrelative_ID_06_T0_OE.mat,ms_06,psd,OE,PSD_alpha,27x18,float32,0,0,22.214275360107422,767.231201171875
PSD\ms\PSDrelative_ID_06_T0_OE.mat,ms_06,psd,OE,PSD_alpha_ROI,6x18,float32,0,0,42.063385009765625,694.9420776367188
PSD\ms\PSDrelative_ID_06_T0_OE.mat,ms_06,psd,OE,PSD_alpha_ROI_rel,6x18,float32,0,0,0.00892136711627245,0.18297630548477173
PSD\ms\PSDrelative_ID_06_T0_OE.mat,ms_06,psd,OE,PSD_alpha_rel,27x18,float32,0,0,0.008406329900026321,0.20181657373905182
PSD\ms\PSDrelative_ID_06_T0_OE.mat,ms_06,psd,OE,PSD_beta,27x18,float32,0,0,64.59983825683594,763.6680297851562
PSD\ms\PSDrelative_ID_06_T0_OE.mat,ms_06,psd,OE,PSD_beta_ROI,6x18,float32,0,0,77.5006332397461,499.4376525878906
PSD\ms\PSDrelative_ID_06_T0_OE.mat,ms_06,psd,OE,PSD_beta_ROI_rel,6x18,float32,0,0,0.0029811274725943804,0.38287127017974854
PSD\ms\PSDrelative_ID_06_T0_OE.mat,ms_06,psd,OE,PSD_beta_rel,27x18,float32,0,0,0.0027054366655647755,0.43183591961860657
PSD\ms\PSDrelative_ID_06_T0_OE.mat,ms_06,psd,OE,PSD_delta,27x18,float32,0,0,59.942108154296875,68928.6015625
PSD\ms\PSDrelative_ID_06_T0_OE.mat,ms_06,psd,OE,PSD_delta_ROI,6x18,float32,0,0,69.53736114501953,65656.7890625
PSD\ms\PSDrelative_ID_06_T0_OE.mat,ms_06,psd,OE,PSD_delta_ROI_rel,6x18,float32,0,0,0.19181251525878906,0.90610271692276
PSD\ms\PSDrelative_ID_06_T0_OE.mat,ms_06,psd,OE,PSD_delta_alpha,27x18,float32,0,0,0.9065948128700256,108.06587982177734
PSD\ms\PSDrelative_ID_06_T0_OE.mat,ms_06,psd,OE,PSD_delta_alpha_ROI,6x18,float32,0,0,1.5259957313537598,99.92593383789062
PSD\ms\PSDrelative_ID_06_T0_OE.mat,ms_06,psd,OE,PSD_delta_rel,27x18,float32,0,0,0.14980269968509674,0.9084374904632568
PSD\ms\PSDrelative_ID_06_T0_OE.mat,ms_06,psd,OE,PSD_gamma,27x18,float32,0,0,41.68226623535156,649.8222045898438
PSD\ms\PSDrelative_ID_06_T0_OE.mat,ms_06,psd,OE,PSD_gamma_ROI,6x18,float32,0,0,52.66944885253906,400.0163879394531
PSD\ms\PSDrelative_ID_06_T0_OE.mat,ms_06,psd,OE,PSD_gamma_ROI_rel,6x18,float32,0,0,0.0012275353074073792,0.2546815872192383
PSD\ms\PSDrelative_ID_06_T0_OE.mat,ms_06,psd,OE,PSD_gamma_rel,27x18,float32,0,0,0.0008458213997073472,0.33050814270973206
PSD\ms\PSDrelative_ID_06_T0_OE.mat,ms_06,psd,OE,PSD_theta,27x18,float32,0,0,15.561616897583008,10042.970703125
PSD\ms\PSDrelative_ID_06_T0_OE.mat,ms_06,psd,OE,PSD_theta_ROI,6x18,float32,0,0,23.399269104003906,9670.8720703125
PSD\ms\PSDrelative_ID_06_T0_OE.mat,ms_06,psd,OE,PSD_theta_ROI_rel,6x18,float32,0,0,0.05479581281542778,0.20979058742523193
PSD\ms\PSDrelative_ID_06_T0_OE.mat,ms_06,psd,OE,PSD_theta_alpha,27x18,float32,0,0,0.2756701409816742,14.895944595336914
PSD\ms\PSDrelative_ID_06_T0_OE.mat,ms_06,psd,OE,PSD_theta_alpha_ROI,6x18,float32,0,0,0.3034859001636505,14.667319297790527
PSD\ms\PSDrelative_ID_06_T0_OE.mat,ms_06,psd,OE,PSD_theta_rel,27x18,float32,0,0,0.04223994165658951,0.21350009739398956
PSD\ms\PSDrelative_ID_06_T0_OE.mat,ms_06,psd,OE,PSD_tot,27x18,float32,0,0,254.45620727539062,79173.3203125
PSD\ms\PSDrelative_ID_06_T0_OE.mat,ms_06,psd,OE,PSD_tot_ROI,6x18,float32,0,0,392.6479187011719,75490.28125
PSD\ms\PSDrelative_ID_06_T0_OE.mat,ms_06,psd,OE,SFR,27x18,float32,0,0,0.3853251039981842,86.29570007324219
PSD\ms\PSDrelative_ID_06_T0_OE.mat,ms_06,psd,OE,SFR_ROI,6x18,float32,0,0,0.5437528491020203,83.3951187133789
PSD\ms\PSDrelative_ID_07_T0_CE.mat,ms_07,psd,CE,PSD_alpha,27x18,float32,0,0,63.42428970336914,4546.091796875
PSD\ms\PSDrelative_ID_07_T0_CE.mat,ms_07,psd,CE,PSD_alpha_ROI,6x18,float32,0,0,114.34521484375,3544.10546875
PSD\ms\PSDrelative_ID_07_T0_CE.mat,ms_07,psd,CE,PSD_alpha_ROI_rel,6x18,float32,0,0,0.3571329116821289,0.791104793548584
PSD\ms\PSDrelative_ID_07_T0_CE.mat,ms_07,psd,CE,PSD_alpha_rel,27x18,float32,0,0,0.12777499854564667,0.8447042107582092
PSD\ms\PSDrelative_ID_07_T0_CE.mat,ms_07,psd,CE,PSD_beta,27x18,float32,0,0,32.57202911376953,591.6476440429688
PSD\ms\PSDrelative_ID_07_T0_CE.mat,ms_07,psd,CE,PSD_beta_ROI,6x18,float32,0,0,62.38665771484375,486.6344299316406
PSD\ms\PSDrelative_ID_07_T0_CE.mat,ms_07,psd,CE,PSD_beta_ROI_rel,6x18,float32,0,0,0.0816812813282013,0.40247201919555664
PSD\ms\PSDrelative_ID_07_T0_CE.mat,ms_07,psd,CE,PSD_beta_rel,27x18,float32,0,0,0.06775396317243576,0.5744393467903137
PSD\ms\PSDrelative_ID_07_T0_CE.mat,ms_07,psd,CE,PSD_delta,27x18,float32,0,0,10.865203857421875,311.925537109375
PSD\ms\PSDrelative_ID_07_T0_CE.mat,ms_07,psd,CE,PSD_delta_ROI,6x18,float32,0,0,12.390018463134766,264.3326721191406
PSD\ms\PSDrelative_ID_07_T0_CE.mat,ms_07,psd,CE,PSD_delta_ROI_rel,6x18,float32,0,0,0.02245963178575039,0.12821094691753387
PSD\ms\PSDrelative_ID_07_T0_CE.mat,ms_07,psd,CE,PSD_delta_alpha,27x18,float32,0,0,0.029697418212890625,0.4727270007133484
PSD\ms\PSDrelative_ID_07_T0_CE.mat,ms_07,psd,CE,PSD_delta_alpha_ROI,6x18,float32,0,0,0.04171017184853554,0.2915860414505005
PSD\ms\PSDrelative_ID_07_T0_CE.mat,ms_07,psd,CE,PSD_delta_rel,27x18,float32,0,0,0.01536607090383768,0.18942417204380035
PSD\ms\PSDrelative_ID_07_T0_CE.mat,ms_07,psd,CE,PSD_gamma,27x18,float32,0,0,7.1416449546813965,328.17578125
PSD\ms\PSDrelative_ID_07_T0_CE.mat,ms_07,psd,CE,PSD_gamma_ROI,6x18,float32,0,0,16.819482803344727,92.7095947265625
PSD\ms\PSDrelative_ID_07_T0_CE.mat,ms_07,psd,CE,PSD_gamma_ROI_rel,6x18,float32,0,0,0.011419049464166164,0.1682588905096054
PSD\ms\PSDrelative_ID_07_T0_CE.mat,ms_07,psd,CE,PSD_gamma_rel,27x18,float32,0,0,0.0072983140125870705,0.3184802532196045
PSD\ms\PSDrelative_ID_07_T0_CE.mat,ms_07,psd,CE,PSD_theta,27x18,float32,0,0,9.795966148376465,681.7981567382812
PSD\ms\PSDrelative_ID_07_T0_CE.mat,ms_07,psd,CE,PSD_theta_ROI,6x18,float32,0,0,11.892979621887207,526.8619995117188
PSD\ms\PSDrelative_ID_07_T0_CE.mat,ms_07,psd,CE,PSD_theta_ROI_rel,6x18,float32,0,0,0.03081502579152584,0.12291739135980606
PSD\ms\PSDrelative_ID_07_T0_CE.mat,ms_07,psd,CE,PSD_theta_alpha,27x18,float32,0,0,0.026871971786022186,0.3702554404735565
PSD\ms\PSDrelative_ID_07_T0_CE.mat,ms_07,psd,CE,PSD_theta_alpha_ROI,6x18,float32,0,0,0.05847473070025444,0.19313812255859375
PSD\ms\PSDrelative_ID_07_T0_CE.mat,ms_07,psd,CE,PSD_theta_rel,27x18,float32,0,0,0.020688679069280624,0.20044086873531342
PSD\ms\PSDrelative_ID_07_T0_CE.mat,ms_07,psd,CE,PSD_tot,27x18,float32,0,0,139.60360717773438,5629.57080078125
PSD\ms\PSDrelative_ID_07_T0_CE.mat,ms_07,psd,CE,PSD_tot_ROI,6x18,float32,0,0,245.16502380371094,4650.71923828125
PSD\ms\PSDrelative_ID_07_T0_CE.mat,ms_07,psd,CE,SFR,27x18,float32,0,0,0.05238558351993561,0.45398399233818054
PSD\ms\PSDrelative_ID_07_T0_CE.mat,ms_07,psd,CE,SFR_ROI,6x18,float32,0,0,0.07010558992624283,0.2781480848789215
PSD\ms\PSDrelative_ID_07_T0_OE.mat,ms_07,psd,OE,PSD_alpha,27x18,float32,0,0,10.126696586608887,2108.623046875
PSD\ms\PSDrelative_ID_07_T0_OE.mat,ms_07,psd,OE,PSD_alpha_ROI,6x18,float32,0,0,14.090849876403809,971.6851196289062
PSD\ms\PSDrelative_ID_07_T0_OE.mat,ms_07,psd,OE,PSD_alpha_ROI_rel,6x18,float32,0,0,0.07638774067163467,0.5752841830253601
PSD\ms\PSDrelative_ID_07_T0_OE.mat,ms_07,psd,OE,PSD_alpha_rel,27x18,float32,0,0,0.044753547757864,0.7261720895767212
PSD\ms\PSDrelative_ID_07_T0_OE.mat,ms_07,psd,OE,PSD_beta,27x18,float32,0,0,28.7873592376709,675.0242309570312
PSD\ms\PSDrelative_ID_07_T0_OE.mat,ms_07,psd,OE,PSD_beta_ROI,6x18,float32,0,0,43.737369537353516,375.5381164550781
PSD\ms\PSDrelative_ID_07_T0_OE.mat,ms_07,psd,OE,PSD_beta_ROI_rel,6x18,float32,0,0,0.1664714813232422,0.5888479351997375
PSD\ms\PSDrelative_ID_07_T0_OE.mat,ms_07,psd,OE,PSD_beta_rel,27x18,float32,0,0,0.15415500104427338,0.634640634059906
PSD\ms\PSDrelative_ID_07_T0_OE.mat,ms_07,psd,OE,PSD_delta,27x18,float32,0,0,15.430578231811523,564.73291015625
PSD\ms\PSDrelative_ID_07_T0_OE.mat,ms_07,psd,OE,PSD_delta_ROI,6x18,float32,0,0,18.740774154663086,490.5287780761719
PSD\ms\PSDrelative_ID_07_T0_OE.mat,ms_07,psd,OE,PSD_delta_ROI_rel,6x18,float32,0,0,0.04652567207813263,0.3424738943576813
PSD\ms\PSDrelative_ID_07_T0_OE.mat,ms_07,psd,OE,PSD_delta_alpha,27x18,float32,0,0,0.09005510061979294,3.1344873905181885
PSD\ms\PSDrelative_ID_07_T0_OE.mat,ms_07,psd,OE,PSD_delta_alpha_ROI,6x18,float32,0,0,0.14957192540168762,2.2022924423217773
PSD\ms\PSDrelative_ID_07_T0_OE.mat,ms_07,psd,OE,PSD_delta_rel,27x18,float32,0,0,0.016041528433561325,0.4036872982978821
PSD\ms\PSDrelative_ID_07_T0_OE.mat,ms_07,psd,OE,PSD_gamma,27x18,float32,0,0,7.688246250152588,310.86553955078125
PSD\ms\PSDrelative_ID_07_T0_OE.mat,ms_07,psd,OE,PSD_gamma_ROI,6x18,float32,0,0,12.971916198730469,138.88409423828125
PSD\ms\PSDrelative_ID_07_T0_OE.mat,ms_07,psd,OE,PSD_gamma_ROI_rel,6x18,float32,0,0,0.03006967343389988,0.26613181829452515
PSD\ms\PSDrelative_ID_07_T0_OE.mat,ms_07,psd,OE,PSD_gamma_rel,27x18,float32,0,0,0.014247159473598003,0.3289744257926941
PSD\ms\PSDrelative_ID_07_T0_OE.mat,ms_07,psd,OE,PSD_theta,27x18,float32,0,0,6.240265846252441,187.5773162841797
PSD\ms\PSDrelative_ID_07_T0_OE.mat,ms_07,psd,OE,PSD_theta_ROI,6x18,float32,0,0,8.46149730682373,168.69540405273438
PSD\ms\PSDrelative_ID_07_T0_OE.mat,ms_07,psd,OE,PSD_theta_ROI_rel,6x18,float32,0,0,0.03366163372993469,0.14398184418678284
PSD\ms\PSDrelative_ID_07_T0_OE.mat,ms_07,psd,OE,PSD_theta_alpha,27x18,float32,0,0,0.05343363806605339,1.1246609687805176
PSD\ms\PSDrelative_ID_07_T0_OE.mat,ms_07,psd,OE,PSD_theta_alpha_ROI,6x18,float32,0,0,0.11430662125349045,0.8553926944732666
PSD\ms\PSDrelative_ID_07_T0_OE.mat,ms_07,psd,OE,PSD_theta_rel,27x18,float32,0,0,0.018664445728063583,0.16915693879127502
PSD\ms\PSDrelative_ID_07_T0_OE.mat,ms_07,psd,OE,PSD_tot,27x18,float32,0,0,73.79989624023438,2903.751220703125
PSD\ms\PSDrelative_ID_07_T0_OE.mat,ms_07,psd,OE,PSD_tot_ROI,6x18,float32,0,0,114.6131820678711,1617.02392578125
PSD\ms\PSDrelative_ID_07_T0_OE.mat,ms_07,psd,OE,SFR,27x18,float32,0,0,0.05108370631933212,1.1590921878814697
PSD\ms\PSDrelative_ID_07_T0_OE.mat,ms_07,psd,OE,SFR_ROI,6x18,float32,0,0,0.09938763827085495,0.8562057614326477
PSD\ms\PSDrelative_ID_08_T0_CE.mat,ms_08,psd,CE,PSD_alpha,27x18,float32,0,0,10.186363220214844,686.15869140625
PSD\ms\PSDrelative_ID_08_T0_CE.mat,ms_08,psd,CE,PSD_alpha_ROI,6x18,float32,0,0,14.20749568939209,638.6410522460938
PSD\ms\PSDrelative_ID_08_T0_CE.mat,ms_08,psd,CE,PSD_alpha_ROI_rel,6x18,float32,0,0,0.05602230504155159,0.603864848613739
PSD\ms\PSDrelative_ID_08_T0_CE.mat,ms_08,psd,CE,PSD_alpha_rel,27x18,float32,0,0,0.0487491637468338,0.691307544708252
PSD\ms\PSDrelative_ID_08_T0_CE.mat,ms_08,psd,CE,PSD_beta,27x18,float32,0,0,15.761648178100586,169.17868041992188
PSD\ms\PSDrelative_ID_08_T0_CE.mat,ms_08,psd,CE,PSD_beta_ROI,6x18,float32,0,0,19.873422622680664,150.2709197998047
PSD\ms\PSDrelative_ID_08_T0_CE.mat,ms_08,psd,CE,PSD_beta_ROI_rel,6x18,float32,0,0,0.0806683823466301,0.224323570728302
PSD\ms\PSDrelative_ID_08_T0_CE.mat,ms_08,psd,CE,PSD_beta_rel,27x18,float32,0,0,0.07113412022590637,0.2711593508720398
PSD\ms\PSDrelative_ID_08_T0_CE.mat,ms_08,psd,CE,PSD_delta,27x18,float32,0,0,37.54520797729492,362.8240051269531
PSD\ms\PSDrelative_ID_08_T0_CE.mat,ms_08,psd,CE,PSD_delta_ROI,6x18,float32,0,0,40.48257827758789,337.8834228515625
PSD\ms\PSDrelative_ID_08_T0_CE.mat,ms_08,psd,CE,PSD_delta_ROI_rel,6x18,float32,0,0,0.14106667041778564,0.7082636952400208
PSD\ms\PSDrelative_ID_08_T0_CE.mat,ms_08,psd,CE,PSD_delta_alpha,27x18,float32,0,0,0.16234728693962097,13.950509071350098
PSD\ms\PSDrelative_ID_08_T0_CE.mat,ms_08,psd,CE,PSD_delta_alpha_ROI,6x18,float32,0,0,0.24112415313720703,11.938262939453125
PSD\ms\PSDrelative_ID_08_T0_CE.mat,ms_08,psd,CE,PSD_delta_rel,27x18,float32,0,0,0.11223191022872925,0.7272710204124451
PSD\ms\PSDrelative_ID_08_T0_CE.mat,ms_08,psd,CE,PSD_gamma,27x18,float32,0,0,8.964375495910645,98.47867584228516
PSD\ms\PSDrelative_ID_08_T0_CE.mat,ms_08,psd,CE,PSD_gamma_ROI,6x18,float32,0,0,10.393388748168945,66.63825225830078
PSD\ms\PSDrelative_ID_08_T0_CE.mat,ms_08,psd,CE,PSD_gamma_ROI_rel,6x18,float32,0,0,0.03927772864699364,0.15462546050548553
PSD\ms\PSDrelative_ID_08_T0_CE.mat,ms_08,psd,CE,PSD_gamma_rel,27x18,float32,0,0,0.03099888563156128,0.20549729466438293
PSD\ms\PSDrelative_ID_08_T0_CE.mat,ms_08,psd,CE,PSD_theta,27x18,float32,0,0,12.409698486328125,171.66757202148438
PSD\ms\PSDrelative_ID_08_T0_CE.mat,ms_08,psd,CE,PSD_theta_ROI,6x18,float32,0,0,16.457460403442383,131.7366180419922
PSD\ms\PSDrelative_ID_08_T0_CE.mat,ms_08,psd,CE,PSD_theta_ROI_rel,6x18,float32,0,0,0.056118953973054886,0.18685317039489746
PSD\ms\PSDrelative_ID_08_T0_CE.mat,ms_08,psd,CE,PSD_theta_alpha,27x18,float32,0,0,0.0659913420677185,3.0107898712158203
PSD\ms\PSDrelative_ID_08_T0_CE.mat,ms_08,psd,CE,PSD_theta_alpha_ROI,6x18,float32,0,0,0.09655468910932541,2.900317430496216
PSD\ms\PSDrelative_ID_08_T0_CE.mat,ms_08,psd,CE,PSD_theta_rel,27x18,float32,0,0,0.04231983795762062,0.229790598154068
PSD\ms\PSDrelative_ID_08_T0_CE.mat,ms_08,psd,CE,PSD_tot,27x18,float32,0,0,122.74264526367188,1162.7794189453125
PSD\ms\PSDrelative_ID_08_T0_CE.mat,ms_08,psd,CE,PSD_tot_ROI,6x18,float32,0,0,158.4055938720703,1097.00048828125
PSD\ms\PSDrelative_ID_08_T0_CE.mat,ms_08,psd,CE,SFR,27x18,float32,0,0,0.2389845848083496,6.509816646575928
PSD\ms\PSDrelative_ID_08_T0_CE.mat,ms_08,psd,CE,SFR_ROI,6x18,float32,0,0,0.3082748353481293,5.798696041107178
PSD\ms\PSDrelative_ID_08_T0_OE.mat,ms_08,psd,OE,PSD_alpha,27x18,float32,0,0,6.532000541687012,421.452880859375
PSD\ms\PSDrelative_ID_08_T0_OE.mat,ms_08,psd,OE,PSD_alpha_ROI,6x18,float32,0,0,9.197676658630371,228.88377380371094
PSD\ms\PSDrelative_ID_08_T0_OE.mat,ms_08,psd,OE,PSD_alpha_ROI_rel,6x18,float32,0,0,0.041686415672302246,0.26713207364082336
PSD\ms\PSDrelative_ID_08_T0_OE.mat,ms_08,psd,OE,PSD_alpha_rel,27x18,float32,0,0,0.032868608832359314,0.4402177333831787
PSD\ms\PSDrelative_ID_08_T0_OE.mat,ms_08,psd,OE,PSD_beta,27x18,float32,0,0,34.44746017456055,233.95838928222656
PSD\ms\PSDrelative_ID_08_T0_OE.mat,ms_08,psd,OE,PSD_beta_ROI,6x18,float32,0,0,41.480224609375,203.348388671875
PSD\ms\PSDrelative_ID_08_T0_OE.mat,ms_08,psd,OE,PSD_beta_ROI_rel,6x18,float32,0,0,0.037090178579092026,0.2983216941356659
PSD\ms\PSDrelative_ID_08_T0_OE.mat,ms_08,psd,OE,PSD_beta_rel,27x18,float32,0,0,0.03233365714550018,0.32819700241088867
PSD\ms\PSDrelative_ID_08_T0_OE.mat,ms_08,psd,OE,PSD_delta,27x18,float32,0,0,25.203712463378906,2420.916748046875
PSD\ms\PSDrelative_ID_08_T0_OE.mat,ms_08,psd,OE,PSD_delta_ROI,6x18,float32,0,0,34.13996505737305,2226.4814453125
PSD\ms\PSDrelative_ID_08_T0_OE.mat,ms_08,psd,OE,PSD_delta_ROI_rel,6x18,float32,0,0,0.1397390514612198,0.7432851791381836
PSD\ms\PSDrelative_ID_08_T0_OE.mat,ms_08,psd,OE,PSD_delta_alpha,27x18,float32,0,0,0.24991090595722198,21.350629806518555
PSD\ms\PSDrelative_ID_08_T0_OE.mat,ms_08,psd,OE,PSD_delta_alpha_ROI,6x18,float32,0,0,0.709273636341095,17.084047317504883
PSD\ms\PSDrelative_ID_08_T0_OE.mat,ms_08,psd,OE,PSD_delta_rel,27x18,float32,0,0,0.10429974645376205,0.7588171362876892
PSD\ms\PSDrelative_ID_08_T0_OE.mat,ms_08,psd,OE,PSD_gamma,27x18,float32,0,0,35.68463134765625,224.24610900878906
PSD\ms\PSDrelative_ID_08_T0_OE.mat,ms_08,psd,OE,PSD_gamma_ROI,6x18,float32,0,0,39.03996658325195,171.6492156982422
PSD\ms\PSDrelative_ID_08_T0_OE.mat,ms_08,psd,OE,PSD_gamma_ROI_rel,6x18,float32,0,0,0.039442986249923706,0.4423157274723053
PSD\ms\PSDrelative_ID_08_T0_OE.mat,ms_08,psd,OE,PSD_gamma_rel,27x18,float32,0,0,0.03661995008587837,0.4752756357192993
PSD\ms\PSDrelative_ID_08_T0_OE.mat,ms_08,psd,OE,PSD_theta,27x18,float32,0,0,7.718438148498535,542.6432495117188
PSD\ms\PSDrelative_ID_08_T0_OE.mat,ms_08,psd,OE,PSD_theta_ROI,6x18,float32,0,0,10.359976768493652,507.5697326660156
PSD\ms\PSDrelative_ID_08_T0_OE.mat,ms_08,psd,OE,PSD_theta_ROI_rel,6x18,float32,0,0,0.061688393354415894,0.2168131023645401
PSD\ms\PSDrelative_ID_08_T0_OE.mat,ms_08,psd,OE,PSD_theta_alpha,27x18,float32,0,0,0.19253002107143402,4.653817176818848
PSD\ms\PSDrelative_ID_08_T0_OE.mat,ms_08,psd,OE,PSD_theta_alpha_ROI,6x18,float32,0,0,0.38776859641075134,4.11559534072876
PSD\ms\PSDrelative_ID_08_T0_OE.mat,ms_08,psd,OE,PSD_theta_rel,27x18,float32,0,0,0.05361403152346611,0.22689566016197205
PSD\ms\PSDrelative_ID_08_T0_OE.mat,ms_08,psd,OE,PSD_tot,27x18,float32,0,0,134.53857421875,3327.220703125
PSD\ms\PSDrelative_ID_08_T0_OE.mat,ms_08,psd,OE,PSD_tot_ROI,6x18,float32,0,0,157.3863525390625,3119.803466796875
PSD\ms\PSDrelative_ID_08_T0_OE.mat,ms_08,psd,OE,SFR,27x18,float32,0,0,0.31819623708724976,11.916036605834961
PSD\ms\PSDrelative_ID_08_T0_OE.mat,ms_08,psd,OE,SFR_ROI,6x18,float32,0,0,0.5243561863899231,10.606545448303223
PSD\ms\PSDrelative_ID_09_T0_CE.mat,ms_09,psd,CE,PSD_alpha,27x18,float32,0,0,16.595388412475586,1736.150146484375
PSD\ms\PSDrelative_ID_09_T0_CE.mat,ms_09,psd,CE,PSD_alpha_ROI,6x18,float32,0,0,35.23222732543945,1200.8787841796875
PSD\ms\PSDrelative_ID_09_T0_CE.mat,ms_09,psd,CE,PSD_alpha_ROI_rel,6x18,float32,0,0,0.30975738167762756,0.6650130152702332
PSD\ms\PSDrelative_ID_09_T0_CE.mat,ms_09,psd,CE,PSD_alpha_rel,27x18,float32,0,0,0.2660506069660187,0.6957166790962219
PSD\ms\PSDrelative_ID_09_T0_CE.mat,ms_09,psd,CE,PSD_beta,27x18,float32,0,0,14.455283164978027,453.1258239746094
PSD\ms\PSDrelative_ID_09_T0_CE.mat,ms_09,psd,CE,PSD_beta_ROI,6x18,float32,0,0,29.544504165649414,410.8351745605469
PSD\ms\PSDrelative_ID_09_T0_CE.mat,ms_09,psd,CE,PSD_beta_ROI_rel,6x18,float32,0,0,0.16893358528614044,0.36144205927848816
PSD\ms\PSDrelative_ID_09_T0_CE.mat,ms_09,psd,CE,PSD_beta_rel,27x18,float32,0,0,0.11045092344284058,0.44553112983703613
PSD\ms\PSDrelative_ID_09_T0_CE.mat,ms_09,psd,CE,PSD_delta,27x18,float32,0,0,6.822634696960449,280.6358947753906
PSD\ms\PSDrelative_ID_09_T0_CE.mat,ms_09,psd,CE,PSD_delta_ROI,6x18,float32,0,0,13.900714874267578,199.2850341796875
PSD\ms\PSDrelative_ID_09_T0_CE.mat,ms_09,psd,CE,PSD_delta_ROI_rel,6x18,float32,0,0,0.05335989221930504,0.20948965847492218
PSD\ms\PSDrelative_ID_09_T0_CE.mat,ms_09,psd,CE,PSD_delta_alpha,27x18,float32,0,0,0.07014022022485733,1.2483282089233398
PSD\ms\PSDrelative_ID_09_T0_CE.mat,ms_09,psd,CE,PSD_delta_alpha_ROI,6x18,float32,0,0,0.08021955192089081,0.6625467538833618
PSD\ms\PSDrelative_ID_09_T0_CE.mat,ms_09,psd,CE,PSD_delta_rel,27x18,float32,0,0,0.04701116681098938,0.3352772295475006
PSD\ms\PSDrelative_ID_09_T0_CE.mat,ms_09,psd,CE,PSD_gamma,27x18,float32,0,0,2.0091443061828613,31.602954864501953
PSD\ms\PSDrelative_ID_09_T0_CE.mat,ms_09,psd,CE,PSD_gamma_ROI,6x18,float32,0,0,3.36865234375,26.907608032226562
PSD\ms\PSDrelative_ID_09_T0_CE.mat,ms_09,psd,CE,PSD_gamma_ROI_rel,6x18,float32,0,0,0.010952245444059372,0.04784821346402168
PSD\ms\PSDrelative_ID_09_T0_CE.mat,ms_09,psd,CE,PSD_gamma_rel,27x18,float32,0,0,0.009283016435801983,0.0736042857170105
PSD\ms\PSDrelative_ID_09_T0_CE.mat,ms_09,psd,CE,PSD_theta,27x18,float32,0,0,5.06436824798584,340.25653076171875
PSD\ms\PSDrelative_ID_09_T0_CE.mat,ms_09,psd,CE,PSD_theta_ROI,6x18,float32,0,0,13.031834602355957,245.1509552001953
PSD\ms\PSDrelative_ID_09_T0_CE.mat,ms_09,psd,CE,PSD_theta_ROI_rel,6x18,float32,0,0,0.06848645955324173,0.22747333347797394
PSD\ms\PSDrelative_ID_09_T0_CE.mat,ms_09,psd,CE,PSD_theta_alpha,27x18,float32,0,0,0.10529326647520065,0.9520551562309265
PSD\ms\PSDrelative_ID_09_T0_CE.mat,ms_09,psd,CE,PSD_theta_alpha_ROI,6x18,float32,0,0,0.11200650781393051,0.742987871170044
PSD\ms\PSDrelative_ID_09_T0_CE.mat,ms_09,psd,CE,PSD_theta_rel,27x18,float32,0,0,0.06640058010816574,0.2768307626247406
PSD\ms\PSDrelative_ID_09_T0_CE.mat,ms_09,psd,CE,PSD_tot,27x18,float32,0,0,56.62070846557617,2672.515869140625
PSD\ms\PSDrelative_ID_09_T0_CE.mat,ms_09,psd,CE,PSD_tot_ROI,6x18,float32,0,0,119.22552490234375,1956.1767578125
PSD\ms\PSDrelative_ID_09_T0_CE.mat,ms_09,psd,CE,SFR,27x18,float32,0,0,0.16159699857234955,1.1093002557754517
PSD\ms\PSDrelative_ID_09_T0_CE.mat,ms_09,psd,CE,SFR_ROI,6x18,float32,0,0,0.17157988250255585,0.7111990451812744
PSD\ms\PSDrelative_ID_09_T0_OE.mat,ms_09,psd,OE,PSD_alpha,27x18,float32,0,0,10.27458667755127,662.6480102539062
PSD\ms\PSDrelative_ID_09_T0_OE.mat,ms_09,psd,OE,PSD_alpha_ROI,6x18,float32,0,0,28.21490478515625,447.370361328125
PSD\ms\PSDrelative_ID_09_T0_OE.mat,ms_09,psd,OE,PSD_alpha_ROI_rel,6x18,float32,0,0,0.22275181114673615,0.45370736718177795
PSD\ms\PSDrelative_ID_09_T0_OE.mat,ms_09,psd,OE,PSD_alpha_rel,27x18,float32,0,0,0.18586485087871552,0.5359389185905457
PSD\ms\PSDrelative_ID_09_T0_OE.mat,ms_09,psd,OE,PSD_beta,27x18,float32,0,0,13.483251571655273,502.3846435546875
PSD\ms\PSDrelative_ID_09_T0_OE.mat,ms_09,psd,OE,PSD_beta_ROI,6x18,float32,0,0,28.85682487487793,422.6407165527344
PSD\ms\PSDrelative_ID_09_T0_OE.mat,ms_09,psd,OE,PSD_beta_ROI_rel,6x18,float32,0,0,0.23076486587524414,0.4216527044773102
PSD\ms\PSDrelative_ID_09_T0_OE.mat,ms_09,psd,OE,PSD_beta_rel,27x18,float32,0,0,0.16174493730068207,0.5299719572067261
PSD\ms\PSDrelative_ID_09_T0_OE.mat,ms_09,psd,OE,PSD_delta,27x18,float32,0,0,5.954236030578613,333.00872802734375
PSD\ms\PSDrelative_ID_09_T0_OE.mat,ms_09,psd,OE,PSD_delta_ROI,6x18,float32,0,0,15.516926765441895,271.8460388183594
PSD\ms\PSDrelative_ID_09_T0_OE.mat,ms_09,psd,OE,PSD_delta_ROI_rel,6x18,float32,0,0,0.09668492525815964,0.3245600163936615
PSD\ms\PSDrelative_ID_09_T0_OE.mat,ms_09,psd,OE,PSD_delta_alpha,27x18,float32,0,0,0.15628184378147125,2.082951784133911
PSD\ms\PSDrelative_ID_09_T0_OE.mat,ms_09,psd,OE,PSD_delta_alpha_ROI,6x18,float32,0,0,0.2516641914844513,1.4922479391098022
PSD\ms\PSDrelative_ID_09_T0_OE.mat,ms_09,psd,OE,PSD_delta_rel,27x18,float32,0,0,0.07321812957525253,0.3871475160121918
PSD\ms\PSDrelative_ID_09_T0_OE.mat,ms_09,psd,OE,PSD_gamma,27x18,float32,0,0,1.8773263692855835,41.11651611328125
PSD\ms\PSDrelative_ID_09_T0_OE.mat,ms_09,psd,OE,PSD_gamma_ROI,6x18,float32,0,0,3.125598192214966,33.613529205322266
PSD\ms\PSDrelative_ID_09_T0_OE.mat,ms_09,psd,OE,PSD_gamma_ROI_rel,6x18,float32,0,0,0.021250883117318153,0.05322113260626793
PSD\ms\PSDrelative_ID_09_T0_OE.mat,ms_09,psd,OE,PSD_gamma_rel,27x18,float32,0,0,0.015479762107133865,0.10645414143800735
PSD\ms\PSDrelative_ID_09_T0_OE.mat,ms_09,psd,OE,PSD_theta,27x18,float32,0,0,4.4036054611206055,277.3678894042969
PSD\ms\PSDrelative_ID_09_T0_OE.mat,ms_09,psd,OE,PSD_theta_ROI,6x18,float32,0,0,11.920750617980957,148.78929138183594
PSD\ms\PSDrelative_ID_09_T0_OE.mat,ms_09,psd,OE,PSD_theta_ROI_rel,6x18,float32,0,0,0.07234835624694824,0.21639330685138702
PSD\ms\PSDrelative_ID_09_T0_OE.mat,ms_09,psd,OE,PSD_theta_alpha,27x18,float32,0,0,0.14499224722385406,0.9244925379753113
PSD\ms\PSDrelative_ID_09_T0_OE.mat,ms_09,psd,OE,PSD_theta_alpha_ROI,6x18,float32,0,0,0.16025571525096893,0.7809176445007324
PSD\ms\PSDrelative_ID_09_T0_OE.mat,ms_09,psd,OE,PSD_theta_rel,27x18,float32,0,0,0.06628350168466568,0.2675957679748535
PSD\ms\PSDrelative_ID_09_T0_OE.mat,ms_09,psd,OE,PSD_tot,27x18,float32,0,0,42.53746795654297,1357.8109130859375
PSD\ms\PSDrelative_ID_09_T0_OE.mat,ms_09,psd,OE,PSD_tot_ROI,6x18,float32,0,0,97.6657485961914,1038.0186767578125
PSD\ms\PSDrelative_ID_09_T0_OE.mat,ms_09,psd,OE,SFR,27x18,float32,0,0,0.18370933830738068,1.271224856376648
PSD\ms\PSDrelative_ID_09_T0_OE.mat,ms_09,psd,OE,SFR_ROI,6x18,float32,0,0,0.23387177288532257,0.9361644387245178
PSD\ms\PSDrelative_ID_10_T0_CE.mat,ms_10,psd,CE,PSD_alpha,27x18,float32,0,0,35.42811965942383,1374.7310791015625
PSD\ms\PSDrelative_ID_10_T0_CE.mat,ms_10,psd,CE,PSD_alpha_ROI,6x18,float32,0,0,39.86906051635742,928.9490356445312
PSD\ms\PSDrelative_ID_10_T0_CE.mat,ms_10,psd,CE,PSD_alpha_ROI_rel,6x18,float32,0,0,0.05692959204316139,0.5838659405708313
PSD\ms\PSDrelative_ID_10_T0_CE.mat,ms_10,psd,CE,PSD_alpha_rel,27x18,float32,0,0,0.05200541019439697,0.6535530686378479
PSD\ms\PSDrelative_ID_10_T0_CE.mat,ms_10,psd,CE,PSD_beta,27x18,float32,0,0,83.98514556884766,484.8196105957031
PSD\ms\PSDrelative_ID_10_T0_CE.mat,ms_10,psd,CE,PSD_beta_ROI,6x18,float32,0,0,102.49142456054688,402.1595764160156
PSD\ms\PSDrelative_ID_10_T0_CE.mat,ms_10,psd,CE,PSD_beta_ROI_rel,6x18,float32,0,0,0.053738784044981,0.48421767354011536
PSD\ms\PSDrelative_ID_10_T0_CE.mat,ms_10,psd,CE,PSD_beta_rel,27x18,float32,0,0,0.04781251773238182,0.541510820388794
PSD\ms\PSDrelative_ID_10_T0_CE.mat,ms_10,psd,CE,PSD_delta,27x18,float32,0,0,40.17615509033203,2873.822998046875
PSD\ms\PSDrelative_ID_10_T0_CE.mat,ms_10,psd,CE,PSD_delta_ROI,6x18,float32,0,0,46.76202392578125,2587.1728515625
PSD\ms\PSDrelative_ID_10_T0_CE.mat,ms_10,psd,CE,PSD_delta_ROI_rel,6x18,float32,0,0,0.08698722720146179,0.7798694968223572
PSD\ms\PSDrelative_ID_10_T0_CE.mat,ms_10,psd,CE,PSD_delta_alpha,27x18,float32,0,0,0.10663408041000366,13.182985305786133
PSD\ms\PSDrelative_ID_10_T0_CE.mat,ms_10,psd,CE,PSD_delta_alpha_ROI,6x18,float32,0,0,0.15174512565135956,11.592034339904785
PSD\ms\PSDrelative_ID_10_T0_CE.mat,ms_10,psd,CE,PSD_delta_rel,27x18,float32,0,0,0.06969103217124939,0.8123796582221985
PSD\ms\PSDrelative_ID_10_T0_CE.mat,ms_10,psd,CE,PSD_gamma,27x18,float32,0,0,11.686360359191895,92.08383178710938
PSD\ms\PSDrelative_ID_10_T0_CE.mat,ms_10,psd,CE,PSD_gamma_ROI,6x18,float32,0,0,13.544175148010254,71.39093017578125
PSD\ms\PSDrelative_ID_10_T0_CE.mat,ms_10,psd,CE,PSD_gamma_ROI_rel,6x18,float32,0,0,0.005779810715466738,0.11984080821275711
PSD\ms\PSDrelative_ID_10_T0_CE.mat,ms_10,psd,CE,PSD_gamma_rel,27x18,float32,0,0,0.005036288872361183,0.16622436046600342
PSD\ms\PSDrelative_ID_10_T0_CE.mat,ms_10,psd,CE,PSD_theta,27x18,float32,0,0,28.959455490112305,382.23089599609375
PSD\ms\PSDrelative_ID_10_T0_CE.mat,ms_10,psd,CE,PSD_theta_ROI,6x18,float32,0,0,38.831058502197266,207.9878387451172
PSD\ms\PSDrelative_ID_10_T0_CE.mat,ms_10,psd,CE,PSD_theta_ROI_rel,6x18,float32,0,0,0.037372130900621414,0.20429684221744537
PSD\ms\PSDrelative_ID_10_T0_CE.mat,ms_10,psd,CE,PSD_theta_alpha,27x18,float32,0,0,0.09312790632247925,2.222245693206787
PSD\ms\PSDrelative_ID_10_T0_CE.mat,ms_10,psd,CE,PSD_theta_alpha_ROI,6x18,float32,0,0,0.13196684420108795,1.6304181814193726
PSD\ms\PSDrelative_ID_10_T0_CE.mat,ms_10,psd,CE,PSD_theta_rel,27x18,float32,0,0,0.027727484703063965,0.23056337237358093
PSD\ms\PSDrelative_ID_10_T0_CE.mat,ms_10,psd,CE,PSD_tot,27x18,float32,0,0,328.0864562988281,4013.772705078125
PSD\ms\PSDrelative_ID_10_T0_CE.mat,ms_10,psd,CE,PSD_tot_ROI,6x18,float32,0,0,373.295166015625,3344.981689453125
PSD\ms\PSDrelative_ID_10_T0_CE.mat,ms_10,psd,CE,SFR,27x18,float32,0,0,0.15112291276454926,6.046817302703857
PSD\ms\PSDrelative_ID_10_T0_CE.mat,ms_10,psd,CE,SFR_ROI,6x18,float32,0,0,0.19932003319263458,5.27149772644043
PSD\ms\PSDrelative_ID_10_T0_OE.mat,ms_10,psd,OE,PSD_alpha,27x18,float32,0,0,35.057586669921875,824.9682006835938
PSD\ms\PSDrelative_ID_10_T0_OE.mat,ms_10,psd,OE,PSD_alpha_ROI,6x18,float32,0,0,45.186344146728516,565.8621215820312
PSD\ms\PSDrelative_ID_10_T0_OE.mat,ms_10,psd,OE,PSD_alpha_ROI_rel,6x18,float32,0,0,0.060205403715372086,0.45388558506965637
PSD\ms\PSDrelative_ID_10_T0_OE.mat,ms_10,psd,OE,PSD_alpha_rel,27x18,float32,0,0,0.04139155521988869,0.5359535217285156
PSD\ms\PSDrelative_ID_10_T0_OE.mat,ms_10,psd,OE,PSD_beta,27x18,float32,0,0,156.0784454345703,775.1309204101562
PSD\ms\PSDrelative_ID_10_T0_OE.mat,ms_10,psd,OE,PSD_beta_ROI,6x18,float32,0,0,212.1716766357422,473.7236633300781
PSD\ms\PSDrelative_ID_10_T0_OE.mat,ms_10,psd,OE,PSD_beta_ROI_rel,6x18,float32,0,0,0.14459581673145294,0.6043768525123596
PSD\ms\PSDrelative_ID_10_T0_OE.mat,ms_10,psd,OE,PSD_beta_rel,27x18,float32,0,0,0.1333569884300232,0.6413146257400513
PSD\ms\PSDrelative_ID_10_T0_OE.mat,ms_10,psd,OE,PSD_delta,27x18,float32,0,0,30.77338409423828,1379.40625
PSD\ms\PSDrelative_ID_10_T0_OE.mat,ms_10,psd,OE,PSD_delta_ROI,6x18,float32,0,0,36.84263229370117,1301.9329833984375
PSD\ms\PSDrelative_ID_10_T0_OE.mat,ms_10,psd,OE,PSD_delta_ROI_rel,6x18,float32,0,0,0.05907629430294037,0.6322834491729736
PSD\ms\PSDrelative_ID_10_T0_OE.mat,ms_10,psd,OE,PSD_delta_alpha,27x18,float32,0,0,0.16437751054763794,10.606860160827637
PSD\ms\PSDrelative_ID_10_T0_OE.mat,ms_10,psd,OE,PSD_delta_alpha_ROI,6x18,float32,0,0,0.23366908729076385,8.821622848510742
PSD\ms\PSDrelative_ID_10_T0_OE.mat,ms_10,psd,OE,PSD_delta_rel,27x18,float32,0,0,0.04789093881845474,0.6617316007614136
PSD\ms\PSDrelative_ID_10_T0_OE.mat,ms_10,psd,OE,PSD_gamma,27x18,float32,0,0,43.03438186645508,379.2467956542969
PSD\ms\PSDrelative_ID_10_T0_OE.mat,ms_10,psd,OE,PSD_gamma_ROI,6x18,float32,0,0,47.97406005859375,197.28358459472656
PSD\ms\PSDrelative_ID_10_T0_OE.mat,ms_10,psd,OE,PSD_gamma_ROI_rel,6x18,float32,0,0,0.03141889348626137,0.19590382277965546
PSD\ms\PSDrelative_ID_10_T0_OE.mat,ms_10,psd,OE,PSD_gamma_rel,27x18,float32,0,0,0.02863277867436409,0.29778721928596497
PSD\ms\PSDrelative_ID_10_T0_OE.mat,ms_10,psd,OE,PSD_theta,27x18,float32,0,0,31.461923599243164,245.1967010498047
PSD\ms\PSDrelative_ID_10_T0_OE.mat,ms_10,psd,OE,PSD_theta_ROI,6x18,float32,0,0,35.93185043334961,176.72039794921875
PSD\ms\PSDrelative_ID_10_T0_OE.mat,ms_10,psd,OE,PSD_theta_ROI_rel,6x18,float32,0,0,0.05557115003466606,0.13613414764404297
PSD\ms\PSDrelative_ID_10_T0_OE.mat,ms_10,psd,OE,PSD_theta_alpha,27x18,float32,0,0,0.16573846340179443,2.113950252532959
PSD\ms\PSDrelative_ID_10_T0_OE.mat,ms_10,psd,OE,PSD_theta_alpha_ROI,6x18,float32,0,0,0.20519767701625824,1.7771879434585571
PSD\ms\PSDrelative_ID_10_T0_OE.mat,ms_10,psd,OE,PSD_theta_rel,27x18,float32,0,0,0.03620564192533493,0.17450353503227234
PSD\ms\PSDrelative_ID_10_T0_OE.mat,ms_10,psd,OE,PSD_tot,27x18,float32,0,0,409.41473388671875,2500.78857421875
PSD\ms\PSDrelative_ID_10_T0_OE.mat,ms_10,psd,OE,PSD_tot_ROI,6x18,float32,0,0,508.8179931640625,2062.439208984375
PSD\ms\PSDrelative_ID_10_T0_OE.mat,ms_10,psd,OE,SFR,27x18,float32,0,0,0.11849899590015411,3.3160483837127686
PSD\ms\PSDrelative_ID_10_T0_OE.mat,ms_10,psd,OE,SFR_ROI,6x18,float32,0,0,0.16695672273635864,2.7931740283966064
PSD\ms\PSDrelative_ID_11_T0_CE.mat,ms_11,psd,CE,PSD_alpha,27x18,float32,0,0,0.6122056245803833,46.543365478515625
PSD\ms\PSDrelative_ID_11_T0_CE.mat,ms_11,psd,CE,PSD_alpha_ROI,6x18,float32,0,0,1.5831722021102905,35.08002471923828
PSD\ms\PSDrelative_ID_11_T0_CE.mat,ms_11,psd,CE,PSD_alpha_ROI_rel,6x18,float32,0,0,0.07373508810997009,0.2387082725763321
PSD\ms\PSDrelative_ID_11_T0_CE.mat,ms_11,psd,CE,PSD_alpha_rel,27x18,float32,0,0,0.06703153997659683,0.2909374237060547
PSD\ms\PSDrelative_ID_11_T0_CE.mat,ms_11,psd,CE,PSD_beta,27x18,float32,0,0,0.8463272452354431,140.179443359375
PSD\ms\PSDrelative_ID_11_T0_CE.mat,ms_11,psd,CE,PSD_beta_ROI,6x18,float32,0,0,2.164201021194458,82.2491683959961
PSD\ms\PSDrelative_ID_11_T0_CE.mat,ms_11,psd,CE,PSD_beta_ROI_rel,6x18,float32,0,0,0.12609319388866425,0.3289313316345215
PSD\ms\PSDrelative_ID_11_T0_CE.mat,ms_11,psd,CE,PSD_beta_rel,27x18,float32,0,0,0.09472285956144333,0.3817390501499176
PSD\ms\PSDrelative_ID_11_T0_CE.mat,ms_11,psd,CE,PSD_delta,27x18,float32,0,0,1.7284754514694214,207.1908721923828
PSD\ms\PSDrelative_ID_11_T0_CE.mat,ms_11,psd,CE,PSD_delta_ROI,6x18,float32,0,0,3.4249210357666016,87.0828857421875
PSD\ms\PSDrelative_ID_11_T0_CE.mat,ms_11,psd,CE,PSD_delta_ROI_rel,6x18,float32,0,0,0.215034618973732,0.587503969669342
PSD\ms\PSDrelative_ID_11_T0_CE.mat,ms_11,psd,CE,PSD_delta_alpha,27x18,float32,0,0,0.6361762285232544,9.905112266540527
PSD\ms\PSDrelative_ID_11_T0_CE.mat,ms_11,psd,CE,PSD_delta_alpha_ROI,6x18,float32,0,0,1.0341476202011108,8.050763130187988
PSD\ms\PSDrelative_ID_11_T0_CE.mat,ms_11,psd,CE,PSD_delta_rel,27x18,float32,0,0,0.11074770987033844,0.6639549136161804
PSD\ms\PSDrelative_ID_11_T0_CE.mat,ms_11,psd,CE,PSD_gamma,27x18,float32,0,0,0.340631365776062,105.5688705444336
PSD\ms\PSDrelative_ID_11_T0_CE.mat,ms_11,psd,CE,PSD_gamma_ROI,6x18,float32,0,0,0.6618935465812683,59.1024169921875
PSD\ms\PSDrelative_ID_11_T0_CE.mat,ms_11,psd,CE,PSD_gamma_ROI_rel,6x18,float32,0,0,0.050643742084503174,0.22098518908023834
PSD\ms\PSDrelative_ID_11_T0_CE.mat,ms_11,psd,CE,PSD_gamma_rel,27x18,float32,0,0,0.03193597495555878,0.3063526153564453
PSD\ms\PSDrelative_ID_11_T0_CE.mat,ms_11,psd,CE,PSD_theta,27x18,float32,0,0,0.8510221242904663,58.52639389038086
PSD\ms\PSDrelative_ID_11_T0_CE.mat,ms_11,psd,CE,PSD_theta_ROI,6x18,float32,0,0,2.1377415657043457,30.051546096801758
PSD\ms\PSDrelative_ID_11_T0_CE.mat,ms_11,psd,CE,PSD_theta_ROI_rel,6x18,float32,0,0,0.10392027348279953,0.2568822205066681
PSD\ms\PSDrelative_ID_11_T0_CE.mat,ms_11,psd,CE,PSD_theta_alpha,27x18,float32,0,0,0.5649914741516113,2.681277275085449
PSD\ms\PSDrelative_ID_11_T0_CE.mat,ms_11,psd,CE,PSD_theta_alpha_ROI,6x18,float32,0,0,0.7552967071533203,1.8040367364883423
PSD\ms\PSDrelative_ID_11_T0_CE.mat,ms_11,psd,CE,PSD_theta_rel,27x18,float32,0,0,0.0767611488699913,0.28870630264282227
PSD\ms\PSDrelative_ID_11_T0_CE.mat,ms_11,psd,CE,PSD_tot,27x18,float32,0,0,4.951169013977051,487.47052001953125
PSD\ms\PSDrelative_ID_11_T0_CE.mat,ms_11,psd,CE,PSD_tot_ROI,6x18,float32,0,0,10.2008695602417,275.6745300292969
PSD\ms\PSDrelative_ID_11_T0_CE.mat,ms_11,psd,CE,SFR,27x18,float32,0,0,0.4514929950237274,4.5340423583984375
PSD\ms\PSDrelative_ID_11_T0_CE.mat,ms_11,psd,CE,SFR_ROI,6x18,float32,0,0,0.8166160583496094,3.6453685760498047
PSD\ms\PSDrelative_ID_11_T0_OE.mat,ms_11,psd,OE,PSD_alpha,27x18,float32,0,0,0.6333277821540833,33.17283630371094
PSD\ms\PSDrelative_ID_11_T0_OE.mat,ms_11,psd,OE,PSD_alpha_ROI,6x18,float32,0,0,1.414047360420227,26.06524658203125
PSD\ms\PSDrelative_ID_11_T0_OE.mat,ms_11,psd,OE,PSD_alpha_ROI_rel,6x18,float32,0,0,0.09442009776830673,0.21402062475681305
PSD\ms\PSDrelative_ID_11_T0_OE.mat,ms_11,psd,OE,PSD_alpha_rel,27x18,float32,0,0,0.04694034531712532,0.2706291675567627
PSD\ms\PSDrelative_ID_11_T0_OE.mat,ms_11,psd,OE,PSD_beta,27x18,float32,0,0,0.9268425107002258,60.1170654296875
PSD\ms\PSDrelative_ID_11_T0_OE.mat,ms_11,psd,OE,PSD_beta_ROI,6x18,float32,0,0,2.2830402851104736,41.5254020690918
PSD\ms\PSDrelative_ID_11_T0_OE.mat,ms_11,psd,OE,PSD_beta_ROI_rel,6x18,float32,0,0,0.1448817402124405,0.30377277731895447
PSD\ms\PSDrelative_ID_11_T0_OE.mat,ms_11,psd,OE,PSD_beta_rel,27x18,float32,0,0,0.04709024354815483,0.3388645648956299
PSD\ms\PSDrelative_ID_11_T0_OE.mat,ms_11,psd,OE,PSD_delta,27x18,float32,0,0,1.3247703313827515,239.94093322753906
PSD\ms\PSDrelative_ID_11_T0_OE.mat,ms_11,psd,OE,PSD_delta_ROI,6x18,float32,0,0,4.03019380569458,101.53462982177734
PSD\ms\PSDrelative_ID_11_T0_OE.mat,ms_11,psd,OE,PSD_delta_ROI_rel,6x18,float32,0,0,0.2430972456932068,0.5090436339378357
PSD\ms\PSDrelative_ID_11_T0_OE.mat,ms_11,psd,OE,PSD_delta_alpha,27x18,float32,0,0,0.98252934217453,15.848328590393066
PSD\ms\PSDrelative_ID_11_T0_OE.mat,ms_11,psd,OE,PSD_delta_alpha_ROI,6x18,float32,0,0,1.4280858039855957,4.983580112457275
PSD\ms\PSDrelative_ID_11_T0_OE.mat,ms_11,psd,OE,PSD_delta_rel,27x18,float32,0,0,0.19958114624023438,0.7439259886741638
PSD\ms\PSDrelative_ID_11_T0_OE.mat,ms_11,psd,OE,PSD_gamma,27x18,float32,0,0,0.4719516336917877,41.50216293334961
PSD\ms\PSDrelative_ID_11_T0_OE.mat,ms_11,psd,OE,PSD_gamma_ROI,6x18,float32,0,0,0.8681030869483948,30.665796279907227
PSD\ms\PSDrelative_ID_11_T0_OE.mat,ms_11,psd,OE,PSD_gamma_ROI_rel,6x18,float32,0,0,0.05459527298808098,0.180165097117424
PSD\ms\PSDrelative_ID_11_T0_OE.mat,ms_11,psd,OE,PSD_gamma_rel,27x18,float32,0,0,0.01987479440867901,0.2593158185482025
PSD\ms\PSDrelative_ID_11_T0_OE.mat,ms_11,psd,OE,PSD_theta,27x18,float32,0,0,1.091942548751831,53.32538986206055
PSD\ms\PSDrelative_ID_11_T0_OE.mat,ms_11,psd,OE,PSD_theta_ROI,6x18,float32,0,0,2.3662688732147217,32.7700080871582
PSD\ms\PSDrelative_ID_11_T0_OE.mat,ms_11,psd,OE,PSD_theta_ROI_rel,6x18,float32,0,0,0.12234944850206375,0.24791693687438965
PSD\ms\PSDrelative_ID_11_T0_OE.mat,ms_11,psd,OE,PSD_theta_alpha,27x18,float32,0,0,0.5320234298706055,3.2369000911712646
PSD\ms\PSDrelative_ID_11_T0_OE.mat,ms_11,psd,OE,PSD_theta_alpha_ROI,6x18,float32,0,0,0.8268845677375793,2.043285846710205
PSD\ms\PSDrelative_ID_11_T0_OE.mat,ms_11,psd,OE,PSD_theta_rel,27x18,float32,0,0,0.07313145697116852,0.2975112199783325
PSD\ms\PSDrelative_ID_11_T0_OE.mat,ms_11,psd,OE,PSD_tot,27x18,float32,0,0,5.127268314361572,412.0036315917969
PSD\ms\PSDrelative_ID_11_T0_OE.mat,ms_11,psd,OE,PSD_tot_ROI,6x18,float32,0,0,11.293126106262207,200.40870666503906
PSD\ms\PSDrelative_ID_11_T0_OE.mat,ms_11,psd,OE,SFR,27x18,float32,0,0,0.7843005657196045,9.5274019241333
PSD\ms\PSDrelative_ID_11_T0_OE.mat,ms_11,psd,OE,SFR_ROI,6x18,float32,0,0,0.9433475136756897,2.8276846408843994
PSD\ms\PSDrelative_ID_12_T0_CE.mat,ms_12,psd,CE,PSD_alpha,27x18,float32,0,0,3.2074952125549316,980.1503295898438
PSD\ms\PSDrelative_ID_12_T0_CE.mat,ms_12,psd,CE,PSD_alpha_ROI,6x18,float32,0,0,6.7455267906188965,890.8253784179688
PSD\ms\PSDrelative_ID_12_T0_CE.mat,ms_12,psd,CE,PSD_alpha_ROI_rel,6x18,float32,0,0,0.12088317424058914,0.6776679158210754
PSD\ms\PSDrelative_ID_12_T0_CE.mat,ms_12,psd,CE,PSD_alpha_rel,27x18,float32,0,0,0.0650566890835762,0.7704961895942688
PSD\ms\PSDrelative_ID_12_T0_CE.mat,ms_12,psd,CE,PSD_beta,27x18,float32,0,0,4.3279619216918945,809.3197021484375
PSD\ms\PSDrelative_ID_12_T0_CE.mat,ms_12,psd,CE,PSD_beta_ROI,6x18,float32,0,0,7.292018890380859,423.0477600097656
PSD\ms\PSDrelative_ID_12_T0_CE.mat,ms_12,psd,CE,PSD_beta_ROI_rel,6x18,float32,0,0,0.15451128780841827,0.4451180398464203
PSD\ms\PSDrelative_ID_12_T0_CE.mat,ms_12,psd,CE,PSD_beta_rel,27x18,float32,0,0,0.11683987081050873,0.5131738781929016
PSD\ms\PSDrelative_ID_12_T0_CE.mat,ms_12,psd,CE,PSD_delta,27x18,float32,0,0,1.757414698600769,383.5782165527344
PSD\ms\PSDrelative_ID_12_T0_CE.mat,ms_12,psd,CE,PSD_delta_ROI,6x18,float32,0,0,2.922513961791992,282.6189880371094
PSD\ms\PSDrelative_ID_12_T0_CE.mat,ms_12,psd,CE,PSD_delta_ROI_rel,6x18,float32,0,0,0.05555407330393791,0.3868454694747925
PSD\ms\PSDrelative_ID_12_T0_CE.mat,ms_12,psd,CE,PSD_delta_alpha,27x18,float32,0,0,0.06553708016872406,5.585687160491943
PSD\ms\PSDrelative_ID_12_T0_CE.mat,ms_12,psd,CE,PSD_delta_alpha_ROI,6x18,float32,0,0,0.10266008973121643,3.6807057857513428
PSD\ms\PSDrelative_ID_12_T0_CE.mat,ms_12,psd,CE,PSD_delta_rel,27x18,float32,0,0,0.04703382030129433,0.5202628374099731
PSD\ms\PSDrelative_ID_12_T0_CE.mat,ms_12,psd,CE,PSD_gamma,27x18,float32,0,0,0.7843949198722839,747.9491577148438
PSD\ms\PSDrelative_ID_12_T0_CE.mat,ms_12,psd,CE,PSD_gamma_ROI,6x18,float32,0,0,0.9339900612831116,317.2802429199219
PSD\ms\PSDrelative_ID_12_T0_CE.mat,ms_12,psd,CE,PSD_gamma_ROI_rel,6x18,float32,0,0,0.014238902367651463,0.2622759938240051
PSD\ms\PSDrelative_ID_12_T0_CE.mat,ms_12,psd,CE,PSD_gamma_rel,27x18,float32,0,0,0.01053257379680872,0.35603067278862
PSD\ms\PSDrelative_ID_12_T0_CE.mat,ms_12,psd,CE,PSD_theta,27x18,float32,0,0,1.1620224714279175,132.02313232421875
PSD\ms\PSDrelative_ID_12_T0_CE.mat,ms_12,psd,CE,PSD_theta_ROI,6x18,float32,0,0,2.1383440494537354,95.85591888427734
PSD\ms\PSDrelative_ID_12_T0_CE.mat,ms_12,psd,CE,PSD_theta_ROI_rel,6x18,float32,0,0,0.0383036732673645,0.16357646882534027
PSD\ms\PSDrelative_ID_12_T0_CE.mat,ms_12,psd,CE,PSD_theta_alpha,27x18,float32,0,0,0.048598743975162506,0.9460781812667847
PSD\ms\PSDrelative_ID_12_T0_CE.mat,ms_12,psd,CE,PSD_theta_alpha_ROI,6x18,float32,0,0,0.08803077787160873,0.6067407727241516
PSD\ms\PSDrelative_ID_12_T0_CE.mat,ms_12,psd,CE,PSD_theta_rel,27x18,float32,0,0,0.03114302083849907,0.21917414665222168
PSD\ms\PSDrelative_ID_12_T0_CE.mat,ms_12,psd,CE,PSD_tot,27x18,float32,0,0,13.88764476776123,2449.879150390625
PSD\ms\PSDrelative_ID_12_T0_CE.mat,ms_12,psd,CE,PSD_tot_ROI,6x18,float32,0,0,22.066308975219727,1668.3134765625
PSD\ms\PSDrelative_ID_12_T0_CE.mat,ms_12,psd,CE,SFR,27x18,float32,0,0,0.10331086069345474,1.7584023475646973
PSD\ms\PSDrelative_ID_12_T0_CE.mat,ms_12,psd,CE,SFR_ROI,6x18,float32,0,0,0.15810567140579224,1.229825496673584
PSD\ms\PSDrelative_ID_12_T0_OE.mat,ms_12,psd,OE,PSD_alpha,27x18,float32,0,0,1.6614583730697632,537.5265502929688
PSD\ms\PSDrelative_ID_12_T0_OE.mat,ms_12,psd,OE,PSD_alpha_ROI,6x18,float32,0,0,2.925299882888794,290.9601745605469
PSD\ms\PSDrelative_ID_12_T0_OE.mat,ms_12,psd,OE,PSD_alpha_ROI_rel,6x18,float32,0,0,0.049858808517456055,0.3212376534938812
PSD\ms\PSDrelative_ID_12_T0_OE.mat,ms_12,psd,OE,PSD_alpha_rel,27x18,float32,0,0,0.02799118496477604,0.39199236035346985
PSD\ms\PSDrelative_ID_12_T0_OE.mat,ms_12,psd,OE,PSD_beta,27x18,float32,0,0,4.137752056121826,1050.7923583984375
PSD\ms\PSDrelative_ID_12_T0_OE.mat,ms_12,psd,OE,PSD_beta_ROI,6x18,float32,0,0,5.876340389251709,564.578125
PSD\ms\PSDrelative_ID_12_T0_OE.mat,ms_12,psd,OE,PSD_beta_ROI_rel,6x18,float32,0,0,0.21287281811237335,0.4873509705066681
PSD\ms\PSDrelative_ID_12_T0_OE.mat,ms_12,psd,OE,PSD_beta_rel,27x18,float32,0,0,0.10972969233989716,0.5296022891998291
PSD\ms\PSDrelative_ID_12_T0_OE.mat,ms_12,psd,OE,PSD_delta,27x18,float32,0,0,1.4988315105438232,5270.70458984375
PSD\ms\PSDrelative_ID_12_T0_OE.mat,ms_12,psd,OE,PSD_delta_ROI,6x18,float32,0,0,2.7056808471679688,2269.419189453125
PSD\ms\PSDrelative_ID_12_T0_OE.mat,ms_12,psd,OE,PSD_delta_ROI_rel,6x18,float32,0,0,0.09168896824121475,0.4598061144351959
PSD\ms\PSDrelative_ID_12_T0_OE.mat,ms_12,psd,OE,PSD_delta_alpha,27x18,float32,0,0,0.24047359824180603,21.837589263916016
PSD\ms\PSDrelative_ID_12_T0_OE.mat,ms_12,psd,OE,PSD_delta_alpha_ROI,6x18,float32,0,0,0.4016329050064087,9.114326477050781
PSD\ms\PSDrelative_ID_12_T0_OE.mat,ms_12,psd,OE,PSD_delta_rel,27x18,float32,0,0,0.07877691090106964,0.6490246653556824
PSD\ms\PSDrelative_ID_12_T0_OE.mat,ms_12,psd,OE,PSD_gamma,27x18,float32,0,0,0.8158798217773438,1082.80029296875
PSD\ms\PSDrelative_ID_12_T0_OE.mat,ms_12,psd,OE,PSD_gamma_ROI,6x18,float32,0,0,0.931053876876831,540.754638671875
PSD\ms\PSDrelative_ID_12_T0_OE.mat,ms_12,psd,OE,PSD_gamma_ROI_rel,6x18,float32,0,0,0.03760690614581108,0.33249008655548096
PSD\ms\PSDrelative_ID_12_T0_OE.mat,ms_12,psd,OE,PSD_gamma_rel,27x18,float32,0,0,0.028550324961543083,0.45021623373031616
PSD\ms\PSDrelative_ID_12_T0_OE.mat,ms_12,psd,OE,PSD_theta,27x18,float32,0,0,1.3206905126571655,1133.7384033203125
PSD\ms\PSDrelative_ID_12_T0_OE.mat,ms_12,psd,OE,PSD_theta_ROI,6x18,float32,0,0,1.7976950407028198,517.1610717773438
PSD\ms\PSDrelative_ID_12_T0_OE.mat,ms_12,psd,OE,PSD_theta_ROI_rel,6x18,float32,0,0,0.034085873514413834,0.2424626499414444
PSD\ms\PSDrelative_ID_12_T0_OE.mat,ms_12,psd,OE,PSD_theta_alpha,27x18,float32,0,0,0.2931363880634308,2.7892649173736572
PSD\ms\PSDrelative_ID_12_T0_OE.mat,ms_12,psd,OE,PSD_theta_alpha_ROI,6x18,float32,0,0,0.37838032841682434,1.6554754972457886
PSD\ms\PSDrelative_ID_12_T0_OE.mat,ms_12,psd,OE,PSD_theta_rel,27x18,float32,0,0,0.02750307321548462,0.41690316796302795
PSD\ms\PSDrelative_ID_12_T0_OE.mat,ms_12,psd,OE,PSD_tot,27x18,float32,0,0,11.400132179260254,8198.23046875
PSD\ms\PSDrelative_ID_12_T0_OE.mat,ms_12,psd,OE,PSD_tot_ROI,6x18,float32,0,0,15.160115242004395,3942.581787109375
PSD\ms\PSDrelative_ID_12_T0_OE.mat,ms_12,psd,OE,SFR,27x18,float32,0,0,0.27777084708213806,4.456455707550049
PSD\ms\PSDrelative_ID_12_T0_OE.mat,ms_12,psd,OE,SFR_ROI,6x18,float32,0,0,0.33477166295051575,2.426981210708618
PSD\ms\PSDrelative_ID_13_T0_CE.mat,ms_13,psd,CE,PSD_alpha,27x18,float32,0,0,5.421931266784668,129.10635375976562
PSD\ms\PSDrelative_ID_13_T0_CE.mat,ms_13,psd,CE,PSD_alpha_ROI,6x18,float32,0,0,7.500823974609375,100.60120391845703
PSD\ms\PSDrelative_ID_13_T0_CE.mat,ms_13,psd,CE,PSD_alpha_ROI_rel,6x18,float32,0,0,0.15412651002407074,0.4439369738101959
PSD\ms\PSDrelative_ID_13_T0_CE.mat,ms_13,psd,CE,PSD_alpha_rel,27x18,float32,0,0,0.08755262196063995,0.5263589024543762
PSD\ms\PSDrelative_ID_13_T0_CE.mat,ms_13,psd,CE,PSD_beta,27x18,float32,0,0,4.676957607269287,106.03144836425781
PSD\ms\PSDrelative_ID_13_T0_CE.mat,ms_13,psd,CE,PSD_beta_ROI,6x18,float32,0,0,10.354479789733887,69.80502319335938
PSD\ms\PSDrelative_ID_13_T0_CE.mat,ms_13,psd,CE,PSD_beta_ROI_rel,6x18,float32,0,0,0.19282740354537964,0.3454035222530365
PSD\ms\PSDrelative_ID_13_T0_CE.mat,ms_13,psd,CE,PSD_beta_rel,27x18,float32,0,0,0.11861924082040787,0.38506948947906494
PSD\ms\PSDrelative_ID_13_T0_CE.mat,ms_13,psd,CE,PSD_delta,27x18,float32,0,0,5.770972728729248,203.01905822753906
PSD\ms\PSDrelative_ID_13_T0_CE.mat,ms_13,psd,CE,PSD_delta_ROI,6x18,float32,0,0,11.090142250061035,78.91205596923828
PSD\ms\PSDrelative_ID_13_T0_CE.mat,ms_13,psd,CE,PSD_delta_ROI_rel,6x18,float32,0,0,0.158081516623497,0.40270575881004333
PSD\ms\PSDrelative_ID_13_T0_CE.mat,ms_13,psd,CE,PSD_delta_alpha,27x18,float32,0,0,0.2685481011867523,5.123888969421387
PSD\ms\PSDrelative_ID_13_T0_CE.mat,ms_13,psd,CE,PSD_delta_alpha_ROI,6x18,float32,0,0,0.41898858547210693,2.9803082942962646
PSD\ms\PSDrelative_ID_13_T0_CE.mat,ms_13,psd,CE,PSD_delta_rel,27x18,float32,0,0,0.11848226189613342,0.5439597964286804
PSD\ms\PSDrelative_ID_13_T0_CE.mat,ms_13,psd,CE,PSD_gamma,27x18,float32,0,0,1.6897013187408447,68.46340942382812
PSD\ms\PSDrelative_ID_13_T0_CE.mat,ms_13,psd,CE,PSD_gamma_ROI,6x18,float32,0,0,4.5324907302856445,32.83747863769531
PSD\ms\PSDrelative_ID_13_T0_CE.mat,ms_13,psd,CE,PSD_gamma_ROI_rel,6x18,float32,0,0,0.02990596555173397,0.17365549504756927
PSD\ms\PSDrelative_ID_13_T0_CE.mat,ms_13,psd,CE,PSD_gamma_rel,27x18,float32,0,0,0.02421528846025467,0.22983761131763458
PSD\ms\PSDrelative_ID_13_T0_CE.mat,ms_13,psd,CE,PSD_theta,27x18,float32,0,0,3.584092378616333,58.849674224853516
PSD\ms\PSDrelative_ID_13_T0_CE.mat,ms_13,psd,CE,PSD_theta_ROI,6x18,float32,0,0,6.9673614501953125,30.87738800048828
PSD\ms\PSDrelative_ID_13_T0_CE.mat,ms_13,psd,CE,PSD_theta_ROI_rel,6x18,float32,0,0,0.07966194301843643,0.2156534343957901
PSD\ms\PSDrelative_ID_13_T0_CE.mat,ms_13,psd,CE,PSD_theta_alpha,27x18,float32,0,0,0.17618928849697113,1.848961353302002
PSD\ms\PSDrelative_ID_13_T0_CE.mat,ms_13,psd,CE,PSD_theta_alpha_ROI,6x18,float32,0,0,0.2191419005393982,1.4112800359725952
PSD\ms\PSDrelative_ID_13_T0_CE.mat,ms_13,psd,CE,PSD_theta_rel,27x18,float32,0,0,0.057626720517873764,0.28587526082992554
PSD\ms\PSDrelative_ID_13_T0_CE.mat,ms_13,psd,CE,PSD_tot,27x18,float32,0,0,25.234169006347656,463.48211669921875
PSD\ms\PSDrelative_ID_13_T0_CE.mat,ms_13,psd,CE,PSD_tot_ROI,6x18,float32,0,0,45.93400192260742,277.5295715332031
PSD\ms\PSDrelative_ID_13_T0_CE.mat,ms_13,psd,CE,SFR,27x18,float32,0,0,0.29728585481643677,2.569058895111084
PSD\ms\PSDrelative_ID_13_T0_CE.mat,ms_13,psd,CE,SFR_ROI,6x18,float32,0,0,0.3698367178440094,1.6332435607910156
PSD\ms\PSDrelative_ID_13_T0_OE.mat,ms_13,psd,OE,PSD_alpha,27x18,float32,0,0,4.644550800323486,92.87293243408203
PSD\ms\PSDrelative_ID_13_T0_OE.mat,ms_13,psd,OE,PSD_alpha_ROI,6x18,float32,0,0,7.9496073722839355,76.64315795898438
PSD\ms\PSDrelative_ID_13_T0_OE.mat,ms_13,psd,OE,PSD_alpha_ROI_rel,6x18,float32,0,0,0.10345862060785294,0.3430241644382477
PSD\ms\PSDrelative_ID_13_T0_OE.mat,ms_13,psd,OE,PSD_alpha_rel,27x18,float32,0,0,0.06523457169532776,0.38740527629852295
PSD\ms\PSDrelative_ID_13_T0_OE.mat,ms_13,psd,OE,PSD_beta,27x18,float32,0,0,4.949443817138672,200.85595703125
PSD\ms\PSDrelative_ID_13_T0_OE.mat,ms_13,psd,OE,PSD_beta_ROI,6x18,float32,0,0,13.487285614013672,62.79731369018555
PSD\ms\PSDrelative_ID_13_T0_OE.mat,ms_13,psd,OE,PSD_beta_ROI_rel,6x18,float32,0,0,0.1753377467393875,0.3499755561351776
PSD\ms\PSDrelative_ID_13_T0_OE.mat,ms_13,psd,OE,PSD_beta_rel,27x18,float32,0,0,0.11448529362678528,0.3993428945541382
PSD\ms\PSDrelative_ID_13_T0_OE.mat,ms_13,psd,OE,PSD_delta,27x18,float32,0,0,6.840007305145264,130.57542419433594
PSD\ms\PSDrelative_ID_13_T0_OE.mat,ms_13,psd,OE,PSD_delta_ROI,6x18,float32,0,0,15.447279930114746,108.3056411743164
PSD\ms\PSDrelative_ID_13_T0_OE.mat,ms_13,psd,OE,PSD_delta_ROI_rel,6x18,float32,0,0,0.19717250764369965,0.48139849305152893
PSD\ms\PSDrelative_ID_13_T0_OE.mat,ms_13,psd,OE,PSD_delta_alpha,27x18,float32,0,0,0.401429682970047,8.721832275390625
PSD\ms\PSDrelative_ID_13_T0_OE.mat,ms_13,psd,OE,PSD_delta_alpha_ROI,6x18,float32,0,0,0.7176833748817444,5.371993541717529
PSD\ms\PSDrelative_ID_13_T0_OE.mat,ms_13,psd,OE,PSD_delta_rel,27x18,float32,0,0,0.06838136166334152,0.568964958190918
PSD\ms\PSDrelative_ID_13_T0_OE.mat,ms_13,psd,OE,PSD_gamma,27x18,float32,0,0,1.9256658554077148,181.27349853515625
PSD\ms\PSDrelative_ID_13_T0_OE.mat,ms_13,psd,OE,PSD_gamma_ROI,6x18,float32,0,0,5.722772121429443,39.54634475708008
PSD\ms\PSDrelative_ID_13_T0_OE.mat,ms_13,psd,OE,PSD_gamma_ROI_rel,6x18,float32,0,0,0.044646937400102615,0.18814148008823395
PSD\ms\PSDrelative_ID_13_T0_OE.mat,ms_13,psd,OE,PSD_gamma_rel,27x18,float32,0,0,0.03054630011320114,0.3461584448814392
PSD\ms\PSDrelative_ID_13_T0_OE.mat,ms_13,psd,OE,PSD_theta,27x18,float32,0,0,4.170076847076416,43.621337890625
PSD\ms\PSDrelative_ID_13_T0_OE.mat,ms_13,psd,OE,PSD_theta_ROI,6x18,float32,0,0,8.028417587280273,35.08993148803711
PSD\ms\PSDrelative_ID_13_T0_OE.mat,ms_13,psd,OE,PSD_theta_ROI_rel,6x18,float32,0,0,0.11393692344427109,0.19943326711654663
PSD\ms\PSDrelative_ID_13_T0_OE.mat,ms_13,psd,OE,PSD_theta_alpha,27x18,float32,0,0,0.27743491530418396,1.9074350595474243
PSD\ms\PSDrelative_ID_13_T0_OE.mat,ms_13,psd,OE,PSD_theta_alpha_ROI,6x18,float32,0,0,0.40162941813468933,1.5008100271224976
PSD\ms\PSDrelative_ID_13_T0_OE.mat,ms_13,psd,OE,PSD_theta_rel,27x18,float32,0,0,0.04952572286128998,0.2528485357761383
PSD\ms\PSDrelative_ID_13_T0_OE.mat,ms_13,psd,OE,PSD_tot,27x18,float32,0,0,28.239307403564453,535.1214599609375
PSD\ms\PSDrelative_ID_13_T0_OE.mat,ms_13,psd,OE,PSD_tot_ROI,6x18,float32,0,0,56.45088577270508,260.9408264160156
PSD\ms\PSDrelative_ID_13_T0_OE.mat,ms_13,psd,OE,SFR,27x18,float32,0,0,0.238919198513031,3.402381658554077
PSD\ms\PSDrelative_ID_13_T0_OE.mat,ms_13,psd,OE,SFR_ROI,6x18,float32,0,0,0.6488243341445923,2.335015058517456
PSD\ms\PSDrelative_ID_14_T0_CE.mat,ms_14,psd,CE,PSD_alpha,27x18,float32,0,0,9.422649383544922,4727.96728515625
PSD\ms\PSDrelative_ID_14_T0_CE.mat,ms_14,psd,CE,PSD_alpha_ROI,6x18,float32,0,0,23.984743118286133,3991.5087890625
PSD\ms\PSDrelative_ID_14_T0_CE.mat,ms_14,psd,CE,PSD_alpha_ROI_rel,6x18,float32,0,0,0.11808349937200546,0.8516739010810852
PSD\ms\PSDrelative_ID_14_T0_CE.mat,ms_14,psd,CE,PSD_alpha_rel,27x18,float32,0,0,0.07256972789764404,0.8628890514373779
PSD\ms\PSDrelative_ID_14_T0_CE.mat,ms_14,psd,CE,PSD_beta,27x18,float32,0,0,18.174842834472656,438.2691345214844
PSD\ms\PSDrelative_ID_14_T0_CE.mat,ms_14,psd,CE,PSD_beta_ROI,6x18,float32,0,0,28.435258865356445,378.1976623535156
PSD\ms\PSDrelative_ID_14_T0_CE.mat,ms_14,psd,CE,PSD_beta_ROI_rel,6x18,float32,0,0,0.0792841836810112,0.3920947313308716
PSD\ms\PSDrelative_ID_14_T0_CE.mat,ms_14,psd,CE,PSD_beta_rel,27x18,float32,0,0,0.06963315606117249,0.42691630125045776
PSD\ms\PSDrelative_ID_14_T0_CE.mat,ms_14,psd,CE,PSD_delta,27x18,float32,0,0,17.979005813598633,326.4167785644531
PSD\ms\PSDrelative_ID_14_T0_CE.mat,ms_14,psd,CE,PSD_delta_ROI,6x18,float32,0,0,28.644441604614258,301.1909484863281
PSD\ms\PSDrelative_ID_14_T0_CE.mat,ms_14,psd,CE,PSD_delta_ROI_rel,6x18,float32,0,0,0.022574884817004204,0.4911583960056305
PSD\ms\PSDrelative_ID_14_T0_CE.mat,ms_14,psd,CE,PSD_delta_alpha,27x18,float32,0,0,0.023060007020831108,8.446438789367676
PSD\ms\PSDrelative_ID_14_T0_CE.mat,ms_14,psd,CE,PSD_delta_alpha_ROI,6x18,float32,0,0,0.026554415002465248,4.7587456703186035
PSD\ms\PSDrelative_ID_14_T0_CE.mat,ms_14,psd,CE,PSD_delta_rel,27x18,float32,0,0,0.019898228347301483,0.6129558086395264
PSD\ms\PSDrelative_ID_14_T0_CE.mat,ms_14,psd,CE,PSD_gamma,27x18,float32,0,0,7.929967403411865,188.96629333496094
PSD\ms\PSDrelative_ID_14_T0_CE.mat,ms_14,psd,CE,PSD_gamma_ROI,6x18,float32,0,0,10.374730110168457,62.3069953918457
PSD\ms\PSDrelative_ID_14_T0_CE.mat,ms_14,psd,CE,PSD_gamma_ROI_rel,6x18,float32,0,0,0.00951960776001215,0.18095673620700836
PSD\ms\PSDrelative_ID_14_T0_CE.mat,ms_14,psd,CE,PSD_gamma_rel,27x18,float32,0,0,0.007365381810814142,0.2164786159992218
PSD\ms\PSDrelative_ID_14_T0_CE.mat,ms_14,psd,CE,PSD_theta,27x18,float32,0,0,6.794023513793945,516.4534301757812
PSD\ms\PSDrelative_ID_14_T0_CE.mat,ms_14,psd,CE,PSD_theta_ROI,6x18,float32,0,0,16.96874237060547,267.9078674316406
PSD\ms\PSDrelative_ID_14_T0_CE.mat,ms_14,psd,CE,PSD_theta_ROI_rel,6x18,float32,0,0,0.04395893216133118,0.30926617980003357
PSD\ms\PSDrelative_ID_14_T0_CE.mat,ms_14,psd,CE,PSD_theta_alpha,27x18,float32,0,0,0.050310779362916946,2.694831371307373
PSD\ms\PSDrelative_ID_14_T0_CE.mat,ms_14,psd,CE,PSD_theta_alpha_ROI,6x18,float32,0,0,0.05160212144255638,1.6550027132034302
PSD\ms\PSDrelative_ID_14_T0_CE.mat,ms_14,psd,CE,PSD_theta_rel,27x18,float32,0,0,0.04045088216662407,0.43702974915504456
PSD\ms\PSDrelative_ID_14_T0_CE.mat,ms_14,psd,CE,PSD_tot,27x18,float32,0,0,70.65360260009766,5545.94775390625
PSD\ms\PSDrelative_ID_14_T0_CE.mat,ms_14,psd,CE,PSD_tot_ROI,6x18,float32,0,0,140.75119018554688,4678.34521484375
PSD\ms\PSDrelative_ID_14_T0_CE.mat,ms_14,psd,CE,SFR,27x18,float32,0,0,0.06892382353544235,3.240410804748535
PSD\ms\PSDrelative_ID_14_T0_CE.mat,ms_14,psd,CE,SFR_ROI,6x18,float32,0,0,0.07148229330778122,2.096957206726074
PSD\ms\PSDrelative_ID_14_T0_OE.mat,ms_14,psd,OE,PSD_alpha,27x18,float32,0,0,14.764669418334961,1645.746826171875
PSD\ms\PSDrelative_ID_14_T0_OE.mat,ms_14,psd,OE,PSD_alpha_ROI,6x18,float32,0,0,18.668245315551758,1568.9757080078125
PSD\ms\PSDrelative_ID_14_T0_OE.mat,ms_14,psd,OE,PSD_alpha_ROI_rel,6x18,float32,0,0,0.019383685663342476,0.5246769189834595
PSD\ms\PSDrelative_ID_14_T0_OE.mat,ms_14,psd,OE,PSD_alpha_rel,27x18,float32,0,0,0.01719701662659645,0.6172540783882141
PSD\ms\PSDrelative_ID_14_T0_OE.mat,ms_14,psd,OE,PSD_beta,27x18,float32,0,0,26.634685516357422,592.6212768554688
PSD\ms\PSDrelative_ID_14_T0_OE.mat,ms_14,psd,OE,PSD_beta_ROI,6x18,float32,0,0,38.51051712036133,403.3301086425781
PSD\ms\PSDrelative_ID_14_T0_OE.mat,ms_14,psd,OE,PSD_beta_ROI_rel,6x18,float32,0,0,0.009520378895103931,0.46001753211021423
PSD\ms\PSDrelative_ID_14_T0_OE.mat,ms_14,psd,OE,PSD_beta_rel,27x18,float32,0,0,0.007283037528395653,0.4934278726577759
PSD\ms\PSDrelative_ID_14_T0_OE.mat,ms_14,psd,OE,PSD_delta,27x18,float32,0,0,21.82957649230957,30701.09375
PSD\ms\PSDrelative_ID_14_T0_OE.mat,ms_14,psd,OE,PSD_delta_ROI,6x18,float32,0,0,29.41962432861328,29431.939453125
PSD\ms\PSDrelative_ID_14_T0_OE.mat,ms_14,psd,OE,PSD_delta_ROI_rel,6x18,float32,0,0,0.07075943797826767,0.7967446446418762
PSD\ms\PSDrelative_ID_14_T0_OE.mat,ms_14,psd,OE,PSD_delta_alpha,27x18,float32,0,0,0.092041976749897,46.671268463134766
PSD\ms\PSDrelative_ID_14_T0_OE.mat,ms_14,psd,OE,PSD_delta_alpha_ROI,6x18,float32,0,0,0.139016792178154,40.827877044677734
PSD\ms\PSDrelative_ID_14_T0_OE.mat,ms_14,psd,OE,PSD_delta_rel,27x18,float32,0,0,0.05674992501735687,0.8186466097831726
PSD\ms\PSDrelative_ID_14_T0_OE.mat,ms_14,psd,OE,PSD_gamma,27x18,float32,0,0,13.752618789672852,838.4015502929688
PSD\ms\PSDrelative_ID_14_T0_OE.mat,ms_14,psd,OE,PSD_gamma_ROI,6x18,float32,0,0,15.469444274902344,357.1398620605469
PSD\ms\PSDrelative_ID_14_T0_OE.mat,ms_14,psd,OE,PSD_gamma_ROI_rel,6x18,float32,0,0,0.0012978605227544904,0.3120326101779938
PSD\ms\PSDrelative_ID_14_T0_OE.mat,ms_14,psd,OE,PSD_gamma_rel,27x18,float32,0,0,0.0011446040589362383,0.4700654149055481
PSD\ms\PSDrelative_ID_14_T0_OE.mat,ms_14,psd,OE,PSD_theta,27x18,float32,0,0,9.222203254699707,9310.9736328125
PSD\ms\PSDrelative_ID_14_T0_OE.mat,ms_14,psd,OE,PSD_theta_ROI,6x18,float32,0,0,20.630939483642578,8925.9619140625
PSD\ms\PSDrelative_ID_14_T0_OE.mat,ms_14,psd,OE,PSD_theta_ROI_rel,6x18,float32,0,0,0.05559110641479492,0.2284422516822815
PSD\ms\PSDrelative_ID_14_T0_OE.mat,ms_14,psd,OE,PSD_theta_alpha,27x18,float32,0,0,0.11100584268569946,10.012688636779785
PSD\ms\PSDrelative_ID_14_T0_OE.mat,ms_14,psd,OE,PSD_theta_alpha_ROI,6x18,float32,0,0,0.1574072241783142,9.189559936523438
PSD\ms\PSDrelative_ID_14_T0_OE.mat,ms_14,psd,OE,PSD_theta_rel,27x18,float32,0,0,0.024242529645562172,0.23271746933460236
PSD\ms\PSDrelative_ID_14_T0_OE.mat,ms_14,psd,OE,PSD_tot,27x18,float32,0,0,103.30972290039062,41434.2734375
PSD\ms\PSDrelative_ID_14_T0_OE.mat,ms_14,psd,OE,PSD_tot_ROI,6x18,float32,0,0,139.15740966796875,39607.39453125
PSD\ms\PSDrelative_ID_14_T0_OE.mat,ms_14,psd,OE,SFR,27x18,float32,0,0,0.14546093344688416,33.91120529174805
PSD\ms\PSDrelative_ID_14_T0_OE.mat,ms_14,psd,OE,SFR_ROI,6x18,float32,0,0,0.18632471561431885,25.95182228088379
PSD\ms\PSDrelative_ID_15_T0_CE.mat,ms_15,psd,CE,PSD_alpha,27x18,float32,0,0,95.2658462524414,4386.80224609375
PSD\ms\PSDrelative_ID_15_T0_CE.mat,ms_15,psd,CE,PSD_alpha_ROI,6x18,float32,0,0,111.76615142822266,3860.993896484375
PSD\ms\PSDrelative_ID_15_T0_CE.mat,ms_15,psd,CE,PSD_alpha_ROI_rel,6x18,float32,0,0,0.04493049159646034,0.6941251754760742
PSD\ms\PSDrelative_ID_15_T0_CE.mat,ms_15,psd,CE,PSD_alpha_rel,27x18,float32,0,0,0.03408125787973404,0.7062807679176331
PSD\ms\PSDrelative_ID_15_T0_CE.mat,ms_15,psd,CE,PSD_beta,27x18,float32,0,0,134.41885375976562,735.8955688476562
PSD\ms\PSDrelative_ID_15_T0_CE.mat,ms_15,psd,CE,PSD_beta_ROI,6x18,float32,0,0,165.1920928955078,622.8944702148438
PSD\ms\PSDrelative_ID_15_T0_CE.mat,ms_15,psd,CE,PSD_beta_ROI_rel,6x18,float32,0,0,0.050591807812452316,0.3113495409488678
PSD\ms\PSDrelative_ID_15_T0_CE.mat,ms_15,psd,CE,PSD_beta_rel,27x18,float32,0,0,0.04102253168821335,0.34481513500213623
PSD\ms\PSDrelative_ID_15_T0_CE.mat,ms_15,psd,CE,PSD_delta,27x18,float32,0,0,105.3818130493164,5898.57373046875
PSD\ms\PSDrelative_ID_15_T0_CE.mat,ms_15,psd,CE,PSD_delta_ROI,6x18,float32,0,0,115.70016479492188,5577.70751953125
PSD\ms\PSDrelative_ID_15_T0_CE.mat,ms_15,psd,CE,PSD_delta_ROI_rel,6x18,float32,0,0,0.07322736829519272,0.8358373641967773
PSD\ms\PSDrelative_ID_15_T0_CE.mat,ms_15,psd,CE,PSD_delta_alpha,27x18,float32,0,0,0.09642957895994186,24.54218101501465
PSD\ms\PSDrelative_ID_15_T0_CE.mat,ms_15,psd,CE,PSD_delta_alpha_ROI,6x18,float32,0,0,0.11150745302438736,18.608484268188477
PSD\ms\PSDrelative_ID_15_T0_CE.mat,ms_15,psd,CE,PSD_delta_rel,27x18,float32,0,0,0.06528262048959732,0.845901370048523
PSD\ms\PSDrelative_ID_15_T0_CE.mat,ms_15,psd,CE,PSD_gamma,27x18,float32,0,0,31.007143020629883,335.1144104003906
PSD\ms\PSDrelative_ID_15_T0_CE.mat,ms_15,psd,CE,PSD_gamma_ROI,6x18,float32,0,0,36.411460876464844,288.5526123046875
PSD\ms\PSDrelative_ID_15_T0_CE.mat,ms_15,psd,CE,PSD_gamma_ROI_rel,6x18,float32,0,0,0.011596295982599258,0.21786175668239594
PSD\ms\PSDrelative_ID_15_T0_CE.mat,ms_15,psd,CE,PSD_gamma_rel,27x18,float32,0,0,0.010983259417116642,0.2388467788696289
PSD\ms\PSDrelative_ID_15_T0_CE.mat,ms_15,psd,CE,PSD_theta,27x18,float32,0,0,41.78404998779297,506.406005859375
PSD\ms\PSDrelative_ID_15_T0_CE.mat,ms_15,psd,CE,PSD_theta_ROI,6x18,float32,0,0,59.253143310546875,457.610107421875
PSD\ms\PSDrelative_ID_15_T0_CE.mat,ms_15,psd,CE,PSD_theta_ROI_rel,6x18,float32,0,0,0.03879179432988167,0.12668874859809875
PSD\ms\PSDrelative_ID_15_T0_CE.mat,ms_15,psd,CE,PSD_theta_alpha,27x18,float32,0,0,0.05899908021092415,1.6097056865692139
PSD\ms\PSDrelative_ID_15_T0_CE.mat,ms_15,psd,CE,PSD_theta_alpha_ROI,6x18,float32,0,0,0.06670840829610825,1.27421236038208
PSD\ms\PSDrelative_ID_15_T0_CE.mat,ms_15,psd,CE,PSD_theta_rel,27x18,float32,0,0,0.03580614551901817,0.14666657149791718
PSD\ms\PSDrelative_ID_15_T0_CE.mat,ms_15,psd,CE,PSD_tot,27x18,float32,0,0,585.6421508789062,8886.0146484375
PSD\ms\PSDrelative_ID_15_T0_CE.mat,ms_15,psd,CE,PSD_tot_ROI,6x18,float32,0,0,641.8477783203125,8137.08203125
PSD\ms\PSDrelative_ID_15_T0_CE.mat,ms_15,psd,CE,SFR,27x18,float32,0,0,0.15395784378051758,10.366007804870605
PSD\ms\PSDrelative_ID_15_T0_CE.mat,ms_15,psd,CE,SFR_ROI,6x18,float32,0,0,0.16454832255840302,9.442374229431152
PSD\ms\PSDrelative_ID_15_T0_OE.mat,ms_15,psd,OE,PSD_alpha,27x18,float32,0,0,70.18766021728516,1759.261962890625
PSD\ms\PSDrelative_ID_15_T0_OE.mat,ms_15,psd,OE,PSD_alpha_ROI,6x18,float32,0,0,81.73477935791016,1657.4931640625
PSD\ms\PSDrelative_ID_15_T0_OE.mat,ms_15,psd,OE,PSD_alpha_ROI_rel,6x18,float32,0,0,0.0453825481235981,0.4806417226791382
PSD\ms\PSDrelative_ID_15_T0_OE.mat,ms_15,psd,OE,PSD_alpha_rel,27x18,float32,0,0,0.025522377341985703,0.4948124885559082
PSD\ms\PSDrelative_ID_15_T0_OE.mat,ms_15,psd,OE,PSD_beta,27x18,float32,0,0,106.34687042236328,592.5571899414062
PSD\ms\PSDrelative_ID_15_T0_OE.mat,ms_15,psd,OE,PSD_beta_ROI,6x18,float32,0,0,125.4660415649414,530.2546997070312
PSD\ms\PSDrelative_ID_15_T0_OE.mat,ms_15,psd,OE,PSD_beta_ROI_rel,6x18,float32,0,0,0.06471367925405502,0.29595986008644104
PSD\ms\PSDrelative_ID_15_T0_OE.mat,ms_15,psd,OE,PSD_beta_rel,27x18,float32,0,0,0.046728670597076416,0.36353063583374023
PSD\ms\PSDrelative_ID_15_T0_OE.mat,ms_15,psd,OE,PSD_delta,27x18,float32,0,0,163.0467529296875,4176.56005859375
PSD\ms\PSDrelative_ID_15_T0_OE.mat,ms_15,psd,OE,PSD_delta_ROI,6x18,float32,0,0,221.04322814941406,3920.560546875
PSD\ms\PSDrelative_ID_15_T0_OE.mat,ms_15,psd,OE,PSD_delta_ROI_rel,6x18,float32,0,0,0.25573334097862244,0.7602946162223816
PSD\ms\PSDrelative_ID_15_T0_OE.mat,ms_15,psd,OE,PSD_delta_alpha,27x18,float32,0,0,0.511914074420929,30.744197845458984
PSD\ms\PSDrelative_ID_15_T0_OE.mat,ms_15,psd,OE,PSD_delta_alpha_ROI,6x18,float32,0,0,0.5567407011985779,18.10261344909668
PSD\ms\PSDrelative_ID_15_T0_OE.mat,ms_15,psd,OE,PSD_delta_rel,27x18,float32,0,0,0.23119507730007172,0.7865089774131775
PSD\ms\PSDrelative_ID_15_T0_OE.mat,ms_15,psd,OE,PSD_gamma,27x18,float32,0,0,39.24622344970703,303.3177185058594
PSD\ms\PSDrelative_ID_15_T0_OE.mat,ms_15,psd,OE,PSD_gamma_ROI,6x18,float32,0,0,47.0867805480957,205.86631774902344
PSD\ms\PSDrelative_ID_15_T0_OE.mat,ms_15,psd,OE,PSD_gamma_ROI_rel,6x18,float32,0,0,0.014283030293881893,0.17684268951416016
PSD\ms\PSDrelative_ID_15_T0_OE.mat,ms_15,psd,OE,PSD_gamma_rel,27x18,float32,0,0,0.011995352804660797,0.18777073919773102
PSD\ms\PSDrelative_ID_15_T0_OE.mat,ms_15,psd,OE,PSD_theta,27x18,float32,0,0,98.81217956542969,1306.85693359375
PSD\ms\PSDrelative_ID_15_T0_OE.mat,ms_15,psd,OE,PSD_theta_ROI,6x18,float32,0,0,121.57793426513672,1244.7421875
PSD\ms\PSDrelative_ID_15_T0_OE.mat,ms_15,psd,OE,PSD_theta_ROI_rel,6x18,float32,0,0,0.06815146654844284,0.2719985246658325
PSD\ms\PSDrelative_ID_15_T0_OE.mat,ms_15,psd,OE,PSD_theta_alpha,27x18,float32,0,0,0.19523587822914124,3.643864631652832
PSD\ms\PSDrelative_ID_15_T0_OE.mat,ms_15,psd,OE,PSD_theta_alpha_ROI,6x18,float32,0,0,0.2167588323354721,3.1994664669036865
PSD\ms\PSDrelative_ID_15_T0_OE.mat,ms_15,psd,OE,PSD_theta_rel,27x18,float32,0,0,0.06347482651472092,0.2856047749519348
PSD\ms\PSDrelative_ID_15_T0_OE.mat,ms_15,psd,OE,PSD_tot,27x18,float32,0,0,571.9633178710938,6316.09716796875
PSD\ms\PSDrelative_ID_15_T0_OE.mat,ms_15,psd,OE,PSD_tot_ROI,6x18,float32,0,0,655.6524047851562,5985.111328125
PSD\ms\PSDrelative_ID_15_T0_OE.mat,ms_15,psd,OE,SFR,27x18,float32,0,0,0.5831756591796875,9.716886520385742
PSD\ms\PSDrelative_ID_15_T0_OE.mat,ms_15,psd,OE,SFR_ROI,6x18,float32,0,0,0.6347697377204895,7.698139190673828
PSD\ms\PSDrelative_ID_16_T0_CE.mat,ms_16,psd,CE,PSD_alpha,27x18,float32,0,0,16.04620361328125,2687.51025390625
PSD\ms\PSDrelative_ID_16_T0_CE.mat,ms_16,psd,CE,PSD_alpha_ROI,6x18,float32,0,0,26.478073120117188,1781.7855224609375
PSD\ms\PSDrelative_ID_16_T0_CE.mat,ms_16,psd,CE,PSD_alpha_ROI_rel,6x18,float32,0,0,0.26582634449005127,0.7165353894233704
PSD\ms\PSDrelative_ID_16_T0_CE.mat,ms_16,psd,CE,PSD_alpha_rel,27x18,float32,0,0,0.17870940268039703,0.8483402132987976
PSD\ms\PSDrelative_ID_16_T0_CE.mat,ms_16,psd,CE,PSD_beta,27x18,float32,0,0,18.230161666870117,518.84228515625
PSD\ms\PSDrelative_ID_16_T0_CE.mat,ms_16,psd,CE,PSD_beta_ROI,6x18,float32,0,0,27.900827407836914,337.7365417480469
PSD\ms\PSDrelative_ID_16_T0_CE.mat,ms_16,psd,CE,PSD_beta_ROI_rel,6x18,float32,0,0,0.08201158791780472,0.325598806142807
PSD\ms\PSDrelative_ID_16_T0_CE.mat,ms_16,psd,CE,PSD_beta_rel,27x18,float32,0,0,0.05668841674923897,0.4803985059261322
PSD\ms\PSDrelative_ID_16_T0_CE.mat,ms_16,psd,CE,PSD_delta,27x18,float32,0,0,6.353109359741211,339.5837707519531
PSD\ms\PSDrelative_ID_16_T0_CE.mat,ms_16,psd,CE,PSD_delta_ROI,6x18,float32,0,0,14.264420509338379,291.4576110839844
PSD\ms\PSDrelative_ID_16_T0_CE.mat,ms_16,psd,CE,PSD_delta_ROI_rel,6x18,float32,0,0,0.043325275182724,0.17737694084644318
PSD\ms\PSDrelative_ID_16_T0_CE.mat,ms_16,psd,CE,PSD_delta_alpha,27x18,float32,0,0,0.037039488554000854,1.3448188304901123
PSD\ms\PSDrelative_ID_16_T0_CE.mat,ms_16,psd,CE,PSD_delta_alpha_ROI,6x18,float32,0,0,0.06651506572961807,0.6335204243659973
PSD\ms\PSDrelative_ID_16_T0_CE.mat,ms_16,psd,CE,PSD_delta_rel,27x18,float32,0,0,0.030802860856056213,0.341121643781662
PSD\ms\PSDrelative_ID_16_T0_CE.mat,ms_16,psd,CE,PSD_gamma,27x18,float32,0,0,5.59339714050293,415.5356750488281
PSD\ms\PSDrelative_ID_16_T0_CE.mat,ms_16,psd,CE,PSD_gamma_ROI,6x18,float32,0,0,11.809597969055176,166.1796875
PSD\ms\PSDrelative_ID_16_T0_CE.mat,ms_16,psd,CE,PSD_gamma_ROI_rel,6x18,float32,0,0,0.017160577699542046,0.17159368097782135
PSD\ms\PSDrelative_ID_16_T0_CE.mat,ms_16,psd,CE,PSD_gamma_rel,27x18,float32,0,0,0.004834786988794804,0.2871410548686981
PSD\ms\PSDrelative_ID_16_T0_CE.mat,ms_16,psd,CE,PSD_theta,27x18,float32,0,0,8.366240501403809,489.4377136230469
PSD\ms\PSDrelative_ID_16_T0_CE.mat,ms_16,psd,CE,PSD_theta_ROI,6x18,float32,0,0,14.071365356445312,443.816162109375
PSD\ms\PSDrelative_ID_16_T0_CE.mat,ms_16,psd,CE,PSD_theta_ROI_rel,6x18,float32,0,0,0.07184627652168274,0.20446109771728516
PSD\ms\PSDrelative_ID_16_T0_CE.mat,ms_16,psd,CE,PSD_theta_alpha,27x18,float32,0,0,0.051402490586042404,1.0271235704421997
PSD\ms\PSDrelative_ID_16_T0_CE.mat,ms_16,psd,CE,PSD_theta_alpha_ROI,6x18,float32,0,0,0.10674408823251724,0.6504918336868286
PSD\ms\PSDrelative_ID_16_T0_CE.mat,ms_16,psd,CE,PSD_theta_rel,27x18,float32,0,0,0.043606799095869064,0.293618768453598
PSD\ms\PSDrelative_ID_16_T0_CE.mat,ms_16,psd,CE,PSD_tot,27x18,float32,0,0,65.18777465820312,3357.609619140625
PSD\ms\PSDrelative_ID_16_T0_CE.mat,ms_16,psd,CE,PSD_tot_ROI,6x18,float32,0,0,102.61783599853516,2475.79443359375
PSD\ms\PSDrelative_ID_16_T0_CE.mat,ms_16,psd,CE,SFR,27x18,float32,0,0,0.08771238476037979,1.2704702615737915
PSD\ms\PSDrelative_ID_16_T0_CE.mat,ms_16,psd,CE,SFR_ROI,6x18,float32,0,0,0.16264213621616364,0.5993101596832275
PSD\ms\PSDrelative_ID_16_T0_OE.mat,ms_16,psd,OE,PSD_alpha,27x18,float32,0,0,7.672896385192871,658.0502319335938
PSD\ms\PSDrelative_ID_16_T0_OE.mat,ms_16,psd,OE,PSD_alpha_ROI,6x18,float32,0,0,10.954272270202637,552.5443725585938
PSD\ms\PSDrelative_ID_16_T0_OE.mat,ms_16,psd,OE,PSD_alpha_ROI_rel,6x18,float32,0,0,0.0742802694439888,0.55066978931427
PSD\ms\PSDrelative_ID_16_T0_OE.mat,ms_16,psd,OE,PSD_alpha_rel,27x18,float32,0,0,0.02648869901895523,0.6717599630355835
PSD\ms\PSDrelative_ID_16_T0_OE.mat,ms_16,psd,OE,PSD_beta,27x18,float32,0,0,26.363115310668945,1311.617431640625
PSD\ms\PSDrelative_ID_16_T0_OE.mat,ms_16,psd,OE,PSD_beta_ROI,6x18,float32,0,0,35.114017486572266,294.4988708496094
PSD\ms\PSDrelative_ID_16_T0_OE.mat,ms_16,psd,OE,PSD_beta_ROI_rel,6x18,float32,0,0,0.22386877238750458,0.4415644109249115
PSD\ms\PSDrelative_ID_16_T0_OE.mat,ms_16,psd,OE,PSD_beta_rel,27x18,float32,0,0,0.1813831925392151,0.4988497793674469
PSD\ms\PSDrelative_ID_16_T0_OE.mat,ms_16,psd,OE,PSD_delta,27x18,float32,0,0,7.427330017089844,206.99501037597656
PSD\ms\PSDrelative_ID_16_T0_OE.mat,ms_16,psd,OE,PSD_delta_ROI,6x18,float32,0,0,16.512514114379883,173.2255096435547
PSD\ms\PSDrelative_ID_16_T0_OE.mat,ms_16,psd,OE,PSD_delta_ROI_rel,6x18,float32,0,0,0.048743754625320435,0.26238974928855896
PSD\ms\PSDrelative_ID_16_T0_OE.mat,ms_16,psd,OE,PSD_delta_alpha,27x18,float32,0,0,0.05905035510659218,6.062758445739746
PSD\ms\PSDrelative_ID_16_T0_OE.mat,ms_16,psd,OE,PSD_delta_alpha_ROI,6x18,float32,0,0,0.09689640253782272,3.2343757152557373
PSD\ms\PSDrelative_ID_16_T0_OE.mat,ms_16,psd,OE,PSD_delta_rel,27x18,float32,0,0,0.022504976019263268,0.4368296265602112
PSD\ms\PSDrelative_ID_16_T0_OE.mat,ms_16,psd,OE,PSD_gamma,27x18,float32,0,0,13.02976131439209,1329.0916748046875
PSD\ms\PSDrelative_ID_16_T0_OE.mat,ms_16,psd,OE,PSD_gamma_ROI,6x18,float32,0,0,20.36639404296875,258.8907165527344
PSD\ms\PSDrelative_ID_16_T0_OE.mat,ms_16,psd,OE,PSD_gamma_ROI_rel,6x18,float32,0,0,0.08354673534631729,0.2934913635253906
PSD\ms\PSDrelative_ID_16_T0_OE.mat,ms_16,psd,OE,PSD_gamma_rel,27x18,float32,0,0,0.03428048640489578,0.4859906733036041
PSD\ms\PSDrelative_ID_16_T0_OE.mat,ms_16,psd,OE,PSD_theta,27x18,float32,0,0,4.27086067199707,106.62305450439453
PSD\ms\PSDrelative_ID_16_T0_OE.mat,ms_16,psd,OE,PSD_theta_ROI,6x18,float32,0,0,7.694831848144531,82.11431121826172
PSD\ms\PSDrelative_ID_16_T0_OE.mat,ms_16,psd,OE,PSD_theta_ROI_rel,6x18,float32,0,0,0.04640379175543785,0.1335466504096985
PSD\ms\PSDrelative_ID_16_T0_OE.mat,ms_16,psd,OE,PSD_theta_alpha,27x18,float32,0,0,0.08514653146266937,1.4158848524093628
PSD\ms\PSDrelative_ID_16_T0_OE.mat,ms_16,psd,OE,PSD_theta_alpha_ROI,6x18,float32,0,0,0.11917727440595627,0.92645663022995
PSD\ms\PSDrelative_ID_16_T0_OE.mat,ms_16,psd,OE,PSD_theta_rel,27x18,float32,0,0,0.009659672155976295,0.18053355813026428
PSD\ms\PSDrelative_ID_16_T0_OE.mat,ms_16,psd,OE,PSD_tot,27x18,float32,0,0,74.3967514038086,2892.044677734375
PSD\ms\PSDrelative_ID_16_T0_OE.mat,ms_16,psd,OE,PSD_tot_ROI,6x18,float32,0,0,111.07064056396484,1099.9337158203125
PSD\ms\PSDrelative_ID_16_T0_OE.mat,ms_16,psd,OE,SFR,27x18,float32,0,0,0.06811009347438812,1.402538537979126
PSD\ms\PSDrelative_ID_16_T0_OE.mat,ms_16,psd,OE,SFR_ROI,6x18,float32,0,0,0.16891777515411377,0.8385526537895203
PSD\ms\PSDrelative_ID_17_T0_CE.mat,ms_17,psd,CE,PSD_alpha,27x18,float32,0,0,14.36490249633789,1740.1923828125
PSD\ms\PSDrelative_ID_17_T0_CE.mat,ms_17,psd,CE,PSD_alpha_ROI,6x18,float32,0,0,36.0987663269043,1546.6444091796875
PSD\ms\PSDrelative_ID_17_T0_CE.mat,ms_17,psd,CE,PSD_alpha_ROI_rel,6x18,float32,0,0,0.26922911405563354,0.7509984970092773
PSD\ms\PSDrelative_ID_17_T0_CE.mat,ms_17,psd,CE,PSD_alpha_rel,27x18,float32,0,0,0.0678984746336937,0.7633365392684937
PSD\ms\PSDrelative_ID_17_T0_CE.mat,ms_17,psd,CE,PSD_beta,27x18,float32,0,0,13.142258644104004,347.6174621582031
PSD\ms\PSDrelative_ID_17_T0_CE.mat,ms_17,psd,CE,PSD_beta_ROI,6x18,float32,0,0,17.550872802734375,299.7166748046875
PSD\ms\PSDrelative_ID_17_T0_CE.mat,ms_17,psd,CE,PSD_beta_ROI_rel,6x18,float32,0,0,0.1076943576335907,0.30033135414123535
PSD\ms\PSDrelative_ID_17_T0_CE.mat,ms_17,psd,CE,PSD_beta_rel,27x18,float32,0,0,0.09522842615842819,0.3541277050971985
PSD\ms\PSDrelative_ID_17_T0_CE.mat,ms_17,psd,CE,PSD_delta,27x18,float32,0,0,6.596238613128662,394.73895263671875
PSD\ms\PSDrelative_ID_17_T0_CE.mat,ms_17,psd,CE,PSD_delta_ROI,6x18,float32,0,0,8.582657814025879,265.79217529296875
PSD\ms\PSDrelative_ID_17_T0_CE.mat,ms_17,psd,CE,PSD_delta_ROI_rel,6x18,float32,0,0,0.04389758035540581,0.35918235778808594
PSD\ms\PSDrelative_ID_17_T0_CE.mat,ms_17,psd,CE,PSD_delta_alpha,27x18,float32,0,0,0.04982174560427666,7.466224670410156
PSD\ms\PSDrelative_ID_17_T0_CE.mat,ms_17,psd,CE,PSD_delta_alpha_ROI,6x18,float32,0,0,0.059903208166360855,2.979901075363159
PSD\ms\PSDrelative_ID_17_T0_CE.mat,ms_17,psd,CE,PSD_delta_rel,27x18,float32,0,0,0.035368409007787704,0.5728790163993835
PSD\ms\PSDrelative_ID_17_T0_CE.mat,ms_17,psd,CE,PSD_gamma,27x18,float32,0,0,1.727081298828125,173.313720703125
PSD\ms\PSDrelative_ID_17_T0_CE.mat,ms_17,psd,CE,PSD_gamma_ROI,6x18,float32,0,0,2.298078775405884,78.40553283691406
PSD\ms\PSDrelative_ID_17_T0_CE.mat,ms_17,psd,CE,PSD_gamma_ROI_rel,6x18,float32,0,0,0.014410627074539661,0.15639148652553558
PSD\ms\PSDrelative_ID_17_T0_CE.mat,ms_17,psd,CE,PSD_gamma_rel,27x18,float32,0,0,0.011751718819141388,0.24934706091880798
PSD\ms\PSDrelative_ID_17_T0_CE.mat,ms_17,psd,CE,PSD_theta,27x18,float32,0,0,7.455204010009766,229.7667999267578
PSD\ms\PSDrelative_ID_17_T0_CE.mat,ms_17,psd,CE,PSD_theta_ROI,6x18,float32,0,0,9.746147155761719,213.54066467285156
PSD\ms\PSDrelative_ID_17_T0_CE.mat,ms_17,psd,CE,PSD_theta_ROI_rel,6x18,float32,0,0,0.06872137635946274,0.16193068027496338
PSD\ms\PSDrelative_ID_17_T0_CE.mat,ms_17,psd,CE,PSD_theta_alpha,27x18,float32,0,0,0.07896844297647476,1.0539045333862305
PSD\ms\PSDrelative_ID_17_T0_CE.mat,ms_17,psd,CE,PSD_theta_alpha_ROI,6x18,float32,0,0,0.1025434210896492,0.5294829607009888
PSD\ms\PSDrelative_ID_17_T0_CE.mat,ms_17,psd,CE,PSD_theta_rel,27x18,float32,0,0,0.05546070262789726,0.21754780411720276
PSD\ms\PSDrelative_ID_17_T0_CE.mat,ms_17,psd,CE,PSD_tot,27x18,float32,0,0,53.311912536621094,2302.783935546875
PSD\ms\PSDrelative_ID_17_T0_CE.mat,ms_17,psd,CE,PSD_tot_ROI,6x18,float32,0,0,81.83991241455078,2058.995849609375
PSD\ms\PSDrelative_ID_17_T0_CE.mat,ms_17,psd,CE,SFR,27x18,float32,0,0,0.11035635322332382,2.908877372741699
PSD\ms\PSDrelative_ID_17_T0_CE.mat,ms_17,psd,CE,SFR_ROI,6x18,float32,0,0,0.13609904050827026,1.384078025817871
PSD\ms\PSDrelative_ID_17_T0_OE.mat,ms_17,psd,OE,PSD_alpha,27x18,float32,0,0,10.325221061706543,861.2943115234375
PSD\ms\PSDrelative_ID_17_T0_OE.mat,ms_17,psd,OE,PSD_alpha_ROI,6x18,float32,0,0,13.60329818725586,558.1056518554688
PSD\ms\PSDrelative_ID_17_T0_OE.mat,ms_17,psd,OE,PSD_alpha_ROI_rel,6x18,float32,0,0,0.10283920913934708,0.5832242369651794
PSD\ms\PSDrelative_ID_17_T0_OE.mat,ms_17,psd,OE,PSD_alpha_rel,27x18,float32,0,0,0.05731004849076271,0.665299654006958
PSD\ms\PSDrelative_ID_17_T0_OE.mat,ms_17,psd,OE,PSD_beta,27x18,float32,0,0,13.774349212646484,295.4755554199219
PSD\ms\PSDrelative_ID_17_T0_OE.mat,ms_17,psd,OE,PSD_beta_ROI,6x18,float32,0,0,20.6811466217041,220.7073974609375
PSD\ms\PSDrelative_ID_17_T0_OE.mat,ms_17,psd,OE,PSD_beta_ROI_rel,6x18,float32,0,0,0.20237548649311066,0.3999048173427582
PSD\ms\PSDrelative_ID_17_T0_OE.mat,ms_17,psd,OE,PSD_beta_rel,27x18,float32,0,0,0.16635391116142273,0.44679269194602966
PSD\ms\PSDrelative_ID_17_T0_OE.mat,ms_17,psd,OE,PSD_delta,27x18,float32,0,0,5.528154373168945,279.5909423828125
PSD\ms\PSDrelative_ID_17_T0_OE.mat,ms_17,psd,OE,PSD_delta_ROI,6x18,float32,0,0,6.946006774902344,137.8848114013672
PSD\ms\PSDrelative_ID_17_T0_OE.mat,ms_17,psd,OE,PSD_delta_ROI_rel,6x18,float32,0,0,0.050671521574258804,0.3074042797088623
PSD\ms\PSDrelative_ID_17_T0_OE.mat,ms_17,psd,OE,PSD_delta_alpha,27x18,float32,0,0,0.059160854667425156,5.613448619842529
PSD\ms\PSDrelative_ID_17_T0_OE.mat,ms_17,psd,OE,PSD_delta_alpha_ROI,6x18,float32,0,0,0.107631616294384,2.5652658939361572
PSD\ms\PSDrelative_ID_17_T0_OE.mat,ms_17,psd,OE,PSD_delta_rel,27x18,float32,0,0,0.0316690094769001,0.36982473731040955
PSD\ms\PSDrelative_ID_17_T0_OE.mat,ms_17,psd,OE,PSD_gamma,27x18,float32,0,0,3.580364227294922,298.2696838378906
PSD\ms\PSDrelative_ID_17_T0_OE.mat,ms_17,psd,OE,PSD_gamma_ROI,6x18,float32,0,0,9.01284122467041,195.9915313720703
PSD\ms\PSDrelative_ID_17_T0_OE.mat,ms_17,psd,OE,PSD_gamma_ROI_rel,6x18,float32,0,0,0.048493642359972,0.3230229914188385
PSD\ms\PSDrelative_ID_17_T0_OE.mat,ms_17,psd,OE,PSD_gamma_rel,27x18,float32,0,0,0.030678773298859596,0.41160905361175537
PSD\ms\PSDrelative_ID_17_T0_OE.mat,ms_17,psd,OE,PSD_theta,27x18,float32,0,0,6.258310317993164,134.19186401367188
PSD\ms\PSDrelative_ID_17_T0_OE.mat,ms_17,psd,OE,PSD_theta_ROI,6x18,float32,0,0,7.460755825042725,123.0357666015625
PSD\ms\PSDrelative_ID_17_T0_OE.mat,ms_17,psd,OE,PSD_theta_ROI_rel,6x18,float32,0,0,0.04821721091866493,0.16490837931632996
PSD\ms\PSDrelative_ID_17_T0_OE.mat,ms_17,psd,OE,PSD_theta_alpha,27x18,float32,0,0,0.07834165543317795,1.4714441299438477
PSD\ms\PSDrelative_ID_17_T0_OE.mat,ms_17,psd,OE,PSD_theta_alpha_ROI,6x18,float32,0,0,0.15703977644443512,0.8435378074645996
PSD\ms\PSDrelative_ID_17_T0_OE.mat,ms_17,psd,OE,PSD_theta_rel,27x18,float32,0,0,0.032293546944856644,0.21895967423915863
PSD\ms\PSDrelative_ID_17_T0_OE.mat,ms_17,psd,OE,PSD_tot,27x18,float32,0,0,45.72084426879883,1340.0513916015625
PSD\ms\PSDrelative_ID_17_T0_OE.mat,ms_17,psd,OE,PSD_tot_ROI,6x18,float32,0,0,66.5006103515625,1054.4788818359375
PSD\ms\PSDrelative_ID_17_T0_OE.mat,ms_17,psd,OE,SFR,27x18,float32,0,0,0.1071687787771225,1.2476089000701904
PSD\ms\PSDrelative_ID_17_T0_OE.mat,ms_17,psd,OE,SFR_ROI,6x18,float32,0,0,0.18860334157943726,0.8647660613059998
PSD\ms\PSDrelative_ID_18_T0_CE.mat,ms_18,psd,CE,PSD_alpha,27x18,float32,0,0,1.452834129333496,97.76158905029297
PSD\ms\PSDrelative_ID_18_T0_CE.mat,ms_18,psd,CE,PSD_alpha_ROI,6x18,float32,0,0,2.483677387237549,48.408023834228516
PSD\ms\PSDrelative_ID_18_T0_CE.mat,ms_18,psd,CE,PSD_alpha_ROI_rel,6x18,float32,0,0,0.10078766196966171,0.36576172709465027
PSD\ms\PSDrelative_ID_18_T0_CE.mat,ms_18,psd,CE,PSD_alpha_rel,27x18,float32,0,0,0.07478803396224976,0.4154064357280731
PSD\ms\PSDrelative_ID_18_T0_CE.mat,ms_18,psd,CE,PSD_beta,27x18,float32,0,0,2.5456435680389404,95.75980377197266
PSD\ms\PSDrelative_ID_18_T0_CE.mat,ms_18,psd,CE,PSD_beta_ROI,6x18,float32,0,0,4.275477886199951,47.10918045043945
PSD\ms\PSDrelative_ID_18_T0_CE.mat,ms_18,psd,CE,PSD_beta_ROI_rel,6x18,float32,0,0,0.1865174025297165,0.3680410385131836
PSD\ms\PSDrelative_ID_18_T0_CE.mat,ms_18,psd,CE,PSD_beta_rel,27x18,float32,0,0,0.14361992478370667,0.4095025062561035
PSD\ms\PSDrelative_ID_18_T0_CE.mat,ms_18,psd,CE,PSD_delta,27x18,float32,0,0,3.491067886352539,75.17776489257812
PSD\ms\PSDrelative_ID_18_T0_CE.mat,ms_18,psd,CE,PSD_delta_ROI,6x18,float32,0,0,5.5364532470703125,39.981563568115234
PSD\ms\PSDrelative_ID_18_T0_CE.mat,ms_18,psd,CE,PSD_delta_ROI_rel,6x18,float32,0,0,0.21782107651233673,0.46102026104927063
PSD\ms\PSDrelative_ID_18_T0_CE.mat,ms_18,psd,CE,PSD_delta_alpha,27x18,float32,0,0,0.5918307304382324,6.467548847198486
PSD\ms\PSDrelative_ID_18_T0_CE.mat,ms_18,psd,CE,PSD_delta_alpha_ROI,6x18,float32,0,0,0.855861246585846,3.702751874923706
PSD\ms\PSDrelative_ID_18_T0_CE.mat,ms_18,psd,CE,PSD_delta_rel,27x18,float32,0,0,0.17865745723247528,0.5892074704170227
PSD\ms\PSDrelative_ID_18_T0_CE.mat,ms_18,psd,CE,PSD_gamma,27x18,float32,0,0,1.0430907011032104,42.368621826171875
PSD\ms\PSDrelative_ID_18_T0_CE.mat,ms_18,psd,CE,PSD_gamma_ROI,6x18,float32,0,0,1.7382529973983765,19.205049514770508
PSD\ms\PSDrelative_ID_18_T0_CE.mat,ms_18,psd,CE,PSD_gamma_ROI_rel,6x18,float32,0,0,0.04216606542468071,0.2565963864326477
PSD\ms\PSDrelative_ID_18_T0_CE.mat,ms_18,psd,CE,PSD_gamma_rel,27x18,float32,0,0,0.03622576221823692,0.28694993257522583
PSD\ms\PSDrelative_ID_18_T0_CE.mat,ms_18,psd,CE,PSD_theta,27x18,float32,0,0,1.5118223428726196,49.6048698425293
PSD\ms\PSDrelative_ID_18_T0_CE.mat,ms_18,psd,CE,PSD_theta_ROI,6x18,float32,0,0,2.317338228225708,25.402626037597656
PSD\ms\PSDrelative_ID_18_T0_CE.mat,ms_18,psd,CE,PSD_theta_ROI_rel,6x18,float32,0,0,0.10817226022481918,0.23686407506465912
PSD\ms\PSDrelative_ID_18_T0_CE.mat,ms_18,psd,CE,PSD_theta_alpha,27x18,float32,0,0,0.26471081376075745,1.9815484285354614
PSD\ms\PSDrelative_ID_18_T0_CE.mat,ms_18,psd,CE,PSD_theta_alpha_ROI,6x18,float32,0,0,0.3323061168193817,1.7606592178344727
PSD\ms\PSDrelative_ID_18_T0_CE.mat,ms_18,psd,CE,PSD_theta_rel,27x18,float32,0,0,0.089853934943676,0.24100907146930695
PSD\ms\PSDrelative_ID_18_T0_CE.mat,ms_18,psd,CE,PSD_tot,27x18,float32,0,0,11.063433647155762,274.8653564453125
PSD\ms\PSDrelative_ID_18_T0_CE.mat,ms_18,psd,CE,PSD_tot_ROI,6x18,float32,0,0,18.070905685424805,139.29638671875
PSD\ms\PSDrelative_ID_18_T0_CE.mat,ms_18,psd,CE,SFR,27x18,float32,0,0,0.46128949522972107,3.0291454792022705
PSD\ms\PSDrelative_ID_18_T0_CE.mat,ms_18,psd,CE,SFR_ROI,6x18,float32,0,0,0.6371548771858215,1.8877029418945312
PSD\ms\PSDrelative_ID_18_T0_OE.mat,ms_18,psd,OE,PSD_alpha,27x18,float32,0,0,1.5720106363296509,56.945106506347656
PSD\ms\PSDrelative_ID_18_T0_OE.mat,ms_18,psd,OE,PSD_alpha_ROI,6x18,float32,0,0,1.9863592386245728,28.936914443969727
PSD\ms\PSDrelative_ID_18_T0_OE.mat,ms_18,psd,OE,PSD_alpha_ROI_rel,6x18,float32,0,0,0.069123275578022,0.21663808822631836
PSD\ms\PSDrelative_ID_18_T0_OE.mat,ms_18,psd,OE,PSD_alpha_rel,27x18,float32,0,0,0.06748213618993759,0.24477291107177734
PSD\ms\PSDrelative_ID_18_T0_OE.mat,ms_18,psd,OE,PSD_beta,27x18,float32,0,0,4.059482574462891,123.34503936767578
PSD\ms\PSDrelative_ID_18_T0_OE.mat,ms_18,psd,OE,PSD_beta_ROI,6x18,float32,0,0,5.592423915863037,74.78030395507812
PSD\ms\PSDrelative_ID_18_T0_OE.mat,ms_18,psd,OE,PSD_beta_ROI_rel,6x18,float32,0,0,0.17875324189662933,0.4447300136089325
PSD\ms\PSDrelative_ID_18_T0_OE.mat,ms_18,psd,OE,PSD_beta_rel,27x18,float32,0,0,0.12019407004117966,0.4563181400299072
PSD\ms\PSDrelative_ID_18_T0_OE.mat,ms_18,psd,OE,PSD_delta,27x18,float32,0,0,3.5218026638031006,106.81501007080078
PSD\ms\PSDrelative_ID_18_T0_OE.mat,ms_18,psd,OE,PSD_delta_ROI,6x18,float32,0,0,5.80577278137207,56.51194381713867
PSD\ms\PSDrelative_ID_18_T0_OE.mat,ms_18,psd,OE,PSD_delta_ROI_rel,6x18,float32,0,0,0.10144981741905212,0.5527355074882507
PSD\ms\PSDrelative_ID_18_T0_OE.mat,ms_18,psd,OE,PSD_delta_alpha,27x18,float32,0,0,0.8944050073623657,8.209038734436035
PSD\ms\PSDrelative_ID_18_T0_OE.mat,ms_18,psd,OE,PSD_delta_alpha_ROI,6x18,float32,0,0,1.0641669034957886,6.401320934295654
PSD\ms\PSDrelative_ID_18_T0_OE.mat,ms_18,psd,OE,PSD_delta_rel,27x18,float32,0,0,0.08880417793989182,0.5936073064804077
PSD\ms\PSDrelative_ID_18_T0_OE.mat,ms_18,psd,OE,PSD_gamma,27x18,float32,0,0,1.6498914957046509,74.49121856689453
PSD\ms\PSDrelative_ID_18_T0_OE.mat,ms_18,psd,OE,PSD_gamma_ROI,6x18,float32,0,0,2.365741491317749,45.25340270996094
PSD\ms\PSDrelative_ID_18_T0_OE.mat,ms_18,psd,OE,PSD_gamma_ROI_rel,6x18,float32,0,0,0.0560721755027771,0.32354089617729187
PSD\ms\PSDrelative_ID_18_T0_OE.mat,ms_18,psd,OE,PSD_gamma_rel,27x18,float32,0,0,0.04302726686000824,0.32667088508605957
PSD\ms\PSDrelative_ID_18_T0_OE.mat,ms_18,psd,OE,PSD_theta,27x18,float32,0,0,1.4327033758163452,77.62686920166016
PSD\ms\PSDrelative_ID_18_T0_OE.mat,ms_18,psd,OE,PSD_theta_ROI,6x18,float32,0,0,2.8572590351104736,38.74704360961914
PSD\ms\PSDrelative_ID_18_T0_OE.mat,ms_18,psd,OE,PSD_theta_ROI_rel,6x18,float32,0,0,0.06340976059436798,0.22474421560764313
PSD\ms\PSDrelative_ID_18_T0_OE.mat,ms_18,psd,OE,PSD_theta_alpha,27x18,float32,0,0,0.5376152396202087,2.4558520317077637
PSD\ms\PSDrelative_ID_18_T0_OE.mat,ms_18,psd,OE,PSD_theta_alpha_ROI,6x18,float32,0,0,0.7320467829704285,1.940987229347229
PSD\ms\PSDrelative_ID_18_T0_OE.mat,ms_18,psd,OE,PSD_theta_rel,27x18,float32,0,0,0.059834275394678116,0.2643251419067383
PSD\ms\PSDrelative_ID_18_T0_OE.mat,ms_18,psd,OE,PSD_tot,27x18,float32,0,0,15.234722137451172,293.6794738769531
PSD\ms\PSDrelative_ID_18_T0_OE.mat,ms_18,psd,OE,PSD_tot_ROI,6x18,float32,0,0,22.153127670288086,166.6110076904297
PSD\ms\PSDrelative_ID_18_T0_OE.mat,ms_18,psd,OE,SFR,27x18,float32,0,0,0.3211459815502167,3.290764570236206
PSD\ms\PSDrelative_ID_18_T0_OE.mat,ms_18,psd,OE,SFR_ROI,6x18,float32,0,0,0.3536379635334015,2.557379961013794
PSD\ms\PSDrelative_ID_19_T0_CE.mat,ms_19,psd,CE,PSD_alpha,27x18,float32,0,0,38.02699279785156,1425.683349609375
PSD\ms\PSDrelative_ID_19_T0_CE.mat,ms_19,psd,CE,PSD_alpha_ROI,6x18,float32,0,0,49.53596878051758,1009.4165649414062
PSD\ms\PSDrelative_ID_19_T0_CE.mat,ms_19,psd,CE,PSD_alpha_ROI_rel,6x18,float32,0,0,0.021808316931128502,0.13445371389389038
PSD\ms\PSDrelative_ID_19_T0_CE.mat,ms_19,psd,CE,PSD_alpha_rel,27x18,float32,0,0,0.018910670652985573,0.18390530347824097
PSD\ms\PSDrelative_ID_19_T0_CE.mat,ms_19,psd,CE,PSD_beta,27x18,float32,0,0,148.68252563476562,1410.63916015625
PSD\ms\PSDrelative_ID_19_T0_CE.mat,ms_19,psd,CE,PSD_beta_ROI,6x18,float32,0,0,185.9295654296875,696.3590698242188
PSD\ms\PSDrelative_ID_19_T0_CE.mat,ms_19,psd,CE,PSD_beta_ROI_rel,6x18,float32,0,0,0.0383293591439724,0.2596108019351959
PSD\ms\PSDrelative_ID_19_T0_CE.mat,ms_19,psd,CE,PSD_beta_rel,27x18,float32,0,0,0.02644628845155239,0.29967111349105835
PSD\ms\PSDrelative_ID_19_T0_CE.mat,ms_19,psd,CE,PSD_delta,27x18,float32,0,0,403.8630065917969,8230.837890625
PSD\ms\PSDrelative_ID_19_T0_CE.mat,ms_19,psd,CE,PSD_delta_ROI,6x18,float32,0,0,453.8595275878906,6337.4765625
PSD\ms\PSDrelative_ID_19_T0_CE.mat,ms_19,psd,CE,PSD_delta_ROI_rel,6x18,float32,0,0,0.3125375211238861,0.7136576175689697
PSD\ms\PSDrelative_ID_19_T0_CE.mat,ms_19,psd,CE,PSD_delta_alpha,27x18,float32,0,0,1.641046404838562,36.507781982421875
PSD\ms\PSDrelative_ID_19_T0_CE.mat,ms_19,psd,CE,PSD_delta_alpha_ROI,6x18,float32,0,0,2.6388251781463623,32.53024673461914
PSD\ms\PSDrelative_ID_19_T0_CE.mat,ms_19,psd,CE,PSD_delta_rel,27x18,float32,0,0,0.20614968240261078,0.7675676941871643
PSD\ms\PSDrelative_ID_19_T0_CE.mat,ms_19,psd,CE,PSD_gamma,27x18,float32,0,0,104.67639923095703,1831.7745361328125
PSD\ms\PSDrelative_ID_19_T0_CE.mat,ms_19,psd,CE,PSD_gamma_ROI,6x18,float32,0,0,148.06101989746094,838.6025390625
PSD\ms\PSDrelative_ID_19_T0_CE.mat,ms_19,psd,CE,PSD_gamma_ROI_rel,6x18,float32,0,0,0.021583760157227516,0.24705572426319122
PSD\ms\PSDrelative_ID_19_T0_CE.mat,ms_19,psd,CE,PSD_gamma_rel,27x18,float32,0,0,0.016604535281658173,0.3728269040584564
PSD\ms\PSDrelative_ID_19_T0_CE.mat,ms_19,psd,CE,PSD_theta,27x18,float32,0,0,169.95361328125,6512.625
PSD\ms\PSDrelative_ID_19_T0_CE.mat,ms_19,psd,CE,PSD_theta_ROI,6x18,float32,0,0,245.91368103027344,4624.60595703125
PSD\ms\PSDrelative_ID_19_T0_CE.mat,ms_19,psd,CE,PSD_theta_ROI_rel,6x18,float32,0,0,0.132703498005867,0.45391765236854553
PSD\ms\PSDrelative_ID_19_T0_CE.mat,ms_19,psd,CE,PSD_theta_alpha,27x18,float32,0,0,1.8015199899673462,10.218994140625
PSD\ms\PSDrelative_ID_19_T0_CE.mat,ms_19,psd,CE,PSD_theta_alpha_ROI,6x18,float32,0,0,2.7709434032440186,7.634304523468018
PSD\ms\PSDrelative_ID_19_T0_CE.mat,ms_19,psd,CE,PSD_theta_rel,27x18,float32,0,0,0.1002819612622261,0.5189359188079834
PSD\ms\PSDrelative_ID_19_T0_CE.mat,ms_19,psd,CE,PSD_tot,27x18,float32,0,0,1051.581298828125,14956.7978515625
PSD\ms\PSDrelative_ID_19_T0_CE.mat,ms_19,psd,CE,PSD_tot_ROI,6x18,float32,0,0,1257.4796142578125,12002.3056640625
PSD\ms\PSDrelative_ID_19_T0_CE.mat,ms_19,psd,CE,SFR,27x18,float32,0,0,0.9408919811248779,13.27806282043457
PSD\ms\PSDrelative_ID_19_T0_CE.mat,ms_19,psd,CE,SFR_ROI,6x18,float32,0,0,1.813498854637146,10.033392906188965
PSD\ms\PSDrelative_ID_19_T0_OE.mat,ms_19,psd,OE,PSD_alpha,27x18,float32,0,0,56.611724853515625,1327.147705078125
PSD\ms\PSDrelative_ID_19_T0_OE.mat,ms_19,psd,OE,PSD_alpha_ROI,6x18,float32,0,0,69.58609771728516,1024.287353515625
PSD\ms\PSDrelative_ID_19_T0_OE.mat,ms_19,psd,OE,PSD_alpha_ROI_rel,6x18,float32,0,0,0.014702017419040203,0.11248115450143814
PSD\ms\PSDrelative_ID_19_T0_OE.mat,ms_19,psd,OE,PSD_alpha_rel,27x18,float32,0,0,0.012500130571424961,0.13740111887454987
PSD\ms\PSDrelative_ID_19_T0_OE.mat,ms_19,psd,OE,PSD_beta,27x18,float32,0,0,421.8518371582031,1537.7811279296875
PSD\ms\PSDrelative_ID_19_T0_OE.mat,ms_19,psd,OE,PSD_beta_ROI,6x18,float32,0,0,532.0603637695312,1188.6749267578125
PSD\ms\PSDrelative_ID_19_T0_OE.mat,ms_19,psd,OE,PSD_beta_ROI_rel,6x18,float32,0,0,0.06115412339568138,0.42096129059791565
PSD\ms\PSDrelative_ID_19_T0_OE.mat,ms_19,psd,OE,PSD_beta_rel,27x18,float32,0,0,0.056021567434072495,0.47333917021751404
PSD\ms\PSDrelative_ID_19_T0_OE.mat,ms_19,psd,OE,PSD_delta,27x18,float32,0,0,177.17031860351562,8740.4423828125
PSD\ms\PSDrelative_ID_19_T0_OE.mat,ms_19,psd,OE,PSD_delta_ROI,6x18,float32,0,0,203.45542907714844,8148.91162109375
PSD\ms\PSDrelative_ID_19_T0_OE.mat,ms_19,psd,OE,PSD_delta_ROI_rel,6x18,float32,0,0,0.1348041296005249,0.7526184916496277
PSD\ms\PSDrelative_ID_19_T0_OE.mat,ms_19,psd,OE,PSD_delta_alpha,27x18,float32,0,0,1.160470962524414,59.18198776245117
PSD\ms\PSDrelative_ID_19_T0_OE.mat,ms_19,psd,OE,PSD_delta_alpha_ROI,6x18,float32,0,0,1.9355920553207397,51.60920715332031
PSD\ms\PSDrelative_ID_19_T0_OE.mat,ms_19,psd,OE,PSD_delta_rel,27x18,float32,0,0,0.08519362658262253,0.7899785041809082
PSD\ms\PSDrelative_ID_19_T0_OE.mat,ms_19,psd,OE,PSD_gamma,27x18,float32,0,0,286.0086975097656,1680.283935546875
PSD\ms\PSDrelative_ID_19_T0_OE.mat,ms_19,psd,OE,PSD_gamma_ROI,6x18,float32,0,0,378.6009826660156,1425.2454833984375
PSD\ms\PSDrelative_ID_19_T0_OE.mat,ms_19,psd,OE,PSD_gamma_ROI_rel,6x18,float32,0,0,0.038609594106674194,0.3145890533924103
PSD\ms\PSDrelative_ID_19_T0_OE.mat,ms_19,psd,OE,PSD_gamma_rel,27x18,float32,0,0,0.03501371666789055,0.3296186625957489
PSD\ms\PSDrelative_ID_19_T0_OE.mat,ms_19,psd,OE,PSD_theta,27x18,float32,0,0,193.30572509765625,5167.359375
PSD\ms\PSDrelative_ID_19_T0_OE.mat,ms_19,psd,OE,PSD_theta_ROI,6x18,float32,0,0,279.7851257324219,3339.177001953125
PSD\ms\PSDrelative_ID_19_T0_OE.mat,ms_19,psd,OE,PSD_theta_ROI_rel,6x18,float32,0,0,0.07559231668710709,0.44420742988586426
PSD\ms\PSDrelative_ID_19_T0_OE.mat,ms_19,psd,OE,PSD_theta_alpha,27x18,float32,0,0,1.8549476861953735,9.895150184631348
PSD\ms\PSDrelative_ID_19_T0_OE.mat,ms_19,psd,OE,PSD_theta_alpha_ROI,6x18,float32,0,0,2.3793869018554688,8.230379104614258
PSD\ms\PSDrelative_ID_19_T0_OE.mat,ms_19,psd,OE,PSD_theta_rel,27x18,float32,0,0,0.06330551952123642,0.4778282046318054
PSD\ms\PSDrelative_ID_19_T0_OE.mat,ms_19,psd,OE,PSD_tot,27x18,float32,0,0,1246.3748779296875,16119.951171875
PSD\ms\PSDrelative_ID_19_T0_OE.mat,ms_19,psd,OE,PSD_tot_ROI,6x18,float32,0,0,1537.73681640625,12605.6279296875
PSD\ms\PSDrelative_ID_19_T0_OE.mat,ms_19,psd,OE,SFR,27x18,float32,0,0,0.41612839698791504,9.66919994354248
PSD\ms\PSDrelative_ID_19_T0_OE.mat,ms_19,psd,OE,SFR_ROI,6x18,float32,0,0,0.7003187537193298,8.993732452392578
PSD\ms\PSDrelative_ID_20_T0_CE.mat,ms_20,psd,CE,PSD_alpha,27x18,float32,0,0,40.8808479309082,782.8468627929688
PSD\ms\PSDrelative_ID_20_T0_CE.mat,ms_20,psd,CE,PSD_alpha_ROI,6x18,float32,0,0,65.68716430664062,736.6690063476562
PSD\ms\PSDrelative_ID_20_T0_CE.mat,ms_20,psd,CE,PSD_alpha_ROI_rel,6x18,float32,0,0,0.0443870835006237,0.16665880382061005
PSD\ms\PSDrelative_ID_20_T0_CE.mat,ms_20,psd,CE,PSD_alpha_rel,27x18,float32,0,0,0.02308739349246025,0.19743959605693817
PSD\ms\PSDrelative_ID_20_T0_CE.mat,ms_20,psd,CE,PSD_beta,27x18,float32,0,0,16.897056579589844,336.36053466796875
PSD\ms\PSDrelative_ID_20_T0_CE.mat,ms_20,psd,CE,PSD_beta_ROI,6x18,float32,0,0,35.31256103515625,258.5970764160156
PSD\ms\PSDrelative_ID_20_T0_CE.mat,ms_20,psd,CE,PSD_beta_ROI_rel,6x18,float32,0,0,0.023259811103343964,0.07257606089115143
PSD\ms\PSDrelative_ID_20_T0_CE.mat,ms_20,psd,CE,PSD_beta_rel,27x18,float32,0,0,0.013112192042171955,0.0924370065331459
PSD\ms\PSDrelative_ID_20_T0_CE.mat,ms_20,psd,CE,PSD_delta,27x18,float32,0,0,239.58746337890625,7637.9658203125
PSD\ms\PSDrelative_ID_20_T0_CE.mat,ms_20,psd,CE,PSD_delta_ROI,6x18,float32,0,0,471.8653259277344,4916.7734375
PSD\ms\PSDrelative_ID_20_T0_CE.mat,ms_20,psd,CE,PSD_delta_ROI_rel,6x18,float32,0,0,0.3949425220489502,0.7592827677726746
PSD\ms\PSDrelative_ID_20_T0_CE.mat,ms_20,psd,CE,PSD_delta_alpha,27x18,float32,0,0,1.972550392150879,35.035972595214844
PSD\ms\PSDrelative_ID_20_T0_CE.mat,ms_20,psd,CE,PSD_delta_alpha_ROI,6x18,float32,0,0,2.670820951461792,18.972925186157227
PSD\ms\PSDrelative_ID_20_T0_CE.mat,ms_20,psd,CE,PSD_delta_rel,27x18,float32,0,0,0.33757269382476807,0.8329728841781616
PSD\ms\PSDrelative_ID_20_T0_CE.mat,ms_20,psd,CE,PSD_gamma,27x18,float32,0,0,2.7993807792663574,192.38722229003906
PSD\ms\PSDrelative_ID_20_T0_CE.mat,ms_20,psd,CE,PSD_gamma_ROI,6x18,float32,0,0,4.57609224319458,114.1319580078125
PSD\ms\PSDrelative_ID_20_T0_CE.mat,ms_20,psd,CE,PSD_gamma_ROI_rel,6x18,float32,0,0,0.0024851711932569742,0.026189684867858887
PSD\ms\PSDrelative_ID_20_T0_CE.mat,ms_20,psd,CE,PSD_gamma_rel,27x18,float32,0,0,0.001631813938729465,0.04917433485388756
PSD\ms\PSDrelative_ID_20_T0_CE.mat,ms_20,psd,CE,PSD_theta,27x18,float32,0,0,93.57614135742188,2942.09033203125
PSD\ms\PSDrelative_ID_20_T0_CE.mat,ms_20,psd,CE,PSD_theta_ROI,6x18,float32,0,0,158.4731903076172,2172.919189453125
PSD\ms\PSDrelative_ID_20_T0_CE.mat,ms_20,psd,CE,PSD_theta_ROI_rel,6x18,float32,0,0,0.16283100843429565,0.40595075488090515
PSD\ms\PSDrelative_ID_20_T0_CE.mat,ms_20,psd,CE,PSD_theta_alpha,27x18,float32,0,0,1.4821481704711914,7.19045352935791
PSD\ms\PSDrelative_ID_20_T0_CE.mat,ms_20,psd,CE,PSD_theta_alpha_ROI,6x18,float32,0,0,1.7830419540405273,4.835916519165039
PSD\ms\PSDrelative_ID_20_T0_CE.mat,ms_20,psd,CE,PSD_theta_rel,27x18,float32,0,0,0.10596399754285812,0.4666409194469452
PSD\ms\PSDrelative_ID_20_T0_CE.mat,ms_20,psd,CE,PSD_tot,27x18,float32,0,0,440.3446960449219,9927.537109375
PSD\ms\PSDrelative_ID_20_T0_CE.mat,ms_20,psd,CE,PSD_tot_ROI,6x18,float32,0,0,781.9640502929688,7627.890625
PSD\ms\PSDrelative_ID_20_T0_CE.mat,ms_20,psd,CE,SFR,27x18,float32,0,0,2.7401397228240967,25.0773983001709
PSD\ms\PSDrelative_ID_20_T0_CE.mat,ms_20,psd,CE,SFR_ROI,6x18,float32,0,0,3.3705074787139893,14.958390235900879
PSD\ms\PSDrelative_ID_20_T0_OE.mat,ms_20,psd,OE,PSD_alpha,27x18,float32,0,0,28.587512969970703,597.3380737304688
PSD\ms\PSDrelative_ID_20_T0_OE.mat,ms_20,psd,OE,PSD_alpha_ROI,6x18,float32,0,0,38.876102447509766,480.0862731933594
PSD\ms\PSDrelative_ID_20_T0_OE.mat,ms_20,psd,OE,PSD_alpha_ROI_rel,6x18,float32,0,0,0.06920081377029419,0.21392780542373657
PSD\ms\PSDrelative_ID_20_T0_OE.mat,ms_20,psd,OE,PSD_alpha_rel,27x18,float32,0,0,0.03121424838900566,0.25574761629104614
PSD\ms\PSDrelative_ID_20_T0_OE.mat,ms_20,psd,OE,PSD_beta,27x18,float32,0,0,19.08584213256836,350.2630615234375
PSD\ms\PSDrelative_ID_20_T0_OE.mat,ms_20,psd,OE,PSD_beta_ROI,6x18,float32,0,0,41.17232894897461,265.370849609375
PSD\ms\PSDrelative_ID_20_T0_OE.mat,ms_20,psd,OE,PSD_beta_ROI_rel,6x18,float32,0,0,0.04126162454485893,0.13273753225803375
PSD\ms\PSDrelative_ID_20_T0_OE.mat,ms_20,psd,OE,PSD_beta_rel,27x18,float32,0,0,0.016065647825598717,0.17620189487934113
PSD\ms\PSDrelative_ID_20_T0_OE.mat,ms_20,psd,OE,PSD_delta,27x18,float32,0,0,84.90739440917969,5836.37744140625
PSD\ms\PSDrelative_ID_20_T0_OE.mat,ms_20,psd,OE,PSD_delta_ROI,6x18,float32,0,0,154.95249938964844,2967.658935546875
PSD\ms\PSDrelative_ID_20_T0_OE.mat,ms_20,psd,OE,PSD_delta_ROI_rel,6x18,float32,0,0,0.2880654036998749,0.6826050877571106
PSD\ms\PSDrelative_ID_20_T0_OE.mat,ms_20,psd,OE,PSD_delta_alpha,27x18,float32,0,0,1.3131673336029053,26.7572078704834
PSD\ms\PSDrelative_ID_20_T0_OE.mat,ms_20,psd,OE,PSD_delta_alpha_ROI,6x18,float32,0,0,1.6876188516616821,10.06360149383545
PSD\ms\PSDrelative_ID_20_T0_OE.mat,ms_20,psd,OE,PSD_delta_rel,27x18,float32,0,0,0.24508951604366302,0.8353467583656311
PSD\ms\PSDrelative_ID_20_T0_OE.mat,ms_20,psd,OE,PSD_gamma,27x18,float32,0,0,4.219671726226807,312.5253601074219
PSD\ms\PSDrelative_ID_20_T0_OE.mat,ms_20,psd,OE,PSD_gamma_ROI,6x18,float32,0,0,10.436165809631348,170.7229766845703
PSD\ms\PSDrelative_ID_20_T0_OE.mat,ms_20,psd,OE,PSD_gamma_ROI_rel,6x18,float32,0,0,0.009218499064445496,0.07159494608640671
PSD\ms\PSDrelative_ID_20_T0_OE.mat,ms_20,psd,OE,PSD_gamma_rel,27x18,float32,0,0,0.006175159942358732,0.13189880549907684
PSD\ms\PSDrelative_ID_20_T0_OE.mat,ms_20,psd,OE,PSD_theta,27x18,float32,0,0,43.86577224731445,1478.828125
PSD\ms\PSDrelative_ID_20_T0_OE.mat,ms_20,psd,OE,PSD_theta_ROI,6x18,float32,0,0,73.0082778930664,1185.2921142578125
PSD\ms\PSDrelative_ID_20_T0_OE.mat,ms_20,psd,OE,PSD_theta_ROI_rel,6x18,float32,0,0,0.16363801062107086,0.4244544506072998
PSD\ms\PSDrelative_ID_20_T0_OE.mat,ms_20,psd,OE,PSD_theta_alpha,27x18,float32,0,0,1.130486011505127,5.0164475440979
PSD\ms\PSDrelative_ID_20_T0_OE.mat,ms_20,psd,OE,PSD_theta_alpha_ROI,6x18,float32,0,0,1.2996593713760376,4.187058925628662
PSD\ms\PSDrelative_ID_20_T0_OE.mat,ms_20,psd,OE,PSD_theta_rel,27x18,float32,0,0,0.09046424925327301,0.5014225244522095
PSD\ms\PSDrelative_ID_20_T0_OE.mat,ms_20,psd,OE,PSD_tot,27x18,float32,0,0,189.67784118652344,6987.94873046875
PSD\ms\PSDrelative_ID_20_T0_OE.mat,ms_20,psd,OE,PSD_tot_ROI,6x18,float32,0,0,370.3016052246094,4401.33642578125
PSD\ms\PSDrelative_ID_20_T0_OE.mat,ms_20,psd,OE,SFR,27x18,float32,0,0,1.866858720779419,20.11130142211914
PSD\ms\PSDrelative_ID_20_T0_OE.mat,ms_20,psd,OE,SFR_ROI,6x18,float32,0,0,2.3993780612945557,8.462126731872559
PSD\ms\PSDrelative_ID_21_T0_CE.mat,ms_21,psd,CE,PSD_alpha,27x18,float32,0,0,4.733838081359863,1853.9852294921875
PSD\ms\PSDrelative_ID_21_T0_CE.mat,ms_21,psd,CE,PSD_alpha_ROI,6x18,float32,0,0,20.425674438476562,1576.43115234375
PSD\ms\PSDrelative_ID_21_T0_CE.mat,ms_21,psd,CE,PSD_alpha_ROI_rel,6x18,float32,0,0,0.19756656885147095,0.8166796565055847
PSD\ms\PSDrelative_ID_21_T0_CE.mat,ms_21,psd,CE,PSD_alpha_rel,27x18,float32,0,0,0.05381946265697479,0.8303911089897156
PSD\ms\PSDrelative_ID_21_T0_CE.mat,ms_21,psd,CE,PSD_beta,27x18,float32,0,0,7.7662739753723145,413.21630859375
PSD\ms\PSDrelative_ID_21_T0_CE.mat,ms_21,psd,CE,PSD_beta_ROI,6x18,float32,0,0,35.40562057495117,369.91015625
PSD\ms\PSDrelative_ID_21_T0_CE.mat,ms_21,psd,CE,PSD_beta_ROI_rel,6x18,float32,0,0,0.10375505685806274,0.5521567463874817
PSD\ms\PSDrelative_ID_21_T0_CE.mat,ms_21,psd,CE,PSD_beta_rel,27x18,float32,0,0,0.09588965028524399,0.6061105728149414
PSD\ms\PSDrelative_ID_21_T0_CE.mat,ms_21,psd,CE,PSD_delta,27x18,float32,0,0,2.229806900024414,946.9928588867188
PSD\ms\PSDrelative_ID_21_T0_CE.mat,ms_21,psd,CE,PSD_delta_ROI,6x18,float32,0,0,12.547406196594238,377.1932373046875
PSD\ms\PSDrelative_ID_21_T0_CE.mat,ms_21,psd,CE,PSD_delta_ROI_rel,6x18,float32,0,0,0.028436793014407158,0.3366367518901825
PSD\ms\PSDrelative_ID_21_T0_CE.mat,ms_21,psd,CE,PSD_delta_alpha,27x18,float32,0,0,0.026275675743818283,14.722979545593262
PSD\ms\PSDrelative_ID_21_T0_CE.mat,ms_21,psd,CE,PSD_delta_alpha_ROI,6x18,float32,0,0,0.03479360416531563,2.595611572265625
PSD\ms\PSDrelative_ID_21_T0_CE.mat,ms_21,psd,CE,PSD_delta_rel,27x18,float32,0,0,0.020256711170077324,0.7923828363418579
PSD\ms\PSDrelative_ID_21_T0_CE.mat,ms_21,psd,CE,PSD_gamma,27x18,float32,0,0,1.0796334743499756,93.14641571044922
PSD\ms\PSDrelative_ID_21_T0_CE.mat,ms_21,psd,CE,PSD_gamma_ROI,6x18,float32,0,0,4.52727746963501,65.69760131835938
PSD\ms\PSDrelative_ID_21_T0_CE.mat,ms_21,psd,CE,PSD_gamma_ROI_rel,6x18,float32,0,0,0.017999961972236633,0.11269567161798477
PSD\ms\PSDrelative_ID_21_T0_CE.mat,ms_21,psd,CE,PSD_gamma_rel,27x18,float32,0,0,0.009747636504471302,0.25373318791389465
PSD\ms\PSDrelative_ID_21_T0_CE.mat,ms_21,psd,CE,PSD_theta,27x18,float32,0,0,1.3405349254608154,180.4990692138672
PSD\ms\PSDrelative_ID_21_T0_CE.mat,ms_21,psd,CE,PSD_theta_ROI,6x18,float32,0,0,6.286075592041016,147.25146484375
PSD\ms\PSDrelative_ID_21_T0_CE.mat,ms_21,psd,CE,PSD_theta_ROI_rel,6x18,float32,0,0,0.029224663972854614,0.14761899411678314
PSD\ms\PSDrelative_ID_21_T0_CE.mat,ms_21,psd,CE,PSD_theta_alpha,27x18,float32,0,0,0.03052343614399433,0.726744532585144
PSD\ms\PSDrelative_ID_21_T0_CE.mat,ms_21,psd,CE,PSD_theta_alpha_ROI,6x18,float32,0,0,0.03940512239933014,0.40709078311920166
PSD\ms\PSDrelative_ID_21_T0_CE.mat,ms_21,psd,CE,PSD_theta_rel,27x18,float32,0,0,0.014899957925081253,0.2164841592311859
PSD\ms\PSDrelative_ID_21_T0_CE.mat,ms_21,psd,CE,PSD_tot,27x18,float32,0,0,19.613176345825195,2404.867919921875
PSD\ms\PSDrelative_ID_21_T0_CE.mat,ms_21,psd,CE,PSD_tot_ROI,6x18,float32,0,0,89.9796371459961,1929.0472412109375
PSD\ms\PSDrelative_ID_21_T0_CE.mat,ms_21,psd,CE,SFR,27x18,float32,0,0,0.05126684531569481,5.362605571746826
PSD\ms\PSDrelative_ID_21_T0_CE.mat,ms_21,psd,CE,SFR_ROI,6x18,float32,0,0,0.0650419220328331,1.159286618232727
PSD\ms\PSDrelative_ID_21_T0_OE.mat,ms_21,psd,OE,PSD_alpha,27x18,float32,0,0,3.8182802200317383,278.96746826171875
PSD\ms\PSDrelative_ID_21_T0_OE.mat,ms_21,psd,OE,PSD_alpha_ROI,6x18,float32,0,0,19.978656768798828,217.98065185546875
PSD\ms\PSDrelative_ID_21_T0_OE.mat,ms_21,psd,OE,PSD_alpha_ROI_rel,6x18,float32,0,0,0.12182152271270752,0.36897626519203186
PSD\ms\PSDrelative_ID_21_T0_OE.mat,ms_21,psd,OE,PSD_alpha_rel,27x18,float32,0,0,0.0090400455519557,0.4203191101551056
PSD\ms\PSDrelative_ID_21_T0_OE.mat,ms_21,psd,OE,PSD_beta,27x18,float32,0,0,9.9645414352417,472.8425598144531
PSD\ms\PSDrelative_ID_21_T0_OE.mat,ms_21,psd,OE,PSD_beta_ROI,6x18,float32,0,0,40.884368896484375,346.9537353515625
PSD\ms\PSDrelative_ID_21_T0_OE.mat,ms_21,psd,OE,PSD_beta_ROI_rel,6x18,float32,0,0,0.36479881405830383,0.5537636280059814
PSD\ms\PSDrelative_ID_21_T0_OE.mat,ms_21,psd,OE,PSD_beta_rel,27x18,float32,0,0,0.035805925726890564,0.6415738463401794
PSD\ms\PSDrelative_ID_21_T0_OE.mat,ms_21,psd,OE,PSD_delta,27x18,float32,0,0,2.6958229541778564,4917.49560546875
PSD\ms\PSDrelative_ID_21_T0_OE.mat,ms_21,psd,OE,PSD_delta_ROI,6x18,float32,0,0,10.666136741638184,849.5364379882812
PSD\ms\PSDrelative_ID_21_T0_OE.mat,ms_21,psd,OE,PSD_delta_ROI_rel,6x18,float32,0,0,0.0654955729842186,0.24537014961242676
PSD\ms\PSDrelative_ID_21_T0_OE.mat,ms_21,psd,OE,PSD_delta_alpha,27x18,float32,0,0,0.14742852747440338,99.13825225830078
PSD\ms\PSDrelative_ID_21_T0_OE.mat,ms_21,psd,OE,PSD_delta_alpha_ROI,6x18,float32,0,0,0.22531361877918243,16.900238037109375
PSD\ms\PSDrelative_ID_21_T0_OE.mat,ms_21,psd,OE,PSD_delta_rel,27x18,float32,0,0,0.03840549662709236,0.9198563098907471
PSD\ms\PSDrelative_ID_21_T0_OE.mat,ms_21,psd,OE,PSD_gamma,27x18,float32,0,0,2.9471917152404785,309.39227294921875
PSD\ms\PSDrelative_ID_21_T0_OE.mat,ms_21,psd,OE,PSD_gamma_ROI,6x18,float32,0,0,8.727672576904297,116.0244140625
PSD\ms\PSDrelative_ID_21_T0_OE.mat,ms_21,psd,OE,PSD_gamma_ROI_rel,6x18,float32,0,0,0.06876706331968307,0.21810118854045868
PSD\ms\PSDrelative_ID_21_T0_OE.mat,ms_21,psd,OE,PSD_gamma_rel,27x18,float32,0,0,0.024488452821969986,0.4120578169822693
PSD\ms\PSDrelative_ID_21_T0_OE.mat,ms_21,psd,OE,PSD_theta,27x18,float32,0,0,1.4896851778030396,71.9195785522461
PSD\ms\PSDrelative_ID_21_T0_OE.mat,ms_21,psd,OE,PSD_theta_ROI,6x18,float32,0,0,7.09670877456665,52.61371994018555
PSD\ms\PSDrelative_ID_21_T0_OE.mat,ms_21,psd,OE,PSD_theta_ROI_rel,6x18,float32,0,0,0.0391894169151783,0.11810853332281113
PSD\ms\PSDrelative_ID_21_T0_OE.mat,ms_21,psd,OE,PSD_theta_alpha,27x18,float32,0,0,0.12678198516368866,1.2441548109054565
PSD\ms\PSDrelative_ID_21_T0_OE.mat,ms_21,psd,OE,PSD_theta_alpha_ROI,6x18,float32,0,0,0.1594475656747818,0.6052490472793579
PSD\ms\PSDrelative_ID_21_T0_OE.mat,ms_21,psd,OE,PSD_theta_rel,27x18,float32,0,0,0.008765319362282753,0.16211716830730438
PSD\ms\PSDrelative_ID_21_T0_OE.mat,ms_21,psd,OE,PSD_tot,27x18,float32,0,0,23.853853225708008,5345.93896484375
PSD\ms\PSDrelative_ID_21_T0_OE.mat,ms_21,psd,OE,PSD_tot_ROI,6x18,float32,0,0,93.4488754272461,1277.3721923828125
PSD\ms\PSDrelative_ID_21_T0_OE.mat,ms_21,psd,OE,SFR,27x18,float32,0,0,0.09301282465457916,19.415185928344727
PSD\ms\PSDrelative_ID_21_T0_OE.mat,ms_21,psd,OE,SFR_ROI,6x18,float32,0,0,0.15268106758594513,3.3792734146118164
PSD\ms\PSDrelative_ID_22_T0_CE.mat,ms_22,psd,CE,PSD_alpha,27x18,float32,0,0,2.4133493900299072,99.05989074707031
PSD\ms\PSDrelative_ID_22_T0_CE.mat,ms_22,psd,CE,PSD_alpha_ROI,6x18,float32,0,0,6.846864700317383,67.8111572265625
PSD\ms\PSDrelative_ID_22_T0_CE.mat,ms_22,psd,CE,PSD_alpha_ROI_rel,6x18,float32,0,0,0.09858148545026779,0.4150911271572113
PSD\ms\PSDrelative_ID_22_T0_CE.mat,ms_22,psd,CE,PSD_alpha_rel,27x18,float32,0,0,0.03025304153561592,0.4582943022251129
PSD\ms\PSDrelative_ID_22_T0_CE.mat,ms_22,psd,CE,PSD_beta,27x18,float32,0,0,5.32033634185791,93.53453826904297
PSD\ms\PSDrelative_ID_22_T0_CE.mat,ms_22,psd,CE,PSD_beta_ROI,6x18,float32,0,0,11.113780975341797,53.3232536315918
PSD\ms\PSDrelative_ID_22_T0_CE.mat,ms_22,psd,CE,PSD_beta_ROI_rel,6x18,float32,0,0,0.18126307427883148,0.3665488064289093
PSD\ms\PSDrelative_ID_22_T0_CE.mat,ms_22,psd,CE,PSD_beta_rel,27x18,float32,0,0,0.02624506875872612,0.3911556005477905
PSD\ms\PSDrelative_ID_22_T0_CE.mat,ms_22,psd,CE,PSD_delta,27x18,float32,0,0,5.135725975036621,1016.3662719726562
PSD\ms\PSDrelative_ID_22_T0_CE.mat,ms_22,psd,CE,PSD_delta_ROI,6x18,float32,0,0,10.771828651428223,185.02947998046875
PSD\ms\PSDrelative_ID_22_T0_CE.mat,ms_22,psd,CE,PSD_delta_ROI_rel,6x18,float32,0,0,0.1267593652009964,0.47033050656318665
PSD\ms\PSDrelative_ID_22_T0_CE.mat,ms_22,psd,CE,PSD_delta_alpha,27x18,float32,0,0,0.24568352103233337,29.551578521728516
PSD\ms\PSDrelative_ID_22_T0_CE.mat,ms_22,psd,CE,PSD_delta_alpha_ROI,6x18,float32,0,0,0.3472670018672943,6.708311080932617
PSD\ms\PSDrelative_ID_22_T0_CE.mat,ms_22,psd,CE,PSD_delta_rel,27x18,float32,0,0,0.0418766587972641,0.8940251469612122
PSD\ms\PSDrelative_ID_22_T0_CE.mat,ms_22,psd,CE,PSD_gamma,27x18,float32,0,0,2.832613468170166,120.42082977294922
PSD\ms\PSDrelative_ID_22_T0_CE.mat,ms_22,psd,CE,PSD_gamma_ROI,6x18,float32,0,0,4.2358574867248535,44.45071792602539
PSD\ms\PSDrelative_ID_22_T0_CE.mat,ms_22,psd,CE,PSD_gamma_ROI_rel,6x18,float32,0,0,0.09151152521371841,0.3037860095500946
PSD\ms\PSDrelative_ID_22_T0_CE.mat,ms_22,psd,CE,PSD_gamma_rel,27x18,float32,0,0,0.010051987133920193,0.48823094367980957
PSD\ms\PSDrelative_ID_22_T0_CE.mat,ms_22,psd,CE,PSD_theta,27x18,float32,0,0,2.1331493854522705,50.85773468017578
PSD\ms\PSDrelative_ID_22_T0_CE.mat,ms_22,psd,CE,PSD_theta_ROI,6x18,float32,0,0,5.865114688873291,24.272428512573242
PSD\ms\PSDrelative_ID_22_T0_CE.mat,ms_22,psd,CE,PSD_theta_ROI_rel,6x18,float32,0,0,0.07092183828353882,0.19692100584506989
PSD\ms\PSDrelative_ID_22_T0_CE.mat,ms_22,psd,CE,PSD_theta_alpha,27x18,float32,0,0,0.17947612702846527,2.755161762237549
PSD\ms\PSDrelative_ID_22_T0_CE.mat,ms_22,psd,CE,PSD_theta_alpha_ROI,6x18,float32,0,0,0.18674345314502716,1.6830987930297852
PSD\ms\PSDrelative_ID_22_T0_CE.mat,ms_22,psd,CE,PSD_theta_rel,27x18,float32,0,0,0.027051148936152458,0.26168957352638245
PSD\ms\PSDrelative_ID_22_T0_CE.mat,ms_22,psd,CE,PSD_tot,27x18,float32,0,0,19.504150390625,1136.843017578125
PSD\ms\PSDrelative_ID_22_T0_CE.mat,ms_22,psd,CE,PSD_tot_ROI,6x18,float32,0,0,47.159366607666016,236.72752380371094
PSD\ms\PSDrelative_ID_22_T0_CE.mat,ms_22,psd,CE,SFR,27x18,float32,0,0,0.17408691346645355,16.597021102905273
PSD\ms\PSDrelative_ID_22_T0_CE.mat,ms_22,psd,CE,SFR_ROI,6x18,float32,0,0,0.3268415629863739,3.6976404190063477
PSD\ms\PSDrelative_ID_22_T0_OE.mat,ms_22,psd,OE,PSD_alpha,27x18,float32,0,0,2.255931854248047,36.418800354003906
PSD\ms\PSDrelative_ID_22_T0_OE.mat,ms_22,psd,OE,PSD_alpha_ROI,6x18,float32,0,0,4.755929946899414,26.43498420715332
PSD\ms\PSDrelative_ID_22_T0_OE.mat,ms_22,psd,OE,PSD_alpha_ROI_rel,6x18,float32,0,0,0.046746622771024704,0.1465209722518921
PSD\ms\PSDrelative_ID_22_T0_OE.mat,ms_22,psd,OE,PSD_alpha_rel,27x18,float32,0,0,0.022890649735927582,0.18079490959644318
PSD\ms\PSDrelative_ID_22_T0_OE.mat,ms_22,psd,OE,PSD_beta,27x18,float32,0,0,6.972228050231934,176.9342498779297
PSD\ms\PSDrelative_ID_22_T0_OE.mat,ms_22,psd,OE,PSD_beta_ROI,6x18,float32,0,0,11.73802661895752,120.0295181274414
PSD\ms\PSDrelative_ID_22_T0_OE.mat,ms_22,psd,OE,PSD_beta_ROI_rel,6x18,float32,0,0,0.2064387947320938,0.47844886779785156
PSD\ms\PSDrelative_ID_22_T0_OE.mat,ms_22,psd,OE,PSD_beta_rel,27x18,float32,0,0,0.06873799860477448,0.4944513738155365
PSD\ms\PSDrelative_ID_22_T0_OE.mat,ms_22,psd,OE,PSD_delta,27x18,float32,0,0,3.631016731262207,646.4568481445312
PSD\ms\PSDrelative_ID_22_T0_OE.mat,ms_22,psd,OE,PSD_delta_ROI,6x18,float32,0,0,11.263542175292969,263.9253234863281
PSD\ms\PSDrelative_ID_22_T0_OE.mat,ms_22,psd,OE,PSD_delta_ROI_rel,6x18,float32,0,0,0.09330001473426819,0.47431907057762146
PSD\ms\PSDrelative_ID_22_T0_OE.mat,ms_22,psd,OE,PSD_delta_alpha,27x18,float32,0,0,0.713483989238739,20.336483001708984
PSD\ms\PSDrelative_ID_22_T0_OE.mat,ms_22,psd,OE,PSD_delta_alpha_ROI,6x18,float32,0,0,1.1851381063461304,11.306536674499512
PSD\ms\PSDrelative_ID_22_T0_OE.mat,ms_22,psd,OE,PSD_delta_rel,27x18,float32,0,0,0.03279263153672218,0.7418497204780579
PSD\ms\PSDrelative_ID_22_T0_OE.mat,ms_22,psd,OE,PSD_gamma,27x18,float32,0,0,3.9436779022216797,229.80726623535156
PSD\ms\PSDrelative_ID_22_T0_OE.mat,ms_22,psd,OE,PSD_gamma_ROI,6x18,float32,0,0,5.874626159667969,119.97261810302734
PSD\ms\PSDrelative_ID_22_T0_OE.mat,ms_22,psd,OE,PSD_gamma_ROI_rel,6x18,float32,0,0,0.13515044748783112,0.41544464230537415
PSD\ms\PSDrelative_ID_22_T0_OE.mat,ms_22,psd,OE,PSD_gamma_rel,27x18,float32,0,0,0.04003139212727547,0.5340211987495422
PSD\ms\PSDrelative_ID_22_T0_OE.mat,ms_22,psd,OE,PSD_theta,27x18,float32,0,0,1.8540232181549072,104.97339630126953
PSD\ms\PSDrelative_ID_22_T0_OE.mat,ms_22,psd,OE,PSD_theta_ROI,6x18,float32,0,0,6.2598876953125,47.97125244140625
PSD\ms\PSDrelative_ID_22_T0_OE.mat,ms_22,psd,OE,PSD_theta_ROI_rel,6x18,float32,0,0,0.042824674397706985,0.1571197360754013
PSD\ms\PSDrelative_ID_22_T0_OE.mat,ms_22,psd,OE,PSD_theta_alpha,27x18,float32,0,0,0.2833476960659027,3.302292585372925
PSD\ms\PSDrelative_ID_22_T0_OE.mat,ms_22,psd,OE,PSD_theta_alpha_ROI,6x18,float32,0,0,0.446504145860672,2.2185544967651367
PSD\ms\PSDrelative_ID_22_T0_OE.mat,ms_22,psd,OE,PSD_theta_rel,27x18,float32,0,0,0.014922333881258965,0.2148415893316269
PSD\ms\PSDrelative_ID_22_T0_OE.mat,ms_22,psd,OE,PSD_tot,27x18,float32,0,0,22.236083984375,871.412109375
PSD\ms\PSDrelative_ID_22_T0_OE.mat,ms_22,psd,OE,PSD_tot_ROI,6x18,float32,0,0,49.52970886230469,423.818359375
PSD\ms\PSDrelative_ID_22_T0_OE.mat,ms_22,psd,OE,SFR,27x18,float32,0,0,0.11692526191473007,8.195588111877441
PSD\ms\PSDrelative_ID_22_T0_OE.mat,ms_22,psd,OE,SFR_ROI,6x18,float32,0,0,0.30408570170402527,3.8646342754364014
PSD\ms\PSDrelative_ID_23_T0_CE.mat,ms_23,psd,CE,PSD_alpha,27x18,float32,0,0,2.6019625663757324,661.6325073242188
PSD\ms\PSDrelative_ID_23_T0_CE.mat,ms_23,psd,CE,PSD_alpha_ROI,6x18,float32,0,0,10.972384452819824,256.2922668457031
PSD\ms\PSDrelative_ID_23_T0_CE.mat,ms_23,psd,CE,PSD_alpha_ROI_rel,6x18,float32,0,0,0.17676062881946564,0.5006647706031799
PSD\ms\PSDrelative_ID_23_T0_CE.mat,ms_23,psd,CE,PSD_alpha_rel,27x18,float32,0,0,0.0504070483148098,0.7541071176528931
PSD\ms\PSDrelative_ID_23_T0_CE.mat,ms_23,psd,CE,PSD_beta,27x18,float32,0,0,2.5903148651123047,252.1040802001953
PSD\ms\PSDrelative_ID_23_T0_CE.mat,ms_23,psd,CE,PSD_beta_ROI,6x18,float32,0,0,10.389052391052246,97.12225341796875
PSD\ms\PSDrelative_ID_23_T0_CE.mat,ms_23,psd,CE,PSD_beta_ROI_rel,6x18,float32,0,0,0.12960954010486603,0.23664677143096924
PSD\ms\PSDrelative_ID_23_T0_CE.mat,ms_23,psd,CE,PSD_beta_rel,27x18,float32,0,0,0.0936826691031456,0.32981348037719727
PSD\ms\PSDrelative_ID_23_T0_CE.mat,ms_23,psd,CE,PSD_delta,27x18,float32,0,0,2.5270297527313232,266.4456481933594
PSD\ms\PSDrelative_ID_23_T0_CE.mat,ms_23,psd,CE,PSD_delta_ROI,6x18,float32,0,0,18.745901107788086,92.07352447509766
PSD\ms\PSDrelative_ID_23_T0_CE.mat,ms_23,psd,CE,PSD_delta_ROI_rel,6x18,float32,0,0,0.12079430371522903,0.4140228033065796
PSD\ms\PSDrelative_ID_23_T0_CE.mat,ms_23,psd,CE,PSD_delta_alpha,27x18,float32,0,0,0.08300173282623291,5.088994026184082
PSD\ms\PSDrelative_ID_23_T0_CE.mat,ms_23,psd,CE,PSD_delta_alpha_ROI,6x18,float32,0,0,0.28027355670928955,2.485291004180908
PSD\ms\PSDrelative_ID_23_T0_CE.mat,ms_23,psd,CE,PSD_delta_rel,27x18,float32,0,0,0.05889282003045082,0.5445697903633118
PSD\ms\PSDrelative_ID_23_T0_CE.mat,ms_23,psd,CE,PSD_gamma,27x18,float32,0,0,1.0497063398361206,393.0290832519531
PSD\ms\PSDrelative_ID_23_T0_CE.mat,ms_23,psd,CE,PSD_gamma_ROI,6x18,float32,0,0,4.916661739349365,136.48580932617188
PSD\ms\PSDrelative_ID_23_T0_CE.mat,ms_23,psd,CE,PSD_gamma_ROI_rel,6x18,float32,0,0,0.02356881834566593,0.3193248212337494
PSD\ms\PSDrelative_ID_23_T0_CE.mat,ms_23,psd,CE,PSD_gamma_rel,27x18,float32,0,0,0.011287253350019455,0.514177680015564
PSD\ms\PSDrelative_ID_23_T0_CE.mat,ms_23,psd,CE,PSD_theta,27x18,float32,0,0,2.0246660709381104,129.20889282226562
PSD\ms\PSDrelative_ID_23_T0_CE.mat,ms_23,psd,CE,PSD_theta_ROI,6x18,float32,0,0,6.3331732749938965,99.72423553466797
PSD\ms\PSDrelative_ID_23_T0_CE.mat,ms_23,psd,CE,PSD_theta_ROI_rel,6x18,float32,0,0,0.06232073903083801,0.20658163726329803
PSD\ms\PSDrelative_ID_23_T0_CE.mat,ms_23,psd,CE,PSD_theta_alpha,27x18,float32,0,0,0.05114008113741875,1.4557005167007446
PSD\ms\PSDrelative_ID_23_T0_CE.mat,ms_23,psd,CE,PSD_theta_alpha_ROI,6x18,float32,0,0,0.22151897847652435,0.8112431168556213
PSD\ms\PSDrelative_ID_23_T0_CE.mat,ms_23,psd,CE,PSD_theta_rel,27x18,float32,0,0,0.01988973654806614,0.2536603510379791
PSD\ms\PSDrelative_ID_23_T0_CE.mat,ms_23,psd,CE,PSD_tot,27x18,float32,0,0,16.164997100830078,952.8961791992188
PSD\ms\PSDrelative_ID_23_T0_CE.mat,ms_23,psd,CE,PSD_tot_ROI,6x18,float32,0,0,61.1500358581543,507.6202392578125
PSD\ms\PSDrelative_ID_23_T0_CE.mat,ms_23,psd,CE,SFR,27x18,float32,0,0,0.11320719122886658,2.81451416015625
PSD\ms\PSDrelative_ID_23_T0_CE.mat,ms_23,psd,CE,SFR_ROI,6x18,float32,0,0,0.4862150251865387,1.517858862876892
PSD\ms\PSDrelative_ID_23_T0_OE.mat,ms_23,psd,OE,PSD_alpha,27x18,float32,0,0,0.9343830943107605,376.3681335449219
PSD\ms\PSDrelative_ID_23_T0_OE.mat,ms_23,psd,OE,PSD_alpha_ROI,6x18,float32,0,0,3.531355619430542,185.1370391845703
PSD\ms\PSDrelative_ID_23_T0_OE.mat,ms_23,psd,OE,PSD_alpha_ROI_rel,6x18,float32,0,0,0.020599201321601868,0.4916996955871582
PSD\ms\PSDrelative_ID_23_T0_OE.mat,ms_23,psd,OE,PSD_alpha_rel,27x18,float32,0,0,0.014891661703586578,0.6352163553237915
PSD\ms\PSDrelative_ID_23_T0_OE.mat,ms_23,psd,OE,PSD_beta,27x18,float32,0,0,2.5284478664398193,163.54904174804688
PSD\ms\PSDrelative_ID_23_T0_OE.mat,ms_23,psd,OE,PSD_beta_ROI,6x18,float32,0,0,9.96391773223877,61.9454231262207
PSD\ms\PSDrelative_ID_23_T0_OE.mat,ms_23,psd,OE,PSD_beta_ROI_rel,6x18,float32,0,0,0.029562434181571007,0.2777704894542694
PSD\ms\PSDrelative_ID_23_T0_OE.mat,ms_23,psd,OE,PSD_beta_rel,27x18,float32,0,0,0.00972800888121128,0.3278988003730774
PSD\ms\PSDrelative_ID_23_T0_OE.mat,ms_23,psd,OE,PSD_delta,27x18,float32,0,0,3.2780168056488037,5576.7529296875
PSD\ms\PSDrelative_ID_23_T0_OE.mat,ms_23,psd,OE,PSD_delta_ROI,6x18,float32,0,0,17.812576293945312,2238.139404296875
PSD\ms\PSDrelative_ID_23_T0_OE.mat,ms_23,psd,OE,PSD_delta_ROI_rel,6x18,float32,0,0,0.1849558800458908,0.849179744720459
PSD\ms\PSDrelative_ID_23_T0_OE.mat,ms_23,psd,OE,PSD_delta_alpha,27x18,float32,0,0,0.16156671941280365,62.25458908081055
PSD\ms\PSDrelative_ID_23_T0_OE.mat,ms_23,psd,OE,PSD_delta_alpha_ROI,6x18,float32,0,0,0.4131746292114258,39.10527420043945
PSD\ms\PSDrelative_ID_23_T0_OE.mat,ms_23,psd,OE,PSD_delta_rel,27x18,float32,0,0,0.10109099000692368,0.9270743131637573
PSD\ms\PSDrelative_ID_23_T0_OE.mat,ms_23,psd,OE,PSD_gamma,27x18,float32,0,0,1.0512542724609375,47.08853530883789
PSD\ms\PSDrelative_ID_23_T0_OE.mat,ms_23,psd,OE,PSD_gamma_ROI,6x18,float32,0,0,5.354503154754639,30.611413955688477
PSD\ms\PSDrelative_ID_23_T0_OE.mat,ms_23,psd,OE,PSD_gamma_ROI_rel,6x18,float32,0,0,0.012318834662437439,0.2415667325258255
PSD\ms\PSDrelative_ID_23_T0_OE.mat,ms_23,psd,OE,PSD_gamma_rel,27x18,float32,0,0,0.005365648772567511,0.352836549282074
PSD\ms\PSDrelative_ID_23_T0_OE.mat,ms_23,psd,OE,PSD_theta,27x18,float32,0,0,1.3784265518188477,532.4041748046875
PSD\ms\PSDrelative_ID_23_T0_OE.mat,ms_23,psd,OE,PSD_theta_ROI,6x18,float32,0,0,6.093507289886475,162.71925354003906
PSD\ms\PSDrelative_ID_23_T0_OE.mat,ms_23,psd,OE,PSD_theta_ROI_rel,6x18,float32,0,0,0.05556026101112366,0.2241196632385254
PSD\ms\PSDrelative_ID_23_T0_OE.mat,ms_23,psd,OE,PSD_theta_alpha,27x18,float32,0,0,0.0745430737733841,8.033769607543945
PSD\ms\PSDrelative_ID_23_T0_OE.mat,ms_23,psd,OE,PSD_theta_alpha_ROI,6x18,float32,0,0,0.23170322179794312,6.613994121551514
PSD\ms\PSDrelative_ID_23_T0_OE.mat,ms_23,psd,OE,PSD_theta_rel,27x18,float32,0,0,0.025234341621398926,0.2387254238128662
PSD\ms\PSDrelative_ID_23_T0_OE.mat,ms_23,psd,OE,PSD_tot,27x18,float32,0,0,9.567984580993652,6015.4326171875
PSD\ms\PSDrelative_ID_23_T0_OE.mat,ms_23,psd,OE,PSD_tot_ROI,6x18,float32,0,0,47.24354553222656,2548.512939453125
PSD\ms\PSDrelative_ID_23_T0_OE.mat,ms_23,psd,OE,SFR,27x18,float32,0,0,0.18384318053722382,39.54791259765625
PSD\ms\PSDrelative_ID_23_T0_OE.mat,ms_23,psd,OE,SFR_ROI,6x18,float32,0,0,0.4655064642429352,17.90883445739746
PSD\ms\PSDrelative_ID_24_T0_CE.mat,ms_24,psd,CE,PSD_alpha,27x18,float32,0,0,26.47640609741211,373.1320495605469
PSD\ms\PSDrelative_ID_24_T0_CE.mat,ms_24,psd,CE,PSD_alpha_ROI,6x18,float32,0,0,38.08485412597656,244.6636505126953
PSD\ms\PSDrelative_ID_24_T0_CE.mat,ms_24,psd,CE,PSD_alpha_ROI_rel,6x18,float32,0,0,0.034408677369356155,0.2556544244289398
PSD\ms\PSDrelative_ID_24_T0_CE.mat,ms_24,psd,CE,PSD_alpha_rel,27x18,float32,0,0,0.01215557474642992,0.31967097520828247
PSD\ms\PSDrelative_ID_24_T0_CE.mat,ms_24,psd,CE,PSD_beta,27x18,float32,0,0,47.26094055175781,1552.164794921875
PSD\ms\PSDrelative_ID_24_T0_CE.mat,ms_24,psd,CE,PSD_beta_ROI,6x18,float32,0,0,67.48871612548828,611.5256958007812
PSD\ms\PSDrelative_ID_24_T0_CE.mat,ms_24,psd,CE,PSD_beta_ROI_rel,6x18,float32,0,0,0.096765898168087,0.30296626687049866
PSD\ms\PSDrelative_ID_24_T0_CE.mat,ms_24,psd,CE,PSD_beta_rel,27x18,float32,0,0,0.05846374109387398,0.3268197476863861
PSD\ms\PSDrelative_ID_24_T0_CE.mat,ms_24,psd,CE,PSD_delta,27x18,float32,0,0,84.826904296875,2117.323974609375
PSD\ms\PSDrelative_ID_24_T0_CE.mat,ms_24,psd,CE,PSD_delta_ROI,6x18,float32,0,0,95.45498657226562,961.6904296875
PSD\ms\PSDrelative_ID_24_T0_CE.mat,ms_24,psd,CE,PSD_delta_ROI_rel,6x18,float32,0,0,0.24743854999542236,0.702214241027832
PSD\ms\PSDrelative_ID_24_T0_CE.mat,ms_24,psd,CE,PSD_delta_alpha,27x18,float32,0,0,0.6592512130737305,43.7221794128418
PSD\ms\PSDrelative_ID_24_T0_CE.mat,ms_24,psd,CE,PSD_delta_alpha_ROI,6x18,float32,0,0,1.0718063116073608,21.83754539489746
PSD\ms\PSDrelative_ID_24_T0_CE.mat,ms_24,psd,CE,PSD_delta_rel,27x18,float32,0,0,0.14905144274234772,0.8427188992500305
PSD\ms\PSDrelative_ID_24_T0_CE.mat,ms_24,psd,CE,PSD_gamma,27x18,float32,0,0,30.927553176879883,4268.8759765625
PSD\ms\PSDrelative_ID_24_T0_CE.mat,ms_24,psd,CE,PSD_gamma_ROI,6x18,float32,0,0,40.26541519165039,1592.1129150390625
PSD\ms\PSDrelative_ID_24_T0_CE.mat,ms_24,psd,CE,PSD_gamma_ROI_rel,6x18,float32,0,0,0.07101414352655411,0.41421911120414734
PSD\ms\PSDrelative_ID_24_T0_CE.mat,ms_24,psd,CE,PSD_gamma_rel,27x18,float32,0,0,0.05005866289138794,0.604662299156189
PSD\ms\PSDrelative_ID_24_T0_CE.mat,ms_24,psd,CE,PSD_theta,27x18,float32,0,0,32.77104949951172,150.78250122070312
PSD\ms\PSDrelative_ID_24_T0_CE.mat,ms_24,psd,CE,PSD_theta_ROI,6x18,float32,0,0,37.73224639892578,131.71238708496094
PSD\ms\PSDrelative_ID_24_T0_CE.mat,ms_24,psd,CE,PSD_theta_ROI_rel,6x18,float32,0,0,0.048023540526628494,0.1785382777452469
PSD\ms\PSDrelative_ID_24_T0_CE.mat,ms_24,psd,CE,PSD_theta_alpha,27x18,float32,0,0,0.2962236702442169,2.2478389739990234
PSD\ms\PSDrelative_ID_24_T0_CE.mat,ms_24,psd,CE,PSD_theta_alpha_ROI,6x18,float32,0,0,0.42224058508872986,2.154634475708008
PSD\ms\PSDrelative_ID_24_T0_CE.mat,ms_24,psd,CE,PSD_theta_rel,27x18,float32,0,0,0.018171513453125954,0.20152628421783447
PSD\ms\PSDrelative_ID_24_T0_CE.mat,ms_24,psd,CE,PSD_tot,27x18,float32,0,0,261.2091064453125,7059.93408203125
PSD\ms\PSDrelative_ID_24_T0_CE.mat,ms_24,psd,CE,PSD_tot_ROI,6x18,float32,0,0,334.3827819824219,2869.389892578125
PSD\ms\PSDrelative_ID_24_T0_CE.mat,ms_24,psd,CE,SFR,27x18,float32,0,0,0.5356258153915405,11.27285385131836
PSD\ms\PSDrelative_ID_24_T0_CE.mat,ms_24,psd,CE,SFR_ROI,6x18,float32,0,0,0.6768061518669128,6.22344446182251
PSD\ms\PSDrelative_ID_24_T0_OE.mat,ms_24,psd,OE,PSD_alpha,27x18,float32,0,0,141.35499572753906,836.5137329101562
PSD\ms\PSDrelative_ID_24_T0_OE.mat,ms_24,psd,OE,PSD_alpha_ROI,6x18,float32,0,0,185.2841033935547,736.6392211914062
PSD\ms\PSDrelative_ID_24_T0_OE.mat,ms_24,psd,OE,PSD_alpha_ROI_rel,6x18,float32,0,0,0.03763892874121666,0.06990357488393784
PSD\ms\PSDrelative_ID_24_T0_OE.mat,ms_24,psd,OE,PSD_alpha_rel,27x18,float32,0,0,0.03220489248633385,0.0777035653591156
PSD\ms\PSDrelative_ID_24_T0_OE.mat,ms_24,psd,OE,PSD_beta,27x18,float32,0,0,59.442848205566406,1321.7310791015625
PSD\ms\PSDrelative_ID_24_T0_OE.mat,ms_24,psd,OE,PSD_beta_ROI,6x18,float32,0,0,70.48758697509766,552.2941284179688
PSD\ms\PSDrelative_ID_24_T0_OE.mat,ms_24,psd,OE,PSD_beta_ROI_rel,6x18,float32,0,0,0.011663447134196758,0.05791671946644783
PSD\ms\PSDrelative_ID_24_T0_OE.mat,ms_24,psd,OE,PSD_beta_rel,27x18,float32,0,0,0.00932387076318264,0.12762336432933807
PSD\ms\PSDrelative_ID_24_T0_OE.mat,ms_24,psd,OE,PSD_delta,27x18,float32,0,0,2373.46533203125,12778.728515625
PSD\ms\PSDrelative_ID_24_T0_OE.mat,ms_24,psd,OE,PSD_delta_ROI,6x18,float32,0,0,2525.978759765625,12492.375
PSD\ms\PSDrelative_ID_24_T0_OE.mat,ms_24,psd,OE,PSD_delta_ROI_rel,6x18,float32,0,0,0.6616836190223694,0.7710050940513611
PSD\ms\PSDrelative_ID_24_T0_OE.mat,ms_24,psd,OE,PSD_delta_alpha,27x18,float32,0,0,8.840964317321777,23.157712936401367
PSD\ms\PSDrelative_ID_24_T0_OE.mat,ms_24,psd,OE,PSD_delta_alpha_ROI,6x18,float32,0,0,10.011387825012207,19.763341903686523
PSD\ms\PSDrelative_ID_24_T0_OE.mat,ms_24,psd,OE,PSD_delta_rel,27x18,float32,0,0,0.5783079862594604,0.781420111656189
PSD\ms\PSDrelative_ID_24_T0_OE.mat,ms_24,psd,OE,PSD_gamma,27x18,float32,0,0,13.602055549621582,809.827392578125
PSD\ms\PSDrelative_ID_24_T0_OE.mat,ms_24,psd,OE,PSD_gamma_ROI,6x18,float32,0,0,16.2152042388916,330.3101501464844
PSD\ms\PSDrelative_ID_24_T0_OE.mat,ms_24,psd,OE,PSD_gamma_ROI_rel,6x18,float32,0,0,0.0017831659642979503,0.03449845314025879
PSD\ms\PSDrelative_ID_24_T0_OE.mat,ms_24,psd,OE,PSD_gamma_rel,27x18,float32,0,0,0.00166509416885674,0.07819510251283646
PSD\ms\PSDrelative_ID_24_T0_OE.mat,ms_24,psd,OE,PSD_theta,27x18,float32,0,0,718.3298950195312,3195.544921875
PSD\ms\PSDrelative_ID_24_T0_OE.mat,ms_24,psd,OE,PSD_theta_ROI,6x18,float32,0,0,794.0840454101562,3069.947998046875
PSD\ms\PSDrelative_ID_24_T0_OE.mat,ms_24,psd,OE,PSD_theta_ROI_rel,6x18,float32,0,0,0.16718809306621552,0.249795064330101
PSD\ms\PSDrelative_ID_24_T0_OE.mat,ms_24,psd,OE,PSD_theta_alpha,27x18,float32,0,0,2.717006206512451,6.383282661437988
PSD\ms\PSDrelative_ID_24_T0_OE.mat,ms_24,psd,OE,PSD_theta_alpha_ROI,6x18,float32,0,0,3.036971092224121,5.615889072418213
PSD\ms\PSDrelative_ID_24_T0_OE.mat,ms_24,psd,OE,PSD_theta_rel,27x18,float32,0,0,0.1644832044839859,0.25486287474632263
PSD\ms\PSDrelative_ID_24_T0_OE.mat,ms_24,psd,OE,PSD_tot,27x18,float32,0,0,3484.7734375,16641.443359375
PSD\ms\PSDrelative_ID_24_T0_OE.mat,ms_24,psd,OE,PSD_tot_ROI,6x18,float32,0,0,3730.8388671875,16379.0859375
PSD\ms\PSDrelative_ID_24_T0_OE.mat,ms_24,psd,OE,SFR,27x18,float32,0,0,4.295863628387451,19.21684455871582
PSD\ms\PSDrelative_ID_24_T0_OE.mat,ms_24,psd,OE,SFR_ROI,6x18,float32,0,0,9.27700424194336,17.987905502319336
Complexity\hc\SpectralEntropy_ID_01_CTR_CE.mat,hc_01,complexity,CE,spectral_all,27x18,float64,0,0,0.7291438706546841,0.9262939206451309
Complexity\hc\SpectralEntropy_ID_01_CTR_CE.mat,hc_01,complexity,CE,spectral_all_ROI,6x18,float64,0,0,0.7485978336527226,0.9203424651554055
Complexity\hc\SpectralEntropy_ID_01_CTR_OE.mat,hc_01,complexity,OE,spectral_all,27x18,float64,0,0,0.6848305407594802,0.9378583302949244
Complexity\hc\SpectralEntropy_ID_01_CTR_OE.mat,hc_01,complexity,OE,spectral_all_ROI,6x18,float64,0,0,0.7150670652299463,0.9273758140161056
Complexity\hc\SpectralEntropy_ID_02_CTR_CE.mat,hc_02,complexity,CE,spectral_all,27x19,float64,0,0,0.41463063017505997,0.868950282165495
Complexity\hc\SpectralEntropy_ID_02_CTR_CE.mat,hc_02,complexity,CE,spectral_all_ROI,6x18,float64,0,0,0.4211464739108341,0.7943269102313368
Complexity\hc\SpectralEntropy_ID_02_CTR_OE.mat,hc_02,complexity,OE,spectral_all,27x18,float64,0,0,0.5162461607924809,0.9686790081062865
Complexity\hc\SpectralEntropy_ID_02_CTR_OE.mat,hc_02,complexity,OE,spectral_all_ROI,6x18,float64,0,0,0.5482132473930402,0.8953120783635494
Complexity\hc\SpectralEntropy_ID_03_CTR_CE.mat,hc_03,complexity,CE,spectral_all,27x18,float64,0,0,0.3924674567159825,0.9356607503778851
Complexity\hc\SpectralEntropy_ID_03_CTR_CE.mat,hc_03,complexity,CE,spectral_all_ROI,6x18,float64,0,0,0.49401510046609026,0.8099193491119928
Complexity\hc\SpectralEntropy_ID_03_CTR_OE.mat,hc_03,complexity,OE,spectral_all,27x18,float64,0,0,0.36731265161801935,0.9647004361251063
Complexity\hc\SpectralEntropy_ID_03_CTR_OE.mat,hc_03,complexity,OE,spectral_all_ROI,6x18,float64,0,0,0.5083918743844991,0.951985434713357
Complexity\hc\SpectralEntropy_ID_04_CTR_CE.mat,hc_04,complexity,CE,spectral_all,27x18,float64,0,0,0.43170717945008696,0.8245700595762019
Complexity\hc\SpectralEntropy_ID_04_CTR_CE.mat,hc_04,complexity,CE,spectral_all_ROI,6x18,float64,0,0,0.4635843856136921,0.6740876254464147
Complexity\hc\SpectralEntropy_ID_04_CTR_OE.mat,hc_04,complexity,OE,spectral_all,27x18,float64,0,0,0.4517169528711297,0.9478518610223506
Complexity\hc\SpectralEntropy_ID_04_CTR_OE.mat,hc_04,complexity,OE,spectral_all_ROI,6x18,float64,0,0,0.4568878691765457,0.8801258946060461
Complexity\hc\SpectralEntropy_ID_05_CTR_CE.mat,hc_05,complexity,CE,spectral_all,27x18,float64,0,0,0.5425987532482898,0.9042705124774626
Complexity\hc\SpectralEntropy_ID_05_CTR_CE.mat,hc_05,complexity,CE,spectral_all_ROI,6x18,float64,0,0,0.6644789748695497,0.813654024374157
Complexity\hc\SpectralEntropy_ID_05_CTR_OE.mat,hc_05,complexity,OE,spectral_all,27x18,float64,0,0,0.5366049099147902,0.9424518655183456
Complexity\hc\SpectralEntropy_ID_05_CTR_OE.mat,hc_05,complexity,OE,spectral_all_ROI,6x18,float64,0,0,0.7290164858910275,0.8855271781220386
Complexity\hc\SpectralEntropy_ID_06_CTR_CE.mat,hc_06,complexity,CE,spectral_all,27x18,float64,0,0,0.419344771759606,0.9771610702847209
Complexity\hc\SpectralEntropy_ID_06_CTR_CE.mat,hc_06,complexity,CE,spectral_all_ROI,6x18,float64,0,0,0.43933209349219604,0.9201975256150347
Complexity\hc\SpectralEntropy_ID_06_CTR_OE.mat,hc_06,complexity,OE,spectral_all,27x18,float64,0,0,0.6431821378415087,0.9809975761709935
Complexity\hc\SpectralEntropy_ID_06_CTR_OE.mat,hc_06,complexity,OE,spectral_all_ROI,6x18,float64,0,0,0.6822894125221385,0.9586822679129116
Complexity\hc\SpectralEntropy_ID_07_CTR_CE.mat,hc_07,complexity,CE,spectral_all,27x18,float64,0,0,0.40523378961767026,0.8390936292972394
Complexity\hc\SpectralEntropy_ID_07_CTR_CE.mat,hc_07,complexity,CE,spectral_all_ROI,6x18,float64,0,0,0.4212935353830029,0.7901087951531506
Complexity\hc\SpectralEntropy_ID_07_CTR_OE.mat,hc_07,complexity,OE,spectral_all,27x18,float64,0,0,0.3655461379876189,0.9305931631513056
Complexity\hc\SpectralEntropy_ID_07_CTR_OE.mat,hc_07,complexity,OE,spectral_all_ROI,6x18,float64,0,0,0.5187161056756434,0.8527793471644621
Complexity\hc\SpectralEntropy_ID_08_CTR_CE.mat,hc_08,complexity,CE,spectral_all,27x18,float64,0,0,0.4166632034590485,0.9291543210202317
Complexity\hc\SpectralEntropy_ID_08_CTR_CE.mat,hc_08,complexity,CE,spectral_all_ROI,6x18,float64,0,0,0.47065700313321973,0.8639554414976116
Complexity\hc\SpectralEntropy_ID_08_CTR_OE.mat,hc_08,complexity,OE,spectral_all,27x18,float64,0,0,0.43372062952024076,0.9416935819612986
Complexity\hc\SpectralEntropy_ID_08_CTR_OE.mat,hc_08,complexity,OE,spectral_all_ROI,6x18,float64,0,0,0.5923029678354944,0.869675145474137
Complexity\ms\SpectralEntropy_ID_01_T0_CE.mat,ms_01,complexity,CE,spectral_all,27x18,float64,0,0,0.33095352205295725,0.9512375038163613
Complexity\ms\SpectralEntropy_ID_01_T0_CE.mat,ms_01,complexity,CE,spectral_all_ROI,6x18,float64,0,0,0.3530187892697573,0.8819004037832476
Complexity\ms\SpectralEntropy_ID_01_T0_OE.mat,ms_01,complexity,OE,spectral_all,27x18,float64,0,0,0.34815486552105257,0.7487181917159522
Complexity\ms\SpectralEntropy_ID_01_T0_OE.mat,ms_01,complexity,OE,spectral_all_ROI,6x18,float64,0,0,0.35585307276474404,0.5834614588020987
Complexity\ms\SpectralEntropy_ID_02_T0_CE.mat,ms_02,complexity,CE,spectral_all,27x19,float64,0,0,0.464284112495268,0.9169733674058119
Complexity\ms\SpectralEntropy_ID_02_T0_CE.mat,ms_02,complexity,CE,spectral_all_ROI,6x18,float64,0,0,0.5728592873646493,0.8086665790554765
Complexity\ms\SpectralEntropy_ID_02_T0_OE.mat,ms_02,complexity,OE,spectral_all,27x19,float64,0,0,0.4483353459962497,0.7723409950253652
Complexity\ms\SpectralEntropy_ID_02_T0_OE.mat,ms_02,complexity,OE,spectral_all_ROI,6x18,float64,0,0,0.45571516492249126,0.6375792939339567
Complexity\ms\SpectralEntropy_ID_03_T0_CE.mat,ms_03,complexity,CE,spectral_all,27x20,float64,0,0,0.25100076871460214,0.9755149341440588
Complexity\ms\SpectralEntropy_ID_03_T0_CE.mat,ms_03,complexity,CE,spectral_all_ROI,6x18,float64,0,0,0.25528496998121875,0.8535243518837272
Complexity\ms\SpectralEntropy_ID_03_T0_OE.mat,ms_03,complexity,OE,spectral_all,27x21,float64,0,0,0.28824612981840564,0.8358259712790482
Complexity\ms\SpectralEntropy_ID_03_T0_OE.mat,ms_03,complexity,OE,spectral_all_ROI,6x18,float64,0,0,0.29878654390156617,0.6697995241738651
Complexity\ms\SpectralEntropy_ID_04_T0_CE.mat,ms_04,complexity,CE,spectral_all,27x19,float64,0,0,0.42915054365363564,0.907126034047829
Complexity\ms\SpectralEntropy_ID_04_T0_CE.mat,ms_04,complexity,CE,spectral_all_ROI,6x18,float64,0,0,0.4415035881551821,0.8253874835731486
Complexity\ms\SpectralEntropy_ID_04_T0_OE.mat,ms_04,complexity,OE,spectral_all,27x18,float64,0,0,0.493446385629906,0.9522584918014724
Complexity\ms\SpectralEntropy_ID_04_T0_OE.mat,ms_04,complexity,OE,spectral_all_ROI,6x18,float64,0,0,0.5421872442530165,0.9300539442979754
Complexity\ms\SpectralEntropy_ID_05_T0_CE.mat,ms_05,complexity,CE,spectral_all,27x19,float64,0,0,0.24849535556344685,0.908878526349468
Complexity\ms\SpectralEntropy_ID_05_T0_CE.mat,ms_05,complexity,CE,spectral_all_ROI,6x18,float64,0,0,0.25158549574048983,0.89090490741405
Complexity\ms\SpectralEntropy_ID_05_T0_OE.mat,ms_05,complexity,OE,spectral_all,27x20,float64,0,0,0.37927762947710514,0.9550258570296104
Complexity\ms\SpectralEntropy_ID_05_T0_OE.mat,ms_05,complexity,OE,spectral_all_ROI,6x18,float64,0,0,0.5164782976448903,0.9373896283172821
Complexity\ms\SpectralEntropy_ID_06_T0_CE.mat,ms_06,complexity,CE,spectral_all,27x18,float64,0,0,0.38169175973127395,0.9308690428769766
Complexity\ms\SpectralEntropy_ID_06_T0_CE.mat,ms_06,complexity,CE,spectral_all_ROI,6x18,float64,0,0,0.40126491348426807,0.886371807649264
Complexity\ms\SpectralEntropy_ID_06_T0_OE.mat,ms_06,complexity,OE,spectral_all,27x19,float64,0,0,0.2732644290834004,0.9684887852660574
Complexity\ms\SpectralEntropy_ID_06_T0_OE.mat,ms_06,complexity,OE,spectral_all_ROI,6x18,float64,0,0,0.34981102270089687,0.9099939052374052
Complexity\ms\SpectralEntropy_ID_07_T0_CE.mat,ms_07,complexity,CE,spectral_all,27x19,float64,0,0,0.4406756945174294,0.9369074551137208
Complexity\ms\SpectralEntropy_ID_07_T0_CE.mat,ms_07,complexity,CE,spectral_all_ROI,6x18,float64,0,0,0.5082169854611632,0.7875221383398401
Complexity\ms\SpectralEntropy_ID_07_T0_OE.mat,ms_07,complexity,OE,spectral_all,27x18,float64,0,0,0.5169830057497742,0.9159732502358037
Complexity\ms\SpectralEntropy_ID_07_T0_OE.mat,ms_07,complexity,OE,spectral_all_ROI,6x18,float64,0,0,0.628236035061844,0.87948535787086
Complexity\ms\SpectralEntropy_ID_08_T0_CE.mat,ms_08,complexity,CE,spectral_all,27x19,float64,0,0,0.5804947651231397,0.8978174678814023
Complexity\ms\SpectralEntropy_ID_08_T0_CE.mat,ms_08,complexity,CE,spectral_all_ROI,6x18,float64,0,0,0.5862545954588271,0.8567591907965738
Complexity\ms\SpectralEntropy_ID_08_T0_OE.mat,ms_08,complexity,OE,spectral_all,27x18,float64,0,0,0.5045306654584963,0.9536367106371657
Complexity\ms\SpectralEntropy_ID_08_T0_OE.mat,ms_08,complexity,OE,spectral_all_ROI,6x18,float64,0,0,0.5131330150777282,0.9349030516507515
Complexity\ms\SpectralEntropy_ID_09_T0_CE.mat,ms_09,complexity,CE,spectral_all,27x18,float64,0,0,0.5693858414922837,0.7607286040744333
Complexity\ms\SpectralEntropy_ID_09_T0_CE.mat,ms_09,complexity,CE,spectral_all_ROI,6x18,float64,0,0,0.582886575017724,0.7325944193503974
Complexity\ms\SpectralEntropy_ID_09_T0_OE.mat,ms_09,complexity,OE,spectral_all,27x18,float64,0,0,0.627733630970263,0.7747432960980222
Complexity\ms\SpectralEntropy_ID_09_T0_OE.mat,ms_09,complexity,OE,spectral_all_ROI,6x18,float64,0,0,0.6600025437949747,0.7455443455637178
Complexity\ms\SpectralEntropy_ID_10_T0_CE.mat,ms_10,complexity,CE,spectral_all,27x18,float64,0,0,0.32324618048685166,0.859562204486904
Complexity\ms\SpectralEntropy_ID_10_T0_CE.mat,ms_10,complexity,CE,spectral_all_ROI,6x18,float64,0,0,0.33795631502864243,0.8301688349226088
Complexity\ms\SpectralEntropy_ID_10_T0_OE.mat,ms_10,complexity,OE,spectral_all,27x20,float64,0,0,0.5126252056109388,0.9333470399460688
Complexity\ms\SpectralEntropy_ID_10_T0_OE.mat,ms_10,complexity,OE,spectral_all_ROI,6x18,float64,0,0,0.524823803739353,0.8795368629834267
Complexity\ms\SpectralEntropy_ID_11_T0_CE.mat,ms_11,complexity,CE,spectral_all,27x19,float64,0,0,0.5569505463211316,0.9631909922268995
Complexity\ms\SpectralEntropy_ID_11_T0_CE.mat,ms_11,complexity,CE,spectral_all_ROI,6x18,float64,0,0,0.6778363408844449,0.9087683789987544
Complexity\ms\SpectralEntropy_ID_11_T0_OE.mat,ms_11,complexity,OE,spectral_all,27x18,float64,0,0,0.46038522634007273,0.9321341309484759
Complexity\ms\SpectralEntropy_ID_11_T0_OE.mat,ms_11,complexity,OE,spectral_all_ROI,6x18,float64,0,0,0.6674596195001241,0.8718491140552107
Complexity\ms\SpectralEntropy_ID_12_T0_CE.mat,ms_12,complexity,CE,spectral_all,27x19,float64,0,0,0.49153469539125055,0.9458198931318835
Complexity\ms\SpectralEntropy_ID_12_T0_CE.mat,ms_12,complexity,CE,spectral_all_ROI,6x18,float64,0,0,0.5561279822730452,0.9038386067312404
Complexity\ms\SpectralEntropy_ID_12_T0_OE.mat,ms_12,complexity,OE,spectral_all,27x18,float64,0,0,0.636163540812722,0.9597006770473936
Complexity\ms\SpectralEntropy_ID_12_T0_OE.mat,ms_12,complexity,OE,spectral_all_ROI,6x18,float64,0,0,0.7239720363003207,0.9362993510946559
Complexity\ms\SpectralEntropy_ID_13_T0_CE.mat,ms_13,complexity,CE,spectral_all,27x19,float64,0,0,0.6535088080574234,0.9513959541558066
Complexity\ms\SpectralEntropy_ID_13_T0_CE.mat,ms_13,complexity,CE,spectral_all_ROI,6x18,float64,0,0,0.6775563130900011,0.9151072311904965
Complexity\ms\SpectralEntropy_ID_13_T0_OE.mat,ms_13,complexity,OE,spectral_all,27x18,float64,0,0,0.6618475072397745,0.9677084063778304
Complexity\ms\SpectralEntropy_ID_13_T0_OE.mat,ms_13,complexity,OE,spectral_all_ROI,6x18,float64,0,0,0.7231764938868143,0.9034270976408969
Complexity\ms\SpectralEntropy_ID_14_T0_CE.mat,ms_14,complexity,CE,spectral_all,27x19,float64,0,0,0.40836199414324836,0.9283498858695269
Complexity\ms\SpectralEntropy_ID_14_T0_CE.mat,ms_14,complexity,CE,spectral_all_ROI,6x18,float64,0,0,0.43132214773567795,0.8376142761804467
Complexity\ms\SpectralEntropy_ID_14_T0_OE.mat,ms_14,complexity,OE,spectral_all,27x20,float64,0,0,0.25335297035438564,0.9784393294857104
Complexity\ms\SpectralEntropy_ID_14_T0_OE.mat,ms_14,complexity,OE,spectral_all_ROI,6x18,float64,0,0,0.41976573856261173,0.9625974678454189
Complexity\ms\SpectralEntropy_ID_15_T0_CE.mat,ms_15,complexity,CE,spectral_all,27x19,float64,0,0,0.3906097346315517,0.9196514053622965
Complexity\ms\SpectralEntropy_ID_15_T0_CE.mat,ms_15,complexity,CE,spectral_all_ROI,6x18,float64,0,0,0.4097085536760668,0.9130111782159176
Complexity\ms\SpectralEntropy_ID_15_T0_OE.mat,ms_15,complexity,OE,spectral_all,27x20,float64,0,0,0.44956347941495023,0.9070670615423158
Complexity\ms\SpectralEntropy_ID_15_T0_OE.mat,ms_15,complexity,OE,spectral_all_ROI,6x18,float64,0,0,0.4628918784579748,0.8911242535974054
Complexity\ms\SpectralEntropy_ID_16_T0_CE.mat,ms_16,complexity,CE,spectral_all,27x19,float64,0,0,0.41690957031230874,0.9511618551783572
Complexity\ms\SpectralEntropy_ID_16_T0_CE.mat,ms_16,complexity,CE,spectral_all_ROI,6x18,float64,0,0,0.5364254860295364,0.9013355771660176
Complexity\ms\SpectralEntropy_ID_16_T0_OE.mat,ms_16,complexity,OE,spectral_all,27x18,float64,0,0,0.637806501381332,0.9748466328518791
Complexity\ms\SpectralEntropy_ID_16_T0_OE.mat,ms_16,complexity,OE,spectral_all_ROI,6x18,float64,0,0,0.7567704758859817,0.9553701071985093
Complexity\ms\SpectralEntropy_ID_17_T0_CE.mat,ms_17,complexity,CE,spectral_all,27x18,float64,0,0,0.5288959816342569,0.9460319929802063
Complexity\ms\SpectralEntropy_ID_17_T0_CE.mat,ms_17,complexity,CE,spectral_all_ROI,6x18,float64,0,0,0.5511715477392791,0.8909053936304706
Complexity\ms\SpectralEntropy_ID_17_T0_OE.mat,ms_17,complexity,OE,spectral_all,27x19,float64,0,0,0.6293489973910852,0.9776588683849716
Complexity\ms\SpectralEntropy_ID_17_T0_OE.mat,ms_17,complexity,OE,spectral_all_ROI,6x18,float64,0,0,0.7108035831761574,0.9511378020299898
Complexity\ms\SpectralEntropy_ID_18_T0_CE.mat,ms_18,complexity,CE,spectral_all,27x19,float64,0,0,0.5962809527375155,0.9521764109447002
Complexity\ms\SpectralEntropy_ID_18_T0_CE.mat,ms_18,complexity,CE,spectral_all_ROI,6x18,float64,0,0,0.6720440064097182,0.9217899442154867
Complexity\ms\SpectralEntropy_ID_18_T0_OE.mat,ms_18,complexity,OE,spectral_all,27x19,float64,0,0,0.5826285391480324,0.9520864213017869
Complexity\ms\SpectralEntropy_ID_18_T0_OE.mat,ms_18,complexity,OE,spectral_all_ROI,6x18,float64,0,0,0.6311172078989373,0.9499779752062727
Complexity\ms\SpectralEntropy_ID_19_T0_CE.mat,ms_19,complexity,CE,spectral_all,27x19,float64,0,0,0.47938432819534776,0.9452683123346534
Complexity\ms\SpectralEntropy_ID_19_T0_CE.mat,ms_19,complexity,CE,spectral_all_ROI,6x18,float64,0,0,0.5190894061707652,0.8947009887151943
Complexity\ms\SpectralEntropy_ID_19_T0_OE.mat,ms_19,complexity,OE,spectral_all,27x20,float64,0,0,0.5075883212511382,0.932612331377731
Complexity\ms\SpectralEntropy_ID_19_T0_OE.mat,ms_19,complexity,OE,spectral_all_ROI,6x18,float64,0,0,0.5204061537288639,0.9227676909506176
Complexity\ms\SpectralEntropy_ID_20_T0_CE.mat,ms_20,complexity,CE,spectral_all,27x19,float64,0,0,0.34791388580162563,0.7216249193441434
Complexity\ms\SpectralEntropy_ID_20_T0_CE.mat,ms_20,complexity,CE,spectral_all_ROI,6x18,float64,0,0,0.3969697503600232,0.6003830824643775
Complexity\ms\SpectralEntropy_ID_20_T0_OE.mat,ms_20,complexity,OE,spectral_all,27x18,float64,0,0,0.3645075003280234,0.8122311499035048
Complexity\ms\SpectralEntropy_ID_20_T0_OE.mat,ms_20,complexity,OE,spectral_all_ROI,6x18,float64,0,0,0.46361938313525597,0.7127251110314642
Complexity\ms\SpectralEntropy_ID_21_T0_CE.mat,ms_21,complexity,CE,spectral_all,27x19,float64,0,0,0.3919754605191128,0.9653033206437932
Complexity\ms\SpectralEntropy_ID_21_T0_CE.mat,ms_21,complexity,CE,spectral_all_ROI,6x18,float64,0,0,0.48802134142791304,0.8183332337523587
Complexity\ms\SpectralEntropy_ID_21_T0_OE.mat,ms_21,complexity,OE,spectral_all,27x18,float64,0,0,0.3230407050012705,0.9820408083896659
Complexity\ms\SpectralEntropy_ID_21_T0_OE.mat,ms_21,complexity,OE,spectral_all_ROI,6x18,float64,0,0,0.7323091938264007,0.919506902136725
Complexity\ms\SpectralEntropy_ID_22_T0_CE.mat,ms_22,complexity,CE,spectral_all,27x18,float64,0,0,0.36288361604151004,0.9773993130889657
Complexity\ms\SpectralEntropy_ID_22_T0_CE.mat,ms_22,complexity,CE,spectral_all_ROI,6x18,float64,0,0,0.7823904511812305,0.9244714992800772
Complexity\ms\SpectralEntropy_ID_22_T0_OE.mat,ms_22,complexity,OE,spectral_all,27x18,float64,0,0,0.5354837471309143,0.9752976787663701
Complexity\ms\SpectralEntropy_ID_22_T0_OE.mat,ms_22,complexity,OE,spectral_all_ROI,6x18,float64,0,0,0.7487923729292913,0.9638265273615945
Complexity\ms\SpectralEntropy_ID_23_T0_CE.mat,ms_23,complexity,CE,spectral_all,27x18,float64,0,0,0.49240485714397003,0.9525151979740152
Complexity\ms\SpectralEntropy_ID_23_T0_CE.mat,ms_23,complexity,CE,spectral_all_ROI,6x18,float64,0,0,0.6215586333928805,0.9462251259804605
Complexity\ms\SpectralEntropy_ID_23_T0_OE.mat,ms_23,complexity,OE,spectral_all,27x18,float64,0,0,0.27756441792203895,0.968388394686398
Complexity\ms\SpectralEntropy_ID_23_T0_OE.mat,ms_23,complexity,OE,spectral_all_ROI,6x18,float64,0,0,0.37432010286097794,0.9459942064457426
Complexity\ms\SpectralEntropy_ID_24_T0_CE.mat,ms_24,complexity,CE,spectral_all,27x18,float64,0,0,0.5569932419410598,0.9616447601939595
Complexity\ms\SpectralEntropy_ID_24_T0_CE.mat,ms_24,complexity,CE,spectral_all_ROI,6x18,float64,0,0,0.6453882855143823,0.9275900300381168
Complexity\ms\SpectralEntropy_ID_24_T0_OE.mat,ms_24,complexity,OE,spectral_all,27x19,float64,0,0,0.2850439317048832,0.8043879949301806
Complexity\ms\SpectralEntropy_ID_24_T0_OE.mat,ms_24,complexity,OE,spectral_all_ROI,6x18,float64,0,0,0.42495537328869637,0.6205214396361868
