subject_id,group,target,condition,feature_family,measure,band,spatial_level,location,window_mean,window_median,window_std,window_q25,window_q75,n_windows_observed,n_windows_missing,reference_median,mad,robust_z,technical_outlier_flag
ms_19,ms,1,OE,psd,absolute_power,gamma,channel,Fz,1102.3282504611545,1051.4802856445312,256.97579598788667,981.4438629150391,1222.8843994140625,18,0,18.357192993164062,10.228680729866028,68.12530352625019,True
ms_01,ms,1,OE,psd,absolute_power,delta,channel,FC6,7710.302897135417,6357.87255859375,3791.8245620498333,5364.2864990234375,8272.9345703125,18,0,79.17216682434082,69.18461608886719,61.2119519508616,True
ms_24,ms,1,OE,psd,absolute_power,delta,channel,FC6,6210.005262586806,6269.278076171875,1533.6953218232295,4800.066162109375,7263.154296875,18,0,79.17216682434082,69.18461608886719,60.34823161659813,True
ms_01,ms,1,OE,psd,absolute_power,delta,channel,FC5,8602.395806206598,6891.556640625,4754.459058078906,5891.847900390625,9174.523193359375,18,0,84.02973747253418,79.26021099090576,57.930882767792504,True
ms_01,ms,1,OE,psd,absolute_power,delta,roi,R1,6051.660413953993,4855.9677734375,3426.4371716386167,4140.7138671875,6278.4112548828125,18,0,66.4740686416626,62.07267451286316,52.04333906680103,True
ms_01,ms,1,OE,psd,absolute_power,delta,channel,FC2,7948.977023654514,6667.084228515625,4003.2744874173977,5616.1400146484375,8291.73681640625,18,0,97.7801456451416,86.47137761116028,51.24163651020797,True
ms_01,ms,1,OE,psd,absolute_power,delta,channel,Fp1,5693.293891059027,4641.82861328125,3104.037170450838,3947.7249145507812,6007.2091064453125,18,0,65.59228134155273,60.539825320243835,50.98510117508153,True
ms_24,ms,1,OE,psd,absolute_power,delta,channel,Fz,4747.969509548611,4808.48388671875,1172.3465113678508,3732.228271484375,5508.7794189453125,18,0,78.65617847442627,63.207639932632446,50.472143660597716,True
ms_01,ms,1,OE,psd,absolute_power,delta,channel,Fz,5690.593980577257,4724.834716796875,2933.2625268860415,3957.849609375,5930.2333984375,18,0,78.65617847442627,63.207639932632446,49.579520676883625,True
ms_01,ms,1,OE,psd,absolute_power,delta,channel,T8,9809.329427083334,8192.310546875,4904.622817325807,6776.3507080078125,10395.345703125,18,0,125.88731384277344,109.90956449508667,49.501860531444265,True
ms_01,ms,1,OE,psd,absolute_power,delta,channel,C4,9207.371826171875,7744.12060546875,4647.940155779847,6386.9224853515625,9851.5126953125,18,0,114.79125595092773,106.42724895477295,48.35145320199104,True
ms_01,ms,1,OE,psd,absolute_power,delta,channel,F3,5578.769965277777,4543.948974609375,3128.544419819073,3906.5595092773438,5786.889404296875,18,0,69.56111240386963,63.044936656951904,47.86955824531019,True
ms_24,ms,1,OE,psd,absolute_power,delta,channel,FC2,6038.412746853299,6146.11865234375,1464.5604851396677,4732.9046630859375,6959.5904541015625,18,0,97.7801456451416,86.47137761116028,47.17802058502374,True
ms_24,ms,1,OE,psd,absolute_power,delta,channel,Fp1,4136.783203125,4276.037109375,1037.7380078989174,3212.0255737304688,4761.91943359375,18,0,65.59228134155273,60.539825320243835,46.90971793810164,True
ms_24,ms,1,OE,psd,absolute_power,delta,channel,FC5,5185.360663519965,5450.747314453125,1295.2253816945047,4060.4905395507812,5955.894775390625,18,0,84.02973747253418,79.26021099090576,45.66984328125702,True
ms_24,ms,1,OE,psd,absolute_power,delta,roi,R1,3984.352389865451,4147.509765625,1004.4762920595745,3126.638427734375,4582.74609375,18,0,66.4740686416626,62.07267451286316,44.345130740886134,True
ms_24,ms,1,OE,psd,absolute_power,delta,channel,T8,7233.056043836806,7293.1494140625,1790.2677818559016,5538.9783935546875,8472.550537109375,18,0,125.88731384277344,109.90956449508667,43.98390694707127,True
ms_24,ms,1,OE,psd,absolute_power,delta,roi,R2,4935.812025282118,4991.047119140625,1221.3637535039963,3840.0169067382812,5764.87548828125,18,0,88.1513671875,75.53616499900818,43.77979580261796,True
ms_24,ms,1,OE,psd,absolute_power,delta,channel,F8,5765.581814236111,5816.387451171875,1427.1423786065477,4469.31103515625,6735.785400390625,18,0,96.27302932739258,89.07774603366852,43.312325383992636,True
ms_01,ms,1,OE,psd,absolute_power,delta,channel,CP5,10569.447645399305,8547.224853515625,5585.587290514168,7242.3948974609375,11376.991943359375,18,0,145.41125106811523,131.4719820022583,43.10382753336956,True
ms_24,ms,1,OE,psd,absolute_power,delta,channel,C4,6800.353352864583,6898.34033203125,1687.4377370282698,5209.27294921875,7923.8250732421875,18,0,114.79125595092773,106.42724895477295,42.99125659272223,True
ms_24,ms,1,OE,psd,absolute_power,delta,channel,Fp2,4600.8158772786455,4677.021728515625,1142.3430417428028,3582.6473388671875,5365.7078857421875,18,0,80.91514587402344,73.98952603340149,41.89824676214102,True
ms_24,ms,1,OE,psd,absolute_power,delta,channel,F4,4441.0383707682295,4479.731689453125,1095.4171129199508,3468.0924682617188,5187.011474609375,18,0,81.44264602661133,71.5544605255127,41.459404424418736,True
ms_01,ms,1,OE,psd,absolute_power,delta,roi,R4,9132.725558810764,7656.267822265625,4569.841092442747,6380.1168212890625,9708.9560546875,18,0,146.56381607055664,122.28522729873657,41.42140527088242,True
ms_01,ms,1,OE,psd,absolute_power,delta,roi,R3,9672.67626953125,7854.690673828125,5147.232481077749,6668.98046875,10326.780517578125,18,0,145.2047061920166,126.90270519256592,40.976092965035164,True
ms_03,ms,1,OE,psd,absolute_power,delta,channel,FC6,4425.921458774143,4279.52197265625,2683.0560416370213,1957.7580871582031,6680.6007080078125,18,0,79.17216682434082,69.18461608886719,40.9498135678579,True
ms_01,ms,1,OE,psd,absolute_power,theta,roi,R1,1530.6152479383682,1453.8477172851562,479.56445700352634,1125.31787109375,1825.9339904785156,18,0,25.912331581115723,23.720088243484497,40.603947713035105,True
ms_01,ms,1,OE,psd,absolute_power,delta,channel,F4,5258.214491102431,4355.886962890625,2579.7897843696105,3716.0620727539062,5620.900634765625,18,0,81.44264602661133,71.5544605255127,40.29201216036095,True
ms_01,ms,1,OE,psd,absolute_power,delta,channel,Fp2,5359.704820421007,4445.140869140625,2661.2463516142116,3758.29931640625,5664.4029541015625,18,0,80.91514587402344,73.98952603340149,39.78441382749938,True
ms_01,ms,1,OE,psd,absolute_power,delta,channel,F7,6882.917466905382,5325.9033203125,4061.446684191087,4587.7265625,6994.888671875,18,0,95.08373165130615,88.91365420818329,39.680513735048166,True
ms_24,ms,1,OE,psd,absolute_power,delta,channel,F3,3691.5589463975693,3767.135498046875,910.3426865029973,2900.0540161132812,4309.575927734375,18,0,69.56111240386963,63.044936656951904,39.55876376185631,True
ms_01,ms,1,OE,psd,absolute_power,delta,roi,R2,5430.3905843098955,4489.990234375,2610.046004416864,3821.2706298828125,5814.103271484375,18,0,88.1513671875,75.53616499900818,39.305670875161276,True
ms_24,ms,1,OE,psd,absolute_power,delta,channel,CP5,7371.347032335069,7776.523193359375,1830.3874211043058,5786.715087890625,8566.5302734375,18,0,145.41125106811523,131.4719820022583,39.14989651193161,True
ms_24,ms,1,OE,psd,absolute_power,theta,channel,FC6,1810.9667833116318,1868.031494140625,433.8981723954927,1397.7820434570312,2106.7074584960938,18,0,37.46049976348877,31.570028424263,39.10998126705313,True
ms_01,ms,1,OE,psd,absolute_power,delta,channel,FC1,8381.185085720486,6850.768310546875,4405.091027966089,5866.18115234375,8765.0341796875,18,0,130.37680625915527,116.083163022995,39.048229318227385,True
ms_01,ms,1,OE,psd,absolute_power,delta,channel,CP6,9976.838270399305,8381.14453125,5000.640447101236,6917.2484130859375,10764.9072265625,18,0,170.18851852416992,141.8616909980774,39.039531518959684,True
ms_01,ms,1,OE,psd,absolute_power,theta,channel,FC6,2015.9209662543403,1837.2647705078125,591.022454113268,1542.8181762695312,2572.4641723632812,18,0,37.46049976348877,31.570028424263,38.45265304071066,True
ms_24,ms,1,OE,psd,absolute_power,delta,roi,R4,6847.590684678819,6931.109130859375,1690.7212141839211,5257.8218994140625,7986.70556640625,18,0,146.56381607055664,122.28522729873657,37.42163483816467,True
ms_19,ms,1,OE,psd,absolute_power,gamma,channel,FC2,952.3241814507378,923.8080444335938,267.28175603744575,789.5373840332031,1018.1278533935547,18,0,21.001441955566406,16.323883652687073,37.303298891477496,True
ms_01,ms,1,OE,psd,absolute_power,theta,channel,FC5,2166.2824910481772,2032.70068359375,662.8580416629387,1601.92431640625,2632.6063842773438,18,0,40.682135581970215,36.28179657459259,37.03229250452345,True
ms_19,ms,1,CE,psd,absolute_power,delta,channel,P8,4955.881089952257,4971.83203125,1718.5975577268655,3620.96240234375,6319.1397705078125,18,0,131.39178466796875,88.34938049316406,36.95365151282306,True
ms_24,ms,1,OE,psd,absolute_power,delta,channel,CP6,7621.679063585069,7698.3974609375,1884.531958986929,5838.517333984375,8942.967529296875,18,0,170.18851852416992,141.8616909980774,35.79336557559912,True
ms_01,ms,1,OE,psd,absolute_power,theta,channel,Fp1,1456.6680399576824,1379.7315063476562,447.7114296582259,1063.3741149902344,1761.69482421875,18,0,29.26384735107422,25.627859592437744,35.542490533776984,True
ms_24,ms,1,OE,psd,absolute_power,theta,roi,R1,1216.3719448513455,1271.4232177734375,280.0706954953326,922.9793548583984,1409.2203369140625,18,0,25.912331581115723,23.720088243484497,35.416629775607326,True
ms_24,ms,1,OE,psd,absolute_power,theta,roi,R2,1461.3120490180122,1486.2395629882812,340.6827883255378,1125.0559997558594,1702.5731201171875,18,0,35.66075944900513,27.630387544631958,35.410361049023415,True
ms_19,ms,1,CE,psd,absolute_power,theta,channel,P8,4442.486789279514,4391.139404296875,886.8095407369565,4002.8388061523438,4936.7568359375,18,0,131.55659294128418,81.3043909072876,35.33695060529826,True
ms_01,ms,1,OE,psd,absolute_power,delta,channel,CP2,10143.534206814236,8430.15185546875,5084.003184125409,7157.5518798828125,10881.735107421875,18,0,187.25001907348633,157.9020004272461,35.21020066166256,True
ms_24,ms,1,OE,psd,absolute_power,delta,roi,R3,6413.08635796441,6679.56982421875,1600.944576548851,5013.3563232421875,7449.209716796875,18,0,145.2047061920166,126.90270519256592,34.730298967759204,True
ms_01,ms,1,OE,psd,absolute_power,delta,channel,F8,5673.252454969618,4668.94287109375,2601.2776516200747,4005.4664306640625,6157.0069580078125,18,0,96.27302932739258,89.07774603366852,34.623951455203816,True
ms_19,ms,1,OE,psd,absolute_power,gamma,channel,F4,974.784912109375,946.5042724609375,231.92056518539295,855.5185089111328,1081.4288024902344,18,0,23.856387615203857,18.006675839424133,34.56037517022216,True
ms_03,ms,1,OE,psd,absolute_power,delta,channel,FC2,4408.932089911566,4522.656982421875,2642.944765652788,1940.2635803222656,6479.97509765625,18,0,97.7801456451416,86.47137761116028,34.51475645095701,True
ms_19,ms,1,OE,psd,absolute_power,gamma,channel,Fp2,789.0262807210287,739.5114440917969,224.12202213540104,674.2071990966797,855.4153442382812,18,0,18.775651454925537,14.151071071624756,34.35285072748873,True
ms_19,ms,1,OE,psd,absolute_power,gamma,channel,Fp1,719.7992316351997,673.2185363769531,197.6089008440607,624.484375,791.3419494628906,18,0,16.699986457824707,12.953419089317322,34.185236522658,True
ms_24,ms,1,OE,psd,absolute_power,delta,channel,FC1,5860.4093017578125,5970.3603515625,1452.054454970616,4643.3382568359375,6816.878173828125,18,0,130.37680625915527,116.083163022995,33.932698198637034,True
ms_01,ms,1,OE,psd,absolute_power,delta,channel,Cz,9594.217041015625,7887.962158203125,4901.40797694277,6719.7032470703125,10236.307373046875,18,0,172.9872932434082,153.63172888755798,33.87112345665302,True
ms_01,ms,1,OE,psd,absolute_power,delta,channel,T7,10453.167860243055,8467.616455078125,5703.700647735586,7086.2635498046875,11302.25146484375,18,0,174.74147033691406,165.25959181785583,33.8465530815755,True
ms_24,ms,1,OE,psd,absolute_power,theta,channel,Fp2,1373.0187072753906,1397.7034301757812,317.9579352747003,1051.3122253417969,1598.7035827636719,18,0,31.276672840118408,27.384406983852386,33.655730499036636,True
ms_24,ms,1,OE,psd,absolute_power,theta,channel,F4,1321.5443895128037,1345.942626953125,307.2793956369856,1020.7014617919922,1532.93212890625,18,0,27.718090534210205,26.44294637441635,33.62447800408933,True
ms_24,ms,1,OE,psd,absolute_power,theta,channel,Fp1,1250.9861755371094,1293.6603393554688,289.7241871602179,954.3651733398438,1454.2151184082031,18,0,29.26384735107422,25.627859592437744,33.277213303573646,True
ms_01,ms,1,OE,psd,absolute_power,delta,channel,P4,10488.168429904514,8682.82275390625,5338.356097662102,7230.804931640625,11308.293212890625,18,0,229.62109375,171.76468658447266,33.19428761023934,True
ms_01,ms,1,OE,psd,absolute_power,theta,channel,F3,1408.7500542534722,1343.2991943359375,437.45875319808994,1018.7203674316406,1684.932373046875,18,0,29.45033359527588,26.731302201747894,33.15135601065043,True
ms_24,ms,1,OE,psd,absolute_power,theta,channel,Fz,1441.2852579752605,1466.853759765625,329.53422293094894,1118.61328125,1669.0042419433594,18,0,35.01985740661621,29.338477849960327,32.917820112735356,True
ms_03,ms,1,OE,psd,absolute_power,delta,channel,Fz,3228.152806599935,3104.4591064453125,1968.811315560656,1428.9958190917969,4789.457763671875,18,0,78.65617847442627,63.207639932632446,32.288440401963776,True
ms_19,ms,1,OE,psd,absolute_power,gamma,channel,P4,852.7669508192274,824.8634643554688,205.32745877492718,728.8578643798828,935.0840606689453,18,0,34.162747383117676,16.63404607772827,32.06197245199681,True
ms_01,ms,1,OE,psd,absolute_power,theta,channel,F4,1386.814480251736,1279.2227783203125,406.0090756238187,1047.6806945800781,1765.4133911132812,18,0,27.718090534210205,26.44294637441635,31.922628265436586,True
ms_24,ms,1,OE,psd,absolute_power,delta,channel,F7,4124.715101453993,4265.191650390625,1082.0489484569873,3286.5858154296875,4677.0147705078125,18,0,95.08373165130615,88.91365420818329,31.634053085076967,True
ms_02,ms,1,OE,psd,absolute_power,delta,channel,FC6,3332.3462592230903,3275.7811279296875,1764.3093261901236,1682.6993408203125,4153.9853515625,18,0,79.17216682434082,69.18461608886719,31.16419990184177,True
ms_01,ms,1,OE,psd,absolute_power,theta,channel,Fz,1483.572733561198,1388.5814819335938,444.18648250450104,1086.8992309570312,1830.6921997070312,18,0,35.01985740661621,29.338477849960327,31.11834270320911,True
ms_01,ms,1,OE,psd,absolute_power,delta,channel,CP1,10288.356770833334,8463.5224609375,5304.929675791651,7087.5103759765625,10986.023193359375,18,0,205.50016403198242,179.02522802352905,31.112708484205402,True
ms_01,ms,1,OE,psd,absolute_power,theta,channel,Fp2,1392.8964301215278,1293.435302734375,410.2892588524684,1042.06982421875,1758.6338806152344,18,0,31.276672840118408,27.384406983852386,31.087557724339472,True
ms_01,ms,1,OE,psd,absolute_power,theta,channel,FC2,2080.157904730903,1935.2366943359375,619.1703166415732,1530.7718811035156,2579.084228515625,18,0,47.78585624694824,41.201154947280884,30.89884618249994,True
ms_01,ms,1,OE,psd,absolute_power,theta,roi,R2,1417.547871907552,1299.2192993164062,414.4178251687255,1097.4309387207031,1804.5205078125,18,0,35.66075944900513,27.630387544631958,30.844973050835048,True
ms_01,ms,1,OE,psd,absolute_power,delta,channel,Pz,10674.926052517361,8823.44921875,5427.85813240678,7510.033203125,11412.04443359375,18,0,245.5456771850586,190.01887702941895,30.44811528683733,True
ms_24,ms,1,OE,psd,absolute_power,delta,channel,CP2,7182.037353515625,7303.04248046875,1789.6578325969947,5562.102783203125,8361.3447265625,18,0,187.25001907348633,157.9020004272461,30.395664707083466,True
ms_19,ms,1,OE,psd,absolute_power,gamma,channel,Cz,745.4663018120659,692.4824523925781,227.49584159881132,637.9591217041016,796.8675994873047,18,0,22.840747356414795,14.953789830207825,30.204192203814515,True
ms_03,ms,1,OE,psd,absolute_power,delta,channel,C4,4897.663855658637,4816.48583984375,2964.0286082225034,2171.746337890625,7302.0087890625,18,0,114.79125595092773,106.42724895477295,29.797345904003496,True
ms_01,ms,1,OE,psd,absolute_power,delta,channel,P8,10833.704264322916,9016.8876953125,5541.698372853984,7445.170654296875,11551.31982421875,18,0,247.01231384277344,198.57610988616943,29.78807425502194,True
ms_24,ms,1,OE,psd,absolute_power,delta,channel,P4,7653.173990885417,7804.537841796875,1880.4008412846847,5923.443359375,9018.865478515625,18,0,229.62109375,171.76468658447266,29.745411888545807,True
ms_01,ms,1,OE,psd,absolute_power,theta,channel,C4,2379.3774685329863,2190.4853515625,705.3524039478708,1741.4490661621094,2981.6731567382812,18,0,57.874454498291016,48.45604848861694,29.685176329778713,True
ms_03,ms,1,OE,psd,absolute_power,delta,channel,T8,5096.099061754015,4956.615234375,3061.594170751449,2326.9429931640625,7660.5611572265625,18,0,125.88731384277344,109.90956449508667,29.645111951018887,True
ms_24,ms,1,OE,psd,absolute_power,theta,channel,FC2,1815.5398356119792,1849.93896484375,423.5885828120096,1416.7611389160156,2114.61181640625,18,0,47.78585624694824,41.201154947280884,29.50246468735907,True
ms_01,ms,1,OE,psd,absolute_power,theta,channel,FC1,2154.748833550347,2006.38720703125,651.3465286241062,1585.6859741210938,2636.854736328125,18,0,50.23190975189209,44.8961079120636,29.388041268530397,True
ms_19,ms,1,OE,psd,absolute_power,delta,channel,FC5,3765.0968882242837,3535.9091796875,1593.7696486830241,3053.0145263671875,4954.6378173828125,18,0,84.02973747253418,79.26021099090576,29.37490018627834,True
ms_01,ms,1,OE,psd,absolute_power,delta,channel,C3,9741.50306532118,7907.45556640625,5147.561388509418,6728.511962890625,10355.856201171875,18,0,193.17952728271484,177.29073762893677,29.348447493803445,True
ms_01,ms,1,OE,psd,absolute_power,delta,channel,P3,10644.267116970486,8728.9912109375,5503.347609456667,7330.042724609375,11487.490234375,18,0,238.18920516967773,195.17905521392822,29.34212119819224,True
ms_24,ms,1,OE,psd,absolute_power,delta,channel,Cz,6652.31591796875,6784.4775390625,1660.2776008939966,5183.96484375,7689.217529296875,18,0,172.9872932434082,153.63172888755798,29.02648502015112,True
ms_24,ms,1,OE,psd,absolute_power,theta,channel,FC5,1541.5128139919705,1598.7621459960938,361.62920932378,1167.66796875,1797.3587036132812,18,0,40.682135581970215,36.28179657459259,28.965229640404715,True
ms_01,ms,1,OE,psd,absolute_power,delta,channel,P7,11155.58021375868,9001.93359375,5869.772764389152,7649.1051025390625,12110.25244140625,18,0,242.2433090209961,204.03439807891846,28.957519950343546,True
ms_19,ms,1,CE,psd,absolute_power,gamma,channel,FC5,604.2707316080729,584.8198547363281,168.3850048118397,492.9140396118164,684.5429382324219,18,0,15.54709005355835,13.351394712924957,28.758734773118274,True
ms_19,ms,1,OE,psd,absolute_power,gamma,channel,CP2,802.5959065755209,757.5810852050781,220.91441615573012,685.4321136474609,908.4963684082031,18,0,27.440274715423584,17.137475728988647,28.73662595238504,True
ms_03,ms,1,OE,psd,absolute_power,delta,channel,F4,3195.8065812852647,3118.059814453125,1925.6426340633466,1449.9553527832031,4760.407531738281,18,0,81.44264602661133,71.5544605255127,28.623934903979794,True
ms_20,ms,1,CE,psd,absolute_power,delta,channel,T7,3873.4499782986113,3131.6329345703125,2032.7966168012003,2468.9020385742188,4733.262939453125,18,0,87.82823371887207,72.20708799362183,28.432363102041524,True
ms_19,ms,1,OE,psd,absolute_power,delta,channel,Fz,2744.2435777452256,2742.78564453125,1179.9343963484198,2035.03857421875,3384.0694580078125,18,0,78.65617847442627,63.207639932632446,28.429011252751028,True
ms_01,ms,1,OE,psd,absolute_power,delta,roi,R5,10973.308132595486,8910.015625,5739.276094978711,7564.98681640625,11855.308837890625,18,0,256.7704391479492,205.42753887176514,28.411643100032,True
ms_01,ms,1,OE,psd,absolute_power,delta,roi,R6,10762.492621527777,8915.98388671875,5520.888746518921,7398.94287109375,11559.681396484375,18,0,263.6979179382324,205.70350742340088,28.370381270550798,True
ms_03,ms,1,OE,psd,absolute_power,delta,roi,R2,3384.491562737359,3263.428466796875,2054.702270256768,1569.938720703125,5098.5284423828125,18,0,88.1513671875,75.53616499900818,28.35324062973397,True
ms_19,ms,1,OE,psd,absolute_power,gamma,channel,CP1,735.5802476671007,693.5765991210938,227.91011996206035,610.3336486816406,795.5609283447266,18,0,26.651485443115234,15.874648332595825,28.336679781121003,True
ms_03,ms,1,OE,psd,absolute_power,delta,channel,FC5,3677.9367785983613,3405.9290771484375,2289.7840360405103,1568.0734558105469,5587.3646240234375,18,0,84.02973747253418,79.26021099090576,28.268791875659822,True
ms_01,ms,1,OE,psd,absolute_power,theta,channel,F7,1726.4277004665798,1638.512451171875,555.8820103329379,1293.8591613769531,2031.1746215820312,18,0,41.42625665664673,38.18555265665054,28.210142458172562,True
ms_02,ms,1,OE,psd,absolute_power,theta,channel,FC6,1269.3669959174263,1350.2439575195312,601.7002173113138,691.0765991210938,1627.8450012207031,18,0,37.46049976348877,31.570028424263,28.047498074777387,True
ms_24,ms,1,OE,psd,absolute_power,theta,channel,F3,1104.8877800835503,1137.7835693359375,255.20482990781312,850.2233734130859,1280.2241516113281,18,0,29.45033359527588,26.731302201747894,27.965735461963014,True
ms_24,ms,1,OE,psd,absolute_power,theta,channel,F8,1689.373026529948,1715.0725708007812,397.1809697806428,1303.1542053222656,1976.0838317871094,18,0,45.170023918151855,40.72157394886017,27.65938857160241,True
ms_19,ms,1,CE,psd,absolute_power,gamma,channel,Fz,337.2194637722439,335.0482940673828,27.073731397198603,319.9449462890625,361.86499786376953,18,0,10.7308669090271,7.909187495708466,27.657595407142416,True
ms_19,ms,1,OE,psd,absolute_power,gamma,roi,R2,876.8031277126736,810.4511413574219,236.17692630051192,743.3596954345703,991.7188415527344,18,0,27.17874002456665,19.24263906478882,27.455173641893182,True
ms_24,ms,1,OE,psd,absolute_power,theta,channel,C4,1987.544453938802,2029.211181640625,474.7142111461541,1522.1395568847656,2357.61669921875,18,0,57.874454498291016,48.45604848861694,27.440297914236503,True
ms_24,ms,1,OE,psd,absolute_power,delta,channel,P7,8131.003743489583,8457.302734375,2020.535059815999,6407.1983642578125,9480.126953125,18,0,242.2433090209961,204.03439807891846,27.15709568152909,True
ms_03,ms,1,OE,psd,absolute_power,delta,channel,Fp2,3159.0184631347656,3034.4974365234375,1935.6338271695115,1379.6411743164062,4741.3055419921875,18,0,80.91514587402344,73.98952603340149,26.924945586182183,True
ms_24,ms,1,OE,psd,absolute_power,delta,channel,P3,7721.226264105902,8021.184814453125,1941.874406234723,6033.1943359375,9069.28564453125,18,0,238.18920516967773,195.17905521392822,26.896116562070453,True
ms_24,ms,1,OE,psd,absolute_power,delta,channel,Pz,7616.435302734375,7816.796630859375,1915.3193648702404,5961.390380859375,8860.513427734375,18,0,245.5456771850586,190.01887702941895,26.874902566343735,True
ms_24,ms,1,OE,psd,absolute_power,delta,channel,T7,6390.257554796007,6749.266845703125,1598.1424189731447,5011.7296142578125,7409.2764892578125,18,0,174.74147033691406,165.25959181785583,26.83327826754182,True
ms_19,ms,1,OE,psd,absolute_power,gamma,channel,FC1,902.144507514106,830.0138244628906,278.74605445795225,713.3782653808594,1112.5249633789062,18,0,26.991042613983154,20.19815719127655,26.81588428474083,True
ms_03,ms,1,OE,psd,absolute_power,delta,channel,F8,3798.6496556599936,3637.72802734375,2305.863613274122,1854.7378845214844,5755.4871826171875,18,0,96.27302932739258,89.07774603366852,26.815661347800532,True
ms_24,ms,1,OE,psd,absolute_power,delta,channel,CP1,7128.604899088542,7311.076416015625,1816.6126524804054,5537.2076416015625,8281.373291015625,18,0,205.50016403198242,179.02522802352905,26.770782954061726,True
ms_01,ms,1,OE,psd,absolute_power,delta,channel,O2,10965.605007595486,9026.15087890625,5685.1063809074185,7496.9627685546875,11825.393310546875,18,0,272.0273208618164,222.04646396636963,26.591621148768347,True
ms_24,ms,1,OE,psd,absolute_power,delta,roi,R5,8114.305962456598,8352.42724609375,2006.6966411125136,6383.48095703125,9482.393798828125,18,0,256.7704391479492,205.42753887176514,26.580884618334142,True
ms_19,ms,1,OE,psd,absolute_power,delta,channel,FC6,2935.496351453993,2803.7701416015625,1238.1686981911278,2278.503173828125,3719.3304443359375,18,0,79.17216682434082,69.18461608886719,26.562496999554742,True
ms_24,ms,1,OE,psd,absolute_power,delta,channel,P8,7956.5634765625,8051.55517578125,1964.1210963727212,6144.3792724609375,9377.990478515625,18,0,247.01231384277344,198.57610988616943,26.50919108715585,True
ms_19,ms,1,OE,psd,absolute_power,delta,channel,FC2,3449.554733276367,3487.26025390625,1424.643695363424,2643.2548828125,4342.878723144531,18,0,97.7801456451416,86.47137761116028,26.43849416545882,True
ms_24,ms,1,OE,psd,absolute_power,theta,channel,FC1,1762.2838134765625,1807.471923828125,405.9203524552768,1368.1996154785156,2062.5421447753906,18,0,50.23190975189209,44.8961079120636,26.399663730282203,True
ms_03,ms,1,OE,psd,absolute_power,delta,channel,Fp1,2618.8313971625435,2410.1593017578125,1651.686248549086,1107.6461486816406,3959.0092163085938,18,0,65.59228134155273,60.539825320243835,26.12146272109481,True
ms_01,ms,1,OE,psd,absolute_power,theta,roi,R4,2360.9879353841147,2167.414794921875,696.3603275905868,1746.9235229492188,2966.0653686523438,18,0,73.72372436523438,54.146716594696045,26.080533947416566,True
ms_19,ms,1,CE,psd,absolute_power,theta,roi,R6,3159.121860080295,3049.2904052734375,669.5266552237265,2844.558349609375,3534.5310668945312,18,0,128.8514060974121,75.60221099853516,26.054914169077296,True
ms_01,ms,1,OE,psd,absolute_power,delta,channel,O1,11120.076931423611,9072.22900390625,5847.152830859316,7715.8131103515625,11968.18408203125,18,0,289.2246894836426,228.1758108139038,25.96267864411216,True
ms_19,ms,1,OE,psd,absolute_power,gamma,channel,Pz,728.7703942192925,669.6510925292969,223.39192303202609,630.8158416748047,787.2172088623047,18,0,32.02777719497681,16.618138551712036,25.879615390228125,True
ms_19,ms,1,OE,psd,absolute_power,delta,channel,Fp1,2445.9074681599936,2374.152099609375,1042.2791294824056,1846.2079772949219,3160.7886352539062,18,0,65.59228134155273,60.539825320243835,25.720296629265903,True
ms_03,ms,1,OE,psd,absolute_power,delta,roi,R4,4884.164823744032,4790.007568359375,2935.272011681102,2173.3349609375,7303.2978515625,18,0,146.56381607055664,122.28522729873657,25.61192363339946,True
ms_24,ms,1,OE,psd,absolute_power,delta,roi,R6,7951.509548611111,8059.448486328125,1959.453406111261,6162.0958251953125,9375.922119140625,18,0,263.6979179382324,205.70350742340088,25.561847668160993,True
ms_19,ms,1,OE,psd,absolute_power,delta,channel,F3,2515.3127331203887,2439.8023681640625,1077.4216784963598,1914.9395751953125,3268.2951049804688,18,0,69.56111240386963,63.044936656951904,25.3581954319271,True
ms_24,ms,1,OE,psd,absolute_power,delta,channel,C3,6542.538113064236,6819.44287109375,1624.653047507241,5095.0926513671875,7572.7486572265625,18,0,193.17952728271484,177.29073762893677,25.209175927809756,True
ms_19,ms,1,OE,psd,absolute_power,beta,channel,Fz,1148.7086758083767,1090.5596313476562,162.89991429002473,1043.9537048339844,1242.3877868652344,18,0,49.09886455535889,27.886591911315918,25.189727944983087,True
ms_19,ms,1,OE,psd,absolute_power,delta,roi,R1,2460.1392135620117,2363.968994140625,1050.052078470745,1915.6318969726562,3151.6729125976562,18,0,66.4740686416626,62.07267451286316,24.9649158724793,True
ms_03,ms,1,OE,psd,absolute_power,delta,channel,CP5,5251.2692142062715,5007.927734375,3192.8232055819753,2290.33642578125,8007.463623046875,18,0,145.41125106811523,131.4719820022583,24.94617017135094,True
ms_02,ms,1,OE,psd,absolute_power,delta,channel,FC5,3046.975877549913,3013.917724609375,1539.1296549926471,1709.162109375,3904.9288940429688,18,0,84.02973747253418,79.26021099090576,24.93284270782506,True
ms_19,ms,1,CE,psd,absolute_power,theta,channel,P4,3315.5617879231772,3098.3138427734375,868.3634761656347,2667.9228515625,3722.7586669921875,18,0,126.09958076477051,80.4290361404419,24.925464124782177,True
ms_19,ms,1,CE,psd,absolute_power,gamma,channel,P4,556.3988757663303,546.6585693359375,152.3381867899016,489.82391357421875,650.513916015625,18,0,28.77399444580078,14.065490484237671,24.83442441131437,True
ms_01,ms,1,OE,psd,absolute_power,theta,channel,CP6,2585.8587239583335,2372.7928466796875,768.2309184296587,1927.313232421875,3236.7631225585938,18,0,81.09444427490234,62.797839641571045,24.614372162351557,True
ms_02,ms,1,OE,psd,absolute_power,delta,channel,T8,4208.511942545573,4131.4603271484375,2251.4819395390305,2149.1029663085938,5314.5565185546875,18,0,125.88731384277344,109.90956449508667,24.58131825282837,True
ms_20,ms,1,CE,psd,absolute_power,delta,channel,P8,3771.622409396701,3344.9119873046875,1270.073357887493,2886.7633056640625,4445.83740234375,18,0,131.39178466796875,88.34938049316406,24.533162201828116,True
ms_19,ms,1,OE,psd,absolute_power,gamma,channel,FC5,1010.0534125434028,961.6175537109375,319.78656351263686,779.7481536865234,1227.0677185058594,18,0,30.84700632095337,25.608296036720276,24.51534192307471,True
ms_24,ms,1,OE,psd,absolute_power,delta,channel,O1,8490.687879774305,8578.79296875,2065.220732231664,6710.132568359375,9907.346923828125,18,0,289.2246894836426,228.1758108139038,24.50407510099996,True
ms_19,ms,1,CE,psd,absolute_power,gamma,channel,FC1,416.5897098117405,468.22373962402344,156.50215818306205,251.65897369384766,534.3877410888672,18,0,15.901706457138062,12.450961291790009,24.503090526825456,True
ms_24,ms,1,OE,psd,absolute_power,delta,channel,O2,8244.79115125868,8322.2529296875,2038.037144959792,6422.42578125,9730.91064453125,18,0,272.0273208618164,222.04646396636963,24.453453065017733,True
ms_24,ms,1,OE,psd,absolute_power,theta,roi,R4,1993.2846137152778,2034.8552856445312,476.1385861488742,1535.0435791015625,2353.15185546875,18,0,73.72372436523438,54.146716594696045,24.42927659126732,True
ms_20,ms,1,CE,psd,absolute_power,delta,roi,R3,2359.6463283962676,2395.2640380859375,794.7688425032408,1777.9963989257812,2897.306396484375,18,0,86.31520462036133,63.852288246154785,24.39011498339811,True
ms_19,ms,1,CE,psd,absolute_power,delta,roi,R6,3932.362847222222,3889.6448974609375,1344.091363142598,2768.0054931640625,4690.96240234375,18,0,159.65482330322266,103.24892616271973,24.366779698936945,True
ms_02,ms,1,OE,psd,absolute_power,delta,channel,FC2,3178.047946506076,3211.8427734375,1576.4301856127208,1690.2637634277344,4029.7788696289062,18,0,97.7801456451416,86.47137761116028,24.29019318186813,True
ms_03,ms,1,OE,psd,absolute_power,delta,channel,F3,2545.680182562934,2324.7484130859375,1602.347995891274,1095.4536743164062,3802.6232299804688,18,0,69.56111240386963,63.044936656951904,24.127282472751762,True
ms_02,ms,1,OE,psd,absolute_power,delta,channel,C4,3840.187208387587,3916.83154296875,1930.0617528570663,2013.2723388671875,4852.723876953125,18,0,114.79125595092773,106.42724895477295,24.095718586515765,True
ms_19,ms,1,CE,psd,absolute_power,theta,channel,CP2,1893.7727796766494,1945.9700927734375,417.0107605587185,1537.1539611816406,2160.1221923828125,18,0,87.18785095214844,52.60976982116699,23.83077231186105,True
ms_19,ms,1,CE,psd,absolute_power,delta,channel,CP6,3016.8990953233506,2732.0670166015625,1215.2271624911778,2005.7248229980469,3395.7731323242188,18,0,104.25907325744629,74.3823037147522,23.828680841371646,True
ms_02,ms,1,OE,psd,absolute_power,theta,roi,R2,930.0339575873481,1009.9270629882812,436.6727956968674,492.8653259277344,1188.7641906738281,18,0,35.66075944900513,27.630387544631958,23.78300405469085,True
ms_24,ms,1,OE,psd,absolute_power,theta,channel,F7,1293.2418416341145,1379.7395629882812,299.52668975388167,993.6637573242188,1508.9718627929688,18,0,41.42625665664673,38.18555265665054,23.639305852708226,True
ms_19,ms,1,CE,psd,absolute_power,theta,channel,CP6,2146.3111436631943,2120.459228515625,517.1059088454085,1842.6118469238281,2462.6572265625,18,0,88.79958152770996,58.215731620788574,23.53892358892024,True
ms_03,ms,1,OE,psd,absolute_power,delta,channel,CP6,5266.373153686523,5115.4599609375,3140.8099515276085,2396.423095703125,7909.8201904296875,18,0,170.18851852416992,141.8616909980774,23.512618999138322,True
ms_03,ms,1,OE,psd,absolute_power,delta,roi,R1,2482.109336429172,2227.675537109375,1589.6546810943325,1037.0242309570312,3738.5057983398438,18,0,66.4740686416626,62.07267451286316,23.483931235259448,True
ms_19,ms,1,OE,psd,absolute_power,gamma,channel,P8,908.1007859971788,852.333984375,245.6498756129973,775.9295043945312,1015.1732482910156,18,0,42.30243110656738,23.342151641845703,23.406531066509245,True
ms_19,ms,1,CE,psd,absolute_power,delta,channel,FC5,1719.1998223198784,1613.7872314453125,675.3590262997425,1186.947265625,2117.7662658691406,18,0,56.676788330078125,45.24236512184143,23.214007546628125,True
ms_24,ms,1,OE,psd,absolute_power,theta,channel,CP6,2188.2417263454863,2232.5020751953125,529.764277546555,1680.7757568359375,2602.5250854492188,18,0,81.09444427490234,62.797839641571045,23.107555533847453,True
ms_19,ms,1,OE,psd,absolute_power,delta,channel,C4,3744.326204087999,3757.7265625,1488.0893844577324,2960.4949951171875,4542.401611328125,18,0,114.79125595092773,106.42724895477295,23.08737870958744,True
ms_20,ms,1,CE,psd,absolute_power,delta,roi,R1,1192.8150075276692,1155.1385498046875,454.1433244859168,945.6429443359375,1599.6868896484375,18,0,42.277377128601074,32.52693855762482,23.076705365938974,True
ms_03,ms,1,OE,psd,absolute_power,delta,channel,FC1,4253.839246114095,4096.848388671875,2592.4848547670363,1871.2219543457031,6367.617431640625,18,0,130.37680625915527,116.083163022995,23.046825744521847,True
ms_03,ms,1,OE,psd,absolute_power,delta,roi,R3,4692.532065497504,4472.744140625,2858.324188767899,2045.081298828125,7116.331787109375,18,0,145.2047061920166,126.90270519256592,23.00097035257377,True
ms_20,ms,1,CE,psd,absolute_power,delta,channel,FC5,1752.4263543023003,1580.5927124023438,755.3442775307462,1217.8840026855469,2008.7901916503906,18,0,56.676788330078125,45.24236512184143,22.71913075803726,True
ms_02,ms,1,OE,psd,absolute_power,theta,channel,FC5,1150.1482526991103,1253.952392578125,516.7477237377619,639.7206726074219,1545.7129211425781,18,0,40.682135581970215,36.28179657459259,22.555100748918452,True
ms_01,ms,1,OE,psd,absolute_power,theta,channel,T8,2536.1795043945312,2312.4700927734375,731.7065856812042,1949.4552917480469,3189.5044555664062,18,0,83.26286697387695,66.73265504837036,22.531392969010568,True
ms_19,ms,1,OE,psd,absolute_power,gamma,channel,F8,866.598156399197,758.006591796875,309.5032919499244,678.8400115966797,981.0585479736328,18,0,25.010250568389893,21.987224757671356,22.48575090024812,True
ms_19,ms,1,OE,psd,absolute_power,gamma,channel,FC6,836.7027248806423,783.4429626464844,256.4593161233207,712.0293579101562,891.5237426757812,18,0,26.305945873260498,22.80797451734543,22.390498598761702,True
ms_19,ms,1,CE,psd,absolute_power,theta,channel,Pz,2323.7742716471353,2275.820556640625,541.791564121469,1910.7120666503906,2767.683837890625,18,0,106.88251113891602,65.60580348968506,22.298769190413775,True
ms_19,ms,1,CE,psd,absolute_power,theta,channel,CP1,1799.0579969618057,1763.4898071289062,350.39710113851106,1509.0002746582031,2002.6686096191406,18,0,85.80852699279785,51.40369510650635,22.013602688563182,True
ms_19,ms,1,OE,psd,absolute_power,gamma,channel,CP6,825.3185577392578,766.378173828125,250.24666848974965,709.1762390136719,894.2131500244141,18,0,38.84922504425049,22.29633355140686,22.00862092751933,True
ms_02,ms,1,OE,psd,absolute_power,theta,channel,F4,819.7217271592882,887.4071044921875,379.103624597393,455.60099029541016,1081.4453735351562,18,0,27.718090534210205,26.44294637441635,21.92842990065625,True
ms_19,ms,1,OE,psd,absolute_power,delta,channel,F4,2374.5025007459853,2394.193115234375,1018.5324965623291,1784.2027587890625,2932.33740234375,18,0,81.44264602661133,71.5544605255127,21.80058110981921,True
ms_19,ms,1,OE,psd,absolute_power,gamma,channel,P3,732.4402906629774,692.5934448242188,226.4446051914,621.1157073974609,793.2858734130859,18,0,37.19853115081787,20.358896255493164,21.71325044015563,True
ms_19,ms,1,CE,psd,absolute_power,gamma,channel,F4,307.3882319132487,295.96607971191406,48.997335635346815,280.77254486083984,318.4781723022461,18,0,11.01475739479065,8.902644693851471,21.588757095548893,True
ms_01,ms,1,OE,psd,absolute_power,theta,channel,F8,1472.9326680501301,1343.3204345703125,434.2652755139378,1170.77685546875,1770.9237365722656,18,0,45.170023918151855,40.72157394886017,21.501881471851565,True
ms_02,ms,1,OE,psd,absolute_power,delta,channel,Fz,2075.7509562174478,2076.1655883789062,1043.6925875662023,1133.9811401367188,2677.8572387695312,18,0,78.65617847442627,63.207639932632446,21.315487184525328,True
ms_19,ms,1,CE,psd,absolute_power,theta,channel,O2,1719.3169352213542,1722.0798950195312,351.3463371095219,1532.3749694824219,1840.2196655273438,18,0,113.9550952911377,50.8942813873291,21.312125604979965,True
ms_19,ms,1,OE,psd,absolute_power,gamma,roi,R6,839.6057484944662,781.7224731445312,221.10820675032164,733.9557495117188,915.2651824951172,18,0,43.30545139312744,23.484429836273193,21.20790077867982,True
ms_19,ms,1,OE,psd,absolute_power,theta,channel,P8,2979.798434787326,2623.8489990234375,1038.725961301721,2221.8427734375,3594.205322265625,18,0,104.93802452087402,80.38254070281982,21.136208950242402,True
ms_19,ms,1,OE,psd,absolute_power,delta,channel,CP5,4433.844102647569,4238.84619140625,1761.5450113231113,3891.1138305664062,5321.8551025390625,18,0,145.41125106811523,131.4719820022583,21.00055083773875,True
ms_02,ms,1,OE,psd,absolute_power,delta,channel,CP5,4193.80231391059,4235.0234375,2109.5693231810096,2245.994873046875,5509.371826171875,18,0,145.41125106811523,131.4719820022583,20.98093896191357,True
ms_02,ms,1,OE,psd,absolute_power,theta,channel,Fp2,822.8751627604166,881.9147033691406,386.8898723576009,442.04500579833984,1066.1487121582031,18,0,31.276672840118408,27.384406983852386,20.95161277691768,True
ms_06,ms,1,OE,psd,absolute_power,delta,channel,FC6,5494.951706780328,2220.2615966796875,10218.871137659973,1138.1432189941406,4567.4525146484375,18,0,79.17216682434082,69.18461608886719,20.873788383756413,True
ms_03,ms,1,OE,psd,absolute_power,delta,channel,CP2,5209.998857286241,5049.304443359375,3126.6708422136085,2326.2601318359375,7786.8206787109375,18,0,187.25001907348633,157.9020004272461,20.768646200680205,True
ms_24,ms,1,OE,psd,absolute_power,theta,channel,T8,2086.9775119357637,2130.562744140625,502.0433040726072,1607.5836486816406,2453.17626953125,18,0,83.26286697387695,66.73265504837036,20.69279047904841,True
ms_03,ms,1,OE,psd,absolute_power,delta,channel,Cz,4942.81452094184,4864.540283203125,2980.278003238941,2189.9679565429688,7349.8780517578125,18,0,172.9872932434082,153.63172888755798,20.59736723810893,True
ms_01,ms,1,OE,psd,absolute_power,theta,channel,T7,2636.289788140191,2467.6484375,779.8998593154421,1990.2403869628906,3232.8546752929688,18,0,88.07302474975586,78.04423022270203,20.565282312322317,True
ms_02,ms,1,OE,psd,absolute_power,delta,channel,F8,2965.8800659179688,2799.6578369140625,1581.9430039360684,1502.8244323730469,3758.6184692382812,18,0,96.27302932739258,89.07774603366852,20.46984968992629,True
ms_02,ms,1,OE,psd,absolute_power,theta,roi,R1,688.3187357584635,745.7390441894531,305.3961146804757,392.19055938720703,923.1404876708984,18,0,25.912331581115723,23.720088243484497,20.46857756577282,True
ms_19,ms,1,OE,psd,absolute_power,delta,channel,FC1,3741.070543077257,3639.7099609375,1567.2359529297082,2813.8397216796875,4536.2713623046875,18,0,130.37680625915527,116.083163022995,20.390664099034836,True
ms_01,ms,1,OE,psd,absolute_power,theta,channel,P8,2747.291985405816,2530.640625,808.5573730273513,2065.3804321289062,3407.99853515625,18,0,104.93802452087402,80.38254070281982,20.354096486080874,True
ms_02,ms,1,OE,psd,absolute_power,delta,roi,R4,3824.0086466471353,3827.496826171875,1953.9998241701387,1992.8257751464844,4828.792724609375,18,0,146.56381607055664,122.28522729873657,20.30298635746461,True
ms_20,ms,1,CE,psd,absolute_power,delta,channel,C3,2116.309529622396,2143.326904296875,676.3432968549433,1485.3343505859375,2565.1012573242188,18,0,84.39019584655762,68.59990239143372,20.24396151867282,True
ms_19,ms,1,OE,psd,absolute_power,delta,channel,T8,3601.3836602105034,3404.9954833984375,1432.2945422699977,2857.0526123046875,4432.291015625,18,0,125.88731384277344,109.90956449508667,20.12316371054659,True
ms_02,ms,1,OE,psd,absolute_power,theta,channel,F8,1147.5049760606553,1250.4024658203125,545.7446968746268,580.9499969482422,1469.2062377929688,18,0,45.170023918151855,40.72157394886017,19.962837048128737,True
ms_02,ms,1,OE,psd,absolute_power,delta,roi,R2,2415.2555338541665,2321.9635009765625,1267.1324863869345,1244.0886840820312,3062.7434692382812,18,0,88.1513671875,75.53616499900818,19.946546699414803,True
ms_01,ms,1,OE,psd,absolute_power,theta,channel,CP1,2565.2899102105034,2355.0281982421875,774.3862189798162,1881.813232421875,3173.7974853515625,18,0,87.08431625366211,76.74052810668945,19.93349836329044,True
ms_01,ms,1,OE,psd,absolute_power,theta,channel,Cz,2427.7754923502603,2238.0380859375,732.9754192382759,1784.6255187988281,2990.0843505859375,18,0,83.58529663085938,73.3170952796936,19.82018644590768,True
ms_19,ms,1,OE,psd,absolute_power,delta,roi,R3,4149.203114827474,3866.213134765625,1685.4231125534811,3451.8274536132812,5068.2183837890625,18,0,145.2047061920166,126.90270519256592,19.777244284895282,True
ms_03,ms,1,OE,psd,absolute_power,delta,channel,P4,5438.7127855088975,5259.56640625,3211.134626961102,2440.7616577148438,8185.15087890625,18,0,229.62109375,171.76468658447266,19.75174118392131,True
ms_19,ms,1,OE,psd,absolute_power,delta,channel,CP6,4368.217397054036,4311.454833984375,1683.6687101697928,3588.5882568359375,5745.25341796875,18,0,170.18851852416992,141.8616909980774,19.689923633769816,True
ms_20,ms,1,CE,psd,absolute_power,delta,channel,F7,1750.8575981987847,1483.062744140625,945.3097634100159,1136.7780151367188,1822.5671081542969,18,0,58.85404586791992,48.79264259338379,19.687714284230793,True
ms_19,ms,1,CE,psd,absolute_power,delta,roi,R1,1063.5884840223525,987.1236877441406,461.79825942628986,702.5432586669922,1274.2283325195312,18,0,42.277377128601074,32.52693855762482,19.592686366923505,True
ms_19,ms,1,CE,psd,absolute_power,gamma,roi,R2,315.2487555609809,248.54669189453125,175.4199198021097,237.84405899047852,261.1049499511719,18,0,10.697373628616333,8.223636269569397,19.508057270457027,True
ms_20,ms,1,CE,psd,absolute_power,delta,channel,CP6,2457.525814480252,2254.5159301757812,919.8942477461688,1722.3465270996094,3015.2761840820312,18,0,104.25907325744629,74.3823037147522,19.498298762760175,True
ms_01,ms,1,OE,psd,absolute_power,theta,channel,C3,2445.6676432291665,2266.6846923828125,739.692374814969,1808.0556640625,3000.3471069335938,18,0,83.11852931976318,75.65688133239746,19.466771214386775,True
ms_19,ms,1,OE,psd,absolute_power,gamma,channel,F7,534.2864244249132,490.2196044921875,170.80420075812114,447.2757263183594,603.2919006347656,18,0,21.926302433013916,16.231447219848633,19.459725351997307,True
ms_19,ms,1,OE,psd,absolute_power,delta,roi,R4,3739.046671549479,3663.7523193359375,1464.9887833673781,3089.6487426757812,4503.49560546875,18,0,146.56381607055664,122.28522729873657,19.399817927265904,True
ms_02,ms,1,OE,psd,absolute_power,theta,channel,C4,1395.5183444552952,1449.896240234375,650.5273000651583,793.3192596435547,1812.2255554199219,18,0,57.874454498291016,48.45604848861694,19.376442379317428,True
ms_20,ms,1,CE,psd,absolute_power,delta,channel,T8,2421.9654337565103,2269.5006103515625,1032.7098163913,1703.5323486328125,3111.9596557617188,18,0,103.1257152557373,75.50595617294312,19.352113692294655,True
ms_19,ms,1,CE,psd,absolute_power,theta,channel,P3,2339.883578830295,2326.95654296875,443.62372661174305,2052.1570434570312,2692.8682250976562,18,0,123.4105110168457,76.81736373901367,19.348118241631827,True
ms_02,ms,1,OE,psd,absolute_power,delta,channel,CP6,4216.989000108507,4220.135498046875,2161.5401431203586,2183.3990478515625,5315.0914306640625,18,0,170.18851852416992,141.8616909980774,19.25573983250512,True
ms_19,ms,1,CE,psd,absolute_power,delta,roi,R3,2147.9228515625,1908.41796875,779.4213865175294,1642.9978332519531,2568.32861328125,18,0,86.31520462036133,63.852288246154785,19.247414790905538,True
ms_19,ms,1,CE,psd,absolute_power,delta,roi,R4,2116.098924424913,1922.17529296875,879.282436461911,1431.9574584960938,2473.27587890625,18,0,94.34119415283203,64.05823087692261,19.24588288859084,True
ms_01,ms,1,OE,psd,absolute_power,theta,channel,CP2,2568.433315700955,2358.13818359375,771.4624422255,1875.5293884277344,3179.0262451171875,18,0,92.76581001281738,79.50707817077637,19.218071747925485,True
ms_19,ms,1,CE,psd,absolute_power,delta,channel,C4,2034.8719618055557,1779.39892578125,925.4239747371063,1303.5541687011719,2341.7364501953125,18,0,82.04682922363281,59.931918144226074,19.102480617277468,True
ms_01,ms,1,OE,psd,absolute_power,theta,channel,CP5,2631.9694078233506,2413.621826171875,790.9301463806203,1972.6474609375,3271.3076782226562,18,0,94.32391738891602,82.0738615989685,19.06020963886458,True
ms_19,ms,1,CE,psd,absolute_power,delta,channel,P7,3366.1675889756943,3245.335205078125,793.5885711608576,2727.6160278320312,4033.5990600585938,18,0,150.91675186157227,109.62807846069336,19.038522629918795,True
ms_20,ms,1,CE,psd,absolute_power,theta,channel,C4,1087.1759236653645,1140.3153076171875,168.83047968750887,940.6342315673828,1164.9331359863281,18,0,55.16737651824951,38.48369479179382,19.019022371715,True
ms_03,ms,1,OE,psd,absolute_power,delta,channel,T7,5078.596754286024,4816.010986328125,3069.2855912779864,2235.1920166015625,7759.9947509765625,18,0,174.74147033691406,165.25959181785583,18.942884744788778,True
ms_24,ms,1,OE,psd,absolute_power,theta,channel,P8,2268.5398220486113,2358.58642578125,563.7137757813288,1729.431396484375,2650.68505859375,18,0,104.93802452087402,80.38254070281982,18.910387858715712,True
ms_02,ms,1,OE,psd,absolute_power,delta,roi,R3,3683.7132703993057,3701.1644287109375,1838.9542163656686,1984.0548400878906,4751.29541015625,18,0,145.2047061920166,126.90270519256592,18.900006664715875,True
ms_02,ms,1,OE,psd,absolute_power,theta,channel,FC2,1161.5457238091362,1200.0496215820312,537.5646923016545,647.6000366210938,1538.5816040039062,18,0,47.78585624694824,41.201154947280884,18.86333679705532,True
ms_20,ms,1,CE,psd,absolute_power,delta,channel,CP5,2690.6383192274307,2497.473876953125,961.9436419096006,1877.5925903320312,3324.4431762695312,18,0,104.30475234985352,85.61303949356079,18.854259467461212,True
ms_02,ms,1,OE,psd,absolute_power,delta,channel,F4,2132.6136067708335,2081.4459838867188,1107.599810358403,1109.9039916992188,2694.3482055664062,18,0,81.44264602661133,71.5544605255127,18.85254616416275,True
ms_02,ms,1,OE,psd,absolute_power,delta,channel,Fp1,1806.5167880588108,1756.1651000976562,912.7105259930723,1015.8349609375,2340.5567016601562,18,0,65.59228134155273,60.539825320243835,18.83513436719477,True
ms_19,ms,1,CE,psd,absolute_power,delta,channel,P4,3787.438490125868,3269.166748046875,1511.7214192505123,2648.1688232421875,4307.736022949219,18,0,164.6851043701172,111.19275856018066,18.8316596218933,True
ms_02,ms,1,OE,psd,absolute_power,theta,channel,Fp1,694.8952094184028,743.0751037597656,314.73996056162053,392.7341079711914,927.0167388916016,18,0,29.26384735107422,25.627859592437744,18.786551203055193,True
ms_20,ms,1,CE,psd,absolute_power,theta,channel,T7,1378.7888081868489,1417.4210205078125,272.2304833124209,1220.4577941894531,1566.4976196289062,18,0,69.74999237060547,48.42518758773804,18.771050781082337,True
ms_19,ms,1,OE,psd,absolute_power,gamma,channel,C4,842.5104031032986,806.0257873535156,236.88665038253134,719.2348785400391,920.2903289794922,18,0,37.451467514038086,27.663177967071533,18.73957783591612,True
ms_01,ms,1,OE,psd,absolute_power,theta,channel,P4,2660.998975965712,2466.70654296875,793.6772081025612,1985.7831115722656,3294.536376953125,18,0,110.00195693969727,85.22844171524048,18.650762985948905,True
ms_19,ms,1,CE,psd,absolute_power,delta,channel,T7,2296.155697292752,2077.0283203125,735.4537590691815,1990.9050903320312,2678.4153442382812,18,0,87.82823371887207,72.20708799362183,18.581237859584636,True
ms_01,ms,1,OE,psd,absolute_power,theta,roi,R3,2433.374708387587,2257.0118408203125,732.3973450140641,1804.8548278808594,2993.129150390625,18,0,88.16565895080566,79.09261393547058,18.495617170910407,True
ms_02,ms,1,OE,psd,absolute_power,theta,channel,Fz,780.6784837510851,837.9990844726562,357.91042530409374,427.01676177978516,1030.710952758789,18,0,35.01985740661621,29.338477849960327,18.46046926761182,True
ms_19,ms,1,CE,psd,absolute_power,theta,roi,R4,1273.0321417914497,1277.222412109375,240.65641399232499,1135.946533203125,1445.0573120117188,18,0,72.24574851989746,44.17342710494995,18.398971468640394,True
ms_19,ms,1,CE,psd,absolute_power,theta,channel,T8,1373.4661661783855,1398.976806640625,265.0774037521554,1203.4783630371094,1517.1157836914062,18,0,82.67427825927734,48.272318840026855,18.39219481067721,True
ms_20,ms,1,CE,psd,absolute_power,theta,channel,FC5,769.3858049180773,820.7862548828125,196.30496535727102,568.9041442871094,911.1619262695312,18,0,42.554134368896484,28.620851039886475,18.340138568311225,True
ms_02,ms,1,OE,psd,absolute_power,delta,channel,Fp2,2147.272962782118,2084.786865234375,1115.600237948705,1119.5377807617188,2740.1219482421875,18,0,80.91514587402344,73.98952603340149,18.267355264242095,True
ms_01,ms,1,OE,psd,absolute_power,theta,roi,R6,2738.5853881835938,2519.41259765625,813.471314955726,2054.0921020507812,3399.9889526367188,18,0,117.37619209289551,88.72455549240112,18.26046183593015,True
ms_19,ms,1,OE,psd,absolute_power,beta,channel,Fp1,729.6852010091146,702.2168273925781,101.08733646240984,667.5757904052734,789.8970031738281,18,0,40.7349739074707,24.60018515586853,18.13658697730252,True
ms_19,ms,1,CE,psd,absolute_power,delta,channel,CP5,2500.465053982205,2406.378173828125,729.1682017642947,1928.1810913085938,3055.9204711914062,18,0,104.30475234985352,85.61303949356079,18.136574283646926,True
ms_19,ms,1,OE,psd,absolute_power,delta,channel,Fp2,2231.375840081109,2067.53125,993.7274160999793,1681.2275085449219,2960.96044921875,18,0,80.91514587402344,73.98952603340149,18.110052553323047,True
ms_19,ms,1,CE,psd,absolute_power,theta,channel,C4,1066.0905320909287,1084.416748046875,221.758184944397,932.6004180908203,1257.2434997558594,18,0,55.16737651824951,38.48369479179382,18.03930714161013,True
ms_20,ms,1,CE,psd,absolute_power,delta,channel,F3,1197.6946563720703,1194.9307861328125,624.766041677035,637.2030944824219,1505.5082702636719,18,0,49.56704902648926,42.87500560283661,18.018359322772525,True
ms_03,ms,1,OE,psd,absolute_power,delta,channel,CP1,5128.496353149414,4984.453369140625,3100.1990686772356,2242.3895263671875,7718.474365234375,18,0,205.50016403198242,179.02522802352905,18.00505890931302,True
ms_20,ms,1,CE,psd,absolute_power,theta,channel,CP6,1614.573971218533,1637.7020874023438,284.65957972451554,1435.3299865722656,1719.1935729980469,18,0,88.79958152770996,58.215731620788574,17.94567204527785,True
ms_02,ms,1,OE,psd,absolute_power,delta,roi,R1,1777.2452087402344,1714.2649536132812,894.7514821388011,1033.517333984375,2296.3377685546875,18,0,66.4740686416626,62.07267451286316,17.905136747938922,True
ms_19,ms,1,OE,psd,absolute_power,theta,channel,CP6,1668.771748860677,1731.3735961914062,390.5603724558294,1409.1588134765625,1859.6543884277344,18,0,81.09444427490234,62.797839641571045,17.72510081362263,True
ms_20,ms,1,CE,psd,absolute_power,delta,roi,R4,1715.9075893825955,1776.553466796875,474.6145248592191,1337.3682250976562,2030.8557434082031,18,0,94.34119415283203,64.05823087692261,17.712581472263075,True
ms_19,ms,1,OE,psd,absolute_power,beta,channel,F4,1024.6798333062065,987.5626525878906,147.3712797519471,928.9676055908203,1111.3098754882812,18,0,60.71901035308838,35.39984750747681,17.659609184332446,True
ms_19,ms,1,OE,psd,absolute_power,delta,channel,P4,4740.697269015842,4719.713134765625,1774.1171088110289,4091.7404174804688,5737.9627685546875,18,0,229.62109375,171.76468658447266,17.631829051049074,True
ms_03,ms,1,OE,psd,absolute_power,delta,channel,Pz,5398.223734537761,5202.856689453125,3242.4462746141844,2346.2740478515625,8113.1275634765625,18,0,245.5456771850586,190.01887702941895,17.596464740230562,True
ms_19,ms,1,CE,psd,absolute_power,theta,channel,CP5,1707.1514621310764,1740.91943359375,337.93026405988934,1444.0630798339844,1899.5915832519531,18,0,81.39850807189941,63.66929745674133,17.580397053745408,True
ms_19,ms,1,OE,psd,absolute_power,delta,channel,CP2,4335.301913791232,4301.98779296875,1674.0224829117992,3485.1727905273438,5222.641357421875,18,0,187.25001907348633,157.9020004272461,17.576424609265192,True
ms_24,ms,1,OE,psd,absolute_power,theta,channel,Cz,1962.8596598307292,1993.0103759765625,456.8981888043284,1504.2999267578125,2336.7999267578125,18,0,83.58529663085938,73.3170952796936,17.56602013511907,True
ms_19,ms,1,OE,psd,absolute_power,gamma,channel,F3,717.9860653347439,670.9545288085938,197.8071217284796,619.0260772705078,800.5693359375,18,0,27.423244953155518,24.722745299339294,17.556946008184735,True
ms_01,ms,1,OE,psd,absolute_power,theta,channel,Pz,2669.066650390625,2444.6754150390625,788.8074037120844,2001.349365234375,3279.6106567382812,18,0,112.20439147949219,90.00852251052856,17.478679887827514,True
ms_02,ms,1,OE,psd,absolute_power,theta,roi,R4,1404.4398532443577,1475.4033203125,652.2564741188826,782.9294738769531,1822.6748046875,18,0,73.72372436523438,54.146716594696045,17.46033729598162,True
ms_19,ms,1,OE,psd,absolute_power,delta,roi,R2,2247.0740678575303,2031.10009765625,952.0284229182352,1852.96142578125,2911.1580810546875,18,0,88.1513671875,75.53616499900818,17.349318235247463,True
ms_19,ms,1,OE,psd,absolute_power,gamma,roi,R1,657.3572387695312,608.56298828125,188.34806997214548,559.3931579589844,725.3387145996094,18,0,26.285263061523438,22.788650035858154,17.234059257208127,True
ms_02,ms,1,OE,psd,absolute_power,delta,channel,CP2,4167.970167371962,4208.9300537109375,2048.7921249757997,2238.2161254882812,5298.590087890625,18,0,187.25001907348633,157.9020004272461,17.178921189059334,True
ms_03,ms,1,OE,psd,absolute_power,delta,channel,P8,5551.455308702257,5287.984619140625,3261.534527818472,2585.4674072265625,8295.517456054688,18,0,247.01231384277344,198.57610988616943,17.1223479030276,True
ms_03,ms,1,OE,psd,absolute_power,delta,channel,P3,5361.70240105523,5189.32421875,3239.9341967591354,2361.6907958984375,8154.33935546875,18,0,238.18920516967773,195.17905521392822,17.10990358018007,True
ms_03,ms,1,OE,psd,absolute_power,delta,channel,P7,5619.795715332031,5413.616455078125,3372.268534375826,2471.7091674804688,8516.850952148438,18,0,242.2433090209961,204.03439807891846,17.095369377235116,True
ms_24,ms,1,OE,psd,absolute_power,theta,channel,CP1,2020.7301432291667,2029.9441528320312,482.35065873341534,1529.1717224121094,2416.9653930664062,18,0,87.08431625366211,76.74052810668945,17.07625734486035,True
ms_19,ms,1,OE,psd,absolute_power,theta,channel,P4,2272.398145887587,2257.0565185546875,513.6790320553678,1938.472900390625,2731.6902465820312,18,0,110.00195693969727,85.22844171524048,16.991610227251435,True
ms_24,ms,1,OE,psd,absolute_power,theta,channel,CP2,2070.437269422743,2094.6240844726562,496.66460474839744,1585.218505859375,2503.9884643554688,18,0,92.76581001281738,79.50707817077637,16.982574872198178,True
ms_20,ms,1,CE,psd,absolute_power,theta,channel,C3,1175.2422688802083,1224.3326416015625,204.33694908355696,997.5475006103516,1312.2644348144531,18,0,64.0206527709961,46.21438455581665,16.934548022183385,True
ms_24,ms,1,OE,psd,absolute_power,theta,channel,CP5,2070.1761135525176,2151.3616943359375,506.61036290616215,1580.3749389648438,2424.1683349609375,18,0,94.32391738891602,82.0738615989685,16.904931063490753,True
ms_19,ms,1,OE,psd,absolute_power,delta,channel,Cz,4149.5830485026045,4010.834228515625,1679.3223671060434,3165.5911865234375,5010.823974609375,18,0,172.9872932434082,153.63172888755798,16.849333876996553,True
ms_24,ms,1,OE,psd,absolute_power,theta,channel,C3,1922.8032633463542,1972.5093383789062,446.4842016734899,1453.6548461914062,2251.4588012695312,18,0,83.11852931976318,75.65688133239746,16.844160363304482,True
ms_19,ms,1,CE,psd,absolute_power,theta,channel,Cz,1061.7195570203994,1109.966796875,214.4311352863622,909.5054473876953,1214.099609375,18,0,68.38064956665039,41.79895734786987,16.80760181914231,True
ms_19,ms,1,OE,psd,absolute_power,delta,channel,F7,2419.1974326239692,2299.04736328125,1038.3776851968205,1985.7477416992188,3025.9346313476562,18,0,95.08373165130615,88.91365420818329,16.719064321394846,True
ms_02,ms,1,OE,psd,absolute_power,theta,channel,CP6,1550.6742282443577,1636.8333740234375,716.221851868148,876.4613647460938,1979.9692993164062,18,0,81.09444427490234,62.797839641571045,16.70967565544653,True
ms_03,ms,1,OE,psd,absolute_power,delta,roi,R5,5537.921144273546,5336.180908203125,3314.512952402822,2463.908935546875,8421.292846679688,18,0,256.7704391479492,205.42753887176514,16.677488538209232,True
ms_19,ms,1,CE,psd,absolute_power,gamma,channel,F8,437.04214647081164,262.25743103027344,462.510180691839,234.1746368408203,289.53814697265625,18,0,14.36970043182373,10.046356201171875,16.6426493674169,True
ms_03,ms,1,OE,psd,absolute_power,delta,roi,R6,5537.539762708876,5338.6826171875,3256.334465652841,2509.5794677734375,8334.396118164062,18,0,263.6979179382324,205.70350742340088,16.640602423385484,True
ms_19,ms,1,CE,psd,absolute_power,gamma,channel,Fp2,201.31588321261935,193.6202621459961,22.863175376735054,191.54542922973633,205.96115493774414,18,0,8.998584270477295,7.484146803617477,16.638585398393346,True
ms_19,ms,1,OE,psd,absolute_power,beta,roi,R2,881.2202996148003,878.3414001464844,116.51190480024009,786.0799255371094,954.9526062011719,18,0,57.07705497741699,33.31303930282593,16.628179940854057,True
ms_01,ms,1,OE,psd,absolute_power,theta,channel,O2,2807.465325249566,2560.8909912109375,839.3558751249748,2108.5355834960938,3497.432373046875,18,0,129.53331184387207,98.6332335472107,16.626528693602996,True
ms_19,ms,1,OE,psd,absolute_power,gamma,roi,R3,832.910653008355,780.41796875,245.99759424898204,687.3777160644531,984.1098022460938,18,0,45.912474632263184,29.8284695148468,16.608869869123374,True
ms_19,ms,1,CE,psd,absolute_power,delta,channel,FC2,1688.1215108235676,1573.158203125,807.5804352386432,1062.3914794921875,2095.95703125,18,0,73.2684850692749,60.96899199485779,16.593053648449153,True
ms_24,ms,1,OE,psd,absolute_power,theta,roi,R6,2219.435560438368,2293.8116455078125,544.8469767335254,1694.3632202148438,2618.9718627929688,18,0,117.37619209289551,88.72455549240112,16.545426390457845,True
ms_06,ms,1,OE,psd,absolute_power,delta,channel,F4,4541.826787312825,1836.5905151367188,8500.052813673085,900.9505157470703,3777.8475952148438,18,0,81.44264602661133,71.5544605255127,16.544475502092702,True
ms_24,ms,1,OE,psd,absolute_power,theta,channel,P4,2148.6391805013022,2199.51025390625,521.862282814533,1643.5327453613281,2602.408935546875,18,0,110.00195693969727,85.22844171524048,16.53619390182512,True
ms_19,ms,1,CE,psd,absolute_power,delta,channel,C3,2038.1990763346355,1766.0899658203125,807.7217854549348,1592.1853332519531,2469.8663330078125,18,0,84.39019584655762,68.59990239143372,16.534877099225373,True
ms_02,ms,1,OE,psd,absolute_power,delta,channel,P4,4395.333828396268,4435.8134765625,2142.4308887852135,2265.6664428710938,5524.5018310546875,18,0,229.62109375,171.76468658447266,16.5170032979546,True
ms_20,ms,1,CE,psd,absolute_power,delta,roi,R6,2917.385002983941,2685.992919921875,833.8095009147327,2294.4987182617188,3433.43701171875,18,0,159.65482330322266,103.24892616271973,16.503723232893382,True
ms_19,ms,1,OE,psd,absolute_power,delta,channel,P8,5090.8568929036455,5104.385009765625,1983.0901783659688,3861.7395629882812,6195.72412109375,18,0,247.01231384277344,198.57610988616943,16.498726864031834,True
ms_03,ms,1,OE,psd,absolute_power,delta,channel,C3,4765.053756713867,4525.294921875,2910.973055002026,2063.2742614746094,7257.0726318359375,18,0,193.17952728271484,177.29073762893677,16.481243418110108,True
ms_19,ms,1,CE,psd,absolute_power,gamma,channel,FC2,354.1523623996311,267.31482696533203,227.7706320294486,221.315185546875,383.194091796875,18,0,14.667802810668945,10.35506397485733,16.45649738285931,True
ms_20,ms,1,CE,psd,absolute_power,theta,channel,CP5,1537.296339246962,1620.9876708984375,291.7314533244282,1272.6021728515625,1757.9601135253906,18,0,81.39850807189941,63.66929745674133,16.309880981839807,True
ms_01,ms,1,OE,psd,absolute_power,theta,channel,P7,2777.6017388237847,2500.6009521484375,833.016317815275,2099.2862548828125,3445.1714477539062,18,0,121.92129516601562,98.3788595199585,16.3083558420812,True
ms_19,ms,1,CE,psd,absolute_power,delta,channel,CP2,2659.5370279947915,2191.8828125,1155.2888837679513,1816.9666748046875,3237.6435546875,18,0,127.2723503112793,85.44241619110107,16.29823617757232,True
ms_19,ms,1,CE,psd,absolute_power,delta,channel,Fp1,1075.2726949055989,983.2805480957031,486.8026026401329,682.7573547363281,1283.3736267089844,18,0,45.059261322021484,38.85692834854126,16.285939603788727,True
ms_02,ms,1,OE,psd,absolute_power,theta,channel,T8,1578.891828748915,1694.01904296875,735.0309861421989,845.3735504150391,2073.7388916015625,18,0,83.26286697387695,66.73265504837036,16.280487501822087,True
ms_02,ms,1,OE,psd,absolute_power,delta,channel,FC1,2904.76123046875,2923.9100341796875,1351.6354606236291,1551.6131591796875,3667.0120849609375,18,0,130.37680625915527,116.083163022995,16.231573119264326,True
ms_19,ms,1,CE,psd,absolute_power,delta,channel,O2,3053.7690700954863,2875.35302734375,1047.6796435963738,2176.6436157226562,3883.7020263671875,18,0,167.64306640625,112.9258451461792,16.172784411141237,True
ms_19,ms,1,CE,psd,absolute_power,delta,channel,FC6,1282.9129299587673,1147.7791137695312,603.8180934321872,842.6282653808594,1382.8802185058594,18,0,58.76825141906738,45.56569790840149,16.120191225900058,True
ms_02,ms,1,OE,psd,absolute_power,delta,channel,T7,4155.1800537109375,4117.4033203125,2174.6193009944495,2244.8374633789062,5325.1981201171875,18,0,174.74147033691406,165.25959181785583,16.091586311555336,True
ms_19,ms,1,OE,psd,absolute_power,theta,channel,FC5,952.1725090874565,902.5675048828125,210.05055642275354,852.1247406005859,1044.4886627197266,18,0,40.682135581970215,36.28179657459259,16.02273790732257,True
ms_02,ms,1,OE,psd,absolute_power,theta,channel,FC1,1050.4618360731338,1113.3809814453125,452.48181562160875,571.6367797851562,1352.212646484375,18,0,50.23190975189209,44.8961079120636,15.972079945278544,True
ms_01,ms,1,OE,psd,absolute_power,theta,roi,R5,2740.895453559028,2461.3829345703125,826.4824278711119,2045.9530944824219,3404.727294921875,18,0,122.83121681213379,98.96255111694336,15.938670804091222,True
ms_20,ms,1,CE,psd,absolute_power,theta,channel,P8,2035.6863132052952,2052.1736450195312,351.0045455715564,1806.0405883789062,2146.2758178710938,18,0,131.55659294128418,81.3043909072876,15.933191795227405,True
ms_19,ms,1,OE,psd,absolute_power,delta,channel,T7,4455.7985432942705,4076.9124755859375,1907.8577425262033,3624.835205078125,5676.8404541015625,18,0,174.74147033691406,165.25959181785583,15.926326913834147,True
ms_19,ms,1,CE,psd,absolute_power,delta,channel,FC1,1857.5589701334636,1598.6762084960938,911.822617673378,1214.536865234375,2261.5367736816406,18,0,81.70284080505371,64.37827134132385,15.893320798486936,True
ms_20,ms,1,CE,psd,absolute_power,delta,channel,CP1,2245.7790798611113,2366.06787109375,710.5745417661204,1620.2363891601562,2855.763671875,18,0,123.76553535461426,95.23530578613281,15.88079329324792,True
ms_02,ms,1,OE,psd,absolute_power,delta,channel,Cz,3761.7714165581597,3789.882568359375,1851.4592773940446,2016.5001525878906,4805.689453125,18,0,172.9872932434082,153.63172888755798,15.879287818506398,True
ms_06,ms,1,CE,psd,absolute_power,gamma,channel,F3,283.26541222466363,284.7655487060547,34.81151600050466,252.39465713500977,307.8781280517578,18,0,13.823426008224487,11.510442912578583,15.876709480306257,True
ms_19,ms,1,OE,psd,absolute_power,delta,channel,CP1,4446.268402099609,4419.406005859375,1748.6031437355596,3683.2396850585938,5192.694580078125,18,0,205.50016403198242,179.02522802352905,15.876201265016498,True
ms_24,ms,1,OE,psd,absolute_power,theta,channel,T7,1842.9778578016494,1923.4196166992188,445.2183220353098,1391.16552734375,2160.8447875976562,18,0,88.07302474975586,78.04423022270203,15.861830056806406,True
ms_02,ms,1,OE,psd,absolute_power,delta,channel,F3,1612.9059075249565,1547.8372802734375,800.2909637995731,940.4293670654297,2087.6539306640625,18,0,69.56111240386963,63.044936656951904,15.81544320692958,True
ms_03,ms,1,OE,psd,absolute_power,delta,channel,O2,5622.451582166884,5468.49755859375,3298.053399519829,2502.5089721679688,8463.455322265625,18,0,272.0273208618164,222.04646396636963,15.784854640946616,True
ms_01,ms,1,OE,psd,absolute_power,theta,channel,O1,2806.3367445203994,2530.5382080078125,838.3826747525458,2098.33056640625,3484.2039794921875,18,0,136.16273880004883,102.67301893234253,15.729391669707155,True
ms_19,ms,1,CE,psd,absolute_power,delta,channel,Fz,1217.3162841796875,1140.0130004882812,608.139342813872,755.1800384521484,1419.3692626953125,18,0,66.34578132629395,46.151570320129395,15.691310459307084,True
ms_24,ms,1,OE,psd,absolute_power,theta,roi,R3,1860.0806410047744,1913.9114990234375,440.3244210059715,1402.4542236328125,2179.2894287109375,18,0,88.16565895080566,79.09261393547058,15.569705399881306,True
ms_19,ms,1,OE,psd,absolute_power,theta,roi,R6,2256.1712103949653,2164.50390625,590.8851296784609,1851.068359375,2549.3775024414062,18,0,117.37619209289551,88.72455549240112,15.56241920857714,True
ms_19,ms,1,CE,psd,absolute_power,delta,roi,R5,3013.9881930881074,2954.760009765625,868.3807882844694,2273.7373046875,3740.3281860351562,18,0,162.90752410888672,121.07417678833008,15.553099375512227,True
ms_01,ms,1,OE,psd,absolute_power,theta,channel,P3,2638.7479112413193,2371.0953369140625,809.0738985604472,1950.2561340332031,3284.7344360351562,18,0,116.6395034790039,98.18345594406128,15.4874323039352,True
ms_19,ms,1,CE,psd,absolute_power,theta,channel,FC5,696.1306677924263,699.6649475097656,160.64363396925486,574.6810607910156,764.1078186035156,18,0,42.554134368896484,28.620851039886475,15.485743970296207,True
ms_02,ms,1,OE,psd,absolute_power,theta,channel,F3,608.0845319959852,641.5794982910156,270.41413384064975,340.5153121948242,804.0075836181641,18,0,29.45033359527588,26.731302201747894,15.44539289845769,True
ms_19,ms,1,CE,psd,absolute_power,gamma,channel,Fp1,182.7805184258355,182.44512176513672,13.157427379432667,172.36658477783203,192.30047988891602,18,0,8.928098917007446,7.590205669403076,15.419296079780219,True
ms_06,ms,1,OE,psd,absolute_power,delta,roi,R2,4301.550971984863,1811.0755615234375,7762.115073374633,997.4701080322266,3576.7420654296875,18,0,88.1513671875,75.53616499900818,15.384636595907487,True
ms_19,ms,1,OE,psd,absolute_power,delta,channel,Pz,4553.850260416667,4576.199462890625,1792.3630750747475,3760.72119140625,5453.3265380859375,18,0,245.5456771850586,190.01887702941895,15.372083061508198,True
ms_24,ms,1,OE,psd,absolute_power,theta,channel,P7,2251.3536580403647,2362.712158203125,557.7038298610736,1726.1476135253906,2666.4898071289062,18,0,121.92129516601562,98.3788595199585,15.36298284421048,True
ms_19,ms,1,OE,psd,absolute_power,theta,channel,CP1,1836.5929022894966,1833.2366943359375,257.3502298074423,1692.1751403808594,2001.93212890625,18,0,87.08431625366211,76.74052810668945,15.347348691908616,True
ms_20,ms,1,CE,psd,absolute_power,delta,channel,C4,1515.129370795356,1442.5196533203125,427.0878843277141,1223.7471008300781,1815.33740234375,18,0,82.04682922363281,59.931918144226074,15.311145993424928,True
ms_06,ms,1,OE,psd,absolute_power,delta,channel,T8,6653.004959954156,2615.4874267578125,12539.091766614307,1328.7331237792969,5441.681884765625,18,0,125.88731384277344,109.90956449508667,15.278126873372774,True
ms_19,ms,1,OE,psd,absolute_power,delta,roi,R6,4802.8946533203125,4891.15576171875,1837.1901171505845,3915.08544921875,5773.819091796875,18,0,263.6979179382324,205.70350742340088,15.173185885805577,True
ms_03,ms,1,OE,psd,absolute_power,delta,channel,O1,5632.265611436632,5405.60205078125,3333.239422249875,2558.326904296875,8569.571655273438,18,0,289.2246894836426,228.1758108139038,15.124080155038936,True
ms_20,ms,1,CE,psd,absolute_power,delta,channel,P3,2629.783413357205,2851.906005859375,800.3587056650026,1763.3985290527344,3160.25537109375,18,0,152.00997161865234,120.5683741569519,15.103918746323009,True
ms_19,ms,1,OE,psd,absolute_power,beta,channel,Fp2,780.629625108507,759.0076904296875,112.2441130967997,702.6712341308594,852.7884979248047,18,0,48.37088871002197,31.860530853271484,15.044255173001888,True
ms_19,ms,1,CE,psd,absolute_power,delta,channel,T8,2014.250929090712,1784.6068115234375,872.4824896419714,1398.9369201660156,2225.4730224609375,18,0,103.1257152557373,75.50595617294312,15.020582734816744,True
ms_24,ms,1,OE,psd,absolute_power,theta,channel,O2,2241.1275770399307,2323.33837890625,551.179765550983,1706.7024536132812,2624.3438110351562,18,0,129.53331184387207,98.6332335472107,15.002055520345978,True
ms_24,ms,1,OE,psd,absolute_power,theta,channel,Pz,2088.1937255859375,2103.55810546875,505.98573234450697,1574.3555297851562,2529.5604858398438,18,0,112.20439147949219,90.00852251052856,14.922472244537074,True
ms_19,ms,1,OE,psd,absolute_power,delta,channel,P3,4614.8461676703555,4553.8916015625,1798.1306434881064,3844.827880859375,5327.9891357421875,18,0,238.18920516967773,195.17905521392822,14.91400490604604,True
ms_19,ms,1,CE,psd,absolute_power,theta,roi,R3,1195.8782246907551,1146.7838745117188,184.9322550357788,1068.8413696289062,1322.2543029785156,18,0,72.01201820373535,48.616923332214355,14.91093298256691,True
ms_02,ms,1,OE,psd,absolute_power,delta,channel,Pz,4428.518303765191,4433.988525390625,2215.398624630632,2357.5670166015625,5673.1724853515625,18,0,245.5456771850586,190.01887702941895,14.867291302185237,True
ms_20,ms,1,CE,psd,absolute_power,delta,channel,P7,2903.8846978081597,2563.209716796875,931.1335265338511,2151.0660400390625,3674.2625122070312,18,0,150.91675186157227,109.62807846069336,14.841720632571683,True
ms_19,ms,1,CE,psd,absolute_power,theta,channel,Fz,511.6542612711589,471.2119598388672,160.62280584669415,400.64266204833984,586.0700073242188,18,0,33.134292125701904,19.931621551513672,14.824651272949174,True
ms_19,ms,1,CE,psd,absolute_power,delta,channel,F4,1006.8692949083116,936.0203247070312,482.4810629726226,612.6202392578125,1235.3872375488281,18,0,46.58400821685791,40.52444499731064,14.803819686002736,True
ms_19,ms,1,CE,psd,absolute_power,delta,channel,Cz,2165.236809624566,1833.2237548828125,1052.0793506870277,1412.162841796875,2705.609130859375,18,0,106.46780395507812,78.67497253417969,14.803703074265352,True
ms_19,ms,1,OE,psd,absolute_power,gamma,channel,T8,975.9541490342882,889.6538696289062,304.2160290132966,826.7651519775391,1114.9067077636719,18,0,44.797526359558105,38.56854009628296,14.774938206055683,True
ms_06,ms,1,OE,psd,absolute_power,delta,channel,F8,4463.991034613715,2037.6436157226562,7542.120956851553,991.2583770751953,4144.166320800781,18,0,96.27302932739258,89.07774603366852,14.699928765017692,True
ms_19,ms,1,CE,psd,absolute_power,theta,channel,P7,2188.15084499783,2149.4339599609375,486.3532121313813,1802.0475158691406,2665.3591918945312,18,0,124.34561920166016,93.18319940567017,14.658257944326477,True
ms_02,ms,1,OE,psd,absolute_power,delta,channel,CP1,4033.4393446180557,4095.926025390625,1985.952374560574,2136.0051879882812,5211.25732421875,18,0,205.50016403198242,179.02522802352905,14.65746656426714,True
ms_24,ms,1,OE,psd,absolute_power,theta,roi,R5,2189.2433403862847,2269.2642822265625,537.7708989479734,1648.1795654296875,2546.2293701171875,18,0,122.83121681213379,98.96255111694336,14.629263818656607,True
ms_19,ms,1,CE,psd,absolute_power,theta,channel,C3,1108.4771694607205,1059.50146484375,207.47000793193266,956.1107635498047,1207.867919921875,18,0,64.0206527709961,46.21438455581665,14.528866183825878,True
ms_19,ms,1,OE,psd,absolute_power,delta,channel,F8,2135.3438788519966,2005.35595703125,908.563102475506,1583.0361633300781,2922.4904174804688,18,0,96.27302932739258,89.07774603366852,14.455448764095168,True
ms_24,ms,1,OE,psd,absolute_power,theta,channel,O1,2246.4508463541665,2333.35888671875,557.267808079734,1702.9916076660156,2616.5524291992188,18,0,136.16273880004883,102.67301893234253,14.434059833239209,True
ms_19,ms,1,CE,psd,absolute_power,theta,roi,R5,2013.3751017252605,1991.1942138671875,383.55244356469643,1756.9624633789062,2290.5628662109375,18,0,125.89675903320312,87.22958278656006,14.423156190477396,True
ms_19,ms,1,OE,psd,absolute_power,theta,channel,P3,2261.5930447048613,2207.501953125,408.26097888008417,2004.9211120605469,2483.0158081054688,18,0,116.6395034790039,98.18345594406128,14.363595048297174,True
ms_02,ms,1,OE,psd,absolute_power,theta,channel,F7,761.9764573838976,853.9271545410156,332.3848227222012,443.4878158569336,1026.9296569824219,18,0,41.42625665664673,38.18555265665054,14.351614931884388,True
ms_20,ms,1,CE,psd,absolute_power,delta,channel,P4,2601.146226671007,2528.6903076171875,763.3431197312581,2018.9551696777344,3176.68798828125,18,0,164.6851043701172,111.19275856018066,14.339959594416852,True
ms_19,ms,1,OE,psd,absolute_power,delta,channel,P7,4676.539245605469,4575.345703125,1878.590747771064,3921.623291015625,5565.460205078125,18,0,242.2433090209961,204.03439807891846,14.324239207737,True
ms_02,ms,1,OE,psd,absolute_power,delta,channel,P8,4506.706753200955,4463.1484375,2333.8521837534945,2337.0753173828125,5678.630126953125,18,0,247.01231384277344,198.57610988616943,14.320679651406214,True
ms_19,ms,1,CE,psd,absolute_power,delta,channel,F3,1075.2837354871963,959.5943603515625,498.00883243048946,678.6805419921875,1279.9390563964844,18,0,49.56704902648926,42.87500560283661,14.316150020968937,True
ms_20,ms,1,CE,psd,absolute_power,delta,channel,FC1,1479.274878607856,1448.0256958007812,575.2475311600363,941.8712921142578,2027.6904907226562,18,0,81.70284080505371,64.37827134132385,14.314956288128057,True
ms_19,ms,1,OE,psd,absolute_power,gamma,roi,R4,872.5676540798611,820.04345703125,247.30183275243488,741.067626953125,985.3749084472656,18,0,46.31994342803955,36.46915054321289,14.309885274041621,True
ms_19,ms,1,OE,psd,absolute_power,theta,channel,FC1,1005.7657301161024,1001.1392211914062,188.95293890796955,870.4015045166016,1140.0473022460938,18,0,50.23190975189209,44.8961079120636,14.285830654651173,True
ms_06,ms,1,OE,psd,absolute_power,delta,channel,F7,4840.293151007758,1975.3033447265625,7872.187410138754,929.6889343261719,4979.4879150390625,18,0,95.08373165130615,88.91365420818329,14.263172131431755,True
ms_19,ms,1,CE,psd,absolute_power,delta,roi,R2,946.3306545681423,910.9551391601562,386.35186456453584,666.2683868408203,1083.9412841796875,18,0,58.824514389038086,40.36722135543823,14.238142061212415,True
ms_19,ms,1,CE,psd,absolute_power,delta,channel,P3,2775.169196234809,2694.3380126953125,913.970763290935,2006.5122375488281,3448.1480102539062,18,0,152.00997161865234,120.5683741569519,14.222442520724394,True
ms_20,ms,1,CE,psd,absolute_power,theta,channel,O2,1161.107713487413,1186.86328125,148.29544038721454,1037.4105834960938,1265.2030029296875,18,0,113.9550952911377,50.8942813873291,14.21901709719821,True
ms_19,ms,1,CE,psd,absolute_power,theta,channel,O1,1512.090847439236,1526.6796875,317.1772558730256,1405.6187438964844,1718.5412292480469,18,0,122.16708183288574,66.84179592132568,14.172730714864295,True
ms_06,ms,1,OE,psd,absolute_power,delta,channel,FC5,5834.020663367377,1749.4688720703125,10637.551807226162,1053.1523742675781,5238.20849609375,18,0,84.02973747253418,79.26021099090576,14.172600510561194,True
ms_02,ms,1,OE,psd,absolute_power,theta,channel,T7,1561.318352593316,1723.1226196289062,712.1087643992987,864.8283081054688,2061.8002014160156,18,0,88.07302474975586,78.04423022270203,14.130779942155675,True
ms_03,ms,1,OE,psd,absolute_power,delta,channel,F7,2281.81637234158,1948.1184692382812,1523.765936736684,854.4035949707031,3453.884765625,18,0,95.08373165130615,88.91365420818329,14.05695017961055,True
ms_02,ms,1,OE,psd,absolute_power,theta,channel,P8,1654.1283196343315,1778.5701293945312,765.0147185287948,879.1390686035156,2122.1427612304688,18,0,104.93802452087402,80.38254070281982,14.043464907063402,True
ms_02,ms,1,OE,psd,absolute_power,delta,roi,R6,4529.478495279948,4545.311279296875,2289.0710269180877,2326.7382202148438,5712.0067138671875,18,0,263.6979179382324,205.70350742340088,14.039180391531813,True
ms_19,ms,1,CE,psd,absolute_power,delta,channel,O1,2900.627916124132,2762.3531494140625,966.8782927826561,2065.945343017578,3501.7728881835938,18,0,180.90593719482422,124.05128002166748,14.035826880741356,True
ms_20,ms,1,CE,psd,absolute_power,theta,roi,R3,1068.6006503634983,1083.676513671875,172.77911919660073,943.1236724853516,1187.5143432617188,18,0,72.01201820373535,48.616923332214355,14.035407983780628,True
ms_19,ms,1,OE,psd,absolute_power,theta,channel,Fp1,554.4684990776909,562.3065795898438,118.66526304936369,494.0907516479492,641.3310852050781,18,0,29.26384735107422,25.627859592437744,14.028967031148309,True
ms_19,ms,1,OE,psd,absolute_power,delta,channel,C3,4053.140689425998,3869.09814453125,1649.2563802190748,3222.1630859375,4841.7945556640625,18,0,193.17952728271484,177.29073762893677,13.984786645263782,True
ms_19,ms,1,OE,psd,absolute_power,theta,channel,Pz,1889.3142971462673,1965.0808715820312,298.8058871437897,1652.6923217773438,2057.7090454101562,18,0,112.20439147949219,90.00852251052856,13.884774790459371,True
ms_19,ms,1,OE,psd,absolute_power,gamma,channel,CP5,725.4196523030599,668.0011901855469,231.6058416883062,618.3714447021484,790.6309356689453,18,0,46.26276969909668,30.249063730239868,13.863464442056605,True
ms_19,ms,1,OE,psd,absolute_power,gamma,channel,C3,739.2284240722656,685.3034057617188,228.4435147073505,618.4202575683594,802.9240570068359,18,0,38.18533897399902,31.48853302001953,13.861400150371452,True
ms_19,ms,1,CE,psd,absolute_power,delta,channel,CP1,2475.9584757486978,2075.0029296875,1040.1301498379512,1855.1325988769531,2906.455810546875,18,0,123.76553535461426,95.23530578613281,13.819366475057368,True
ms_02,ms,1,OE,psd,absolute_power,delta,channel,P3,4197.4059651692705,4233.84765625,2068.823464017457,2214.3825073242188,5390.9947509765625,18,0,238.18920516967773,195.17905521392822,13.80801182957013,True
ms_02,ms,1,OE,psd,absolute_power,delta,channel,C3,3768.120598687066,3820.8062744140625,1883.2674623844612,2016.7159423828125,4879.3792724609375,18,0,193.17952728271484,177.29073762893677,13.801063453699992,True
ms_02,ms,1,OE,psd,absolute_power,delta,channel,P7,4406.238430447049,4407.222900390625,2240.109622286621,2357.26611328125,5784.7926025390625,18,0,242.2433090209961,204.03439807891846,13.768463917053996,True
ms_19,ms,1,OE,psd,absolute_power,theta,channel,Fz,633.7801479763455,633.4828491210938,131.11905114033468,566.1250915527344,736.9405517578125,18,0,35.01985740661621,29.338477849960327,13.758646916328656,True
ms_19,ms,1,CE,psd,absolute_power,theta,channel,T7,1038.9918755425347,1057.0960693359375,205.32398255648445,871.9100494384766,1174.6356506347656,18,0,69.74999237060547,48.42518758773804,13.752260724070243,True
ms_19,ms,1,CE,psd,absolute_power,theta,channel,Fp1,426.3145294189453,417.49058532714844,100.72833346799493,351.89342498779297,464.2417984008789,18,0,28.015241146087646,19.10314679145813,13.751531282351648,True
ms_19,ms,1,OE,psd,absolute_power,delta,roi,R5,4577.152977837457,4441.94140625,1823.7793998001769,3863.8893432617188,5311.1151123046875,18,0,256.7704391479492,205.42753887176514,13.741386182415317,True
ms_02,ms,1,OE,psd,absolute_power,delta,roi,R5,4417.197292751736,4441.064453125,2223.118242347013,2344.3572387695312,5728.907470703125,18,0,256.7704391479492,205.42753887176514,13.738506837306305,True
ms_20,ms,1,CE,psd,absolute_power,theta,channel,F3,415.5690926445855,411.34051513671875,98.51793624032562,328.58678436279297,508.6931457519531,18,0,31.38571548461914,18.656373023986816,13.73664650972747,True
ms_15,ms,1,CE,psd,absolute_power,delta,channel,FC6,1219.4402711656357,984.7257690429688,968.1603415726477,577.1467132568359,1889.5933837890625,18,0,58.76825141906738,45.56569790840149,13.706577929755628,True
ms_24,ms,1,OE,psd,absolute_power,theta,channel,P3,2069.9255642361113,2111.7214965820312,501.29267742301624,1548.8044128417969,2429.2561645507812,18,0,116.6395034790039,98.18345594406128,13.705612170677865,True
ms_19,ms,1,OE,psd,absolute_power,theta,roi,R1,512.0614573160807,507.85752868652344,119.97937799327508,462.70894622802734,565.5582580566406,18,0,25.912331581115723,23.720088243484497,13.704315881329586,True
ms_19,ms,1,OE,psd,absolute_power,theta,channel,C4,1002.9202100965712,1039.9811401367188,176.32503634120133,887.3141784667969,1119.6593933105469,18,0,57.874454498291016,48.45604848861694,13.670571681859649,True
ms_19,ms,1,CE,psd,absolute_power,gamma,channel,CP2,293.93672858344183,271.4451904296875,80.36453339807021,249.93653869628906,311.8268508911133,18,0,19.974195957183838,12.428032755851746,13.647764322815323,True
ms_19,ms,1,OE,psd,absolute_power,gamma,channel,T7,885.0377705891927,821.4095153808594,229.74095003756557,759.2451324462891,986.8236083984375,18,0,49.15850353240967,38.25549387931824,13.615722048482743,True
ms_02,ms,1,OE,psd,absolute_power,delta,channel,O2,4686.394863552518,4736.971923828125,2394.1739737927855,2377.4727172851562,5938.53515625,18,0,272.0273208618164,222.04646396636963,13.562764398408934,True
ms_19,ms,1,CE,psd,absolute_power,theta,channel,FC6,526.5343102349175,511.7264709472656,116.14585566166963,452.88978576660156,603.6020965576172,18,0,37.39305877685547,23.68457317352295,13.50809664484895,True
ms_19,ms,1,CE,psd,absolute_power,theta,channel,FC1,825.4600490993923,789.6057739257812,255.96661659299133,664.0315551757812,968.8596496582031,18,0,44.617568016052246,37.20302987098694,13.50663272716473,True
ms_19,ms,1,OE,psd,absolute_power,gamma,roi,R5,730.5790727403429,669.6126098632812,230.9375096532751,624.6507415771484,793.4167938232422,18,0,60.55549144744873,30.47568416595459,13.479710451384838,True
ms_20,ms,1,CE,psd,absolute_power,theta,roi,R4,928.1841498480903,953.9941711425781,145.39020297116747,834.1003265380859,1013.63330078125,18,0,72.24574851989746,44.17342710494995,13.46355042430968,True
ms_06,ms,1,OE,psd,absolute_power,delta,channel,Fp2,3898.8351220024956,1555.0418701171875,7264.4833378399235,730.5714111328125,3296.8408813476562,18,0,80.91514587402344,73.98952603340149,13.43818384984196,True
ms_19,ms,1,OE,psd,absolute_power,theta,roi,R4,1143.1366678873699,1148.9879760742188,202.16653556030036,994.4181976318359,1319.61328125,18,0,73.72372436523438,54.146716594696045,13.394271109769715,True
ms_19,ms,1,OE,psd,absolute_power,delta,channel,O2,4577.129811604817,4661.515380859375,1843.8943956728556,3718.5454711914062,5509.4290771484375,18,0,272.0273208618164,222.04646396636963,13.333556780933977,True
ms_02,ms,1,OE,psd,absolute_power,delta,channel,F7,1912.3129781087239,1838.7926025390625,973.493429715181,1128.7889404296875,2411.8980102539062,18,0,95.08373165130615,88.91365420818329,13.227614263579708,True
ms_20,ms,1,CE,psd,absolute_power,theta,roi,R6,1631.8151245117188,1606.179931640625,217.7020026097437,1494.1640930175781,1732.2155456542969,18,0,128.8514060974121,75.60221099853516,13.1800965346025,True
ms_20,ms,1,CE,psd,absolute_power,delta,channel,Fz,1046.0858595106338,967.0021667480469,438.98567353276144,645.6719818115234,1406.1286010742188,18,0,66.34578132629395,46.151570320129395,13.162811259005064,True
ms_19,ms,1,OE,psd,absolute_power,theta,channel,CP5,1742.9265747070312,1693.2499389648438,338.96431756141095,1554.8186340332031,1798.5187377929688,18,0,94.32391738891602,82.0738615989685,13.140125316745086,True
ms_06,ms,1,OE,psd,absolute_power,delta,roi,R1,4039.882696787516,1274.8677978515625,7076.855410120119,720.3997955322266,3825.6456909179688,18,0,66.4740686416626,62.07267451286316,13.130582990952641,True
ms_19,ms,1,OE,psd,absolute_power,theta,channel,FC6,654.2673288981119,651.9376831054688,152.00173184830103,552.6532745361328,759.6836242675781,18,0,37.46049976348877,31.570028424263,13.128248619340502,True
ms_20,ms,1,CE,psd,absolute_power,delta,channel,F4,976.9953002929688,834.6575317382812,444.180382793423,654.3078155517578,1127.8248291015625,18,0,46.58400821685791,40.52444499731064,13.116732615058316,True
ms_06,ms,1,OE,psd,absolute_power,delta,channel,C4,6475.859575059679,2176.903564453125,12411.720438401295,1201.9920043945312,5362.840576171875,18,0,114.79125595092773,106.42724895477295,13.068793102777137,True
ms_06,ms,1,OE,psd,absolute_power,delta,channel,FC2,5506.386312696669,1771.4402465820312,10540.966128357519,989.9466857910156,4628.6605224609375,18,0,97.7801456451416,86.47137761116028,13.05482003146556,True
ms_02,ms,1,OE,psd,absolute_power,delta,channel,O1,4647.947462293837,4682.12353515625,2362.7534206757814,2461.4229736328125,6010.9349365234375,18,0,289.2246894836426,228.1758108139038,12.985467951894872,True
ms_19,ms,1,OE,psd,absolute_power,gamma,channel,P7,706.3863016764323,635.0310363769531,231.8930861142983,603.7723388671875,785.5478515625,18,0,59.82022571563721,29.893498420715332,12.978553767171123,True
ms_20,ms,1,CE,psd,absolute_power,theta,channel,CP1,1055.3039923773872,1069.3706665039062,137.95094553434635,964.1568450927734,1123.9977111816406,18,0,85.80852699279785,51.40369510650635,12.905756543313226,True
ms_19,ms,1,CE,psd,absolute_power,theta,channel,FC2,632.0178426106771,646.3722839355469,122.96448077988438,542.0835723876953,688.7829742431641,18,0,43.4522008895874,31.535892724990845,12.895275496516932,True
ms_20,ms,1,CE,psd,absolute_power,delta,channel,CP2,1879.4163547092014,1760.6192626953125,642.4507278236828,1489.406005859375,2347.9321899414062,18,0,127.2723503112793,85.44241619110107,12.893799690292457,True
ms_20,ms,1,CE,psd,absolute_power,delta,channel,O2,2379.3864474826387,2319.718017578125,677.354448786835,1835.1192932128906,2790.3587036132812,18,0,167.64306640625,112.9258451461792,12.854051846036482,True
ms_02,ms,1,OE,psd,absolute_power,theta,channel,CP5,1539.0365261501736,1655.6204223632812,702.9219967257889,821.0783996582031,2034.8653259277344,18,0,94.32391738891602,82.0738615989685,12.830882389254466,True
ms_19,ms,1,CE,psd,absolute_power,delta,channel,F7,1040.2090301513672,986.3512573242188,409.90460673969767,746.1919403076172,1303.0222473144531,18,0,58.85404586791992,48.79264259338379,12.821365380452095,True
ms_20,ms,1,CE,psd,absolute_power,delta,roi,R5,2553.582777235243,2443.960693359375,743.2910524137775,1887.4781799316406,3036.8818359375,18,0,162.90752410888672,121.07417678833008,12.707493252042097,True
hc_02,hc,0,CE,psd,absolute_power,delta,channel,FC5,885.5784038967556,908.2386169433594,548.7405746172179,672.8938903808594,1060.2643432617188,18,0,56.676788330078125,45.24236512184143,12.695414640145863,True
ms_20,ms,1,CE,psd,absolute_power,theta,channel,CP2,1096.8021409776475,1074.83203125,150.2690598979319,1038.1405639648438,1131.0693969726562,18,0,87.18785095214844,52.60976982116699,12.662227482198865,True
ms_20,ms,1,CE,psd,absolute_power,theta,channel,P4,1698.6513536241318,1621.3300170898438,229.07639378808534,1536.8739624023438,1784.8926391601562,18,0,126.09958076477051,80.4290361404419,12.53924155983151,True
ms_15,ms,1,CE,psd,absolute_power,delta,roi,R1,909.0773264567057,645.1044311523438,729.9479470904672,419.64127349853516,1284.4543151855469,18,0,42.277377128601074,32.52693855762482,12.50044718414482,True
ms_19,ms,1,CE,psd,absolute_power,delta,channel,Fp2,876.2061106363932,835.4039916992188,391.2093104492686,574.3400726318359,1039.4277648925781,18,0,51.97944736480713,42.381003618240356,12.468147773482631,True
ms_02,ms,1,OE,psd,absolute_power,theta,channel,CP1,1433.8264872233074,1502.751220703125,637.6923341396886,811.5494842529297,1851.4322814941406,18,0,87.08431625366211,76.74052810668945,12.442633235733028,True
ms_02,ms,1,OE,psd,absolute_power,theta,roi,R6,1638.244652642144,1753.784912109375,746.6077045452957,884.0993804931641,2119.009521484375,18,0,117.37619209289551,88.72455549240112,12.440102452500525,True
ms_19,ms,1,OE,psd,absolute_power,theta,channel,F3,530.9444597032335,520.3370971679688,124.88460437647693,467.89244842529297,613.2833099365234,18,0,29.45033359527588,26.731302201747894,12.386174959987684,True
ms_19,ms,1,OE,psd,absolute_power,delta,channel,O1,4440.073506673177,4470.767578125,1831.8674077748185,3654.521240234375,5067.4981689453125,18,0,289.2246894836426,228.1758108139038,12.360696905965828,True
ms_02,ms,1,OE,psd,absolute_power,theta,channel,P4,1587.878658718533,1670.3864135742188,714.9478088827094,882.7801513671875,2053.241668701172,18,0,110.00195693969727,85.22844171524048,12.34875208380927,True
ms_19,ms,1,CE,psd,absolute_power,gamma,roi,R3,323.8174319797092,291.0490417480469,65.41029137198657,280.75308990478516,342.3526840209961,18,0,23.029314517974854,14.70093560218811,12.29696083745949,True
ms_06,ms,1,CE,psd,absolute_power,delta,channel,FC5,864.7277060614692,879.470947265625,500.9005976712223,402.3559036254883,1219.1333312988281,18,0,56.676788330078125,45.24236512184143,12.266535042073313,True
ms_06,ms,1,CE,psd,absolute_power,delta,channel,FC6,847.3491982354058,887.1059265136719,428.2311778885348,466.8012237548828,1202.5036926269531,18,0,58.76825141906738,45.56569790840149,12.26155053524642,True
ms_02,ms,1,OE,psd,absolute_power,theta,channel,CP2,1470.6421915690105,1537.1063842773438,675.8345083156513,843.7463989257812,1920.0643615722656,18,0,92.76581001281738,79.50707817077637,12.252926321679585,True
ms_16,ms,1,OE,psd,absolute_power,gamma,channel,T8,800.6448533799913,744.0349731445312,330.5643852120432,482.2561340332031,1131.2015686035156,18,0,44.797526359558105,38.56854009628296,12.228339350130732,True
ms_19,ms,1,CE,psd,absolute_power,gamma,roi,R1,169.17147488064236,168.62872314453125,11.979536063895313,160.21659088134766,178.9472770690918,18,0,10.293744087219238,8.777207404375076,12.167364328527093,True
ms_19,ms,1,OE,psd,absolute_power,theta,channel,T8,1284.7818366156685,1281.4149780273438,320.9618440867754,1038.6494750976562,1510.323486328125,18,0,83.26286697387695,66.73265504837036,12.110150971322305,True
ms_20,ms,1,CE,psd,absolute_power,theta,channel,T8,968.8602091471354,949.0782165527344,208.55058186977033,861.9206390380859,1077.3289794921875,18,0,82.67427825927734,48.272318840026855,12.105932849210975,True
ms_15,ms,1,CE,psd,absolute_power,gamma,channel,Fp2,127.94934187995062,143.24111938476562,51.88909301750606,95.33508491516113,163.26353073120117,18,0,8.998584270477295,7.484146803617477,12.098286129226453,True
ms_19,ms,1,OE,psd,absolute_power,theta,channel,CP2,1536.8469848632812,1517.47509765625,259.9377797623415,1367.8599548339844,1725.7980346679688,18,0,92.76581001281738,79.50707817077637,12.08638616290123,True
ms_20,ms,1,CE,psd,absolute_power,theta,channel,P7,1692.5952284071182,1793.801025390625,320.56709559357773,1506.3645324707031,1916.832763671875,18,0,124.34561920166016,93.18319940567017,12.084069360299127,True
ms_19,ms,1,OE,psd,absolute_power,beta,channel,FC5,1075.5826924641926,1012.4706420898438,168.50132428994732,937.7987823486328,1209.4308166503906,18,0,74.33110046386719,52.399779319763184,12.075746503910842,True
ms_19,ms,1,CE,psd,absolute_power,theta,channel,F4,354.8970659044054,347.71441650390625,106.81980598823134,275.71431732177734,412.0152359008789,18,0,25.91081714630127,18.01201093196869,12.050489806653102,True
ms_19,ms,1,OE,psd,absolute_power,theta,channel,P7,1943.8334350585938,1871.2171020507812,381.94694169961906,1708.9884643554688,2235.8678588867188,18,0,121.92129516601562,98.3788595199585,11.993266267694041,True
ms_16,ms,1,OE,psd,absolute_power,gamma,channel,FC5,471.1591084798177,485.2500915527344,61.66801546491805,427.45945739746094,514.7151184082031,18,0,30.84700632095337,25.608296036720276,11.96841373697838,True
ms_02,ms,1,OE,psd,absolute_power,theta,channel,C3,1356.7831895616318,1425.4261474609375,617.0675721956853,748.4416961669922,1799.405517578125,18,0,83.11852931976318,75.65688133239746,11.966843846411164,True
ms_20,ms,1,CE,psd,absolute_power,theta,channel,F7,528.0218217637804,549.2682189941406,133.4034933575428,424.4137268066406,606.3406372070312,18,0,34.9575834274292,29.24199867248535,11.862997980253922,True
ms_06,ms,1,OE,psd,absolute_power,delta,channel,Fp1,3779.3520889282227,1129.5726928710938,6966.039995645039,619.0640869140625,3374.7369995117188,18,0,65.59228134155273,60.539825320243835,11.854096903064702,True
ms_19,ms,1,OE,psd,absolute_power,beta,channel,FC2,969.5423346625435,979.3421630859375,124.22008430024209,875.576171875,1038.1011657714844,18,0,82.47488594055176,51.07999086380005,11.84277210472653,True
ms_20,ms,1,CE,psd,absolute_power,delta,roi,R2,806.0574730767144,767.4898681640625,266.9318900409216,606.1051940917969,996.690673828125,18,0,58.824514389038086,40.36722135543823,11.840999123366021,True
ms_02,ms,1,OE,psd,absolute_power,theta,channel,Cz,1335.0996771918403,1369.5674438476562,609.8851339414359,765.7545013427734,1767.5536193847656,18,0,83.58529663085938,73.3170952796936,11.830570644413354,True
hc_02,hc,0,CE,psd,absolute_power,delta,channel,C4,1103.9137047661675,1132.3018798828125,669.5073075129762,839.1137847900391,1291.2056579589844,18,0,82.04682922363281,59.931918144226074,11.819867421204624,True
ms_06,ms,1,OE,psd,absolute_power,delta,roi,R4,6466.626898871527,2280.344970703125,12327.156898680132,1228.6400451660156,5357.85009765625,18,0,146.56381607055664,122.28522729873657,11.769333903506077,True
ms_06,ms,1,CE,psd,absolute_power,delta,roi,R1,593.2054439120823,609.7095336914062,337.94688967494517,268.5084037780762,819.3956298828125,18,0,42.277377128601074,32.52693855762482,11.76648535654369,True
ms_06,ms,1,CE,psd,absolute_power,delta,channel,F4,707.494142320421,750.4302978515625,363.097047275601,383.76990509033203,973.8529815673828,18,0,46.58400821685791,40.52444499731064,11.714850591587398,True
ms_19,ms,1,CE,psd,absolute_power,gamma,channel,T7,357.6521911621094,320.85279846191406,111.21022501173637,301.41687774658203,353.08231353759766,18,0,26.496195793151855,16.989708423614502,11.685945605461129,True
ms_19,ms,1,OE,psd,absolute_power,theta,roi,R5,1900.7707655164932,1831.4408569335938,345.1399139126998,1727.3029479980469,2143.9414672851562,18,0,122.83121681213379,98.96255111694336,11.645227419943161,True
ms_02,ms,1,OE,psd,absolute_power,theta,channel,O2,1672.7269354926216,1829.9736328125,761.2286718724775,890.3789367675781,2181.6441650390625,18,0,129.53331184387207,98.6332335472107,11.628243770247863,True
ms_15,ms,1,CE,psd,absolute_power,gamma,channel,Fp1,124.8894361919827,139.7585220336914,51.91791569590872,91.37036323547363,162.5382843017578,18,0,8.928098917007446,7.590205669403076,11.626023759321441,True
hc_02,hc,0,CE,psd,absolute_power,delta,channel,FC6,813.8202044169108,841.4571533203125,522.0561056130036,623.1231842041016,927.991943359375,18,0,58.76825141906738,45.56569790840149,11.585830045630333,True
ms_19,ms,1,CE,psd,absolute_power,theta,channel,F8,497.9022505018446,466.2311553955078,115.37218433367046,413.0417938232422,541.7604217529297,18,0,39.08329391479492,24.889816999435425,11.575307504489272,True
ms_19,ms,1,OE,psd,absolute_power,gamma,channel,O2,757.9494357638889,686.5917053222656,235.946686521205,665.0930786132812,823.5527191162109,18,0,65.97265625,36.2462272644043,11.548838192202247,True
ms_19,ms,1,OE,psd,absolute_power,beta,roi,R1,660.948011610243,646.5492858886719,90.76372219121696,602.3062896728516,710.9569091796875,18,0,62.656556129455566,34.150672912597656,11.532137353664801,True
ms_19,ms,1,CE,psd,absolute_power,beta,channel,FC5,675.6746758355034,670.5448303222656,131.5950230267281,606.4589233398438,712.9152526855469,18,0,49.40632343292236,36.39723300933838,11.510550352672732,True
ms_02,ms,1,OE,psd,absolute_power,theta,roi,R3,1348.5957777235244,1436.4898071289062,605.2653629050352,742.8759155273438,1774.2380981445312,18,0,88.16565895080566,79.09261393547058,11.498319924882749,True
ms_02,ms,1,OE,psd,absolute_power,theta,channel,Pz,1551.9580451117622,1637.4988403320312,709.7681482259254,872.9536743164062,2019.1691589355469,18,0,112.20439147949219,90.00852251052856,11.429995544162413,True
ms_19,ms,1,OE,psd,absolute_power,theta,roi,R2,522.8042789035374,502.74256896972656,120.21437476738072,455.9245071411133,619.3326263427734,18,0,35.66075944900513,27.630387544631958,11.402024815339239,True
ms_02,ms,1,OE,psd,absolute_power,theta,channel,P7,1621.5375603569878,1781.3572387695312,741.7922545310546,845.4791259765625,2111.4607849121094,18,0,121.92129516601562,98.3788595199585,11.377182205256448,True
ms_19,ms,1,OE,psd,absolute_power,theta,channel,F4,479.1641354031033,472.96678161621094,111.84288091388348,416.9513931274414,523.6669464111328,18,0,27.718090534210205,26.44294637441635,11.357135606280833,True
ms_15,ms,1,CE,psd,absolute_power,gamma,roi,R2,134.58772574530707,148.94256591796875,50.67424493557586,101.21580505371094,168.5203742980957,18,0,10.697373628616333,8.223636269569397,11.338670836680343,True
ms_15,ms,1,CE,psd,absolute_power,delta,channel,C4,1365.7517759535049,1087.7836303710938,1099.5939907104296,654.1941986083984,2067.9154663085938,18,0,82.04682922363281,59.931918144226074,11.31884644851579,True
ms_20,ms,1,CE,psd,absolute_power,delta,channel,FC6,838.9496103922526,821.7518005371094,272.00885633451253,647.2297210693359,975.0138702392578,18,0,58.76825141906738,45.56569790840149,11.294139607985432,True
ms_19,ms,1,CE,psd,absolute_power,gamma,channel,C4,257.7826275295681,233.2950210571289,70.93552076842565,216.55475234985352,282.1667938232422,18,0,21.349838733673096,12.663818836212158,11.28846431251634,True
hc_02,hc,0,CE,psd,absolute_power,delta,channel,T7,1269.0825865003799,1294.1513671875,762.4668653385858,962.6570739746094,1538.8623962402344,18,0,87.82823371887207,72.20708799362183,11.268337071553313,True
ms_02,ms,1,OE,psd,absolute_power,theta,channel,O1,1671.1666327582466,1850.488525390625,758.7936353171126,900.8616180419922,2180.0180053710938,18,0,136.16273880004883,102.67301893234253,11.261935353724656,True
ms_20,ms,1,CE,psd,absolute_power,theta,channel,P3,1377.8777160644531,1400.6300659179688,228.9157410551303,1197.0440979003906,1496.2837829589844,18,0,123.4105110168457,76.81736373901367,11.214558085206669,True
ms_15,ms,1,CE,psd,absolute_power,gamma,channel,Fz,127.20118225945367,141.87235260009766,50.76967018310868,94.16808319091797,162.79135131835938,18,0,10.7308669090271,7.909187495708466,11.183667137826019,True
hc_02,hc,0,CE,psd,absolute_power,delta,roi,R3,1126.3597946166992,1138.3822021484375,660.2710520175564,869.2603759765625,1393.1503601074219,18,0,86.31520462036133,63.852288246154785,11.113297387986817,True
ms_20,ms,1,CE,psd,absolute_power,theta,roi,R1,385.4945839775933,398.1988067626953,85.18409419626366,322.3658218383789,447.5334701538086,18,0,32.82446908950806,22.207841634750366,11.097053849880636,True
ms_19,ms,1,CE,psd,absolute_power,theta,channel,F3,351.40858205159503,337.32948303222656,88.23550330441185,294.7251205444336,390.4524917602539,18,0,31.38571548461914,18.656373023986816,11.060898271330707,True
ms_02,ms,1,OE,psd,absolute_power,theta,roi,R5,1597.2056952582466,1740.216552734375,726.5081271117233,848.3707122802734,2085.67138671875,18,0,122.83121681213379,98.96255111694336,11.023477580962703,True
ms_19,ms,1,CE,psd,absolute_power,gamma,channel,F3,200.7076153225369,200.89163208007812,13.914073863156979,194.26755142211914,207.41951370239258,18,0,13.823426008224487,11.510442912578583,10.961852410513606,True
ms_19,ms,1,OE,psd,absolute_power,theta,channel,C3,1322.6190863715278,1308.9814453125,217.6302564520254,1181.14599609375,1423.6843566894531,18,0,83.11852931976318,75.65688133239746,10.928724455207906,True
ms_19,ms,1,OE,psd,absolute_power,beta,channel,FC1,937.3886786566841,935.9714965820312,163.41089300092807,794.6731872558594,1031.9610900878906,18,0,97.67625045776367,51.79782676696777,10.915948264929034,True
hc_02,hc,0,CE,psd,absolute_power,delta,channel,CP6,1269.4581044514973,1307.8484497070312,735.6721726396177,999.9767608642578,1522.5775451660156,18,0,104.25907325744629,74.3823037147522,10.914019492225494,True
hc_02,hc,0,CE,psd,absolute_power,delta,roi,R4,1102.4811435275608,1130.2232666015625,662.1668166418825,850.7123413085938,1300.6026306152344,18,0,94.34119415283203,64.05823087692261,10.907152386342943,True
ms_20,ms,1,CE,psd,absolute_power,theta,channel,FC6,387.1580505371094,419.782958984375,93.17626361136372,298.6269760131836,467.39310455322266,18,0,37.39305877685547,23.68457317352295,10.889723547793423,True
ms_19,ms,1,OE,psd,absolute_power,theta,channel,FC2,711.2318878173828,711.7256164550781,152.52575069976464,624.6364898681641,808.6441955566406,18,0,47.78585624694824,41.201154947280884,10.869142714142397,True
hc_02,hc,0,CE,psd,absolute_power,delta,roi,R1,554.5746921963162,564.9967041015625,349.69273441773277,428.2571716308594,648.488037109375,18,0,42.277377128601074,32.52693855762482,10.839303404421987,True
ms_20,ms,1,CE,psd,absolute_power,delta,channel,Cz,1530.3138326009114,1368.1212768554688,606.3021910605889,1047.219009399414,1979.6732482910156,18,0,106.46780395507812,78.67497253417969,10.816319112957682,True
ms_06,ms,1,OE,psd,absolute_power,delta,channel,Fz,3596.9945742289224,1090.9557189941406,6843.900625322839,604.3264923095703,3135.6654052734375,18,0,78.65617847442627,63.207639932632446,10.80228096841891,True
ms_19,ms,1,CE,psd,absolute_power,theta,roi,R2,388.3695339626736,365.7386779785156,80.85149156653254,326.90476989746094,421.6737976074219,18,0,29.967342853546143,20.989533185958862,10.789885645975838,True
ms_15,ms,1,CE,psd,absolute_power,delta,channel,FC5,1208.8616858588325,780.1196899414062,1047.285238224687,526.6941680908203,1760.6260375976562,18,0,56.676788330078125,45.24236512184143,10.78536789205586,True
ms_19,ms,1,OE,psd,absolute_power,theta,roi,R3,1350.0621405707466,1352.54052734375,194.51357569035218,1219.4650573730469,1441.5765380859375,18,0,88.16565895080566,79.09261393547058,10.782412197695981,True
ms_06,ms,1,CE,psd,absolute_power,delta,roi,R2,679.9979977077908,703.5611267089844,333.49592210507313,405.5147247314453,985.7538299560547,18,0,58.824514389038086,40.36722135543823,10.77282192591298,True
ms_20,ms,1,CE,psd,absolute_power,delta,channel,F8,941.8080783420139,964.9905395507812,349.14613965665603,646.0982360839844,1168.5157775878906,18,0,69.01330375671387,56.19313597679138,10.754487282825393,True
ms_19,ms,1,CE,psd,absolute_power,gamma,channel,CP1,208.2950007120768,213.02825164794922,29.969536721022177,193.68878936767578,226.34662628173828,18,0,18.30131769180298,12.218554019927979,10.749350320865878,True
ms_06,ms,1,OE,psd,absolute_power,delta,channel,CP6,7526.814359876845,2430.256103515625,14465.35842713463,1374.7125854492188,6226.966552734375,18,0,170.18851852416992,141.8616909980774,10.745640286284058,True
ms_20,ms,1,CE,psd,absolute_power,delta,channel,FC2,1182.4590589735244,1031.3393859863281,465.6410790048139,862.1636505126953,1386.9571228027344,18,0,73.2684850692749,60.96899199485779,10.59899382372061,True
ms_19,ms,1,OE,psd,absolute_power,beta,channel,F8,838.3514302571615,808.9310302734375,144.84588608360232,751.5310211181641,892.0956115722656,18,0,62.75611114501953,47.53308868408203,10.588162937407763,True
ms_19,ms,1,OE,psd,absolute_power,theta,channel,Fp2,451.2375183105469,460.1968994140625,117.64418823078793,409.0263366699219,497.4547119140625,18,0,31.276672840118408,27.384406983852386,10.564505908319447,True
ms_06,ms,1,OE,psd,absolute_power,delta,channel,CP5,7575.907485961914,2203.2015380859375,14518.29567244718,1250.6336059570312,6389.5198974609375,18,0,145.41125106811523,131.4719820022583,10.557082295377358,True
ms_15,ms,1,CE,psd,absolute_power,delta,roi,R2,856.271240234375,689.6395568847656,662.8479251119018,399.07357025146484,1269.1702728271484,18,0,58.824514389038086,40.36722135543823,10.540208189109947,True
ms_06,ms,1,CE,psd,absolute_power,gamma,roi,R1,146.76764721340604,147.01399993896484,17.04427820091166,131.96472930908203,161.52057266235352,18,0,10.293744087219238,8.777207404375076,10.50636551658927,True
ms_15,ms,1,CE,psd,absolute_power,delta,roi,R4,1388.2047509087456,1087.896728515625,1108.6720921662534,682.700439453125,2095.7462463378906,18,0,94.34119415283203,64.05823087692261,10.461481963841718,True
ms_19,ms,1,OE,psd,absolute_power,beta,channel,FC6,815.7410685221354,812.5620422363281,119.40274934423269,730.9748840332031,857.1584014892578,18,0,73.72407722473145,48.10340118408203,10.359753528524301,True
ms_06,ms,1,OE,psd,absolute_power,delta,channel,F3,3500.0026092529297,1036.91162109375,6415.431300535821,585.5752716064453,3122.71142578125,18,0,69.56111240386963,63.044936656951904,10.349268535816048,True
hc_02,hc,0,CE,psd,absolute_power,delta,channel,T8,1204.8769276936848,1259.8306274414062,737.6803144969741,930.7430114746094,1412.1580810546875,18,0,103.1257152557373,75.50595617294312,10.332784514686978,True
ms_19,ms,1,CE,psd,absolute_power,delta,channel,F8,955.916517469618,926.8438415527344,417.3285140383147,655.9569396972656,1122.9801330566406,18,0,69.01330375671387,56.19313597679138,10.296609379110361,True
hc_02,hc,0,CE,psd,absolute_power,delta,channel,P8,1430.2536544799805,1479.9354248046875,808.2943208487875,1113.8749084472656,1699.438232421875,18,0,131.39178466796875,88.34938049316406,10.29526431250444,True
ms_15,ms,1,CE,psd,absolute_power,delta,channel,CP6,1602.7191687689888,1235.673583984375,1303.8337773949743,793.6600952148438,2399.7352600097656,18,0,104.25907325744629,74.3823037147522,10.259545543918072,True
ms_20,ms,1,CE,psd,absolute_power,theta,channel,O1,1108.3449300130208,1138.8152465820312,205.4242227436815,990.7389984130859,1220.3587341308594,18,0,122.16708183288574,66.84179592132568,10.258847526617112,True
ms_15,ms,1,CE,psd,absolute_power,delta,channel,F4,827.5790066189236,661.5301208496094,634.2210268276687,386.84202575683594,1233.1170043945312,18,0,46.58400821685791,40.52444499731064,10.235191884166964,True
ms_19,ms,1,CE,psd,absolute_power,beta,channel,Fz,422.3882649739583,410.05567932128906,55.29681233705744,389.33587646484375,468.0295867919922,18,0,42.56808662414551,24.234557628631592,10.22783206092786,True
ms_19,ms,1,CE,psd,absolute_power,gamma,channel,FC6,211.6059104071723,199.7517547607422,37.318085074675274,192.6891326904297,215.61589431762695,18,0,16.46013593673706,12.093737006187439,10.222522874695107,True
ms_15,ms,1,CE,psd,absolute_power,gamma,roi,R1,129.47067875332303,143.11040496826172,51.789866744968215,94.8161792755127,165.85628509521484,18,0,10.293744087219238,8.777207404375076,10.206390978541307,True
ms_20,ms,1,CE,psd,absolute_power,theta,channel,F4,296.7531992594401,297.4522399902344,68.16944582619021,264.2778091430664,326.9653015136719,18,0,25.91081714630127,18.01201093196869,10.168336073918951,True
hc_02,hc,0,CE,psd,absolute_power,delta,channel,C3,1121.9017868041992,1116.8609008789062,652.2706602345697,913.5688934326172,1384.1238098144531,18,0,84.39019584655762,68.59990239143372,10.151500595452234,True
ms_15,ms,1,CE,psd,absolute_power,gamma,channel,F4,132.51508055792914,144.6987533569336,50.25106568748274,101.42446708679199,166.30376434326172,18,0,11.01475739479065,8.902644693851471,10.128295924091635,True
ms_02,ms,1,OE,psd,absolute_power,theta,channel,P3,1498.912889268663,1588.8038330078125,680.0301535756269,798.7716217041016,1965.5355224609375,18,0,116.6395034790039,98.18345594406128,10.113325377994082,True
ms_19,ms,1,CE,psd,absolute_power,gamma,roi,R6,328.1567204793294,322.77989196777344,59.46209270088141,291.04854583740234,365.96996307373047,18,0,37.13319683074951,19.15679121017456,10.057324017950453,True
ms_20,ms,1,CE,psd,absolute_power,theta,roi,R5,1392.9393107096355,1412.89453125,230.21179457675865,1242.311767578125,1536.2801513671875,18,0,125.89675903320312,87.22958278656006,9.951533380037459,True
ms_06,ms,1,CE,psd,absolute_power,delta,channel,C4,972.383649190267,964.1444702148438,524.0849798959719,490.5558547973633,1345.5322570800781,18,0,82.04682922363281,59.931918144226074,9.927376366844932,True
ms_19,ms,1,OE,psd,absolute_power,beta,channel,F3,716.1053941514757,692.6827697753906,94.9089301082912,654.5388488769531,778.4874877929688,18,0,66.40249252319336,42.9443564414978,9.836455703428724,True
ms_20,ms,1,OE,psd,absolute_power,theta,channel,C4,731.8814425998264,764.3173522949219,163.7365581316022,612.5170593261719,818.2813415527344,18,0,57.874454498291016,48.45604848861694,9.833430944614289,True
ms_15,ms,1,CE,psd,absolute_power,delta,channel,P8,1884.186559041341,1410.0914306640625,1531.675449953532,960.9248352050781,2800.2301330566406,18,0,131.39178466796875,88.34938049316406,9.76205028893317,True
ms_15,ms,1,CE,psd,absolute_power,gamma,channel,F8,143.29874653286404,158.88780975341797,50.167249669179895,106.88784408569336,177.95690155029297,18,0,14.36970043182373,10.046356201171875,9.702635200519113,True
ms_19,ms,1,OE,psd,absolute_power,theta,channel,Cz,1096.2573852539062,1135.9713745117188,174.45637088545428,1011.834716796875,1184.8034973144531,18,0,83.58529663085938,73.3170952796936,9.681571292814896,True
ms_06,ms,1,CE,psd,absolute_power,delta,roi,R3,994.0566262139214,1001.7703857421875,568.3607543447606,484.6882553100586,1410.1471252441406,18,0,86.31520462036133,63.852288246154785,9.6702260379655,True
ms_15,ms,1,CE,psd,absolute_power,delta,roi,R3,1475.4221522013347,1000.6506042480469,1242.8437385013062,674.7486572265625,2196.834930419922,18,0,86.31520462036133,63.852288246154785,9.658397452159475,True
ms_15,ms,1,CE,psd,absolute_power,delta,channel,T8,1483.978739420573,1181.8869018554688,1207.6053485134998,715.2745513916016,2241.4286499023438,18,0,103.1257152557373,75.50595617294312,9.636517288476641,True
ms_20,ms,1,CE,psd,absolute_power,delta,channel,Fp1,629.8927561442057,598.9454956054688,248.74173387899629,404.2849426269531,801.6966094970703,18,0,45.059261322021484,38.85692834854126,9.614531119763583,True
ms_15,ms,1,CE,psd,absolute_power,delta,channel,T7,1822.3839950561523,1112.608642578125,1585.3207111934796,796.5374298095703,2702.2377319335938,18,0,87.82823371887207,72.20708799362183,9.572535542899454,True
ms_06,ms,1,CE,psd,absolute_power,delta,channel,Fp1,573.8371276855469,595.635009765625,325.92059124906024,254.81284713745117,788.1333770751953,18,0,45.059261322021484,38.85692834854126,9.557066667392979,True
ms_06,ms,1,OE,psd,absolute_power,delta,roi,R3,6565.385013156467,1941.4780883789062,12440.722348550726,1132.7762756347656,5568.7347412109375,18,0,145.2047061920166,126.90270519256592,9.54723381144914,True
ms_20,ms,1,CE,psd,absolute_power,delta,channel,O1,2127.080173068576,1935.4762573242188,670.790846163685,1649.6149291992188,2492.9468994140625,18,0,180.90593719482422,124.05128002166748,9.539937577205666,True
ms_15,ms,1,CE,psd,absolute_power,gamma,channel,FC6,198.82798470391168,187.2012481689453,54.326807051182136,176.07254028320312,205.4651870727539,18,0,16.46013593673706,12.093737006187439,9.52255720497812,True
ms_07,ms,1,CE,psd,absolute_power,gamma,channel,F3,170.612664964464,175.75723266601562,20.314730473313325,165.06418991088867,183.17666625976562,18,0,13.823426008224487,11.510442912578583,9.489022887050785,True
hc_02,hc,0,CE,psd,absolute_power,delta,channel,CP5,1272.584326002333,1307.5305786132812,726.5718860374714,961.3068084716797,1588.385498046875,18,0,104.30475234985352,85.61303949356079,9.479452034164881,True
ms_15,ms,1,CE,psd,absolute_power,delta,channel,Fp1,811.9972915649414,590.7824554443359,654.4161468724456,390.67423248291016,1178.1405181884766,18,0,45.059261322021484,38.85692834854126,9.472834506265642,True
ms_19,ms,1,OE,psd,absolute_power,theta,channel,T7,1240.2960917154949,1182.2460327148438,215.34406917625356,1112.981201171875,1385.8307189941406,18,0,88.07302474975586,78.04423022270203,9.456299088801643,True
ms_06,ms,1,CE,psd,absolute_power,delta,channel,Fp2,615.5276582505968,645.6259460449219,317.6038929276679,329.96451568603516,869.8679656982422,18,0,51.97944736480713,42.381003618240356,9.447843221509746,True
ms_15,ms,1,CE,psd,absolute_power,delta,channel,F7,1119.9844699435764,742.25048828125,961.6227629221098,495.59930419921875,1632.252197265625,18,0,58.85404586791992,48.79264259338379,9.447010060682256,True
hc_02,hc,0,CE,psd,absolute_power,delta,channel,FC2,965.3530731201172,924.9017639160156,579.4906939965728,757.1898956298828,1179.993408203125,18,0,73.2684850692749,60.96899199485779,9.421490469997083,True
ms_20,ms,1,CE,psd,absolute_power,theta,channel,Pz,1022.0463290744358,1021.2191467285156,135.47473348905046,924.3215484619141,1137.108642578125,18,0,106.88251113891602,65.60580348968506,9.400260022012642,True
ms_22,ms,1,CE,psd,relative_power,gamma,channel,CP5,0.37208791739410824,0.37808801233768463,0.06555762249504193,0.34170961380004883,0.42603974789381027,18,0,0.04198640678077936,0.024184569716453552,9.37363905379513,True
ms_19,ms,1,CE,psd,absolute_power,delta,channel,Pz,2694.1036241319443,2194.7928466796875,1121.241907557281,1956.5843811035156,3479.4234619140625,18,0,192.9378776550293,144.08684635162354,9.37096419699815,True
ms_15,ms,1,CE,psd,absolute_power,delta,channel,FC2,1165.4002617730034,911.9007873535156,907.6941034837248,575.656494140625,1756.6793823242188,18,0,73.2684850692749,60.96899199485779,9.277662627865174,True
ms_06,ms,1,CE,psd,absolute_power,delta,roi,R4,976.205443488227,974.59130859375,518.1650485927613,500.73522186279297,1357.6905212402344,18,0,94.34119415283203,64.05823087692261,9.26845090928832,True
hc_07,hc,0,CE,psd,absolute_power,theta,channel,O2,837.3937615288628,812.9556274414062,302.88976685383415,678.6694946289062,1042.689926147461,18,0,113.9550952911377,50.8942813873291,9.263700890410023,True
ms_15,ms,1,CE,psd,absolute_power,delta,channel,F3,795.2502263387045,637.9513244628906,584.8876375324792,393.7924041748047,1042.9703063964844,18,0,49.56704902648926,42.87500560283661,9.256203030721663,True
ms_19,ms,1,CE,psd,absolute_power,theta,roi,R1,345.8584484524197,337.5834045410156,68.26177560291313,298.6933059692383,380.42969512939453,18,0,32.82446908950806,22.207841634750366,9.25605870263027,True
ms_15,ms,1,CE,psd,absolute_power,gamma,channel,F7,134.76977030436197,147.22805786132812,50.3673467944053,99.75830268859863,165.15399169921875,18,0,12.093514919281006,9.860843777656555,9.24332669249174,True
ms_15,ms,1,CE,psd,absolute_power,gamma,channel,FC2,142.68928019205728,156.2365493774414,50.41299564833536,103.85750389099121,177.12449645996094,18,0,14.667802810668945,10.35506397485733,9.221267161827225,True
ms_06,ms,1,CE,psd,absolute_power,delta,channel,CP6,1122.8027801513672,1111.488037109375,603.799931191495,602.6840667724609,1558.7189331054688,18,0,104.25907325744629,74.3823037147522,9.13344431224672,True
ms_19,ms,1,OE,psd,absolute_power,theta,channel,F8,638.0111948649088,596.1244812011719,158.82828799369636,498.9712371826172,747.1952209472656,18,0,45.170023918151855,40.72157394886017,9.125720209059878,True
hc_02,hc,0,CE,psd,absolute_power,delta,channel,Cz,1173.3820122612847,1168.8324584960938,670.3031834751398,883.8305969238281,1399.9009704589844,18,0,106.46780395507812,78.67497253417969,9.107790185387849,True
ms_19,ms,1,CE,psd,absolute_power,theta,channel,Fp2,312.3092778523763,293.6929016113281,85.18312514437375,249.69149780273438,373.74554443359375,18,0,27.016225814819336,19.80290198326111,9.083060338566606,True
ms_15,ms,1,CE,psd,absolute_power,delta,channel,Fp2,784.6500112745497,622.0044250488281,609.3384622037663,364.97203063964844,1169.1419677734375,18,0,51.97944736480713,42.381003618240356,9.071908338509703,True
ms_01,ms,1,OE,psd,absolute_power,gamma,channel,T7,553.3265736897787,562.5007019042969,89.5295109427705,518.1034393310547,613.7496185302734,18,0,49.15850353240967,38.25549387931824,9.050845620854123,True
ms_19,ms,1,OE,psd,absolute_power,beta,channel,T8,983.9261644151476,980.7327270507812,132.32958284017502,881.5329284667969,1063.9576416015625,18,0,135.1733856201172,63.02419662475586,9.049253983827478,True
hc_02,hc,0,CE,psd,absolute_power,delta,channel,FC1,951.7932951185438,942.061767578125,554.6605892182552,753.0185241699219,1139.7327880859375,18,0,81.70284080505371,64.37827134132385,9.013975272261543,True
ms_06,ms,1,CE,psd,absolute_power,delta,channel,F7,678.2587153116862,710.8926696777344,389.82550815228313,312.1769790649414,944.6894378662109,18,0,58.85404586791992,48.79264259338379,9.013531614727322,True
hc_02,hc,0,CE,psd,absolute_power,delta,channel,O2,1611.8515514797634,1676.5296630859375,824.1080645799649,1237.5868530273438,1921.6394958496094,18,0,167.64306640625,112.9258451461792,9.012375025762399,True
ms_19,ms,1,CE,psd,absolute_power,gamma,channel,P3,197.69546932644315,189.08635711669922,42.12800916846934,179.98743057250977,197.1624298095703,18,0,25.529921054840088,12.241950511932373,9.011415678336633,True
hc_02,hc,0,CE,psd,absolute_power,delta,channel,CP2,1257.464956495497,1267.536865234375,733.8728646107538,941.3928375244141,1486.82958984375,18,0,127.2723503112793,85.44241619110107,9.001359195584087,True
hc_07,hc,0,CE,psd,absolute_power,alpha,channel,CP1,2010.2820892333984,2225.4571533203125,621.1050099842719,1864.4678344726562,2327.5057373046875,18,0,265.0373229980469,147.11780738830566,8.987933437296121,True
ms_06,ms,1,OE,psd,absolute_power,delta,channel,P4,7784.001544528537,2497.09033203125,14952.258118543454,1381.89111328125,6481.36767578125,18,0,229.62109375,171.76468658447266,8.903966694376352,True
ms_06,ms,1,CE,psd,absolute_power,delta,channel,T7,1028.6916546291775,1040.636474609375,601.7007959148464,493.63877868652344,1466.5519714355469,18,0,87.82823371887207,72.20708799362183,8.900239185529284,True
ms_06,ms,1,CE,psd,absolute_power,delta,channel,C3,977.7847951253256,987.8546752929688,561.4295808469419,475.64013671875,1384.3911437988281,18,0,84.39019584655762,68.59990239143372,8.88308032021386,True
ms_19,ms,1,OE,psd,absolute_power,beta,channel,P8,1075.8460795084636,1042.2364501953125,133.27060014961566,1003.2147064208984,1176.9146728515625,18,0,188.76026916503906,64.81578826904297,8.881505770612346,True
hc_02,hc,0,CE,psd,absolute_power,delta,roi,R6,1464.9831280178494,1512.4546508789062,797.1294749035084,1122.0802917480469,1758.5560607910156,18,0,159.65482330322266,103.24892616271973,8.837389569391862,True
ms_07,ms,1,CE,psd,absolute_power,alpha,channel,Fp2,368.0016174316406,375.7119598388672,103.75149361797519,290.96531677246094,450.85142517089844,18,0,49.4508695602417,25.126722812652588,8.758010036186677,True
ms_15,ms,1,CE,psd,absolute_power,delta,channel,C3,1406.875217013889,974.6421508789062,1192.8372158286704,642.2700500488281,2095.559112548828,18,0,84.39019584655762,68.59990239143372,8.753171598539689,True
ms_19,ms,1,OE,psd,absolute_power,theta,channel,O2,1516.3170505099827,1409.3793334960938,419.4725153994972,1192.9693603515625,1678.6134033203125,18,0,129.53331184387207,98.6332335472107,8.752063418301246,True
ms_03,ms,1,OE,psd,absolute_power,theta,channel,FC6,467.6234205034044,445.4109649658203,253.0488585696905,255.7946319580078,713.0287933349609,18,0,37.46049976348877,31.570028424263,8.715824243340842,True
ms_06,ms,1,CE,psd,absolute_power,delta,channel,P8,1240.8082563612197,1270.9898681640625,668.5214974828832,685.4518280029297,1780.8416748046875,18,0,131.39178466796875,88.34938049316406,8.700099225877718,True
ms_01,ms,1,CE,psd,absolute_power,gamma,channel,F7,142.62130864461264,139.25267791748047,53.52048810570528,109.6348762512207,175.12383651733398,18,0,12.093514919281006,9.860843777656555,8.697803388732575,True
ms_06,ms,1,OE,psd,absolute_power,delta,channel,FC1,5531.027821011014,1626.5180053710938,10599.681727092073,924.7055053710938,4713.239990234375,18,0,130.37680625915527,116.083163022995,8.69319363285557,True
ms_02,ms,1,CE,psd,absolute_power,gamma,channel,FC2,147.45572153727213,148.05418395996094,25.021179980142243,132.02475357055664,159.68724060058594,18,0,14.667802810668945,10.35506397485733,8.688297990593545,True
ms_19,ms,1,OE,psd,absolute_power,theta,channel,O1,1496.885959201389,1457.8284301757812,326.81797165189477,1214.1439208984375,1694.0621948242188,18,0,136.16273880004883,102.67301893234253,8.682429962808518,True
ms_19,ms,1,OE,psd,absolute_power,gamma,channel,O1,752.9105834960938,681.49951171875,235.6109218128416,648.1897125244141,810.7269439697266,18,0,64.0894136428833,48.06454396247864,8.664128932229138,True
ms_20,ms,1,CE,psd,absolute_power,delta,channel,Pz,2060.0433824327256,2039.6648559570312,719.2395287695686,1484.6758117675781,2535.2265625,18,0,192.9378776550293,144.08684635162354,8.644788290397612,True
ms_07,ms,1,CE,psd,absolute_power,alpha,channel,Fp1,344.1281695895725,356.24615478515625,94.93572312449372,281.19071197509766,412.7211685180664,18,0,41.31877517700195,24.68264365196228,8.60586938931847,True
ms_19,ms,1,CE,psd,absolute_power,gamma,channel,Cz,183.4001405504015,177.3569793701172,24.487897227726357,171.62250900268555,190.52581024169922,18,0,16.7956805229187,12.591594994068146,8.600746168615958,True
ms_19,ms,1,CE,psd,absolute_power,gamma,roi,R4,274.7815221150716,237.1626968383789,103.2591368978603,217.94952392578125,283.1210174560547,18,0,27.035827159881592,16.531054973602295,8.573477744899483,True
ms_06,ms,1,CE,psd,absolute_power,delta,channel,FC2,846.0242080688477,847.6886291503906,460.8763882153176,414.8134231567383,1137.8398742675781,18,0,73.2684850692749,60.96899199485779,8.567293209953363,True
ms_07,ms,1,CE,psd,absolute_power,beta,channel,F3,358.930177476671,359.38706970214844,44.87176071078082,327.3610382080078,380.31072998046875,18,0,41.293585777282715,25.089324951171875,8.551490164625475,True
ms_20,ms,1,CE,psd,absolute_power,theta,channel,FC1,495.58667839898004,516.2023773193359,82.74633614453239,436.7856750488281,554.0011901855469,18,0,44.617568016052246,37.20302987098694,8.549830411330392,True
ms_06,ms,1,OE,psd,absolute_power,delta,channel,CP2,7142.743980407715,2176.46337890625,13794.05316809121,1262.8522338867188,5919.500732421875,18,0,187.25001907348633,157.9020004272461,8.497080633584412,True
ms_06,ms,1,CE,psd,absolute_power,delta,channel,CP5,1174.5119069417317,1181.6049194335938,666.9235245980601,571.0788269042969,1697.8282775878906,18,0,104.30475234985352,85.61303949356079,8.487363749481489,True
ms_22,ms,1,CE,psd,relative_power,gamma,channel,C3,0.4365655432144801,0.44169656932353973,0.04148208698829971,0.4167117550969124,0.46638011932373047,18,0,0.05593143031001091,0.03088078834116459,8.42578948174018,True
ms_04,ms,1,CE,psd,absolute_power,alpha,channel,P4,4434.541103786893,4310.292724609375,1835.359356647096,3371.3226928710938,5092.364501953125,18,0,448.2452697753906,310.65771102905273,8.385162281395981,True
hc_07,hc,0,CE,psd,absolute_power,alpha,channel,P3,3777.602342393663,3962.4620361328125,1119.6256450570365,3366.302734375,4509.4871826171875,18,0,382.41558837890625,288.2811050415039,8.376227943067489,True
ms_02,ms,1,CE,psd,absolute_power,gamma,channel,Fz,113.99763827853732,108.88522338867188,17.148587285341797,103.06497192382812,117.01593589782715,18,0,10.7308669090271,7.909187495708466,8.37054457032591,True
ms_19,ms,1,OE,psd,absolute_power,beta,roi,R4,884.0877041286892,887.7684326171875,114.13486974405849,793.2216796875,937.1531524658203,18,0,118.7598991394043,62.19794273376465,8.33932967863,True
ms_20,ms,1,CE,psd,absolute_power,theta,channel,F8,331.429943508572,346.4600830078125,80.45505670069117,268.43038177490234,396.60420989990234,18,0,39.08329391479492,24.889816999435425,8.329623473146844,True
ms_06,ms,1,CE,psd,absolute_power,delta,channel,T8,1000.5983225504557,1027.7861022949219,512.2138321926664,529.6926879882812,1409.104248046875,18,0,103.1257152557373,75.50595617294312,8.259942901504113,True
hc_07,hc,0,CE,psd,absolute_power,alpha,channel,Pz,3075.3661261664497,3446.3800048828125,887.48025617341,3029.3587036132812,3555.430419921875,18,0,372.1908264160156,251.2147216796875,8.25394379714196,True
hc_02,hc,0,CE,psd,absolute_power,delta,channel,CP1,1257.2183854844834,1280.6287231445312,720.4088923187797,948.9765319824219,1526.3562622070312,18,0,123.76553535461426,95.23530578613281,8.193322042722462,True
ms_15,ms,1,CE,psd,absolute_power,delta,channel,CP5,1722.8672807481553,1141.6989135742188,1447.8814556551522,777.38134765625,2607.7989501953125,18,0,104.30475234985352,85.61303949356079,8.172969676347433,True
ms_06,ms,1,CE,psd,absolute_power,delta,channel,FC1,841.5406494140625,859.0958862304688,474.32207120872937,409.8930969238281,1165.2708740234375,18,0,81.70284080505371,64.37827134132385,8.144742235168396,True
ms_20,ms,1,CE,psd,absolute_power,theta,channel,FC2,414.5345916748047,423.04505920410156,63.67329547790067,406.83467864990234,444.16331481933594,18,0,43.4522008895874,31.535892724990845,8.118745124140847,True
ms_15,ms,1,CE,psd,absolute_power,gamma,channel,CP1,148.82837083604602,165.12381744384766,54.63052909249487,108.17079544067383,185.07876586914062,18,0,18.30131769180298,12.218554019927979,8.104921351945093,True
hc_02,hc,0,CE,psd,absolute_power,delta,channel,P7,1439.3649097018772,1463.018798828125,813.8076692272733,1085.2492370605469,1778.2044372558594,18,0,150.91675186157227,109.62807846069336,8.072755799387455,True
hc_02,hc,0,CE,psd,absolute_power,delta,channel,F7,609.5270546807183,642.4925842285156,392.60741318907804,457.17321014404297,695.1822967529297,18,0,58.85404586791992,48.79264259338379,8.06799509260496,True
ms_06,ms,1,OE,psd,absolute_power,delta,channel,P8,8167.525248209636,2621.3927001953125,15653.933927467404,1462.2810974121094,6825.6934814453125,18,0,247.01231384277344,198.57610988616943,8.064905848922553,True
ms_15,ms,1,CE,psd,absolute_power,delta,channel,FC1,1178.8752076890732,849.7274169921875,972.4225960793461,543.0734100341797,1751.1116943359375,18,0,81.70284080505371,64.37827134132385,8.046588839620394,True
ms_04,ms,1,CE,psd,absolute_power,alpha,channel,P7,3060.2557983398438,3108.4049072265625,1439.0774667710302,1606.2539672851562,4365.348388671875,18,0,288.7806701660156,237.0226707458496,8.02374931945992,True
ms_19,ms,1,CE,psd,absolute_power,gamma,channel,Pz,180.88996378580728,179.9219207763672,17.51108067337299,166.52847290039062,188.36183547973633,18,0,25.782582759857178,12.964843988418579,8.019036654575041,True
hc_01,hc,0,CE,psd,absolute_power,gamma,channel,F7,128.39222844441733,129.22806549072266,11.308717859182833,121.58734703063965,134.45673751831055,18,0,12.093514919281006,9.860843777656555,8.012110703436909,True
ms_19,ms,1,CE,psd,absolute_power,beta,roi,R2,366.6687944200304,332.8368682861328,110.2510558114768,310.42679595947266,364.94898986816406,18,0,41.99974822998047,24.52802848815918,7.9976647974523845,True
hc_02,hc,0,CE,psd,absolute_power,delta,channel,Fp1,505.5856632656521,505.72149658203125,327.72685058740916,386.29085540771484,583.4983062744141,18,0,45.059261322021484,38.85692834854126,7.996319681670734,True
ms_04,ms,1,CE,psd,absolute_power,alpha,channel,O1,4046.7088690863716,3603.8251953125,2030.1967799315091,2283.593780517578,5652.57421875,18,0,368.84397888183594,273.2133541107178,7.986304127281467,True
ms_15,ms,1,CE,psd,absolute_power,gamma,channel,Cz,149.173275841607,165.78973388671875,53.30934733664421,110.58987998962402,187.75368118286133,18,0,16.7956805229187,12.591594994068146,7.9811264782729054,True
ms_06,ms,1,CE,psd,absolute_power,delta,channel,F3,527.5204866197374,556.2653198242188,299.8166514064724,238.5353889465332,725.3641204833984,18,0,49.56704902648926,42.87500560283661,7.971154678361768,True
ms_15,ms,1,CE,psd,absolute_power,delta,channel,Cz,1355.9441935221355,1036.1526489257812,1078.6361895905713,660.4333801269531,2054.7324829101562,18,0,106.46780395507812,78.67497253417969,7.970308942729501,True
ms_19,ms,1,CE,psd,absolute_power,beta,channel,F4,384.51167636447485,373.65155029296875,43.373929546548865,364.41381072998047,412.6081237792969,18,0,43.04762077331543,28.02963352203369,7.955483803681166,True
ms_15,ms,1,CE,psd,absolute_power,delta,roi,R6,1847.9140769110786,1374.802734375,1494.1445582421577,933.3052215576172,2749.1253967285156,18,0,159.65482330322266,103.24892616271973,7.938155561284064,True
ms_24,ms,1,CE,psd,absolute_power,gamma,channel,CP5,266.0739110310872,202.07723999023438,235.05049844140385,166.7037239074707,266.7222671508789,18,0,25.919233322143555,14.996495723724365,7.922980801273194,True
ms_20,ms,1,CE,psd,absolute_power,theta,channel,Cz,571.9354570176866,558.8753051757812,93.51627879197551,524.8548278808594,622.5479431152344,18,0,68.38064956665039,41.79895734786987,7.914889120981229,True
hc_02,hc,0,CE,psd,absolute_power,delta,channel,F4,528.7441592746311,521.6598205566406,333.3954491029155,401.77955627441406,571.3182067871094,18,0,46.58400821685791,40.52444499731064,7.907184058789349,True
hc_07,hc,0,CE,psd,absolute_power,theta,channel,P3,977.2947442796495,1020.057861328125,497.8086197870845,661.3357696533203,1168.51953125,18,0,123.4105110168457,76.81736373901367,7.8729641692582355,True
ms_20,ms,1,OE,psd,absolute_power,theta,channel,CP6,837.2422926161024,811.3432312011719,247.3543261842152,634.1128540039062,970.9410095214844,18,0,81.09444427490234,62.797839641571045,7.843359926265763,True
ms_20,ms,1,CE,psd,absolute_power,theta,channel,Fz,262.4033016628689,264.55262756347656,42.14676945369592,226.37847137451172,298.8903045654297,18,0,33.134292125701904,19.931621551513672,7.831250880557691,True
ms_16,ms,1,OE,psd,absolute_power,beta,channel,T8,869.2661505805122,866.571533203125,297.5335787375552,607.4949645996094,1121.5181274414062,18,0,135.1733856201172,63.02419662475586,7.827490368187599,True
hc_02,hc,0,CE,psd,absolute_power,delta,channel,F3,548.6113459269205,546.6617736816406,330.2821247239496,436.5707473754883,671.5551300048828,18,0,49.56704902648926,42.87500560283661,7.820075907868325,True
ms_15,ms,1,CE,psd,absolute_power,gamma,channel,CP2,149.6208839416504,163.70275115966797,53.05356002458628,110.06950759887695,185.30451202392578,18,0,19.974195957183838,12.428032755851746,7.800396431313823,True
ms_15,ms,1,CE,psd,absolute_power,delta,channel,CP2,1491.9380739000107,1113.3458862304688,1183.806695864247,760.2936248779297,2237.5451049804688,18,0,127.2723503112793,85.44241619110107,7.784160581956675,True
ms_15,ms,1,CE,psd,absolute_power,gamma,channel,P3,153.45907168918185,166.7357406616211,56.33362547150009,110.02159690856934,187.62228775024414,18,0,25.529921054840088,12.241950511932373,7.779971044341284,True
ms_19,ms,1,OE,psd,absolute_power,beta,channel,C4,840.551489935981,841.8956298828125,112.91886314317946,752.5153961181641,879.8131561279297,18,0,122.2026252746582,62.50682830810547,7.765972045092551,True
ms_06,ms,1,CE,psd,absolute_power,delta,channel,F8,716.9721993340386,714.6271362304688,332.60325444664045,487.3588104248047,966.2570037841797,18,0,69.01330375671387,56.19313597679138,7.749355088024809,True
ms_06,ms,1,CE,psd,absolute_power,delta,channel,Fz,573.9250217013889,596.3971557617188,314.7681389178135,269.0444107055664,776.8959350585938,18,0,66.34578132629395,46.151570320129395,7.746534985151518,True
ms_15,ms,1,CE,psd,absolute_power,gamma,channel,FC1,139.90919240315756,158.66798400878906,53.65652046120427,102.8962459564209,178.1449737548828,18,0,15.901706457138062,12.450961291790009,7.733903649427836,True
ms_15,ms,1,CE,psd,absolute_power,delta,channel,Fz,834.9890458848741,595.2442626953125,668.9020602625561,383.2587432861328,1248.4888610839844,18,0,66.34578132629395,46.151570320129395,7.729685813724376,True
hc_02,hc,0,CE,psd,absolute_power,delta,channel,Fz,630.9745945400662,594.8947448730469,381.033114563115,498.0523910522461,739.3202514648438,18,0,66.34578132629395,46.151570320129395,7.724577720115528,True
ms_15,ms,1,OE,psd,absolute_power,delta,channel,FC6,1079.9056701660156,870.9056091308594,728.8665233903216,608.3842163085938,1251.7525939941406,18,0,79.17216682434082,69.18461608886719,7.718723048465017,True
ms_06,ms,1,OE,psd,absolute_power,delta,channel,Cz,6458.050067477756,1930.9788208007812,12471.007543124284,1125.7420501708984,5419.18505859375,18,0,172.9872932434082,153.63172888755798,7.71812599624804,True
ms_07,ms,1,CE,psd,absolute_power,alpha,channel,Pz,3150.904988606771,3239.6461181640625,843.8170504637158,2595.3464965820312,3865.3467407226562,18,0,372.1908264160156,251.2147216796875,7.698880402249554,True
ms_19,ms,1,OE,psd,absolute_power,beta,channel,CP6,858.5165812174479,839.4956665039062,112.9806634089908,774.3935241699219,930.1189727783203,18,0,142.00171279907227,61.410743713378906,7.660764193973017,True
hc_02,hc,0,CE,psd,absolute_power,delta,roi,R2,511.71634123060437,516.6721954345703,333.64704489361526,386.0461120605469,556.5494384765625,18,0,58.824514389038086,40.36722135543823,7.65011857996998,True
ms_04,ms,1,CE,psd,absolute_power,alpha,channel,CP6,2254.9696824815537,2224.7103271484375,935.2253115049306,1471.1747741699219,2839.6875,18,0,238.41188049316406,175.256010055542,7.644473632642369,True
ms_06,ms,1,OE,psd,absolute_power,delta,roi,R6,8183.338102552626,2592.874755859375,15696.992753857103,1465.09814453125,6832.00439453125,18,0,263.6979179382324,205.70350742340088,7.637245830383968,True
ms_15,ms,1,CE,psd,absolute_power,delta,channel,O2,1960.0390989515518,1441.2098999023438,1600.1160201278428,994.7278594970703,2939.9552001953125,18,0,167.64306640625,112.9258451461792,7.6068419913707155,True
ms_03,ms,1,OE,psd,absolute_power,theta,channel,F4,341.5603241390652,325.8374328613281,177.77516484701556,199.63920211791992,519.3409576416016,18,0,27.718090534210205,26.44294637441635,7.604248738916072,True
ms_15,ms,1,CE,psd,absolute_power,gamma,channel,F3,128.7528281741672,143.52117156982422,53.303493841779606,93.31987762451172,164.01813888549805,18,0,13.823426008224487,11.510442912578583,7.6000490659354005,True
ms_15,ms,1,CE,psd,absolute_power,delta,channel,F8,956.5846616956923,701.0831604003906,770.1374649351969,445.40662384033203,1247.8848876953125,18,0,69.01330375671387,56.19313597679138,7.586785649868963,True
ms_15,ms,1,CE,psd,absolute_power,delta,channel,P7,1956.803560892741,1374.9879760742188,1609.4523659846882,929.1058502197266,3019.0921020507812,18,0,150.91675186157227,109.62807846069336,7.531142944995223,True
ms_20,ms,1,CE,psd,absolute_power,theta,roi,R2,256.0158437093099,264.2669982910156,49.75421127572522,229.64854049682617,291.36973571777344,18,0,29.967342853546143,20.989533185958862,7.5291313599504415,True
ms_24,ms,1,CE,psd,absolute_power,gamma,channel,F7,365.45523664686414,122.12187576293945,975.5873211074766,99.35183334350586,155.8667449951172,18,0,12.093514919281006,9.860843777656555,7.526040807741193,True
ms_06,ms,1,OE,psd,absolute_power,delta,channel,T7,6851.843384636773,2015.3314819335938,12805.526691325269,1213.8586120605469,5909.8035888671875,18,0,174.74147033691406,165.25959181785583,7.512186985038549,True
hc_02,hc,0,CE,psd,absolute_power,delta,channel,O1,1579.6344790988499,1559.7593994140625,842.7209030466996,1195.9615173339844,1941.8078308105469,18,0,180.90593719482422,124.05128002166748,7.497092482856636,True
ms_19,ms,1,CE,psd,absolute_power,gamma,channel,F7,124.0262934366862,121.45527267456055,11.95428344239633,117.49453735351562,131.25006675720215,18,0,12.093514919281006,9.860843777656555,7.480444545039119,True
ms_06,ms,1,CE,psd,absolute_power,delta,channel,CP2,1068.074445936415,1071.9525146484375,591.7947701088744,560.6208648681641,1502.4472351074219,18,0,127.2723503112793,85.44241619110107,7.457397273049113,True
ms_06,ms,1,CE,psd,absolute_power,delta,channel,Cz,971.2591586642795,974.8939514160156,543.6480338517293,484.9829635620117,1348.6332397460938,18,0,106.46780395507812,78.67497253417969,7.445130171425089,True
ms_19,ms,1,OE,psd,absolute_power,beta,roi,R3,893.0440843370226,885.948974609375,114.49825629211716,826.0690765380859,950.8921203613281,18,0,134.79328536987305,68.28261375427246,7.4198620038708745,True
hc_07,hc,0,CE,psd,absolute_power,alpha,channel,Cz,928.3307707044813,988.2908020019531,283.05530282106935,876.0533599853516,1055.1852416992188,18,0,126.38895797729492,78.43350028991699,7.411945498054029,True
ms_15,ms,1,CE,psd,absolute_power,gamma,channel,Pz,155.18536546495227,168.13980102539062,56.59308574387366,112.43395233154297,191.0842056274414,18,0,25.782582759857178,12.964843988418579,7.406076644706868,True
ms_02,ms,1,CE,psd,absolute_power,gamma,channel,P3,160.19166013929578,159.8163070678711,24.51943594241617,142.5822868347168,169.83963012695312,18,0,25.529921054840088,12.241950511932373,7.3987332656680875,True
ms_19,ms,1,OE,psd,absolute_power,beta,roi,R6,946.8590799967448,949.4557189941406,99.64992434379639,874.8827056884766,1006.5749053955078,18,0,200.71874618530273,68.72883987426758,7.347951316534887,True
ms_02,ms,1,CE,psd,absolute_power,gamma,channel,Pz,169.87228224012586,166.73135375976562,24.136058184109245,157.37064743041992,182.5331268310547,18,0,25.782582759857178,12.964843988418579,7.3328027459447425,True
ms_04,ms,1,OE,psd,absolute_power,gamma,channel,FC6,296.5403756035699,274.2002868652344,83.95943430091921,260.0595474243164,314.77681732177734,18,0,26.305945873260498,22.80797451734543,7.330876408971316,True
hc_02,hc,0,CE,psd,absolute_power,delta,channel,P4,1352.8441509670681,1371.53564453125,763.9944304573302,1014.7790985107422,1604.9598693847656,18,0,164.6851043701172,111.19275856018066,7.3207063836576785,True
ms_19,ms,1,CE,psd,absolute_power,gamma,channel,T8,312.16912926567926,246.82948303222656,197.2642285229572,224.95459365844727,252.41234588623047,18,0,28.574084758758545,20.117029905319214,7.3177427301240705,True
ms_19,ms,1,OE,psd,absolute_power,theta,channel,F7,450.77139960394965,455.3149871826172,131.71450248793792,366.5709228515625,510.4230651855469,18,0,41.42625665664673,38.18555265665054,7.310726302730238,True
hc_02,hc,0,CE,psd,absolute_power,delta,roi,R5,1458.0897971259224,1474.1707763671875,799.4559764469753,1099.6080932617188,1793.84375,18,0,162.90752410888672,121.07417678833008,7.304901592977002,True
ms_03,ms,1,OE,psd,absolute_power,theta,roi,R2,356.7380263010661,334.85980224609375,188.52905394256518,202.05057525634766,542.60205078125,18,0,35.66075944900513,27.630387544631958,7.303805973944284,True
hc_07,hc,0,CE,psd,absolute_power,alpha,channel,CP2,1862.111051771376,1973.0533447265625,614.1909099552728,1738.900146484375,2222.775634765625,18,0,262.4771270751953,158.0972080230713,7.297838251627453,True
ms_06,ms,1,OE,psd,absolute_power,delta,channel,CP1,7135.377472771539,2141.7074584960938,13754.342648882799,1239.4866333007812,5998.369384765625,18,0,205.50016403198242,179.02522802352905,7.294803883034754,True
ms_06,ms,1,OE,psd,absolute_power,delta,channel,Pz,7663.662140740289,2295.8998413085938,14765.543753217362,1387.0720520019531,6410.9324951171875,18,0,245.5456771850586,190.01887702941895,7.277934481959778,True
ms_15,ms,1,CE,psd,absolute_power,gamma,channel,C4,154.38269551595053,157.9384307861328,44.32361788507209,130.38724327087402,180.4274673461914,18,0,21.349838733673096,12.663818836212158,7.274878484984588,True
ms_06,ms,1,OE,psd,absolute_power,delta,channel,O2,8598.486643473307,2660.140869140625,16485.211038383135,1551.1222839355469,7188.9520263671875,18,0,272.0273208618164,222.04646396636963,7.254159747118875,True
ms_15,ms,1,CE,psd,absolute_power,delta,channel,CP1,1512.6693327162002,1147.1152954101562,1223.9459238462791,735.7141723632812,2263.67529296875,18,0,123.76553535461426,95.23530578613281,7.247731827733151,True
hc_01,hc,0,CE,psd,absolute_power,gamma,channel,Fp1,88.3570179409451,90.35810089111328,7.914529855144954,82.48124694824219,92.90386772155762,18,0,8.928098917007446,7.590205669403076,7.236139080802367,True
ms_06,ms,1,OE,psd,absolute_power,delta,channel,P3,7750.862982008192,2329.6141357421875,14898.954060269065,1356.0175476074219,6565.2659912109375,18,0,238.18920516967773,195.17905521392822,7.2274496270308415,True
ms_06,ms,1,CE,psd,absolute_power,delta,roi,R6,1243.412377251519,1263.103515625,674.6179033233353,691.8082885742188,1791.389404296875,18,0,159.65482330322266,103.24892616271973,7.208461861914307,True
ms_07,ms,1,CE,psd,absolute_power,alpha,roi,R1,275.30000517103406,288.84986877441406,72.13172427326192,232.4047088623047,322.06292724609375,18,0,46.52544593811035,22.815304279327393,7.163857294977288,True
ms_04,ms,1,CE,psd,absolute_power,beta,roi,R5,929.1874118381077,888.1275939941406,199.041223961123,770.8466949462891,1042.2704772949219,18,0,217.45989227294922,63.182308197021484,7.159585972702308,True
ms_04,ms,1,CE,psd,absolute_power,alpha,roi,R6,3649.504353841146,3502.62255859375,1646.513956278087,2532.548583984375,4255.225891113281,18,0,408.0621109008789,291.56829833984375,7.158708400382248,True
ms_07,ms,1,CE,psd,absolute_power,alpha,channel,CP2,1958.2211201985676,1932.65087890625,573.8832543472478,1518.3995666503906,2467.5901489257812,18,0,262.4771270751953,158.0972080230713,7.125469047916449,True
ms_06,ms,1,OE,psd,absolute_power,delta,roi,R5,8129.970914204915,2418.9864501953125,15626.636218172314,1431.5978088378906,6889.0650634765625,18,0,256.7704391479492,205.42753887176514,7.099314568307076,True
ms_04,ms,1,CE,psd,absolute_power,alpha,channel,O2,3956.9676649305557,3387.3726806640625,2008.6007709723579,2529.6544799804688,4628.1146240234375,18,0,427.13565826416016,281.2809181213379,7.098428612949623,True
ms_06,ms,1,OE,psd,absolute_power,delta,channel,P7,8148.019940694173,2383.49853515625,15672.952368453281,1403.52978515625,6848.0042724609375,18,0,242.2433090209961,204.03439807891846,7.078496946140287,True
ms_02,ms,1,CE,psd,absolute_power,gamma,channel,P4,180.35470072428384,176.32550811767578,26.91630091339447,160.90797805786133,196.99796676635742,18,0,28.77399444580078,14.065490484237671,7.075624744831509,True
ms_20,ms,1,OE,psd,absolute_power,theta,channel,FC5,420.3007507324219,421.17921447753906,90.62304654964653,371.62462615966797,474.5240936279297,18,0,40.682135581970215,36.28179657459259,7.073568234011302,True
ms_15,ms,1,CE,psd,absolute_power,gamma,channel,T7,206.56194729275174,204.64154052734375,42.10269768826914,175.22342681884766,234.70163345336914,18,0,26.496195793151855,16.989708423614502,7.072363213719115,True
ms_19,ms,1,OE,psd,absolute_power,beta,channel,T7,999.5690544976128,975.8409729003906,97.97033730812822,938.7029571533203,1055.8007202148438,18,0,138.77573013305664,79.86484146118164,7.069353184655357,True
ms_06,ms,1,CE,psd,absolute_power,beta,channel,F3,308.9018037584093,304.10430908203125,45.91667566608584,272.41590118408203,340.4099426269531,18,0,41.293585777282715,25.089324951171875,7.065291900256309,True
hc_01,hc,0,CE,psd,absolute_power,gamma,channel,Fp2,85.21926540798611,87.01218795776367,7.553860589611908,79.04255867004395,89.78047180175781,18,0,8.998584270477295,7.484146803617477,7.030788703277463,True
ms_05,ms,1,OE,psd,absolute_power,gamma,channel,Fz,127.48919932047527,124.85457611083984,15.100006887658873,119.08466529846191,134.36103439331055,18,0,18.357192993164062,10.228680729866028,7.02255771964562,True
ms_06,ms,1,OE,psd,absolute_power,theta,roi,R1,628.5935970942179,272.1183166503906,1073.9277872972098,146.62810897827148,669.7468109130859,18,0,25.912331581115723,23.720088243484497,7.000971503665183,True
ms_04,ms,1,CE,psd,absolute_power,alpha,roi,R5,3138.345035129123,2975.1505126953125,1492.533154468643,1750.1369018554688,4445.2181396484375,18,0,339.3862533569336,254.28527069091797,6.991355151055174,True
ms_19,ms,1,OE,psd,absolute_power,beta,channel,P4,945.6596984863281,933.7473449707031,98.77558224610354,871.6976776123047,1020.1287384033203,18,0,184.53024291992188,72.29242706298828,6.990220590253294,True
hc_07,hc,0,CE,psd,absolute_power,alpha,channel,Fz,346.854056040446,364.7691650390625,104.80804751016242,270.6992492675781,419.5518493652344,18,0,51.25618076324463,30.2522611618042,6.9899439826652285,True
hc_02,hc,0,CE,psd,absolute_power,delta,channel,P3,1355.2699864705403,1399.7344360351562,744.2362482865117,1017.6134490966797,1665.4234619140625,18,0,152.00997161865234,120.5683741569519,6.980094303389018,True
ms_02,ms,1,CE,psd,absolute_power,gamma,channel,CP2,149.98236465454102,148.29644012451172,19.84420429296376,138.5823631286621,159.75145721435547,18,0,19.974195957183838,12.428032755851746,6.964269376053015,True
hc_01,hc,0,CE,psd,absolute_power,delta,roi,R1,360.5403111775716,377.8246154785156,96.80927786902163,304.00179290771484,418.74691009521484,18,0,42.277377128601074,32.52693855762482,6.958032992682438,True
ms_06,ms,1,OE,psd,absolute_power,theta,channel,F4,731.5837196773953,300.2801055908203,1284.5934619462055,191.09332656860352,804.5381622314453,18,0,27.718090534210205,26.44294637441635,6.95234781846665,True
ms_16,ms,1,CE,psd,absolute_power,gamma,channel,O2,256.75823465983075,236.2404556274414,70.37791534514062,197.25666427612305,307.1834716796875,18,0,38.694687843322754,19.273189067840576,6.913375595242174,True
ms_06,ms,1,CE,psd,absolute_power,gamma,channel,Fp1,87.86132515801324,86.65831756591797,10.327429085750396,79.87497901916504,94.71342849731445,18,0,8.928098917007446,7.590205669403076,6.9073641076854555,True
ms_03,ms,1,OE,psd,absolute_power,theta,channel,FC2,472.7629155053033,468.9740295410156,244.56211796529018,266.8617935180664,719.0464935302734,18,0,47.78585624694824,41.201154947280884,6.895135130342359,True
hc_07,hc,0,CE,psd,absolute_power,alpha,roi,R5,2843.8020833333335,2936.8988037109375,807.1899778093891,2547.7067260742188,3402.4148559570312,18,0,339.3862533569336,254.28527069091797,6.889892631523285,True
hc_01,hc,0,CE,psd,absolute_power,delta,channel,F7,528.6330990261501,557.2082824707031,142.5021729968066,434.16637420654297,601.2755126953125,18,0,58.85404586791992,48.79264259338379,6.88905764616589,True
ms_19,ms,1,CE,psd,absolute_power,beta,channel,Fp1,243.67990451388889,239.33885955810547,28.181689858336988,225.73052597045898,264.8682632446289,18,0,33.19360160827637,20.291931867599487,6.852135740663095,True
ms_22,ms,1,OE,psd,relative_power,gamma,channel,P7,0.3645701871977912,0.36167916655540466,0.04535876643230414,0.34271450340747833,0.3987388610839844,18,0,0.06975144520401955,0.02875566389411688,6.847435385654647,True
ms_15,ms,1,CE,psd,absolute_power,delta,channel,O1,1975.014409383138,1438.112060546875,1621.7176360279416,949.4424285888672,3036.7568969726562,18,0,180.90593719482422,124.05128002166748,6.835672415554591,True
ms_24,ms,1,OE,psd,absolute_power,alpha,channel,F8,370.0252982245551,369.4433288574219,80.33881647198372,318.259033203125,422.6162338256836,18,0,41.54047966003418,32.43041491508484,6.8197536901327345,True
hc_02,hc,0,CE,psd,absolute_power,delta,channel,Fp2,481.1051631503635,479.1179504394531,318.2522774241252,362.7303161621094,535.8310241699219,18,0,51.97944736480713,42.381003618240356,6.797879916569937,True
ms_06,ms,1,CE,psd,absolute_power,delta,channel,O2,1309.116439819336,1304.0555419921875,715.5497017859066,737.2390594482422,1901.5758361816406,18,0,167.64306640625,112.9258451461792,6.787637610720782,True
ms_06,ms,1,CE,psd,absolute_power,delta,channel,CP1,1077.083031548394,1074.2706298828125,608.7251065476609,555.5227813720703,1533.8389892578125,18,0,123.76553535461426,95.23530578613281,6.731819652413493,True
ms_15,ms,1,CE,psd,absolute_power,delta,channel,P4,1699.5165701972114,1273.1067504882812,1351.882850087699,841.0928039550781,2507.1910400390625,18,0,164.6851043701172,111.19275856018066,6.723640708184294,True
ms_02,ms,1,CE,psd,absolute_power,gamma,channel,C4,148.43997149997287,147.1258316040039,19.227239327485652,131.97263717651367,158.62763214111328,18,0,21.349838733673096,12.663818836212158,6.698985989316865,True
hc_07,hc,0,OE,psd,absolute_power,delta,channel,O1,9314.220885382758,2555.2081298828125,20195.71832548905,1311.0063781738281,7803.0943603515625,18,0,289.2246894836426,228.1758108139038,6.698277465189981,True
ms_20,ms,1,OE,psd,absolute_power,theta,channel,P8,920.1971096462673,902.0123291015625,268.47192991388545,761.2681274414062,1037.7266235351562,18,0,104.93802452087402,80.38254070281982,6.688259021863038,True
hc_07,hc,0,CE,psd,absolute_power,alpha,channel,C3,878.46130794949,947.3432922363281,279.54782422115096,780.6259765625,1038.6702117919922,18,0,149.18140029907227,80.52670097351074,6.685395206431306,True
ms_19,ms,1,CE,psd,absolute_power,beta,channel,F8,459.2383321126302,334.70936584472656,311.38065236622157,324.68446350097656,407.8429870605469,18,0,43.33424758911133,29.480289220809937,6.66648224964101,True
ms_06,ms,1,OE,psd,absolute_power,delta,channel,O1,8491.029589335123,2543.846923828125,16308.515133297347,1520.4161071777344,7131.4674072265625,18,0,289.2246894836426,228.1758108139038,6.6646935875954965,True
ms_24,ms,1,OE,psd,absolute_power,alpha,channel,Fp2,299.3650394015842,297.93927001953125,61.31227853881301,260.3985137939453,331.58680725097656,18,0,35.74834442138672,26.565945625305176,6.656844029903883,True
hc_01,hc,0,CE,psd,absolute_power,gamma,roi,R2,90.18128797743056,91.79153060913086,7.754745591563798,83.76277732849121,94.4110107421875,18,0,10.697373628616333,8.223636269569397,6.651225533077415,True
ms_15,ms,1,CE,psd,absolute_power,delta,roi,R5,1880.0073064168294,1356.6475219726562,1538.1313413674636,900.3576507568359,2879.1749877929688,18,0,162.90752410888672,121.07417678833008,6.650192626825527,True
ms_19,ms,1,OE,psd,absolute_power,beta,channel,F7,537.0534227159288,544.7483215332031,78.39224689174999,475.68592834472656,574.9531860351562,18,0,65.24270153045654,48.63614821434021,6.64982984227333,True
ms_03,ms,1,OE,psd,absolute_power,theta,channel,Fp2,325.6854468451606,300.5373992919922,176.59054945302995,180.14125061035156,507.8957290649414,18,0,31.276672840118408,27.384406983852386,6.632017702221391,True
ms_06,ms,1,CE,psd,absolute_power,delta,channel,P7,1244.5021480984158,1227.9942016601562,710.4622554780534,658.9687652587891,1808.8077697753906,18,0,150.91675186157227,109.62807846069336,6.626758375503561,True
hc_01,hc,0,CE,psd,absolute_power,gamma,roi,R1,94.97118589613173,96.27228546142578,8.365841911524162,89.5211410522461,99.6214656829834,18,0,10.293744087219238,8.777207404375076,6.607082298325541,True
ms_02,ms,1,CE,psd,absolute_power,gamma,channel,CP1,141.03864118787976,137.6576690673828,19.43800935418277,130.9262580871582,149.16936492919922,18,0,18.30131769180298,12.218554019927979,6.58873021769762,True
ms_20,ms,1,CE,psd,absolute_power,theta,channel,Fp1,212.89283074273004,214.4154052734375,40.71146534401401,193.17185592651367,238.9563331604004,18,0,28.015241146087646,19.10314679145813,6.581386283700418,True
ms_15,ms,1,CE,psd,absolute_power,gamma,roi,R3,153.01849174499512,166.31320190429688,51.209633073955004,114.36733055114746,182.41898345947266,18,0,23.029314517974854,14.70093560218811,6.573980094816188,True
ms_06,ms,1,OE,psd,absolute_power,theta,channel,FC6,878.8458299636841,344.75706481933594,1556.219008200967,226.92103958129883,973.9152221679688,18,0,37.46049976348877,31.570028424263,6.5653629057163565,True
ms_03,ms,1,OE,psd,absolute_power,theta,channel,Fz,343.9355691274007,320.5939636230469,182.86640333110734,196.65248107910156,517.8994903564453,18,0,35.01985740661621,29.338477849960327,6.565340464281471,True
ms_06,ms,1,OE,psd,absolute_power,delta,channel,C3,6464.132603115506,1912.6416015625,12340.567899867288,1062.3477325439453,5471.2552490234375,18,0,193.17952728271484,177.29073762893677,6.5415785160729225,True
ms_15,ms,1,CE,psd,absolute_power,gamma,channel,FC5,132.2070598602295,144.74164581298828,51.300417767236425,95.71353912353516,163.50135040283203,18,0,15.54709005355835,13.351394712924957,6.52669896352191,True
ms_19,ms,1,CE,psd,absolute_power,gamma,channel,CP6,219.04238043891058,214.5555191040039,25.60619693433548,198.12575149536133,236.52912521362305,18,0,28.525116443634033,19.25108814239502,6.517854297275027,True
ms_15,ms,1,CE,psd,absolute_power,gamma,channel,P4,152.19151793585883,164.2452163696289,54.014368651744874,113.26686668395996,188.12388610839844,18,0,28.77399444580078,14.065490484237671,6.496331391004283,True
ms_19,ms,1,OE,psd,absolute_power,beta,channel,C3,771.4273240831163,785.6614685058594,107.26757107100227,699.4563293457031,816.6436004638672,18,0,119.52012634277344,69.24236583709717,6.48889122089498,True
ms_22,ms,1,OE,psd,relative_power,gamma,channel,CP5,0.41093191338909996,0.41434401273727417,0.037468858377591306,0.3884614333510399,0.43605927377939224,18,0,0.06453722342848778,0.03639482380822301,6.482829762666533,True
ms_03,ms,1,CE,psd,absolute_power,gamma,channel,T7,194.0077650282118,189.63542938232422,28.48671893289276,172.49938201904297,212.67904663085938,18,0,26.496195793151855,16.989708423614502,6.476621188568979,True
hc_07,hc,0,CE,psd,absolute_power,theta,channel,O1,932.6276194254557,763.8288269042969,663.3114913307481,512.9738845825195,1052.30517578125,18,0,122.16708183288574,66.84179592132568,6.474914561986081,True
ms_24,ms,1,OE,psd,absolute_power,alpha,roi,R2,317.62664201524524,318.10707092285156,67.21475449342839,275.17472076416016,357.6498336791992,18,0,43.306124687194824,28.629709720611572,6.474068397484813,True
ms_03,ms,1,OE,psd,absolute_power,gamma,channel,FC6,267.7404916551378,243.45611572265625,163.31942160140943,112.60693359375,376.5965881347656,18,0,26.305945873260498,22.80797451734543,6.421691802172245,True
ms_20,ms,1,CE,psd,absolute_power,delta,channel,Fp2,499.3690236409505,454.1886291503906,185.49979209792957,362.5387420654297,602.1840057373047,18,0,51.97944736480713,42.381003618240356,6.4011314818004745,True
ms_06,ms,1,CE,psd,absolute_power,delta,channel,P4,1180.3123847113716,1214.2649536132812,640.3735208196464,652.7340240478516,1691.750732421875,18,0,164.6851043701172,111.19275856018066,6.36670875706532,True
ms_02,ms,1,CE,psd,absolute_power,gamma,channel,Cz,140.65242428249783,135.0788116455078,21.97829821176586,128.5936794281006,150.11139297485352,18,0,16.7956805229187,12.591594994068146,6.336042334726403,True
ms_02,ms,1,OE,psd,absolute_power,gamma,channel,Fz,119.17237514919705,114.3846549987793,20.817581224796346,106.73356437683105,137.00432205200195,18,0,18.357192993164062,10.228680729866028,6.332159296913127,True
hc_01,hc,0,CE,psd,absolute_power,gamma,channel,F8,107.35838656955295,108.57610702514648,9.098254239439239,100.85300636291504,112.07776260375977,18,0,14.36970043182373,10.046356201171875,6.324815630494895,True
ms_21,ms,1,OE,psd,absolute_power,gamma,channel,FC6,201.0039800008138,240.17684173583984,81.95692901777332,119.95998764038086,253.74335479736328,18,0,26.305945873260498,22.80797451734543,6.324715194266202,True
ms_20,ms,1,OE,psd,absolute_power,theta,channel,T7,791.8444247775608,819.0924987792969,201.37332584655263,704.9248962402344,901.7548675537109,18,0,88.07302474975586,78.04423022270203,6.317774918445413,True
ms_20,ms,1,OE,psd,absolute_power,theta,channel,C3,798.1904635959202,791.6488952636719,168.243164200439,725.0741882324219,897.7970581054688,18,0,83.11852931976318,75.65688133239746,6.316638701218759,True
ms_20,ms,1,OE,psd,absolute_power,theta,channel,CP5,880.8258022732205,862.3355407714844,215.7368738836475,802.9027862548828,999.8137664794922,18,0,94.32391738891602,82.0738615989685,6.311592181117401,True
hc_07,hc,0,CE,psd,absolute_power,alpha,channel,P7,2344.1819525824653,2504.66455078125,687.3345922953037,2037.1996459960938,2832.9618530273438,18,0,288.7806701660156,237.0226707458496,6.305697243411411,True
ms_07,ms,1,CE,psd,absolute_power,alpha,channel,Cz,830.4215647379557,856.9434204101562,243.04308022984134,610.7101287841797,1025.3264617919922,18,0,126.38895797729492,78.43350028991699,6.2824205522382135,True
ms_20,ms,1,OE,psd,absolute_power,theta,channel,P4,926.7184482150608,902.5555725097656,271.4499031898256,690.1223602294922,1167.3485107421875,18,0,110.00195693969727,85.22844171524048,6.272203026753046,True
ms_15,ms,1,OE,psd,absolute_power,delta,channel,FC2,1069.7677714029949,899.5097961425781,636.094844135586,638.4100494384766,1193.6524353027344,18,0,97.7801456451416,86.47137761116028,6.253621207361557,True
ms_07,ms,1,CE,psd,absolute_power,alpha,channel,P4,3171.352064344618,3326.849609375,758.9047557527556,2731.0327758789062,3654.9344482421875,18,0,448.2452697753906,310.65771102905273,6.249939912380238,True
ms_02,ms,1,CE,psd,absolute_power,gamma,channel,F4,93.87264421251085,93.4571762084961,12.943905971140579,87.82159996032715,98.69819450378418,18,0,11.01475739479065,8.902644693851471,6.246082101552131,True
ms_22,ms,1,OE,psd,relative_power,gamma,channel,P3,0.32820194131798214,0.32854805886745453,0.05105529588079992,0.29556208848953247,0.3655877858400345,18,0,0.05754946544766426,0.029466770123690367,6.203124615474876,True
ms_15,ms,1,CE,psd,absolute_power,delta,channel,P3,1708.2039862738716,1256.8424072265625,1384.638203072441,814.1895446777344,2581.6755981445312,18,0,152.00997161865234,120.5683741569519,6.1807192292190996,True
ms_06,ms,1,OE,psd,absolute_power,theta,channel,FC5,901.0210994084676,372.8472137451172,1578.8458477449865,200.20368576049805,968.6511535644531,18,0,40.682135581970215,36.28179657459259,6.175060140179384,True
ms_19,ms,1,CE,psd,absolute_power,beta,channel,FC1,473.3331993950738,485.00502014160156,131.33558685300522,387.4500045776367,545.1367645263672,18,0,61.253997802734375,46.37527847290039,6.163114450155684,True
ms_22,ms,1,OE,psd,relative_power,gamma,channel,C4,0.4424505680799484,0.46393290162086487,0.08000962836854637,0.43615931272506714,0.49013393372297287,18,0,0.0656283563002944,0.04368472658097744,6.149809242327652,True
ms_22,ms,1,OE,psd,relative_power,gamma,channel,CP6,0.3430812135338783,0.370795801281929,0.08280434623555705,0.2946299910545349,0.3977700099349022,18,0,0.06308860145509243,0.0337770632468164,6.144573949222224,True
ms_19,ms,1,CE,psd,absolute_power,beta,channel,Fp2,256.25638410780164,254.0320281982422,26.505074612560826,236.249755859375,280.21468353271484,18,0,35.037596702575684,24.09383726119995,6.130601731029576,True
ms_06,ms,1,OE,psd,absolute_power,theta,channel,Fp1,607.9691112306383,262.05811309814453,1064.9345819820994,131.15930557250977,660.7098846435547,18,0,29.26384735107422,25.627859592437744,6.126831643477181,True
ms_02,ms,1,CE,psd,absolute_power,gamma,channel,FC1,153.19512388441296,128.7943115234375,64.18908212915424,123.82119750976562,165.2507438659668,18,0,15.901706457138062,12.450961291790009,6.115593579161522,True
ms_15,ms,1,CE,psd,absolute_power,gamma,channel,CP5,149.11827596028647,161.5218734741211,54.74597054944078,106.92367744445801,183.1544952392578,18,0,25.919233322143555,14.996495723724365,6.09894000759426,True
hc_07,hc,0,CE,psd,absolute_power,theta,channel,Pz,699.44878938463,699.9033203125,358.5638635760031,461.52648162841797,829.6624755859375,18,0,106.88251113891602,65.60580348968506,6.096824285183918,True
ms_03,ms,1,OE,psd,absolute_power,theta,roi,R1,266.60720931159125,240.26248168945312,136.81498134916586,156.93048095703125,411.3109588623047,18,0,25.912331581115723,23.720088243484497,6.0951373391373265,True
ms_08,ms,1,OE,psd,absolute_power,gamma,channel,Fz,108.93897607591417,110.64507675170898,35.415864025132194,79.06463813781738,138.1549072265625,18,0,18.357192993164062,10.228680729866028,6.085567283866529,True
ms_03,ms,1,OE,psd,absolute_power,theta,channel,C4,520.1065639919705,493.97731018066406,283.33104210428803,286.8872985839844,801.1921234130859,18,0,57.874454498291016,48.45604848861694,6.070394832302833,True
hc_07,hc,0,CE,psd,absolute_power,theta,roi,R5,907.5159623887804,910.5121765136719,369.63816961798057,653.6595458984375,1116.394790649414,18,0,125.89675903320312,87.22958278656006,6.066930872848178,True
ms_04,ms,1,CE,psd,absolute_power,beta,channel,P7,960.7393018934462,947.3141784667969,170.4936285491445,807.5585174560547,1068.1888427734375,18,0,182.79726028442383,85.16527366638184,6.054810541647874,True
ms_20,ms,1,OE,psd,relative_power,theta,channel,C4,0.40354330837726593,0.4048701077699661,0.05565530297355394,0.368329718708992,0.437562920153141,18,0,0.13080994784832,0.03056008368730545,6.04877418855416,True
ms_24,ms,1,OE,psd,absolute_power,alpha,channel,Fz,312.19383833143445,310.6796417236328,64.47843116231006,270.7453842163086,342.6911926269531,18,0,45.23378086090088,29.693524837493896,6.029623672941267,True
ms_06,ms,1,CE,psd,absolute_power,delta,channel,O1,1308.5970815022786,1285.9598388671875,716.6699499235469,765.4400177001953,1919.1004943847656,18,0,180.90593719482422,124.05128002166748,6.008391410966339,True
ms_20,ms,1,OE,psd,absolute_power,theta,roi,R4,546.717542860243,555.4779052734375,128.02795404285717,442.4802780151367,645.5802764892578,18,0,73.72372436523438,54.146716594696045,6.001079359881785,True
ms_07,ms,1,OE,psd,absolute_power,beta,channel,F3,478.56026034884985,446.01206970214844,98.59297980860258,422.2133102416992,532.3189697265625,18,0,66.40249252319336,42.9443564414978,5.96220721958716,True
ms_01,ms,1,CE,psd,absolute_power,delta,channel,FC5,587.440661960178,456.3089294433594,381.3614708729586,297.3349609375,755.3223876953125,18,0,56.676788330078125,45.24236512184143,5.957871248438037,True
ms_04,ms,1,CE,psd,absolute_power,beta,channel,O1,1021.2429368760851,949.6813049316406,229.5302334176644,836.4662170410156,1128.4242858886719,18,0,238.9543113708496,80.49267959594727,5.955557599444998,True
ms_19,ms,1,CE,psd,absolute_power,gamma,channel,CP5,170.08455912272134,158.30889892578125,24.606317874385685,156.4629783630371,171.55508041381836,18,0,25.919233322143555,14.996495723724365,5.954431471519373,True
ms_02,ms,1,CE,psd,absolute_power,gamma,channel,T8,212.232666015625,206.0632095336914,30.894783828214756,191.93278884887695,227.41753387451172,18,0,28.574084758758545,20.117029905319214,5.9509169659595935,True
ms_02,ms,1,CE,psd,relative_power,gamma,channel,P4,0.15202878995074165,0.15911653637886047,0.027960128963979734,0.13990027457475662,0.16704421490430832,18,0,0.03029679600149393,0.014649732504040003,5.9310109927772725,True
hc_07,hc,0,CE,psd,absolute_power,alpha,channel,P4,2830.8413662380644,3166.0264892578125,1019.0375896681039,2387.85986328125,3397.1644897460938,18,0,448.2452697753906,310.65771102905273,5.900765549156101,True
ms_06,ms,1,CE,psd,absolute_power,delta,roi,R5,1247.2947811550564,1220.6062622070312,695.7938247616471,696.7174072265625,1818.3023071289062,18,0,162.90752410888672,121.07417678833008,5.892321914395348,True
ms_07,ms,1,CE,psd,absolute_power,alpha,channel,FC2,492.4306386311849,495.93052673339844,140.64330917625736,363.31178283691406,585.4789733886719,18,0,76.0614128112793,48.13038873672485,5.883971539876786,True
ms_06,ms,1,OE,psd,absolute_power,theta,roi,R2,693.7600140041775,275.0509338378906,1206.52520709195,189.65982818603516,765.0668334960938,18,0,35.66075944900513,27.630387544631958,5.8438000651990025,True
ms_19,ms,1,OE,psd,absolute_power,beta,channel,Cz,775.367906358507,791.2794494628906,103.90738120299606,698.9889526367188,831.0781402587891,18,0,114.24961471557617,78.41198873519897,5.823731482811384,True
ms_24,ms,1,OE,psd,absolute_power,alpha,channel,F4,283.4895595974392,283.2690734863281,60.31917586632915,244.75331497192383,318.74644470214844,18,0,42.380606174468994,27.90899109840393,5.821673907646939,True
ms_20,ms,1,OE,psd,absolute_power,delta,channel,FC5,843.3072891235352,765.1784057617188,413.44051709331023,643.3403930664062,1073.8035888671875,18,0,84.02973747253418,79.26021099090576,5.796457981212766,True
hc_07,hc,0,CE,psd,absolute_power,theta,channel,CP1,493.84658983018664,525.0594787597656,241.07439431983212,345.32274627685547,591.4572601318359,18,0,85.80852699279785,51.40369510650635,5.763607216256703,True
hc_02,hc,0,CE,psd,absolute_power,delta,channel,F8,525.2997194925944,549.1207885742188,350.88995005765565,393.6284408569336,581.9174041748047,18,0,69.01330375671387,56.19313597679138,5.762769000802922,True
ms_05,ms,1,OE,psd,absolute_power,gamma,channel,Fp1,130.01663292778863,127.30660247802734,17.23447958458134,120.69171142578125,134.7168083190918,18,0,16.699986457824707,12.953419089317322,5.759339671494748,True
ms_19,ms,1,CE,psd,absolute_power,beta,channel,F3,252.75721995035806,255.26148223876953,24.116495685707676,236.19887924194336,269.78592681884766,18,0,41.293585777282715,25.089324951171875,5.752222081255193,True
ms_19,ms,1,OE,psd,absolute_power,beta,channel,O2,819.0714246961805,815.3874816894531,103.13196893576692,739.8430023193359,888.0459899902344,18,0,224.27385330200195,69.50815963745117,5.736026996364278,True
ms_07,ms,1,OE,psd,absolute_power,gamma,channel,F3,232.2986306084527,237.55967712402344,35.98301655490917,205.9382438659668,257.7551689147949,18,0,27.423244953155518,24.722745299339294,5.732983130009375,True
ms_03,ms,1,OE,psd,absolute_power,theta,channel,Fp1,272.02990351782904,246.55340576171875,146.3082281810632,154.95030212402344,426.138671875,18,0,29.26384735107422,25.627859592437744,5.7187686217063725,True
ms_22,ms,1,OE,psd,relative_power,gamma,channel,P4,0.2079420273916589,0.22460386157035828,0.0587487374602344,0.18201817944645882,0.24603136628866196,18,0,0.04771208018064499,0.02090594032779336,5.707079906666367,True
ms_19,ms,1,CE,psd,absolute_power,gamma,channel,O2,202.18231116400824,201.63155364990234,19.786779495517102,186.35648727416992,220.13671493530273,18,0,38.694687843322754,19.273189067840576,5.702191265689139,True
ms_05,ms,1,OE,psd,absolute_power,delta,channel,FC6,961.1582878960503,663.8902893066406,1070.7505781709347,61.05312538146973,1381.5586242675781,18,0,79.17216682434082,69.18461608886719,5.700500961170728,True
ms_20,ms,1,CE,complexity,spectral_entropy,broadband,channel,F4,0.461674608662443,0.45065918922494363,0.04886336252582624,0.43600752255189645,0.49834003130127086,18,0,0.7379938105617987,0.03417654289435007,-5.670689032782606,True
ms_19,ms,1,OE,psd,absolute_power,beta,channel,CP5,780.1273227267795,798.1340942382812,91.71414917149991,714.6421966552734,823.4492340087891,18,0,161.22955703735352,75.81218719482422,5.666453388381749,True
ms_01,ms,1,CE,psd,absolute_power,delta,roi,R1,398.91472710503473,315.41485595703125,238.83116496488472,221.34602737426758,505.4800109863281,18,0,42.277377128601074,32.52693855762482,5.663880884766644,True
ms_19,ms,1,CE,psd,absolute_power,gamma,channel,P8,225.88898213704428,217.73665618896484,31.458560705493216,203.20827865600586,241.85987854003906,18,0,38.41173458099365,21.409531593322754,5.649493172758831,True
ms_15,ms,1,CE,psd,absolute_power,gamma,roi,R4,157.8331659105089,164.92591094970703,44.490776699218166,132.22325134277344,185.66645050048828,18,0,27.035827159881592,16.531054973602295,5.626113244932474,True
ms_03,ms,1,OE,psd,absolute_power,alpha,channel,P8,1300.792254977756,1117.2853393554688,731.0756273708912,609.5961303710938,1936.052490234375,18,0,171.59768676757812,113.444016456604,5.622663961881551,True
ms_15,ms,1,OE,psd,absolute_power,delta,channel,F4,818.3745269775391,677.4377746582031,514.1683458949047,465.6996765136719,956.4433288574219,18,0,81.44264602661133,71.5544605255127,5.618003462016781,True
ms_15,ms,1,OE,psd,absolute_power,theta,channel,F4,309.93693288167316,247.73603057861328,163.35687101454656,218.84788131713867,344.75598907470703,18,0,27.718090534210205,26.44294637441635,5.612085180591034,True
ms_15,ms,1,OE,psd,absolute_power,delta,channel,C4,1197.7753465440537,999.8924865722656,754.6802218670925,699.3516998291016,1345.9795227050781,18,0,114.79125595092773,106.42724895477295,5.609396156703737,True
ms_02,ms,1,CE,psd,absolute_power,gamma,roi,R2,78.55634858873155,79.08838653564453,11.192542926759105,71.80196571350098,82.1761703491211,18,0,10.697373628616333,8.223636269569397,5.6093320186996145,True
hc_02,hc,0,CE,psd,absolute_power,delta,channel,Pz,1378.2093302408855,1391.2028198242188,761.782060712165,1010.5125732421875,1642.6559143066406,18,0,192.9378776550293,144.08684635162354,5.609246446587719,True
ms_15,ms,1,OE,psd,absolute_power,theta,channel,FC6,383.49717881944446,299.1836853027344,207.89336913078236,258.66387939453125,456.9315185546875,18,0,37.46049976348877,31.570028424263,5.591691835517271,True
hc_01,hc,0,CE,psd,absolute_power,delta,channel,FC5,415.32247585720484,430.9180450439453,110.67223617771988,343.8779754638672,472.4962615966797,18,0,56.676788330078125,45.24236512184143,5.57933407744307,True
hc_07,hc,0,CE,psd,absolute_power,alpha,channel,CP5,1597.5940789116753,1714.0882568359375,481.5129408620634,1460.4956665039062,1937.5593566894531,18,0,212.79420852661133,181.57753801345825,5.576730326450381,True
ms_06,ms,1,CE,psd,absolute_power,delta,channel,P3,1188.7850189208984,1147.8646850585938,661.4146330372697,651.2904663085938,1736.4745788574219,18,0,152.00997161865234,120.5683741569519,5.571069583488479,True
ms_15,ms,1,CE,psd,absolute_power,gamma,channel,P7,165.88311852349176,178.8998565673828,56.926962508153274,121.73004913330078,199.34505462646484,18,0,36.6408634185791,17.284502506256104,5.551353086187035,True
ms_03,ms,1,OE,psd,absolute_power,theta,channel,FC1,453.1971143086751,419.36473083496094,235.215249883214,247.12924194335938,693.4881744384766,18,0,50.23190975189209,44.8961079120636,5.545618282273354,True
ms_19,ms,1,CE,psd,absolute_power,gamma,channel,C3,186.0124028523763,182.6721954345703,16.560193819690568,178.34172821044922,186.79074096679688,18,0,26.55954885482788,18.994733452796936,5.543459602480869,True
ms_07,ms,1,CE,psd,absolute_power,alpha,channel,F7,306.44529724121094,316.02992248535156,85.37888538582504,263.6136016845703,360.9101104736328,18,0,46.901766777038574,32.81871223449707,5.531126658572171,True
ms_22,ms,1,OE,psd,relative_power,gamma,roi,R5,0.32504146214988494,0.3224627375602722,0.047893279611202204,0.29625696688890457,0.356462262570858,18,0,0.06716397497802973,0.03116861917078495,5.5246802986041645,True
ms_03,ms,1,OE,psd,absolute_power,theta,channel,F8,402.9682913886176,378.2045593261719,212.4151075533005,226.37127685546875,595.9997253417969,18,0,45.170023918151855,40.72157394886017,5.516209098434861,True
ms_05,ms,1,OE,psd,absolute_power,beta,channel,Fp1,243.17079586452908,241.69715118408203,30.57947039543742,221.20793914794922,255.48571395874023,18,0,40.7349739074707,24.60018515586853,5.510004527142192,True
hc_07,hc,0,CE,psd,absolute_power,theta,channel,P4,732.0891371832954,782.4104614257812,365.7871752415975,522.7309036254883,938.9086151123047,18,0,126.09958076477051,80.4290361404419,5.503928004021037,True
ms_06,ms,1,OE,psd,absolute_power,theta,channel,Fp2,640.0301201078627,254.56632232666016,1128.5113757124873,160.6493034362793,707.454833984375,18,0,31.276672840118408,27.384406983852386,5.499728562836792,True
hc_01,hc,0,CE,psd,absolute_power,gamma,channel,Fz,74.20954280429416,75.15352249145508,6.621166629423815,69.13125991821289,78.52333641052246,18,0,10.7308669090271,7.909187495708466,5.493925376641828,True
ms_20,ms,1,CE,psd,relative_power,theta,channel,C4,0.35702003207471633,0.36311350762844086,0.04452688412951927,0.32960278540849686,0.38026201725006104,18,0,0.12118234299123287,0.02973279543220997,5.488227144644193,True
ms_06,ms,1,CE,psd,absolute_power,gamma,channel,Fz,77.57340473598904,74.98358535766602,11.182106046155445,70.17835807800293,86.25923156738281,18,0,10.7308669090271,7.909187495708466,5.4794332399343775,True
ms_20,ms,1,OE,psd,absolute_power,theta,channel,CP1,739.0806003146702,709.7184753417969,183.08251676759937,645.6599426269531,848.9705657958984,18,0,87.08431625366211,76.74052810668945,5.472479760050274,True
hc_07,hc,0,CE,psd,absolute_power,theta,roi,R6,734.0546061197916,739.7655944824219,297.2254877098544,521.1997604370117,846.4213104248047,18,0,128.8514060974121,75.60221099853516,5.45031645842761,True
ms_06,ms,1,OE,psd,absolute_power,theta,channel,F3,564.5300890604655,245.41273498535156,982.5717362170575,127.11809158325195,604.6585693359375,18,0,29.45033359527588,26.731302201747894,5.449216167346191,True
ms_01,ms,1,CE,psd,absolute_power,delta,channel,FC6,591.7636964586046,426.23667907714844,457.255212157947,235.38867568969727,840.7192230224609,18,0,58.76825141906738,45.56569790840149,5.439487821584964,True
ms_03,ms,1,OE,psd,absolute_power,theta,channel,FC5,381.7251917521159,333.17295837402344,204.81401535763877,209.01176071166992,593.3024444580078,18,0,40.682135581970215,36.28179657459259,5.437502434570703,True
ms_08,ms,1,OE,psd,absolute_power,delta,channel,FC6,743.7506468031141,636.8893127441406,632.4716058852573,69.93200874328613,1095.0327758789062,18,0,79.17216682434082,69.18461608886719,5.437264562419056,True
ms_19,ms,1,OE,psd,absolute_power,beta,roi,R5,805.0346510145399,806.4158630371094,95.61318124327116,735.9503479003906,849.6519927978516,18,0,207.1058578491211,74.40174865722656,5.43305860220405,True
ms_15,ms,1,OE,psd,absolute_power,gamma,channel,Fz,96.00878842671712,100.70603561401367,38.87805278163914,56.42743492126465,131.84322357177734,18,0,18.357192993164062,10.228680729866028,5.430175686213149,True
hc_07,hc,0,CE,psd,absolute_power,alpha,channel,O1,2409.622083875868,2566.2850341796875,665.9000949291294,1996.8859252929688,2839.2098999023438,18,0,368.84397888183594,273.2133541107178,5.424894735168276,True
ms_19,ms,1,OE,psd,absolute_power,beta,channel,CP2,836.2485995822483,844.5160522460938,102.50527631829846,786.3922576904297,913.7716522216797,18,0,138.66499710083008,87.8315782546997,5.420487980777122,True
ms_19,ms,1,CE,psd,absolute_power,theta,channel,F7,259.85222795274524,269.8797302246094,37.74843358608706,234.07051467895508,290.7820358276367,18,0,34.9575834274292,29.24199867248535,5.418672608045603,True
ms_15,ms,1,OE,psd,absolute_power,delta,channel,Fz,688.9270443386501,586.447509765625,403.37082853832965,412.4823455810547,785.4271087646484,18,0,78.65617847442627,63.207639932632446,5.418657634793416,True
ms_20,ms,1,OE,psd,absolute_power,delta,channel,CP5,1494.8140801323784,1200.7323608398438,773.2229816260517,925.8528289794922,1854.3506469726562,18,0,145.41125106811523,131.4719820022583,5.41411429249914,True
ms_19,ms,1,OE,psd,absolute_power,beta,channel,P3,817.6349182128906,836.3318481445312,96.55904521506858,752.9351501464844,863.5181427001953,18,0,177.4504051208496,82.14346885681152,5.410161648818981,True
ms_16,ms,1,CE,psd,absolute_power,gamma,channel,T8,193.62520938449435,189.87852478027344,25.93754040057961,179.04915618896484,203.2637481689453,18,0,28.574084758758545,20.117029905319214,5.4082712392991334,True
ms_20,ms,1,OE,psd,absolute_power,theta,channel,F3,235.30221811930338,243.5144271850586,62.65654968948373,207.04197692871094,271.95018768310547,18,0,29.45033359527588,26.731302201747894,5.401317600330019,True
ms_15,ms,1,CE,psd,absolute_power,alpha,channel,P7,2207.9065687391494,2184.706787109375,621.590792989582,2024.1734924316406,2382.7986450195312,18,0,288.7806701660156,237.0226707458496,5.39519971867936,True
ms_20,ms,1,OE,psd,absolute_power,theta,roi,R1,217.03459676106772,215.0687255859375,49.509372548732294,193.2591209411621,234.23220825195312,18,0,25.912331581115723,23.720088243484497,5.378742209663218,True
hc_04,hc,0,OE,psd,absolute_power,delta,channel,FC6,800.4073445002238,630.8410949707031,809.5421675492624,55.06253910064697,1414.9810180664062,18,0,79.17216682434082,69.18461608886719,5.37829961861933,True
ms_20,ms,1,OE,psd,absolute_power,delta,roi,R1,542.5570365058052,561.2210083007812,179.00788451383366,436.69691467285156,654.5958251953125,18,0,66.4740686416626,62.07267451286316,5.375992603802627,True
ms_10,ms,1,OE,psd,absolute_power,beta,channel,F4,348.4416690402561,342.61192321777344,88.2124037805521,275.39371490478516,429.7611312866211,18,0,60.71901035308838,35.39984750747681,5.371044743879556,True
ms_03,ms,1,OE,psd,absolute_power,theta,roi,R4,525.8592448764377,504.20433044433594,281.6434927744047,289.5543441772461,794.1647338867188,18,0,73.72372436523438,54.146716594696045,5.362378537329077,True
ms_17,ms,1,OE,psd,relative_power,alpha,channel,F3,0.41926880015267265,0.41360417008399963,0.0696413674678678,0.36928362399339676,0.4812375530600548,18,0,0.08357863128185272,0.04163321666419506,5.346672540552695,True
ms_02,ms,1,OE,psd,absolute_power,gamma,channel,P4,168.94468265109592,165.9944076538086,32.95812249202633,144.27473831176758,194.13719177246094,18,0,34.162747383117676,16.63404607772827,5.345616829695748,True
ms_03,ms,1,OE,psd,absolute_power,theta,channel,F3,269.91214095221625,241.250244140625,138.29206278964588,163.22343826293945,420.3043975830078,18,0,29.45033359527588,26.731302201747894,5.344187179607972,True
ms_02,ms,1,CE,psd,absolute_power,delta,roi,R1,326.62426418728296,299.66029357910156,102.66792523618189,270.7287902832031,365.8940963745117,18,0,42.277377128601074,32.52693855762482,5.337188388801012,True
ms_15,ms,1,CE,psd,absolute_power,delta,channel,Pz,1661.8200013902451,1331.4349975585938,1312.1977891845202,788.7326202392578,2495.2183532714844,18,0,192.9378776550293,144.08684635162354,5.329464878367219,True
ms_02,ms,1,CE,psd,absolute_power,gamma,channel,CP5,148.80519739786783,144.0824432373047,24.15925619041264,135.65147399902344,152.35720443725586,18,0,25.919233322143555,14.996495723724365,5.314574462338189,True
ms_20,ms,1,OE,psd,absolute_power,delta,channel,T7,2070.629638671875,1473.3173217773438,1538.70777078295,991.6349792480469,2803.41015625,18,0,174.74147033691406,165.25959181785583,5.300009534341507,True
ms_07,ms,1,CE,psd,absolute_power,alpha,channel,CP1,1504.8215671115452,1420.4036865234375,486.12980216302793,1206.6065368652344,1896.4082336425781,18,0,265.0373229980469,147.11780738830566,5.29700618736857,True
ms_07,ms,1,CE,psd,absolute_power,gamma,roi,R1,78.06032752990723,79.10442352294922,9.245311652047203,75.28161430358887,83.93729400634766,18,0,10.293744087219238,8.777207404375076,5.287805710227548,True
hc_01,hc,0,CE,psd,absolute_power,delta,channel,FC6,403.93065388997394,415.59918212890625,117.55382476210191,334.66841888427734,487.56417083740234,18,0,58.76825141906738,45.56569790840149,5.282025218686329,True
ms_02,ms,1,CE,psd,relative_power,gamma,channel,P3,0.14601519662472937,0.1503998413681984,0.030053518356070445,0.13582785427570343,0.16455396637320518,18,0,0.030547719914466143,0.015309423673897982,5.280352163879091,True
ms_02,ms,1,CE,psd,absolute_power,delta,channel,F7,477.3606669108073,440.8032531738281,155.30801223731314,384.80371856689453,575.1132354736328,18,0,58.85404586791992,48.79264259338379,5.279919209626465,True
hc_04,hc,0,OE,psd,absolute_power,theta,channel,FC6,316.6282796859741,284.5497131347656,304.96074902266594,15.328706502914429,593.7904510498047,18,0,37.46049976348877,31.570028424263,5.2790383633985485,True
ms_20,ms,1,OE,psd,absolute_power,delta,channel,F7,936.9103122287327,790.7116394042969,526.9597809976669,582.131591796875,1318.4298095703125,18,0,95.08373165130615,88.91365420818329,5.276968987404937,True
ms_20,ms,1,OE,psd,absolute_power,theta,channel,P7,906.2532975938585,890.349853515625,220.72334590361976,812.2599029541016,978.2541198730469,18,0,121.92129516601562,98.3788595199585,5.268387583000838,True
ms_02,ms,1,CE,psd,absolute_power,gamma,roi,R4,158.22216754489475,155.93060302734375,22.43649424886824,143.7128028869629,165.70505905151367,18,0,27.035827159881592,16.531054973602295,5.259091776431572,True
hc_07,hc,0,CE,psd,absolute_power,alpha,channel,FC1,425.89688788519965,433.91542053222656,119.08894296738507,399.8292694091797,499.54309844970703,18,0,73.66024398803711,46.38273334503174,5.238776805694502,True
ms_24,ms,1,OE,psd,absolute_power,alpha,channel,F3,234.30956098768445,233.5757598876953,50.25216614216116,203.3539276123047,259.7831039428711,18,0,40.39691495895386,24.977508783340454,5.2165869287054045,True
ms_17,ms,1,OE,psd,absolute_power,gamma,channel,F4,165.95381037394205,162.99659729003906,31.973729433194162,153.69932174682617,179.97574996948242,18,0,23.856387615203857,18.006675839424133,5.211888442609608,True
hc_07,hc,0,CE,psd,absolute_power,alpha,channel,Fp2,240.14371490478516,243.58407592773438,68.55657573775046,199.55348587036133,291.91497802734375,18,0,49.4508695602417,25.126722812652588,5.211226898897505,True
ms_19,ms,1,OE,psd,absolute_power,beta,channel,O1,827.216311984592,817.9918823242188,101.41693410535662,744.4922637939453,890.1322479248047,18,0,253.4840087890625,73.2517204284668,5.197903095300921,True
hc_04,hc,0,OE,psd,absolute_power,theta,roi,R1,226.6197559038798,208.63140869140625,216.31857666017763,12.89919638633728,430.8192901611328,18,0,25.912331581115723,23.720088243484497,5.195694376256588,True
ms_22,ms,1,OE,psd,relative_power,gamma,channel,C3,0.3912207815382216,0.3936828225851059,0.035392492258905256,0.3774825483560562,0.41416674107313156,18,0,0.06526549626141787,0.04270111443474889,5.1875566900210766,True
ms_06,ms,1,OE,psd,absolute_power,theta,channel,FC2,862.6488036049736,364.4388427734375,1515.2433673860007,218.4431037902832,938.3758850097656,18,0,47.78585624694824,41.201154947280884,5.183823454611173,True
ms_10,ms,1,OE,psd,absolute_power,beta,roi,R2,305.7440405951606,313.09886169433594,58.43351234481567,252.17488479614258,353.65392303466797,18,0,57.07705497741699,33.31303930282593,5.183686222241992,True
ms_15,ms,1,OE,psd,absolute_power,delta,roi,R2,815.1192864312065,668.5707397460938,538.7676631227606,457.4520492553711,935.4708709716797,18,0,88.1513671875,75.53616499900818,5.182782358849105,True
ms_05,ms,1,OE,psd,absolute_power,gamma,channel,Fp2,128.8284445868598,127.34364700317383,15.282239055439584,120.27182579040527,134.54814529418945,18,0,18.775651454925537,14.151071071624756,5.174739735356435,True
ms_24,ms,1,OE,psd,absolute_power,alpha,channel,Fp1,271.8671578301324,263.9063720703125,55.36223588690677,237.8687286376953,294.5122528076172,18,0,40.604411125183105,29.120454788208008,5.172141380548878,True
ms_15,ms,1,CE,psd,absolute_power,beta,channel,Fz,227.30511135525174,228.2644805908203,25.7424809473689,214.24505615234375,244.8657112121582,18,0,42.56808662414551,24.234557628631592,5.168260288385541,True
ms_19,ms,1,OE,psd,absolute_power,beta,channel,P7,770.252688937717,764.9238586425781,95.1949609562496,704.6138610839844,807.6281127929688,18,0,194.19784927368164,74.53052520751953,5.164990028453939,True
ms_15,ms,1,OE,psd,absolute_power,delta,channel,T8,1219.6415473090278,967.1108093261719,828.917630209723,669.8266448974609,1379.726318359375,18,0,125.88731384277344,109.90956449508667,5.16240308079392,True
hc_01,hc,0,CE,psd,absolute_power,gamma,channel,F4,77.96620983547635,78.91172790527344,6.886840330506195,72.55778694152832,82.93422317504883,18,0,11.01475739479065,8.902644693851471,5.144075809001343,True
ms_20,ms,1,OE,psd,relative_power,theta,channel,CP2,0.3554488561219639,0.3613136112689972,0.075002355932975,0.31901633739471436,0.39676447957754135,18,0,0.13775351643562317,0.029359914362430573,5.13588753330202,True
hc_07,hc,0,CE,psd,absolute_power,alpha,roi,R6,2324.250654432509,2624.2349853515625,806.0410741423427,1819.7636108398438,2730.44189453125,18,0,408.0621109008789,291.56829833984375,5.126716908974061,True
ms_01,ms,1,CE,psd,absolute_power,gamma,channel,FC5,135.23031976487903,117.0045051574707,93.88567330812798,63.43199634552002,151.7360725402832,18,0,15.54709005355835,13.351394712924957,5.12546370168531,True
ms_24,ms,1,CE,psd,absolute_power,gamma,roi,R1,169.68672222561307,76.81608581542969,356.5316456428078,60.43955039978027,102.1730728149414,18,0,10.293744087219238,8.777207404375076,5.111956767941597,True
ms_20,ms,1,OE,psd,absolute_power,delta,roi,R3,1174.876715766059,1105.8068237304688,477.1904323860604,859.3657531738281,1412.4097900390625,18,0,145.2047061920166,126.90270519256592,5.1056220655829785,True
ms_22,ms,1,OE,psd,relative_power,gamma,channel,T7,0.38964253498448265,0.3874679058790207,0.039871030606840455,0.36885956674814224,0.4147292748093605,18,0,0.07085348293185234,0.04193201428279281,5.092851041084215,True
ms_15,ms,1,OE,psd,absolute_power,theta,roi,R2,311.75194973415796,244.02188110351562,170.61268332108253,211.44565963745117,357.29349517822266,18,0,35.66075944900513,27.630387544631958,5.086343829348486,True
ms_20,ms,1,OE,psd,relative_power,theta,channel,C3,0.3662448591656155,0.3574448227882385,0.043910737617740614,0.33513741195201874,0.3935242295265198,18,0,0.12394747510552406,0.031026724725961685,5.076004791524225,True
ms_10,ms,1,OE,psd,absolute_power,beta,channel,FC5,503.4581281873915,467.8852844238281,144.49570112522457,369.6499710083008,629.5359802246094,18,0,74.33110046386719,52.399779319763184,5.065835464964042,True
ms_02,ms,1,CE,psd,absolute_power,gamma,channel,CP6,177.08521185980902,172.87528228759766,29.674753850182082,159.79840087890625,190.40872955322266,18,0,28.525116443634033,19.25108814239502,5.057524658892068,True
hc_07,hc,0,CE,psd,absolute_power,alpha,channel,O2,2309.7751193576387,2535.88232421875,764.6531551939645,1795.5432739257812,2637.0592651367188,18,0,427.13565826416016,281.2809181213379,5.0566179524836805,True
ms_04,ms,1,OE,psd,absolute_power,beta,channel,FC6,445.45384724934894,434.23216247558594,92.41201061024492,379.6777877807617,488.51746368408203,18,0,73.72407722473145,48.10340118408203,5.05493096606163,True
ms_04,ms,1,CE,psd,absolute_power,gamma,channel,F7,90.41124682956271,85.97428512573242,17.691454389320004,77.39333152770996,96.44858741760254,18,0,12.093514919281006,9.860843777656555,5.053512450950506,True
ms_19,ms,1,OE,psd,absolute_power,beta,channel,CP1,794.1694675021702,800.5480651855469,115.18420084490745,716.7652893066406,849.9964447021484,18,0,144.74210739135742,87.54139995574951,5.052867086492455,True
ms_20,ms,1,OE,psd,absolute_power,delta,channel,T8,1058.1074947781033,948.7225952148438,520.9538865258128,724.3278198242188,1359.7186889648438,18,0,125.88731384277344,109.90956449508667,5.049558665857472,True
ms_20,ms,1,CE,psd,relative_power,theta,channel,FC6,0.2875634307662646,0.29301297664642334,0.04435357510123255,0.25675369799137115,0.3105647563934326,18,0,0.13089152052998543,0.021657831966876984,5.048955233869408,True
ms_15,ms,1,CE,psd,absolute_power,gamma,channel,T8,153.5886221991645,178.39529418945312,58.68372289439495,115.50217056274414,190.50422286987305,18,0,28.574084758758545,20.117029905319214,5.023257499253974,True
hc_06,hc,0,OE,psd,relative_power,gamma,channel,T8,0.40416069991058773,0.41376084089279175,0.04898580057281857,0.35890066623687744,0.4393099695444107,18,0,0.0759936161339283,0.04536188440397382,5.022297352663549,True
hc_07,hc,0,CE,psd,absolute_power,alpha,channel,Fp1,216.41224077012805,225.03263092041016,60.38365220989155,182.01090621948242,264.4373245239258,18,0,41.31877517700195,24.68264365196228,5.020260383530428,True
hc_07,hc,0,CE,psd,absolute_power,theta,channel,CP2,463.6529307895237,478.6629333496094,214.8627825315527,324.9576187133789,583.0062255859375,18,0,87.18785095214844,52.60976982116699,5.018959910677842,True
ms_03,ms,1,OE,psd,absolute_power,theta,channel,CP6,586.186871846517,548.3274230957031,309.1820898116149,326.2324447631836,872.9951782226562,18,0,81.09444427490234,62.797839641571045,5.018394399171878,True
hc_07,hc,0,CE,psd,absolute_power,alpha,roi,R3,934.7028740776909,997.8388977050781,272.32883645425375,907.6224822998047,1102.2471618652344,18,0,181.28586196899414,109.87925338745117,5.012388237518278,True
ms_20,ms,1,OE,psd,absolute_power,theta,channel,P3,843.3865475124783,845.3977966308594,212.67662054336137,715.8886566162109,949.6077117919922,18,0,116.6395034790039,98.18345594406128,5.00634989771506,True
ms_07,ms,1,CE,psd,absolute_power,alpha,channel,Fz,260.45847108629016,275.6797637939453,70.71418955516785,198.72483444213867,315.1601791381836,18,0,51.25618076324463,30.2522611618042,5.003646906035385,True
hc_01,hc,0,CE,psd,absolute_power,delta,channel,T7,615.9736336602105,621.5427551269531,161.69671855068722,521.5101318359375,726.9392395019531,18,0,87.82823371887207,72.20708799362183,4.985459501150666,True
ms_06,ms,1,OE,psd,absolute_power,gamma,channel,F3,209.21065606011285,210.14185333251953,20.281870066850708,200.25774383544922,220.8671531677246,18,0,27.423244953155518,24.722745299339294,4.984964713429192,True
ms_22,ms,1,CE,psd,relative_power,gamma,roi,R3,0.25147191021177506,0.24603936076164246,0.03320130534202406,0.22974015772342682,0.2761809229850769,18,0,0.06970242224633694,0.02387447375804186,4.981790877920534,True
ms_07,ms,1,CE,psd,absolute_power,alpha,channel,FC1,387.53533511691626,415.9636535644531,108.03761086858088,301.4424057006836,467.42340087890625,18,0,73.66024398803711,46.38273334503174,4.977724899892204,True
ms_24,ms,1,OE,psd,absolute_power,alpha,roi,R1,270.9741906060113,259.7138900756836,58.44961455864288,235.19119262695312,288.9950408935547,18,0,39.898131370544434,29.892178535461426,4.959949568682871,True
ms_20,ms,1,OE,psd,absolute_power,theta,roi,R3,658.7374301486545,669.5164489746094,130.36510007861997,616.1130218505859,722.1111602783203,18,0,88.16565895080566,79.09261393547058,4.957678301103945,True
ms_06,ms,1,OE,psd,absolute_power,theta,channel,Fz,584.4279740651449,250.61945343017578,1020.3560265350096,140.28931427001953,635.7398071289062,18,0,35.01985740661621,29.338477849960327,4.956628493423167,True
ms_04,ms,1,CE,psd,absolute_power,beta,channel,F7,295.95974307590063,279.38218688964844,49.66334723780434,265.33184814453125,326.5685043334961,18,0,42.16608238220215,32.29947257041931,4.953643442334071,True
hc_07,hc,0,CE,psd,absolute_power,alpha,channel,FC2,432.75623575846356,429.5244598388672,131.04193364190175,375.5400390625,497.4637756347656,18,0,76.0614128112793,48.13038873672485,4.95336865739124,True
ms_22,ms,1,CE,psd,relative_power,gamma,channel,P7,0.22866043200095496,0.22301024198532104,0.04500594110533365,0.1993001513183117,0.26219944655895233,18,0,0.039131092838943005,0.025041666347533464,4.952736979976045,True
ms_15,ms,1,OE,psd,absolute_power,theta,channel,FC2,397.8626361423069,350.1184387207031,190.66454017951574,280.27001953125,451.5940628051758,18,0,47.78585624694824,41.201154947280884,4.949388759324118,True
ms_16,ms,1,OE,psd,relative_power,gamma,channel,T8,0.40555668208334184,0.4082816541194916,0.04710602591016529,0.37039969116449356,0.4472118616104126,18,0,0.0759936161339283,0.04536188440397382,4.940826732635391,True
ms_20,ms,1,OE,psd,absolute_power,theta,roi,R6,799.5099826388889,767.2896118164062,207.91638993773572,700.4108428955078,900.0411224365234,18,0,117.37619209289551,88.72455549240112,4.940690811360398,True
ms_01,ms,1,CE,psd,absolute_power,delta,channel,F7,492.7453452216254,415.75901794433594,274.42995128692814,286.36058807373047,647.6847991943359,18,0,58.85404586791992,48.79264259338379,4.933717316418467,True
ms_10,ms,1,OE,psd,absolute_power,beta,channel,Fp1,236.34127807617188,220.65547943115234,47.731435355506356,203.88117599487305,268.3565673828125,18,0,40.7349739074707,24.60018515586853,4.933081505166275,True
hc_01,hc,0,CE,psd,absolute_power,gamma,channel,FC6,104.6799685160319,104.90785598754883,9.188124152034725,95.77081108093262,111.55463218688965,18,0,16.46013593673706,12.093737006187439,4.932897899178997,True
ms_01,ms,1,OE,psd,absolute_power,gamma,channel,F7,169.48197555541992,140.6274642944336,74.29416890024574,126.06534767150879,198.10386276245117,18,0,21.926302433013916,16.231447219848633,4.932575372377045,True
ms_20,ms,1,OE,psd,relative_power,theta,channel,CP6,0.36238819857438404,0.3689449727535248,0.07614446043240192,0.3150051012635231,0.41857171058654785,18,0,0.1341121643781662,0.032169051468372345,4.923755971693608,True
hc_04,hc,0,OE,psd,absolute_power,delta,channel,FC2,892.0400100284153,728.2767944335938,846.9867435272241,105.57036781311035,1524.6734619140625,18,0,97.7801456451416,86.47137761116028,4.917976042906078,True
ms_02,ms,1,OE,psd,absolute_power,gamma,channel,Pz,156.5287111070421,153.01766204833984,26.485633731319616,139.18502807617188,172.67395782470703,18,0,32.02777719497681,16.618138551712036,4.91069195685117,True
ms_02,ms,1,CE,psd,absolute_power,gamma,channel,P7,173.59566413031683,162.43721771240234,39.317193389347445,155.43475341796875,181.11775588989258,18,0,36.6408634185791,17.284502506256104,4.908933798720379,True
ms_02,ms,1,CE,psd,absolute_power,gamma,channel,FC6,114.13705401950412,104.24918365478516,50.69028224185383,94.59867477416992,114.4590950012207,18,0,16.46013593673706,12.093737006187439,4.896162487970312,True
ms_09,ms,1,OE,psd,relative_power,alpha,channel,T8,0.4572314918041229,0.4556681513786316,0.04362192063595751,0.43075793981552124,0.4910569190979004,18,0,0.10836122371256351,0.04790100269019604,4.8904052161086495,True
hc_01,hc,0,CE,psd,absolute_power,gamma,channel,P3,111.11054272121854,114.14587783813477,10.350626775849125,104.19912147521973,116.55389022827148,18,0,25.529921054840088,12.241950511932373,4.882444503778252,True
ms_06,ms,1,CE,psd,absolute_power,gamma,channel,Fp2,64.43101374308269,63.065879821777344,8.413581027689977,58.38715171813965,71.4268856048584,18,0,8.998584270477295,7.484146803617477,4.8726851832482865,True
ms_06,ms,1,OE,psd,absolute_power,theta,channel,C4,1010.2143211364746,407.7794952392578,1796.4042480513472,251.51768493652344,1110.1032409667969,18,0,57.874454498291016,48.45604848861694,4.870552264068859,True
hc_04,hc,0,CE,psd,absolute_power,delta,roi,R1,276.3649213578966,277.11761474609375,151.3864144649396,138.19899368286133,411.3392868041992,18,0,42.277377128601074,32.52693855762482,4.869734972003871,True
hc_01,hc,0,CE,psd,absolute_power,gamma,channel,FC2,87.90198092990451,89.4246826171875,7.584960482810348,83.18596649169922,92.76203727722168,18,0,14.667802810668945,10.35506397485733,4.869388036542185,True
hc_04,hc,0,OE,psd,absolute_power,theta,channel,F4,241.4362963570489,218.2532196044922,232.8024305619142,11.343003749847412,454.45086669921875,18,0,27.718090534210205,26.44294637441635,4.860055384672395,True
ms_16,ms,1,OE,psd,relative_power,gamma,channel,FC2,0.27358972529570263,0.28431007266044617,0.04910226787241022,0.2397887222468853,0.30767087638378143,18,0,0.05922479648143053,0.03126148972660303,4.856388489630703,True
ms_19,ms,1,CE,psd,absolute_power,beta,roi,R1,225.0270987616645,225.78492736816406,22.97409474581249,210.58261108398438,243.35011291503906,18,0,38.92409801483154,25.989058017730713,4.849575641447615,True
ms_07,ms,1,CE,psd,absolute_power,alpha,channel,O1,2433.083055284288,2326.5396728515625,607.21702714265,2198.495849609375,2657.6392211914062,18,0,368.84397888183594,273.2133541107178,4.83302750609547,True
ms_24,ms,1,OE,psd,absolute_power,alpha,channel,FC1,388.3052800496419,389.13555908203125,80.48718599060611,342.46532440185547,424.6505661010742,18,0,62.2742805480957,45.63646602630615,4.830893607641812,True
ms_20,ms,1,OE,psd,absolute_power,theta,channel,CP2,685.3590291341146,661.0886535644531,193.13038032490368,487.0149154663086,885.2841339111328,18,0,92.76581001281738,79.50707817077637,4.821312959730135,True
ms_15,ms,1,OE,psd,absolute_power,gamma,channel,Cz,119.36732143825955,129.6707649230957,43.2195854527099,77.40742683410645,154.22756958007812,18,0,22.840747356414795,14.953789830207825,4.818568436603953,True
ms_19,ms,1,OE,psd,absolute_power,beta,channel,Pz,796.2792663574219,800.36865234375,94.12560598291914,725.2774658203125,840.4638824462891,18,0,180.95567321777344,86.77248764038086,4.814755714412829,True
ms_15,ms,1,CE,psd,absolute_power,beta,channel,Fp1,177.99630737304688,178.0233383178711,24.92817276791846,167.91657257080078,197.8922996520996,18,0,33.19360160827637,20.291931867599487,4.814047264963839,True
ms_15,ms,1,CE,psd,absolute_power,gamma,channel,CP6,147.88952022128635,165.78274536132812,52.27251328193232,112.55691528320312,179.4848403930664,18,0,28.525116443634033,19.25108814239502,4.809026985273283,True
hc_01,hc,0,CE,psd,absolute_power,delta,channel,Fp1,309.0756344265408,321.67022705078125,85.77481892391563,262.70436096191406,363.38671112060547,18,0,45.059261322021484,38.85692834854126,4.801499971393127,True
ms_19,ms,1,CE,psd,relative_power,theta,channel,T8,0.3271186732583576,0.3302132934331894,0.05371749107079343,0.30464058369398117,0.3542371690273285,18,0,0.1270168423652649,0.02854926511645317,4.80061844130509,True
ms_01,ms,1,CE,psd,absolute_power,delta,channel,C4,686.1076753404406,508.5578918457031,483.99311948819815,313.6289291381836,1012.7463073730469,18,0,82.04682922363281,59.931918144226074,4.800076144081251,True
ms_07,ms,1,CE,psd,absolute_power,alpha,roi,R2,223.76900397406683,221.05265045166016,58.582821058492634,180.4324951171875,269.1624298095703,18,0,48.680747985839844,24.293577194213867,4.785761046104309,True
hc_07,hc,0,CE,psd,absolute_power,alpha,roi,R4,780.8721542358398,844.7037658691406,255.0613488449002,731.3889312744141,882.4733276367188,18,0,172.6773681640625,94.79766845703125,4.781505734836442,True
ms_15,ms,1,CE,psd,absolute_power,beta,channel,F4,241.46300337049695,241.66548919677734,32.54664328734153,219.89158248901367,272.03733825683594,18,0,43.04762077331543,28.02963352203369,4.779438761240121,True
ms_04,ms,1,CE,psd,absolute_power,alpha,channel,T8,799.4683244493273,707.552001953125,312.44101408105604,538.4596710205078,1048.6419219970703,18,0,158.97929763793945,77.67421340942383,4.76357858960678,True
hc_01,hc,0,CE,psd,absolute_power,gamma,channel,CP2,104.58071009318034,107.73420715332031,9.661933044667617,96.75859260559082,111.62141036987305,18,0,19.974195957183838,12.428032755851746,4.762887076837272,True
hc_04,hc,0,OE,psd,absolute_power,theta,channel,Fp1,227.85374350017972,210.1263198852539,217.1571990178415,13.279104232788086,430.55348205566406,18,0,29.26384735107422,25.627859592437744,4.760056766363371,True
ms_16,ms,1,OE,psd,absolute_power,gamma,channel,O2,323.827874077691,321.7316436767578,30.480388877057205,307.40750885009766,338.4141540527344,18,0,65.97265625,36.2462272644043,4.759311152966529,True
ms_15,ms,1,CE,psd,absolute_power,beta,roi,R2,216.844846089681,215.0404510498047,26.678622476757,197.41442108154297,242.39142227172852,18,0,41.99974822998047,24.52802848815918,4.758407514148579,True
ms_02,ms,1,CE,psd,relative_power,gamma,channel,Pz,0.1443178773754173,0.14691432565450668,0.02697829535657757,0.1357087790966034,0.16385464742779732,18,0,0.029989501927047968,0.016590966377407312,4.753473146988856,True
ms_07,ms,1,CE,psd,absolute_power,alpha,roi,R6,2329.331936306424,2459.2679443359375,520.1977783279123,2137.10205078125,2537.357421875,18,0,408.0621109008789,291.56829833984375,4.745095362952814,True
hc_04,hc,0,OE,psd,absolute_power,delta,channel,Fz,635.2539461983574,522.772216796875,633.0864760318327,54.740294456481934,1098.9374084472656,18,0,78.65617847442627,63.207639932632446,4.739176534721307,True
ms_04,ms,1,CE,psd,absolute_power,beta,channel,P4,808.7630903455946,807.1028442382812,155.43832724812464,716.2441558837891,872.3498687744141,18,0,202.44891357421875,86.12468719482422,4.735384268990662,True
ms_19,ms,1,CE,psd,relative_power,theta,channel,P8,0.42065220408969456,0.41029782593250275,0.05062022496219248,0.3839821293950081,0.46040284633636475,18,0,0.11673600971698761,0.04181435517966747,4.735329087863411,True
ms_06,ms,1,OE,psd,absolute_power,theta,channel,F7,713.2816738552517,308.8841552734375,1174.7911797935687,179.92926025390625,743.8720855712891,18,0,41.42625665664673,38.18555265665054,4.724244344140312,True
hc_07,hc,0,CE,psd,absolute_power,theta,channel,P7,812.6255052354601,775.9732360839844,369.88093028331576,562.7976989746094,998.6709289550781,18,0,124.34561920166016,93.18319940567017,4.7166958100833165,True
ms_20,ms,1,OE,psd,absolute_power,delta,channel,P8,1643.887471516927,1634.6132202148438,446.7385606088322,1431.6353454589844,1931.9731750488281,18,0,247.01231384277344,198.57610988616943,4.713175163547181,True
hc_01,hc,0,CE,psd,absolute_power,delta,roi,R2,334.68640391031903,340.6531982421875,91.09382830528594,281.77063751220703,394.8544006347656,18,0,58.824514389038086,40.36722135543823,4.709039577944375,True
ms_02,ms,1,CE,psd,absolute_power,gamma,roi,R3,126.01435004340277,125.6511116027832,18.917032270272227,111.67067909240723,135.98404693603516,18,0,23.029314517974854,14.70093560218811,4.7083706593669445,True
ms_02,ms,1,CE,psd,absolute_power,delta,channel,FC5,428.56517537434894,371.60650634765625,159.16374321995275,327.4241180419922,504.5997314453125,18,0,56.676788330078125,45.24236512184143,4.695094611330976,True
ms_01,ms,1,CE,psd,absolute_power,delta,channel,T7,755.6150919596354,590.4309387207031,487.0670662777472,348.1015090942383,956.1392974853516,18,0,87.82823371887207,72.20708799362183,4.69484214959092,True
ms_22,ms,1,OE,psd,relative_power,gamma,channel,FC2,0.2704686580432786,0.2767416685819626,0.045839775620304286,0.25568120181560516,0.30040788650512695,18,0,0.05922479648143053,0.03126148972660303,4.6930943325202685,True
ms_22,ms,1,OE,psd,relative_power,gamma,channel,O2,0.28200769010517335,0.2841206043958664,0.045739185613508246,0.2640087455511093,0.30640406906604767,18,0,0.06750901788473129,0.031162189319729805,4.688454716653154,True
ms_19,ms,1,CE,psd,absolute_power,gamma,channel,P7,163.40753851996527,156.7399673461914,23.777447114640825,148.36940002441406,168.61906814575195,18,0,36.6408634185791,17.284502506256104,4.686610782767618,True
ms_06,ms,1,OE,psd,absolute_power,theta,channel,FC1,873.3706740273369,362.0400085449219,1549.0366952159218,204.07494735717773,932.71728515625,18,0,50.23190975189209,44.8961079120636,4.684407872900562,True
ms_20,ms,1,CE,complexity,spectral_entropy,broadband,channel,Fz,0.44292920096259875,0.44509991070845,0.06116700848741879,0.3914972164898807,0.49706447312721375,18,0,0.7150244360770593,0.03887006868172882,-4.683850692623352,True
hc_06,hc,0,OE,psd,relative_power,gamma,channel,P7,0.2743757292628288,0.26877035200595856,0.02630054390465464,0.25466684997081757,0.29185258597135544,18,0,0.06975144520401955,0.02875566389411688,4.668172993443041,True
ms_04,ms,1,CE,psd,absolute_power,beta,roi,R6,742.2926856146919,706.9402465820312,145.5782377116257,641.7194671630859,821.4874572753906,18,0,201.28335571289062,73.11672973632812,4.664608244745443,True
ms_22,ms,1,OE,psd,relative_power,gamma,roi,R6,0.25396830754147637,0.2623148560523987,0.04715612857407125,0.24284833297133446,0.2755963057279587,18,0,0.06226952187716961,0.02895374409854412,4.6601478868629,True
ms_15,ms,1,OE,psd,absolute_power,delta,roi,R4,1197.4601949055989,991.1336364746094,758.6794708169025,683.5769958496094,1329.5488586425781,18,0,146.56381607055664,122.28522729873657,4.658408478104262,True
ms_15,ms,1,OE,psd,absolute_power,delta,channel,CP5,1274.3650885687935,1053.39208984375,735.070189805335,779.1605072021484,1511.3175048828125,18,0,145.41125106811523,131.4719820022583,4.6582144439372195,True
hc_07,hc,0,CE,psd,absolute_power,alpha,channel,C4,788.4800991482205,851.3187255859375,264.74941048381237,716.8444061279297,904.9159393310547,18,0,138.88805389404297,103.17252731323242,4.657518017029874,True
ms_15,ms,1,CE,psd,absolute_power,gamma,roi,R6,156.44862259758844,169.23712158203125,54.179132281522634,121.63997459411621,189.76986694335938,18,0,37.13319683074951,19.15679121017456,4.651242243951934,True
ms_04,ms,1,OE,psd,absolute_power,gamma,channel,F3,201.25139363606772,197.82367706298828,40.80793079315111,177.02149200439453,218.64194107055664,18,0,27.423244953155518,24.722745299339294,4.648897825759369,True
ms_20,ms,1,OE,psd,relative_power,theta,channel,CP5,0.31679991798268425,0.3185799866914749,0.05877486574618759,0.28535058349370956,0.3615909814834595,18,0,0.1355803795158863,0.026568209752440453,4.645835951232785,True
ms_02,ms,1,OE,psd,absolute_power,gamma,channel,FC2,135.47272321912976,133.3897247314453,27.87162331443084,118.5046558380127,146.50885391235352,18,0,21.001441955566406,16.323883652687073,4.643800447162259,True
ms_24,ms,1,CE,psd,absolute_power,gamma,channel,Fz,74.71694988674588,65.13787078857422,30.25457554772658,51.43536949157715,87.59923553466797,18,0,10.7308669090271,7.909187495708466,4.639796614693184,True
ms_15,ms,1,OE,psd,absolute_power,delta,channel,Fp2,703.7782287597656,589.6780700683594,456.09214135876647,393.86173248291016,816.7175903320312,18,0,80.91514587402344,73.98952603340149,4.637898220600284,True
ms_02,ms,1,CE,psd,absolute_power,gamma,channel,Fp2,60.70154825846354,60.45797157287598,8.936136926071852,55.09963893890381,64.68358421325684,18,0,8.998584270477295,7.484146803617477,4.637653714518072,True
hc_04,hc,0,CE,psd,absolute_power,delta,channel,FC5,388.3803715176052,367.635986328125,217.59943614581633,176.78888702392578,594.9663848876953,18,0,56.676788330078125,45.24236512184143,4.635900556018475,True
ms_16,ms,1,OE,psd,relative_power,gamma,channel,FC5,0.43874502513143754,0.441407710313797,0.02521956058119311,0.41620124131441116,0.4606069400906563,18,0,0.08172435127198696,0.05233702016994357,4.635401504010863,True
ms_01,ms,1,CE,psd,absolute_power,delta,roi,R3,687.5137574937609,525.0962371826172,441.4241765897764,341.59303283691406,926.2023315429688,18,0,86.31520462036133,63.852288246154785,4.634974877578691,True
ms_10,ms,1,OE,psd,absolute_power,beta,channel,Fz,242.21481238471137,240.46332550048828,45.897974445392734,207.9605712890625,254.5344467163086,18,0,49.09886455535889,27.886591911315918,4.628516851761066,True
hc_04,hc,0,OE,psd,absolute_power,delta,channel,FC5,782.5206303066677,627.4349060058594,791.094926440626,54.26929473876953,1378.1504211425781,18,0,84.02973747253418,79.26021099090576,4.6242844959068305,True
ms_15,ms,1,OE,psd,absolute_power,theta,channel,Fz,276.76866743299695,236.03465270996094,131.27143983298419,192.42057037353516,304.08282470703125,18,0,35.01985740661621,29.338477849960327,4.62132434557673,True
ms_05,ms,1,OE,psd,absolute_power,beta,channel,Fz,243.52604505750867,240.10906219482422,28.91892145183561,219.8467140197754,257.1457405090332,18,0,49.09886455535889,27.886591911315918,4.6199483136316335,True
ms_15,ms,1,CE,psd,absolute_power,gamma,channel,C3,141.48610178629556,156.65977478027344,54.949167799349695,102.34212493896484,178.43689727783203,18,0,26.55954885482788,18.994733452796936,4.61977528721832,True
ms_24,ms,1,CE,psd,absolute_power,gamma,channel,Fp1,84.19901508755154,60.873823165893555,69.66875250101324,47.40442657470703,85.9340763092041,18,0,8.928098917007446,7.590205669403076,4.616068724123048,True
ms_09,ms,1,OE,psd,relative_power,alpha,channel,F8,0.3211818329162068,0.3252052366733551,0.03860016005649505,0.2928311377763748,0.3361084386706352,18,0,0.08606180362403393,0.03498702123761177,4.610282043899069,True
ms_02,ms,1,OE,psd,absolute_power,alpha,channel,F8,238.14134724934897,262.03269958496094,97.6119935442187,135.16412162780762,307.28257751464844,18,0,41.54047966003418,32.43041491508484,4.585817519302474,True
ms_15,ms,1,CE,psd,absolute_power,beta,channel,F3,212.62024095323352,211.57982635498047,20.491452468768024,199.48103713989258,225.2404022216797,18,0,41.293585777282715,25.089324951171875,4.577902990981064,True
ms_19,ms,1,CE,psd,absolute_power,beta,channel,T7,491.60123867458765,469.9505615234375,98.89423402539786,445.2893295288086,503.2058792114258,18,0,100.84207725524902,54.39369487762451,4.577005890911045,True
ms_19,ms,1,CE,psd,absolute_power,beta,channel,FC2,418.0926208496094,388.01853942871094,96.90700687059217,343.5528030395508,443.22350311279297,18,0,68.21413040161133,47.15766429901123,4.574126431727766,True
ms_03,ms,1,OE,complexity,spectral_entropy,broadband,channel,Fz,0.38917256570029446,0.3722051196623759,0.06271237263185395,0.35522869617780306,0.41779121514686707,18,0,0.7510757035508329,0.05592349615867892,-4.569540987658865,True
ms_06,ms,1,OE,psd,absolute_power,gamma,channel,F8,164.71709781222873,173.84115600585938,62.91640694978649,144.7401123046875,184.49817276000977,18,0,25.010250568389893,21.987224757671356,4.565608963772643,True
ms_08,ms,1,OE,psd,absolute_power,delta,roi,R1,614.8934722476536,486.5588073730469,539.193662137043,47.8746223449707,961.5613250732422,18,0,66.4740686416626,62.07267451286316,4.56470220906531,True
hc_04,hc,0,OE,psd,absolute_power,theta,channel,Fp2,236.74591286977133,216.5906982421875,227.01573606731353,12.675514221191406,446.9177551269531,18,0,31.276672840118408,27.384406983852386,4.564371169651778,True
ms_19,ms,1,CE,psd,relative_power,theta,channel,Pz,0.38828082548247445,0.3794804513454437,0.08610138858607135,0.319216288626194,0.4698501229286194,18,0,0.10589768178761005,0.04055293649435043,4.550325228469729,True
ms_08,ms,1,OE,psd,absolute_power,delta,channel,F3,621.6359890831841,494.6175079345703,532.0894195013836,58.464240074157715,976.9916687011719,18,0,69.56111240386963,63.044936656951904,4.547496218481371,True
hc_01,hc,0,CE,psd,absolute_power,delta,channel,F8,407.8522194756402,447.32936096191406,109.49718297870606,348.4149398803711,464.7014846801758,18,0,69.01330375671387,56.19313597679138,4.540958256038885,True
ms_01,ms,1,OE,psd,absolute_power,gamma,channel,FC5,226.24377822875977,203.24805450439453,74.6675606750689,178.17855072021484,272.0711555480957,18,0,30.84700632095337,25.608296036720276,4.540829805976539,True
hc_04,hc,0,OE,psd,absolute_power,theta,channel,F3,227.58944712744818,209.38282012939453,217.70038939897998,12.659817457199097,434.4408874511719,18,0,29.45033359527588,26.731302201747894,4.5401005376002335,True
ms_20,ms,1,OE,psd,relative_power,theta,roi,R4,0.33115356746647095,0.3320237249135971,0.04763562238913655,0.30639200657606125,0.34889981150627136,18,0,0.13744724541902542,0.028929783031344414,4.536502651553999,True
ms_15,ms,1,CE,psd,absolute_power,gamma,channel,O2,159.13022083706326,168.25658416748047,56.34153408910558,125.37698745727539,194.6971435546875,18,0,38.694687843322754,19.273189067840576,4.534190036911222,True
hc_04,hc,0,CE,psd,absolute_power,delta,channel,FC6,398.0654665629069,365.0560760498047,225.31016380715047,175.34479522705078,624.7898864746094,18,0,58.76825141906738,45.56569790840149,4.5338558814333245,True
ms_02,ms,1,CE,psd,absolute_power,gamma,roi,R6,168.3105731540256,165.72916412353516,24.80341695048862,152.5813102722168,178.09690475463867,18,0,37.13319683074951,19.15679121017456,4.527730698389129,True
hc_04,hc,0,OE,psd,absolute_power,delta,channel,Fp1,565.2253537707859,471.7898406982422,559.9430123938184,54.73586845397949,990.6421051025391,18,0,65.59228134155273,60.539825320243835,4.525558157109816,True
ms_24,ms,1,OE,psd,absolute_power,alpha,channel,FC5,343.6723327636719,342.8332061767578,73.26222306796625,302.1587600708008,371.0444564819336,18,0,59.101375579833984,42.3060405254364,4.52357383319624,True
ms_15,ms,1,OE,psd,absolute_power,delta,channel,F8,923.2051103379991,693.1333923339844,648.1193717350459,510.44251251220703,1033.2517852783203,18,0,96.27302932739258,89.07774603366852,4.519386911671871,True
ms_20,ms,1,CE,complexity,spectral_entropy,broadband,channel,FC6,0.4699025664239558,0.47133746599826054,0.03163157831589487,0.4499073452216669,0.4883132111674787,18,0,0.7566835814590974,0.042594666269512194,-4.518484002506078,True
ms_04,ms,1,OE,psd,absolute_power,beta,channel,O2,687.9333953857422,689.8875122070312,120.90763526655249,599.2394561767578,781.4242248535156,18,0,224.27385330200195,69.50815963745117,4.5182049424930755,True
hc_01,hc,0,CE,psd,absolute_power,gamma,channel,CP1,97.98156272040472,100.1107063293457,8.615693888797013,90.65604972839355,103.06873321533203,18,0,18.30131769180298,12.218554019927979,4.516056203087228,True
ms_19,ms,1,CE,psd,relative_power,theta,channel,P7,0.34524807499514687,0.3464990258216858,0.058564587904146564,0.3093678057193756,0.3701579123735428,18,0,0.12161890603601933,0.03365793637931347,4.506502153787592,True
hc_04,hc,0,OE,psd,absolute_power,theta,channel,Fz,253.13248327043323,230.9967498779297,241.78696444379005,13.226524591445923,479.59178161621094,18,0,35.01985740661621,29.338477849960327,4.5055031047910346,True
ms_24,ms,1,CE,psd,relative_power,gamma,channel,CP5,0.21589605634411177,0.20349467545747757,0.08567920318690651,0.16335958242416382,0.22836990654468536,18,0,0.04198640678077936,0.024184569716453552,4.504352819946329,True
hc_04,hc,0,OE,psd,absolute_power,theta,channel,FC5,312.6788379351298,282.58953857421875,300.9305164425113,16.59321403503418,595.0749664306641,18,0,40.682135581970215,36.28179657459259,4.497139705631699,True
ms_01,ms,1,CE,psd,absolute_power,delta,roi,R4,688.3992445203993,521.1751251220703,482.0098568684368,317.8560562133789,993.4215393066406,18,0,94.34119415283203,64.05823087692261,4.4942786950043345,True
hc_01,hc,0,CE,psd,absolute_power,gamma,channel,C4,103.30708312988281,105.55388641357422,9.441551065652003,94.83402252197266,108.78560447692871,18,0,21.349838733673096,12.663818836212158,4.4848124254758925,True
ms_20,ms,1,OE,psd,absolute_power,theta,channel,F7,284.27825334337024,295.07313537597656,73.89513636802347,232.4393310546875,327.59803771972656,18,0,41.42625665664673,38.18555265665054,4.48029330371554,True
ms_24,ms,1,CE,psd,absolute_power,gamma,channel,Fp2,68.00853029886882,58.71129608154297,27.085182836758438,46.66739082336426,80.38274002075195,18,0,8.998584270477295,7.484146803617477,4.480238780040983,True
ms_20,ms,1,CE,psd,relative_power,theta,roi,R4,0.30620166493786705,0.31008897721767426,0.036719432735303446,0.2753574401140213,0.33608778566122055,18,0,0.12881137803196907,0.027291027829051018,4.480229411539601,True
ms_15,ms,1,OE,psd,absolute_power,gamma,channel,CP1,118.39894400702582,132.08897399902344,42.42075550670594,76.54618644714355,152.4871482849121,18,0,26.651485443115234,15.874648332595825,4.479885805555376,True
ms_04,ms,1,CE,psd,absolute_power,beta,channel,T7,470.4638943142361,462.0050048828125,84.23774351265538,415.86927032470703,522.9432983398438,18,0,100.84207725524902,54.39369487762451,4.478479682219824,True
ms_05,ms,1,OE,psd,absolute_power,gamma,channel,F7,130.36851035224066,129.62162017822266,15.24709386076542,121.53104972839355,136.58124542236328,18,0,21.926302433013916,16.231447219848633,4.4752322866941805,True
ms_19,ms,1,CE,psd,relative_power,theta,channel,CP1,0.35563967873652774,0.3487217575311661,0.07319929868377514,0.3115433007478714,0.41769513487815857,18,0,0.11886462196707726,0.03467220067977905,4.471493326010736,True
ms_01,ms,1,CE,psd,absolute_power,gamma,roi,R1,67.51050514645047,68.42562866210938,23.667828956288012,50.85775947570801,79.8355484008789,18,0,10.293744087219238,8.777207404375076,4.467186107187024,True
hc_04,hc,0,OE,psd,absolute_power,theta,roi,R2,241.88382874594794,218.62165069580078,233.4733767075139,11.089516401290894,457.5554504394531,18,0,35.66075944900513,27.630387544631958,4.466293869104315,True
ms_15,ms,1,OE,psd,absolute_power,theta,channel,Fp2,269.17191738552515,212.55609893798828,145.35318493357616,183.50725555419922,305.6682662963867,18,0,31.276672840118408,27.384406983852386,4.4649971006614315,True
hc_02,hc,0,CE,complexity,spectral_entropy,broadband,channel,F4,0.5305664347013204,0.5118616764339139,0.07846764379045956,0.4869836974741754,0.5399130292266825,18,0,0.7379938105617987,0.03417654289435007,-4.462828067820604,True
ms_05,ms,1,OE,psd,absolute_power,theta,roi,R1,244.4339191648695,182.7950897216797,286.7473263131187,18.210875511169434,282.7878532409668,18,0,25.912331581115723,23.720088243484497,4.461027699425943,True
ms_03,ms,1,OE,psd,absolute_power,theta,channel,T8,549.3097979227701,524.1703948974609,295.65820782713985,303.91934967041016,812.9515991210938,18,0,83.26286697387695,66.73265504837036,4.456409731526015,True
ms_05,ms,1,OE,psd,absolute_power,gamma,channel,Cz,125.86385303073459,121.60086059570312,15.392764553785748,118.7536506652832,133.7635841369629,18,0,22.840747356414795,14.953789830207825,4.454575364580763,True
ms_08,ms,1,OE,psd,absolute_power,delta,channel,Fp1,586.7030981911553,465.03480529785156,515.8065796241168,42.3134765625,916.4486694335938,18,0,65.59228134155273,60.539825320243835,4.450298459325765,True
ms_07,ms,1,CE,psd,absolute_power,alpha,channel,O2,2229.2278917100693,2277.8570556640625,528.0502740373674,1910.0177307128906,2450.8527221679688,18,0,427.13565826416016,281.2809181213379,4.437892514178161,True
hc_04,hc,0,CE,psd,absolute_power,delta,channel,C4,505.4879862467448,475.9937438964844,255.4897074545214,286.75948333740234,741.3398742675781,18,0,82.04682922363281,59.931918144226074,4.4335900117815985,True
ms_07,ms,1,CE,psd,absolute_power,alpha,channel,F3,175.32655334472656,177.51011657714844,39.57861920574299,154.65657424926758,199.90248107910156,18,0,38.97397804260254,21.088051319122314,4.431009005103735,True
ms_22,ms,1,OE,psd,relative_power,gamma,channel,CP2,0.21073583347929847,0.22106686234474182,0.04222371026063672,0.17800800874829292,0.2422412559390068,18,0,0.04856272600591183,0.026272380724549294,4.428698226929627,True
ms_24,ms,1,OE,psd,absolute_power,alpha,channel,F7,306.745854695638,291.3904266357422,75.43669234795954,259.20450592041016,325.8893737792969,18,0,41.946045875549316,37.99288594722748,4.42840615108338,True
hc_01,hc,0,CE,psd,absolute_power,delta,channel,T8,535.0689239501953,598.6493835449219,141.5533986069242,453.22985076904297,609.7002258300781,18,0,103.1257152557373,75.50595617294312,4.426487025705232,True
hc_04,hc,0,CE,psd,absolute_power,delta,channel,FC1,456.154236263699,503.5691375732422,234.85388704995896,218.82328414916992,660.8094787597656,18,0,81.70284080505371,64.37827134132385,4.419890639749242,True
ms_08,ms,1,OE,psd,absolute_power,delta,channel,FC5,742.2869449191624,603.351806640625,631.4560433147877,71.85880661010742,1149.7256164550781,18,0,84.02973747253418,79.26021099090576,4.419341463604393,True
ms_20,ms,1,OE,psd,absolute_power,theta,channel,T8,541.0405103895399,520.4552307128906,159.92120971194566,454.79066467285156,656.8438873291016,18,0,83.26286697387695,66.73265504837036,4.4188592412808,True
ms_15,ms,1,CE,psd,absolute_power,beta,channel,Fp2,191.90604231092664,192.82275390625,28.335323447917318,171.89440536499023,217.8928337097168,18,0,35.037596702575684,24.09383726119995,4.417089289792106,True
ms_04,ms,1,CE,psd,absolute_power,beta,channel,O2,868.3593207465278,815.509033203125,182.0070989254669,746.2383728027344,977.8679962158203,18,0,211.66530227661133,92.36127090454102,4.40971646112094,True
ms_15,ms,1,OE,psd,absolute_power,gamma,channel,Fp1,93.72107781304254,101.29629898071289,39.40396092120118,52.57447147369385,127.05048370361328,18,0,16.699986457824707,12.953419089317322,4.404970663655832,True
hc_02,hc,0,CE,complexity,spectral_entropy,broadband,channel,FC6,0.502799290310644,0.47897569582527366,0.081492226643157,0.45822097262381034,0.5010810244595595,18,0,0.7566835814590974,0.042594666269512194,-4.397531876611235,True
ms_04,ms,1,OE,psd,absolute_power,beta,channel,P7,665.9503004286024,680.0897827148438,87.29930009165554,585.4412689208984,710.1205139160156,18,0,194.19784927368164,74.53052520751953,4.397253585665265,True
ms_05,ms,1,OE,psd,absolute_power,theta,channel,FC6,324.2210612297058,243.2384262084961,389.8612380559688,20.27580738067627,359.69620513916016,18,0,37.46049976348877,31.570028424263,4.396426510175121,True
hc_01,hc,0,CE,psd,absolute_power,gamma,channel,Pz,107.87967427571614,110.14957046508789,9.839619005080031,101.28554725646973,115.58017539978027,18,0,25.782582759857178,12.964843988418579,4.3891583780635015,True
ms_22,ms,1,CE,psd,relative_power,gamma,channel,T7,0.28331035789516235,0.2778594642877579,0.056163072401279227,0.25330329686403275,0.32667209208011627,18,0,0.07504825480282307,0.03120593074709177,4.383598996758302,True
ms_03,ms,1,OE,complexity,spectral_entropy,broadband,channel,Fp2,0.3984138783451262,0.3883110548453298,0.06330543387539735,0.3626447751087536,0.43158258396083593,18,0,0.7969222565033055,0.0628901431923039,-4.382315983829068,True
hc_04,hc,0,CE,psd,absolute_power,delta,channel,CP2,585.9651574028862,680.9509582519531,306.20917581175945,282.49024963378906,806.8108367919922,18,0,127.2723503112793,85.44241619110107,4.370792885123776,True
ms_04,ms,1,OE,psd,absolute_power,beta,channel,O1,716.1625722249349,727.4129333496094,104.6828239028053,650.1057586669922,798.4637298583984,18,0,253.4840087890625,73.2517204284668,4.3638658368021614,True
hc_07,hc,0,OE,psd,relative_power,alpha,channel,T8,0.38360968687468106,0.4182480573654175,0.11302397952847208,0.3312092646956444,0.43692734092473984,18,0,0.10836122371256351,0.04790100269019604,4.36349541854351,True
ms_07,ms,1,CE,psd,absolute_power,alpha,roi,R4,784.505605061849,785.3027038574219,201.868958509125,652.6640014648438,965.7132873535156,18,0,172.6773681640625,94.79766845703125,4.358863827265044,True
ms_06,ms,1,CE,psd,absolute_power,delta,channel,Pz,1151.2600377400715,1123.5018310546875,638.9515088948444,629.55859375,1653.5296630859375,18,0,192.9378776550293,144.08684635162354,4.35610052938747,True
ms_02,ms,1,CE,psd,relative_power,gamma,channel,P8,0.15379475719398922,0.160261332988739,0.031382558285230504,0.14466798305511475,0.1713474653661251,18,0,0.034588008653372526,0.01948605221696198,4.350059983064409,True
ms_16,ms,1,OE,psd,relative_power,gamma,channel,O2,0.27061237229241264,0.2683483809232712,0.023693619055255195,0.2517867758870125,0.2836328148841858,18,0,0.06750901788473129,0.031162189319729805,4.347072444710857,True
hc_01,hc,0,CE,psd,absolute_power,gamma,channel,P4,115.01666090223524,119.39626693725586,11.012835426137258,106.63957023620605,121.94585037231445,18,0,28.77399444580078,14.065490484237671,4.345663271874825,True
ms_16,ms,1,OE,psd,absolute_power,beta,channel,FC5,407.3721940782335,411.6011047363281,41.73611828285791,378.3960189819336,441.2509078979492,18,0,74.33110046386719,52.399779319763184,4.341344644644485,True
hc_04,hc,0,OE,psd,absolute_power,delta,roi,R1,561.4392847485012,465.5031433105469,559.2592529204271,52.73250961303711,978.1803588867188,18,0,66.4740686416626,62.07267451286316,4.335908283940388,True
ms_20,ms,1,OE,psd,absolute_power,theta,roi,R5,770.7739783393013,758.4945983886719,171.17241899832806,691.6345977783203,833.8599090576172,18,0,122.83121681213379,98.96255111694336,4.3324375955544046,True
ms_20,ms,1,CE,complexity,spectral_entropy,broadband,roi,R2,0.45998846112841385,0.4480041481983238,0.04061715206487869,0.4350699710966404,0.49624998605417364,18,0,0.7451522494239808,0.046280286974508145,-4.330648351059661,True
ms_02,ms,1,CE,psd,absolute_power,gamma,channel,O2,165.01910273234049,162.31692504882812,24.940886516200223,152.21420669555664,171.25475692749023,18,0,38.694687843322754,19.273189067840576,4.326323804920754,True
ms_10,ms,1,OE,psd,absolute_power,gamma,channel,F8,187.22118292914496,165.67784881591797,73.99265539686712,139.77230834960938,207.83739852905273,18,0,25.010250568389893,21.987224757671356,4.315187397291714,True
ms_24,ms,1,OE,psd,absolute_power,alpha,channel,FC6,381.06339348687067,387.6331481933594,88.99347394326655,316.1314468383789,444.92356872558594,18,0,66.69846534729004,50.19862127304077,4.312219588618057,True
hc_01,hc,0,CE,psd,absolute_power,beta,channel,Fp1,165.1356964111328,162.8567657470703,19.806679677641807,151.0906219482422,178.17304229736328,18,0,33.19360160827637,20.291931867599487,4.309920150863367,True
ms_20,ms,1,OE,psd,relative_power,theta,channel,CP1,0.32357816480928,0.32641997933387756,0.03797474095137925,0.3139299750328064,0.35178446769714355,18,0,0.12992573343217373,0.030761444941163063,4.308430680175003,True
hc_04,hc,0,CE,psd,absolute_power,delta,roi,R4,491.17297066582574,503.4773254394531,261.08634711522564,232.12855529785156,731.2084808349609,18,0,94.34119415283203,64.05823087692261,4.307932581701142,True
ms_20,ms,1,OE,psd,absolute_power,delta,channel,P3,1491.8837076822917,1483.7367553710938,533.1672320079781,1019.2941284179688,1798.0848388671875,18,0,238.18920516967773,195.17905521392822,4.304305665271067,True
ms_02,ms,1,CE,psd,relative_power,gamma,roi,R6,0.15168609759873813,0.15776938945055008,0.029478426878138526,0.14493491128087044,0.1687936931848526,18,0,0.037121265195310116,0.018908971920609474,4.303567920033196,True
ms_15,ms,1,OE,psd,absolute_power,theta,roi,R1,197.44488313463,177.21009063720703,89.46921892057249,133.89509963989258,228.46537017822266,18,0,25.912331581115723,23.720088243484497,4.302215884077962,True
ms_02,ms,1,CE,psd,relative_power,gamma,roi,R5,0.1598926256928179,0.1621219962835312,0.03424836537670008,0.14890732988715172,0.1874949298799038,18,0,0.03901864401996136,0.019318227656185627,4.298120668216863,True
ms_24,ms,1,OE,psd,absolute_power,alpha,channel,FC2,395.1428400675456,395.7258758544922,80.05551373728277,341.16053009033203,439.8926315307617,18,0,66.70833206176758,51.64326810836792,4.29715819936501,True
ms_19,ms,1,CE,psd,relative_power,theta,roi,R6,0.3619711912340588,0.3628866523504257,0.0517661664284652,0.314879335463047,0.41042834520339966,18,0,0.1096741370856762,0.03977683745324612,4.2936923261093005,True
ms_15,ms,1,CE,psd,absolute_power,alpha,roi,R5,2073.8590223524307,1956.1798706054688,667.8691367677919,1778.6100463867188,2338.2716064453125,18,0,339.3862533569336,254.28527069091797,4.288539213662856,True
ms_06,ms,1,CE,psd,absolute_power,gamma,channel,CP6,152.44886525472006,150.90338134765625,16.31710277393447,143.47980499267578,156.6041030883789,18,0,28.525116443634033,19.25108814239502,4.287706140452628,True
ms_10,ms,1,CE,psd,absolute_power,beta,channel,F3,204.10010231865778,200.77098846435547,51.35811309862696,165.57174682617188,236.14633560180664,18,0,41.293585777282715,25.089324951171875,4.287322782382565,True
ms_04,ms,1,CE,psd,absolute_power,alpha,channel,P8,2557.0044555664062,2477.00439453125,1125.8639745884714,1696.6688537597656,3101.8555908203125,18,0,394.67759704589844,327.6394271850586,4.286755703308748,True
hc_04,hc,0,OE,psd,absolute_power,delta,channel,F3,565.9002895355225,470.177001953125,566.4902476249482,47.68160152435303,990.60888671875,18,0,69.56111240386963,63.044936656951904,4.286017718929266,True
ms_06,ms,1,CE,psd,absolute_power,gamma,roi,R2,64.46690771314833,62.938188552856445,8.65514735338533,57.662556648254395,72.51062202453613,18,0,10.697373628616333,8.223636269569397,4.284716125433886,True
ms_04,ms,1,CE,psd,absolute_power,alpha,channel,P3,2308.0703972710503,2213.2216796875,1061.3706787386197,1475.9873352050781,3152.930419921875,18,0,382.41558837890625,288.2811050415039,4.283533569788858,True
ms_01,ms,1,CE,psd,absolute_power,delta,channel,CP6,761.7666566636827,575.4293823242188,525.962882933364,351.71397399902344,1105.9676055908203,18,0,104.25907325744629,74.3823037147522,4.27252187326702,True
ms_20,ms,1,CE,psd,relative_power,theta,channel,CP6,0.3604509350326326,0.3693753033876419,0.058084824013870155,0.32745257019996643,0.39666638523340225,18,0,0.12125466763973236,0.03917234390974045,4.272276288420139,True
hc_01,hc,0,OE,psd,absolute_power,gamma,channel,F7,136.75652906629773,124.6688232421875,31.377534283044263,118.78846740722656,147.37426376342773,18,0,21.926302433013916,16.231447219848633,4.269420955044429,True
ms_10,ms,1,OE,psd,absolute_power,beta,roi,R1,295.2142512003581,278.62232971191406,62.66959472508173,249.1771469116211,337.91429901123047,18,0,62.656556129455566,34.150672912597656,4.265418693722095,True
hc_01,hc,0,CE,psd,absolute_power,gamma,channel,FC5,99.24665790134006,99.96956634521484,8.89783990706791,94.609619140625,104.13683891296387,18,0,15.54709005355835,13.351394712924957,4.26488628156059,True
ms_22,ms,1,OE,psd,relative_power,gamma,roi,R3,0.3374469147788154,0.3403337597846985,0.0373190574285496,0.32289666682481766,0.36197429895401,18,0,0.0692584402859211,0.042871082201600075,4.264828148361205,True
ms_15,ms,1,CE,psd,absolute_power,gamma,channel,P8,158.02412711249457,173.66071319580078,52.444760057032596,126.27607345581055,187.73881912231445,18,0,38.41173458099365,21.409531593322754,4.260914626118501,True
ms_22,ms,1,OE,psd,relative_power,gamma,roi,R4,0.32431287980741924,0.3437329828739166,0.06277953529824075,0.288056418299675,0.3587685525417328,18,0,0.07651328109204769,0.04236019682139158,4.254872099908271,True
ms_04,ms,1,CE,psd,absolute_power,beta,channel,P3,805.5799797905815,755.4015808105469,220.62365944768393,621.0605316162109,897.3662872314453,18,0,205.09917068481445,87.35908699035645,4.248829782166563,True
ms_19,ms,1,CE,psd,relative_power,theta,channel,O2,0.3043860536482599,0.2980095148086548,0.055860688500390755,0.2560679018497467,0.3470613956451416,18,0,0.11197305098176003,0.029533591121435165,4.248717172964125,True
ms_15,ms,1,OE,psd,absolute_power,gamma,channel,Pz,122.67892456054688,136.69247817993164,42.16586644224573,80.11338996887207,154.39921951293945,18,0,32.02777719497681,16.618138551712036,4.248091531915892,True
ms_01,ms,1,CE,psd,absolute_power,delta,channel,T8,767.7898712158203,577.9615783691406,558.275591668523,348.73596954345703,1108.3178253173828,18,0,103.1257152557373,75.50595617294312,4.241683943509225,True
ms_05,ms,1,OE,psd,absolute_power,gamma,channel,FC2,130.27809694078235,123.59907913208008,19.682514686073095,121.36751937866211,135.2274284362793,18,0,21.001441955566406,16.323883652687073,4.239258236093815,True
ms_15,ms,1,OE,psd,absolute_power,gamma,channel,P4,123.48006863064236,138.5217742919922,40.54537445689502,80.41450500488281,155.49810028076172,18,0,34.162747383117676,16.63404607772827,4.231634263190543,True
ms_02,ms,1,CE,psd,absolute_power,gamma,channel,F8,81.09485689798991,77.37549209594727,14.70561356574097,69.24927520751953,88.18413162231445,18,0,14.36970043182373,10.046356201171875,4.230073413682236,True
hc_08,hc,0,OE,psd,relative_power,theta,channel,CP5,0.31255199097924763,0.3021922707557678,0.05973948133805044,0.2745158076286316,0.3622874394059181,18,0,0.1355803795158863,0.026568209752440453,4.229798774827008,True
ms_24,ms,1,CE,psd,absolute_power,gamma,roi,R3,154.62850104437933,115.15462112426758,140.9463056475844,96.73886489868164,150.60851287841797,18,0,23.029314517974854,14.70093560218811,4.226783226684151,True
ms_15,ms,1,OE,psd,absolute_power,alpha,channel,O1,981.1753353542751,913.0674743652344,465.4690024674933,564.8267974853516,1362.0678405761719,18,0,186.7279930114746,116.00564384460449,4.223150289759973,True
ms_22,ms,1,OE,psd,relative_power,gamma,channel,P8,0.27195519622829223,0.285179540514946,0.06384878714472654,0.24826744571328163,0.3102535381913185,18,0,0.06491303723305464,0.0352070452645421,4.21982929750379,True
hc_04,hc,0,OE,psd,absolute_power,delta,channel,C4,953.8780968983968,779.6366882324219,937.2224291405494,84.73821067810059,1601.7383117675781,18,0,114.79125595092773,106.42724895477295,4.213508335113076,True
ms_01,ms,1,CE,psd,absolute_power,delta,channel,FC2,572.0824805365669,453.9372100830078,382.3342039708122,283.1276626586914,797.0130310058594,18,0,73.2684850692749,60.96899199485779,4.211280669773172,True
ms_15,ms,1,CE,psd,absolute_power,beta,roi,R1,202.09126620822482,201.1791229248047,19.847964220089253,195.15535736083984,219.60567092895508,18,0,38.92409801483154,25.989058017730713,4.210984288301558,True
hc_04,hc,0,OE,psd,absolute_power,theta,channel,FC2,336.03709665934247,304.927734375,317.66745940938387,20.853593349456787,629.2438507080078,18,0,47.78585624694824,41.201154947280884,4.2095863791622685,True
ms_02,ms,1,OE,psd,absolute_power,gamma,channel,Cz,120.95403501722548,116.05539321899414,22.22406914259562,106.58904647827148,130.56814575195312,18,0,22.840747356414795,14.953789830207825,4.204447032897694,True
ms_08,ms,1,OE,psd,absolute_power,delta,channel,T8,925.2122355567085,810.4611511230469,786.7568758719841,85.1853256225586,1340.3961486816406,18,0,125.88731384277344,109.90956449508667,4.201078673600057,True
ms_07,ms,1,CE,psd,absolute_power,alpha,roi,R5,2026.4360656738281,1922.1256713867188,563.5640675827822,1735.2762145996094,2352.0123291015625,18,0,339.3862533569336,254.28527069091797,4.198210573580746,True
ms_19,ms,1,CE,psd,relative_power,theta,channel,P3,0.3815585921208064,0.3824799060821533,0.055972655998770764,0.3379674553871155,0.4249362051486969,18,0,0.10741804167628288,0.044202033430337906,4.197243235846888,True
ms_19,ms,1,CE,psd,relative_power,theta,roi,R5,0.3391709137294028,0.3399456739425659,0.052197768558272406,0.30354996770620346,0.35662640631198883,18,0,0.10896224714815617,0.03713951073586941,4.194890667059858,True
ms_15,ms,1,OE,psd,absolute_power,gamma,channel,Fp2,98.62895562913683,106.65034484863281,40.97371077645129,55.91092109680176,133.50954627990723,18,0,18.775651454925537,14.151071071624756,4.1884227975324135,True
ms_04,ms,1,OE,psd,absolute_power,gamma,channel,Pz,143.78262583414713,135.06883239746094,37.36244600218181,119.01277732849121,159.69815826416016,18,0,32.02777719497681,16.618138551712036,4.182191607352632,True
ms_04,ms,1,OE,psd,absolute_power,beta,roi,R5,647.8481733534071,668.2778015136719,88.61179381364356,584.7736511230469,708.6790313720703,18,0,207.1058578491211,74.40174865722656,4.180764836115016,True
ms_03,ms,1,OE,psd,absolute_power,theta,channel,P8,675.7684682210287,603.1607971191406,325.44941190717395,380.44068145751953,925.2125549316406,18,0,104.93802452087402,80.38254070281982,4.180592618000581,True
ms_15,ms,1,CE,psd,absolute_power,alpha,channel,T7,574.253892686632,618.3009643554688,121.74435478169067,469.6422805786133,647.6397705078125,18,0,117.95211601257324,80.73184871673584,4.18026689697345,True
ms_15,ms,1,OE,psd,absolute_power,delta,channel,CP6,1286.9194471571182,1048.6076049804688,830.0947268262524,729.5694580078125,1407.3711853027344,18,0,170.18851852416992,141.8616909980774,4.176501440199777,True
hc_01,hc,0,CE,psd,absolute_power,gamma,channel,Cz,92.847169664171,94.74517822265625,8.801086974724363,85.37643051147461,98.68570137023926,18,0,16.7956805229187,12.591594994068146,4.175500874121472,True
ms_20,ms,1,OE,psd,absolute_power,theta,channel,FC1,322.18253241644965,328.1193389892578,74.08685859358887,278.5972442626953,354.41131591796875,18,0,50.23190975189209,44.8961079120636,4.174805164902641,True
ms_04,ms,1,OE,psd,absolute_power,gamma,channel,P4,145.93313344319662,137.05357360839844,44.33893631569927,117.55107879638672,158.5373764038086,18,0,34.162747383117676,16.63404607772827,4.172100473905979,True
ms_15,ms,1,OE,psd,absolute_power,gamma,channel,FC6,167.97362899780273,167.3208236694336,47.5621523350939,120.94645118713379,207.46616744995117,18,0,26.305945873260498,22.80797451734543,4.170174425173379,True
ms_01,ms,1,CE,psd,absolute_power,delta,channel,C3,689.1147935655382,508.51780700683594,451.4518865058959,337.8170700073242,962.4546203613281,18,0,84.39019584655762,68.59990239143372,4.170124804757924,True
ms_15,ms,1,CE,psd,absolute_power,alpha,channel,O1,2212.2738172743057,2056.3106079101562,801.326334098998,1768.3730163574219,2651.3937377929688,18,0,368.84397888183594,273.2133541107178,4.16590415907519,True
ms_17,ms,1,OE,psd,relative_power,alpha,channel,Fp1,0.39940064979924095,0.40405164659023285,0.08039490357894205,0.339292973279953,0.46358615905046463,18,0,0.10220406390726566,0.04889666102826595,4.1637486284046386,True
ms_15,ms,1,OE,psd,absolute_power,delta,channel,CP2,1330.751491970486,1160.7753295898438,780.7123640694025,795.49755859375,1472.2332153320312,18,0,187.25001907348633,157.9020004272461,4.158489596605285,True
ms_20,ms,1,CE,psd,absolute_power,gamma,channel,O2,159.32156965467664,157.48116302490234,14.07676386063879,148.40502548217773,168.41165161132812,18,0,38.694687843322754,19.273189067840576,4.157089912767003,True
ms_22,ms,1,OE,psd,relative_power,gamma,channel,T8,0.3301847361856037,0.3555111736059189,0.07774554571736993,0.2745903208851814,0.37294795364141464,18,0,0.0759936161339283,0.04536188440397382,4.156176757282373,True
ms_19,ms,1,CE,psd,relative_power,theta,channel,CP5,0.34361939628918964,0.34560219943523407,0.05188896779517328,0.32068561017513275,0.3764343485236168,18,0,0.11700478196144104,0.037157921120524406,4.149501400419329,True
ms_05,ms,1,OE,psd,absolute_power,delta,roi,R1,719.9202287462023,448.2302703857422,802.9126272467273,47.38675785064697,1216.9371490478516,18,0,66.4740686416626,62.07267451286316,4.148218720556423,True
ms_20,ms,1,OE,psd,absolute_power,delta,channel,CP6,1029.9127688937717,1040.8212585449219,348.5581397440741,790.0767974853516,1183.6255798339844,18,0,170.18851852416992,141.8616909980774,4.139480742900101,True
ms_15,ms,1,OE,psd,absolute_power,delta,channel,Fp1,529.12181769477,436.5831756591797,339.20309063949463,302.31800079345703,602.9005737304688,18,0,65.59228134155273,60.539825320243835,4.133311068268369,True
ms_19,ms,1,CE,psd,relative_power,theta,channel,P4,0.36087531844774884,0.3645040690898895,0.060788469092011375,0.3195764645934105,0.41241156309843063,18,0,0.10328657180070877,0.042682052589952946,4.1279361568620665,True
ms_24,ms,1,CE,psd,absolute_power,gamma,roi,R2,72.9601001739502,61.01780128479004,35.793547052229634,49.05353546142578,81.20184326171875,18,0,10.697373628616333,8.223636269569397,4.127208737647252,True
ms_03,ms,1,CE,psd,relative_power,gamma,channel,T7,0.25012977628244293,0.2659819424152374,0.06911679299028699,0.2363206446170807,0.2892480790615082,18,0,0.07504825480282307,0.03120593074709177,4.126876041964114,True
ms_15,ms,1,CE,psd,absolute_power,beta,channel,T7,432.0108235677083,433.6324920654297,35.389762003406446,403.7576217651367,456.83387756347656,18,0,100.84207725524902,54.39369487762451,4.126655858493368,True
ms_10,ms,1,OE,psd,absolute_power,gamma,channel,T8,276.73550584581164,280.5157012939453,60.08612726391787,228.77345275878906,324.75667572021484,18,0,44.797526359558105,38.56854009628296,4.122264686115365,True
ms_06,ms,1,OE,psd,absolute_power,theta,roi,R4,1008.378614531623,404.4547119140625,1786.5454360798406,256.3353691101074,1109.5491180419922,18,0,73.72372436523438,54.146716594696045,4.119824968225401,True
ms_15,ms,1,OE,psd,absolute_power,alpha,roi,R5,979.7445916069878,919.7349243164062,418.23114404098715,614.8906707763672,1345.0333251953125,18,0,172.36641311645508,122.37627696990967,4.11920649336387,True
ms_06,ms,1,OE,psd,absolute_power,theta,channel,CP6,1157.634886847602,464.2584686279297,2051.1924349097,296.7113723754883,1284.7208251953125,18,0,81.09444427490234,62.797839641571045,4.11543765303192,True
ms_17,ms,1,OE,psd,absolute_power,gamma,channel,F8,169.74333487616644,159.1056365966797,38.04637762378208,153.68998336791992,178.33462524414062,18,0,25.010250568389893,21.987224757671356,4.113575031017578,True
ms_02,ms,1,CE,psd,absolute_power,delta,channel,FC6,374.5524597167969,335.57960510253906,174.0033758773956,258.25606536865234,405.9203109741211,18,0,58.76825141906738,45.56569790840149,4.097527498712664,True
ms_05,ms,1,OE,psd,absolute_power,delta,channel,FC5,858.3383193545872,565.49609375,948.9581133312488,48.51198673248291,1478.0743408203125,18,0,84.02973747253418,79.26021099090576,4.097195859663782,True
ms_15,ms,1,OE,psd,absolute_power,gamma,channel,FC2,114.19591522216797,120.15740585327148,42.49279498911356,71.09005165100098,152.2945785522461,18,0,21.001441955566406,16.323883652687073,4.097050850089089,True
ms_07,ms,1,CE,psd,absolute_power,alpha,channel,P3,2430.9351772732207,2132.0101318359375,809.8189711886885,2019.728271484375,2879.6419677734375,18,0,382.41558837890625,288.2811050415039,4.093523063964052,True
ms_22,ms,1,OE,psd,relative_power,gamma,channel,F8,0.3716080039739609,0.3827732056379318,0.05280910267289389,0.33691874891519547,0.4055655002593994,18,0,0.11417165398597717,0.04432709328830242,4.0871000359080165,True
hc_04,hc,0,CE,psd,absolute_power,delta,channel,Fp1,278.4357604980469,280.3791809082031,151.23935671582655,140.68580627441406,403.2854309082031,18,0,45.059261322021484,38.85692834854126,4.084757031177261,True
hc_04,hc,0,CE,psd,absolute_power,delta,channel,F4,297.5709131028917,291.7535400390625,167.24820803014828,134.69135665893555,446.5489044189453,18,0,46.58400821685791,40.52444499731064,4.0806131639866825,True
ms_05,ms,1,OE,psd,absolute_power,delta,channel,Fp1,699.0311586591932,431.6031951904297,776.6811818588137,48.86176776885986,1170.9266815185547,18,0,65.59228134155273,60.539825320243835,4.0778277431881,True
ms_15,ms,1,OE,psd,absolute_power,delta,roi,R1,506.9181772867839,441.52305603027344,314.17251103098596,298.5429000854492,566.5398254394531,18,0,66.4740686416626,62.07267451286316,4.0753371484299485,True
ms_20,ms,1,OE,psd,absolute_power,theta,channel,FC6,231.12409083048502,228.0377197265625,59.92870594108956,196.94478607177734,267.4092788696289,18,0,37.46049976348877,31.570028424263,4.071664811458989,True
ms_10,ms,1,CE,psd,absolute_power,beta,channel,FC5,254.7846433851454,269.0397033691406,69.1902276558455,218.96129608154297,293.82567596435547,18,0,49.40632343292236,36.39723300933838,4.070108439330628,True
hc_07,hc,0,CE,psd,absolute_power,theta,channel,P8,632.680911593967,621.4626770019531,292.3002640058278,471.00760650634766,778.4447631835938,18,0,131.55659294128418,81.3043909072876,4.064197800670899,True
ms_05,ms,1,OE,psd,absolute_power,gamma,channel,CP1,125.10987599690755,122.15837097167969,15.028422761498149,118.3909797668457,132.42677307128906,18,0,26.651485443115234,15.874648332595825,4.0579489010243766,True
ms_03,ms,1,OE,complexity,spectral_entropy,broadband,channel,Fp1,0.3942256286007421,0.3812856790407174,0.06302705930926888,0.3558276667366982,0.4249982181660845,18,0,0.7919174462847972,0.06833200343567841,-4.0532593605921114,True
ms_08,ms,1,OE,psd,absolute_power,delta,channel,F4,613.8089334699843,511.41517639160156,514.5338646901582,66.67290687561035,931.0296936035156,18,0,81.44264602661133,71.5544605255127,4.05303172478747,True
ms_05,ms,1,OE,psd,absolute_power,beta,channel,Fp2,241.09026845296225,239.57278442382812,28.506766870984404,218.72245407104492,255.7356948852539,18,0,48.37088871002197,31.860530853271484,4.047764064173704,True
ms_06,ms,1,CE,psd,absolute_power,gamma,channel,FC2,77.5531497531467,76.69893646240234,8.576120161809806,72.03858184814453,82.75728416442871,18,0,14.667802810668945,10.35506397485733,4.040479764252572,True
hc_08,hc,0,CE,psd,absolute_power,theta,channel,Pz,545.3292643229166,499.74266052246094,171.6220834649759,432.8147277832031,564.3179016113281,18,0,106.88251113891602,65.60580348968506,4.038980188200236,True
hc_08,hc,0,OE,psd,relative_power,alpha,channel,O1,0.3707317097319497,0.378708153963089,0.08013410983990038,0.2854522615671158,0.43603241443634033,18,0,0.12304140627384186,0.04271828010678291,4.036793110367992,True
ms_05,ms,1,OE,psd,absolute_power,gamma,channel,FC6,177.79044808281793,162.7253646850586,66.75166650335079,150.33823013305664,172.24161911010742,18,0,26.305945873260498,22.80797451734543,4.034274824875361,True
ms_15,ms,1,OE,psd,absolute_power,gamma,channel,CP2,119.62429894341363,129.86760330200195,42.228835088756085,76.96125030517578,154.44932556152344,18,0,27.440274715423584,17.137475728988647,4.031298876336736,True
ms_02,ms,1,OE,psd,absolute_power,gamma,channel,CP1,123.43610975477431,121.30344009399414,17.901584976957025,115.02547264099121,131.87836265563965,18,0,26.651485443115234,15.874648332595825,4.0216241292934605,True
hc_04,hc,0,CE,psd,absolute_power,delta,channel,FC2,445.6910684373644,436.64959716796875,237.46968692203714,227.04016494750977,653.8648223876953,18,0,73.2684850692749,60.96899199485779,4.0200304164380745,True
ms_04,ms,1,CE,psd,absolute_power,alpha,channel,F7,281.025762769911,242.48570251464844,95.42189626534089,201.94969177246094,322.0015869140625,18,0,46.901766777038574,32.81871223449707,4.019644537375117,True
ms_15,ms,1,OE,psd,absolute_power,alpha,channel,O2,868.3605244954427,860.6838684082031,429.14691478632403,500.6279983520508,1044.9564514160156,18,0,194.62397384643555,111.8007698059082,4.018319774718819,True
hc_01,hc,0,CE,psd,absolute_power,delta,channel,F4,299.4009992811415,287.78533935546875,89.15561870352626,239.18500518798828,349.29903411865234,18,0,46.58400821685791,40.52444499731064,4.014566246058249,True
ms_01,ms,1,CE,psd,absolute_power,delta,roi,R2,415.6653806898329,299.0412139892578,326.75095135876285,168.34339141845703,578.0036849975586,18,0,58.824514389038086,40.36722135543823,4.013750233776881,True
hc_07,hc,0,CE,psd,absolute_power,theta,channel,CP5,455.281674279107,459.0652618408203,195.65048172201935,352.2056350708008,543.8834533691406,18,0,81.39850807189941,63.66929745674133,4.000872410312555,True
hc_01,hc,0,CE,psd,absolute_power,delta,channel,Fp2,296.80597008599176,303.1620788574219,82.61728791663275,247.19573211669922,350.3929672241211,18,0,51.97944736480713,42.381003618240356,3.9975543148739083,True
ms_19,ms,1,CE,psd,relative_power,theta,channel,CP6,0.3529993047316869,0.3532698452472687,0.0589136299984473,0.30459146946668625,0.4012204632163048,18,0,0.12125466763973236,0.03917234390974045,3.99496373551677,True
ms_05,ms,1,OE,psd,absolute_power,theta,channel,F4,243.6595368385315,184.2744140625,284.0559945185562,19.788414478302002,286.4507598876953,18,0,27.718090534210205,26.44294637441635,3.9933444655631893,True
ms_15,ms,1,CE,psd,absolute_power,beta,channel,F8,217.16549682617188,217.82398986816406,22.74896861811854,197.04270553588867,236.1235237121582,18,0,43.33424758911133,29.480289220809937,3.9922172373938536,True
ms_02,ms,1,OE,psd,absolute_power,gamma,channel,CP2,132.17896779378256,128.80072021484375,21.336775897292,119.00876426696777,149.29996490478516,18,0,27.440274715423584,17.137475728988647,3.9893088659577374,True
ms_15,ms,1,OE,psd,absolute_power,theta,channel,C4,420.5606002807617,344.3030090332031,213.25459962409082,283.5876693725586,492.00382232666016,18,0,57.874454498291016,48.45604848861694,3.986982416228601,True
ms_05,ms,1,OE,psd,absolute_power,delta,channel,Fz,710.5688976711697,451.8822784423828,765.1388621682571,63.72493553161621,1186.4100494384766,18,0,78.65617847442627,63.207639932632446,3.9827077216010585,True
hc_04,hc,0,CE,psd,absolute_power,delta,roi,R3,480.8822322421604,463.2937774658203,256.93760881746897,229.3476104736328,729.9377899169922,18,0,86.31520462036133,63.852288246154785,3.982137068051727,True
ms_20,ms,1,OE,psd,absolute_power,delta,channel,F3,445.0395677354601,440.70191955566406,163.3950751801533,330.9201126098633,547.06103515625,18,0,69.56111240386963,63.044936656951904,3.9706764438626276,True
ms_04,ms,1,CE,psd,absolute_power,gamma,roi,R1,64.81022686428494,61.96409606933594,10.324155975540613,58.11212158203125,69.2475757598877,18,0,10.293744087219238,8.777207404375076,3.97064502924575,True
ms_20,ms,1,OE,psd,relative_power,theta,roi,R3,0.3061886611911986,0.30858907103538513,0.03650720090248974,0.28225402534008026,0.32764942198991776,18,0,0.12709666602313519,0.030843373388051987,3.9689222237722874,True
ms_05,ms,1,OE,psd,absolute_power,gamma,channel,F4,133.64279005262586,129.78846740722656,20.158904684494996,122.4371223449707,138.55815887451172,18,0,23.856387615203857,18.006675839424133,3.9679844069510226,True
ms_15,ms,1,OE,psd,absolute_power,delta,channel,Cz,1228.0105556911892,1076.3345947265625,693.1585470407962,752.9235687255859,1354.5471801757812,18,0,172.9872932434082,153.63172888755798,3.9659737728685434,True
hc_01,hc,0,OE,psd,absolute_power,gamma,channel,Fz,85.35073513454861,78.47920608520508,18.43651656756141,74.08486557006836,89.31363105773926,18,0,18.357192993164062,10.228680729866028,3.964513444369055,True
hc_08,hc,0,OE,psd,relative_power,theta,channel,Pz,0.3323507813943757,0.3227212727069855,0.0642575958383216,0.30478404462337494,0.3896453082561493,18,0,0.14145994745194912,0.030880313366651535,3.959127211028708,True
ms_22,ms,1,OE,psd,relative_power,gamma,channel,FC1,0.2734963910447227,0.2838134169578552,0.04662866068613967,0.25171010568737984,0.2988714501261711,18,0,0.06463462021201849,0.03735791379585862,3.95723577837085,True
ms_01,ms,1,OE,complexity,spectral_entropy,broadband,channel,Fz,0.41675909628331714,0.4230760597805473,0.02120637398692151,0.41445621927177156,0.42733700279491227,18,0,0.7510757035508329,0.05592349615867892,-3.9559888782157064,True
ms_24,ms,1,CE,psd,absolute_power,gamma,channel,CP1,102.33634037441678,89.89514923095703,49.280942964561454,68.23579788208008,114.26864814758301,18,0,18.30131769180298,12.218554019927979,3.9521352305620914,True
ms_15,ms,1,OE,psd,absolute_power,gamma,channel,F7,109.54854393005371,116.84647369384766,39.94500238359147,69.16468811035156,140.7761688232422,18,0,21.926302433013916,16.231447219848633,3.944366607376695,True
ms_15,ms,1,OE,psd,absolute_power,delta,channel,FC5,668.92896355523,547.4786987304688,410.7613314930972,408.16996002197266,783.6009979248047,18,0,84.02973747253418,79.26021099090576,3.943870927789606,True
ms_01,ms,1,CE,psd,absolute_power,delta,channel,Fp1,359.00907135009766,271.9490280151367,240.7781348867959,174.10245513916016,477.4380645751953,18,0,45.059261322021484,38.85692834854126,3.938423791031643,True
ms_15,ms,1,OE,psd,absolute_power,alpha,channel,P8,898.4319152832031,833.7718200683594,416.05914063775117,577.3128814697266,1194.8726501464844,18,0,171.59768676757812,113.444016456604,3.937010941838882,True
ms_20,ms,1,CE,psd,relative_power,theta,channel,P7,0.3261445222629441,0.31791944801807404,0.06862337509377207,0.2871071472764015,0.3758629336953163,18,0,0.12161890603601933,0.03365793637931347,3.9337795447411805,True
ms_05,ms,1,OE,psd,absolute_power,theta,channel,Fp1,237.00924979315863,178.38990783691406,276.88635501203544,18.619285106658936,276.7841491699219,18,0,29.26384735107422,25.627859592437744,3.924797130718131,True
ms_15,ms,1,OE,psd,absolute_power,delta,roi,R3,1055.876744588216,882.6260375976562,609.6413764640397,629.8910217285156,1220.98486328125,18,0,145.2047061920166,126.90270519256592,3.9194111198755524,True
hc_04,hc,0,OE,psd,absolute_power,theta,channel,C4,369.24444007873535,339.20469665527344,346.46856522486854,27.48643970489502,658.7264404296875,18,0,57.874454498291016,48.45604848861694,3.9160157424056923,True
ms_01,ms,1,OE,complexity,spectral_entropy,broadband,channel,Fp2,0.4279257794667193,0.4320927811285251,0.025331531795882406,0.42161000262515075,0.4392326271412963,18,0,0.7969222565033055,0.0628901431923039,-3.9127611646954623,True
ms_06,ms,1,CE,psd,absolute_power,gamma,channel,F7,69.1761966281467,69.26125717163086,11.129678615644824,61.615060806274414,73.72661590576172,18,0,12.093514919281006,9.860843777656555,3.910326008482139,True
hc_08,hc,0,OE,psd,relative_power,theta,channel,CP2,0.30764482501480317,0.3071140944957733,0.053782902455967396,0.26154736429452896,0.3395340293645859,18,0,0.13775351643562317,0.029359914362430573,3.8907519794185497,True
hc_04,hc,0,CE,psd,absolute_power,delta,channel,P8,604.9066560533312,640.9827423095703,312.86111517156934,282.89368438720703,864.3028717041016,18,0,131.39178466796875,88.34938049316406,3.8903995718304314,True
ms_17,ms,1,CE,psd,relative_power,alpha,channel,F3,0.5833928253915575,0.5884944200515747,0.057297549641374325,0.5372946560382843,0.6196985095739365,18,0,0.1655740924179554,0.07339213415980339,3.8867360412571834,True
ms_24,ms,1,OE,psd,absolute_power,alpha,channel,C3,438.8387756347656,443.0067901611328,92.04412922227067,379.75413513183594,485.4469985961914,18,0,88.2027587890625,61.64803218841553,3.881908831316684,True
hc_04,hc,0,CE,psd,absolute_power,delta,roi,R2,296.5605061848958,291.08335876464844,167.49546822812385,134.69269561767578,448.41979217529297,18,0,58.824514389038086,40.36722135543823,3.8807834445349347,True
hc_01,hc,0,CE,psd,absolute_power,beta,channel,F7,231.2129406399197,227.9536895751953,26.482563609952024,215.5116310119629,256.97376251220703,18,0,42.16608238220215,32.29947257041931,3.879692586426482,True
ms_11,ms,1,CE,psd,relative_power,gamma,roi,R6,0.14558159601357248,0.14571086317300797,0.0418459857943416,0.10457063466310501,0.18309247866272926,18,0,0.037121265195310116,0.018908971920609474,3.873435357498527,True
ms_20,ms,1,CE,psd,absolute_power,theta,channel,Fp2,139.86440107557507,140.73428344726562,28.50991996859219,127.77773475646973,155.72678756713867,18,0,27.016225814819336,19.80290198326111,3.87325954163415,True
hc_04,hc,0,OE,psd,absolute_power,theta,channel,FC1,337.7967865202162,307.80357360839844,312.2259060670937,33.31310987472534,635.8173522949219,18,0,50.23190975189209,44.8961079120636,3.8695939415172345,True
ms_07,ms,1,CE,psd,absolute_power,alpha,channel,C4,749.9306844075521,730.6675720214844,218.90513463504277,597.2985229492188,926.7386932373047,18,0,138.88805389404297,103.17252731323242,3.8687606770807332,True
ms_20,ms,1,CE,psd,relative_power,theta,channel,CP2,0.32129840966727996,0.3285486698150635,0.051284596390201866,0.28026530146598816,0.34644876420497894,18,0,0.11874943040311337,0.03660966828465462,3.8653081264845244,True
ms_01,ms,1,CE,psd,absolute_power,delta,channel,F4,370.749255710178,278.55916595458984,283.1918832971825,151.19267654418945,524.5913772583008,18,0,46.58400821685791,40.52444499731064,3.8610053840986454,True
hc_01,hc,0,OE,psd,absolute_power,beta,channel,Fp1,187.09350077311197,181.53237915039062,23.033014693029386,170.0111083984375,194.52242279052734,18,0,40.7349739074707,24.60018515586853,3.8603997568683397,True
hc_01,hc,0,CE,psd,relative_power,gamma,channel,P4,0.117902013576693,0.11413473635911942,0.019665584846200984,0.10389469750225544,0.12593108974397182,18,0,0.03029679600149393,0.014649732504040003,3.8599964913471227,True
ms_02,ms,1,OE,psd,relative_power,theta,roi,R1,0.2521589207980368,0.2563433349132538,0.017922729085450433,0.24096184968948364,0.2618013992905617,18,0,0.12127465941011906,0.023623565211892128,3.8564277959088917,True
ms_06,ms,1,CE,psd,absolute_power,gamma,channel,F4,64.37692515055339,61.8602294921875,9.280270018752793,57.6227502822876,71.67503547668457,18,0,11.01475739479065,8.902644693851471,3.852203729370961,True
hc_08,hc,0,CE,psd,relative_power,theta,channel,F3,0.2843756278355916,0.2859651744365692,0.06369344089613013,0.2539069876074791,0.3174721598625183,18,0,0.1378415748476982,0.025958839803934097,3.8487081833281125,True
ms_10,ms,1,OE,psd,absolute_power,beta,channel,F8,366.4307505289714,333.71343994140625,94.69319088212612,289.04725646972656,450.32325744628906,18,0,62.75611114501953,47.53308868408203,3.844863011118123,True
ms_07,ms,1,CE,psd,absolute_power,alpha,channel,F4,207.14391623602972,202.20684051513672,56.23276391417247,159.7360076904297,253.40105819702148,18,0,43.113935470581055,27.9102463722229,3.844706095379902,True
ms_04,ms,1,CE,psd,absolute_power,beta,channel,CP6,531.1980811225044,524.3585815429688,100.10018978003629,455.07820892333984,587.1085205078125,18,0,157.72572708129883,64.3680477142334,3.8418203011653804,True
ms_08,ms,1,OE,psd,absolute_power,delta,roi,R2,603.9615724351671,518.2642517089844,516.3396897912307,51.16095161437988,911.8919067382812,18,0,88.1513671875,75.53616499900818,3.8406393301192128,True
ms_15,ms,1,OE,psd,absolute_power,theta,channel,Fp1,205.40769322713217,175.1021270751953,101.7197709749264,135.98828887939453,236.83759689331055,18,0,29.26384735107422,25.627859592437744,3.8382671676923237,True
ms_09,ms,1,OE,psd,relative_power,alpha,channel,O1,0.36111196710003746,0.36606600880622864,0.043355523156930593,0.3381829410791397,0.3798237219452858,18,0,0.12304140627384186,0.04271828010678291,3.837182778047751,True
ms_16,ms,1,CE,psd,absolute_power,alpha,channel,Pz,1908.5449964735244,1800.5899658203125,399.24926924547543,1617.3596496582031,2229.877685546875,18,0,372.1908264160156,251.2147216796875,3.8351336017678155,True
ms_24,ms,1,CE,psd,absolute_power,gamma,channel,FC5,118.6156063079834,91.43982315063477,99.40581112982852,71.37600326538086,119.35912895202637,18,0,15.54709005355835,13.351394712924957,3.8339775196555017,True
ms_19,ms,1,CE,psd,relative_power,theta,channel,CP2,0.34380574772755307,0.3268461227416992,0.08126393357989821,0.2868625074625015,0.4254152476787567,18,0,0.11874943040311337,0.03660966828465462,3.8339406674944776,True
ms_20,ms,1,CE,psd,relative_power,theta,channel,P4,0.34321336779329514,0.34587274491786957,0.04503783579362194,0.3028549551963806,0.36609504371881485,18,0,0.10328657180070877,0.042682052589952946,3.833511328900572,True
ms_02,ms,1,OE,psd,absolute_power,alpha,roi,R2,183.15438969930014,205.76724243164062,78.28797418936041,103.95612525939941,239.7008056640625,18,0,43.306124687194824,28.629709720611572,3.827440926303847,True
ms_02,ms,1,CE,psd,absolute_power,delta,channel,C4,480.0236562093099,421.3228302001953,187.705642937729,343.5037841796875,492.0692901611328,18,0,82.04682922363281,59.931918144226074,3.8183080845195727,True
hc_04,hc,0,OE,psd,relative_power,theta,roi,R1,0.22094150715404087,0.25500181317329407,0.06999495322068075,0.14329714328050613,0.2789449244737625,18,0,0.12127465941011906,0.023623565211892128,3.8181251938620044,True
ms_06,ms,1,CE,complexity,spectral_entropy,broadband,channel,FC6,0.5507585634572935,0.5156157217515622,0.09787639371756619,0.48468775682119075,0.6093351815067884,18,0,0.7566835814590974,0.042594666269512194,-3.817333436790297,True
ms_17,ms,1,OE,psd,relative_power,alpha,channel,O1,0.3590834488471349,0.36473141610622406,0.0747204470954566,0.31861110776662827,0.4148123934864998,18,0,0.12304140627384186,0.04271828010678291,3.816110524165622,True
ms_03,ms,1,OE,complexity,spectral_entropy,broadband,roi,R1,0.4166974714292575,0.40821616787494286,0.0706897879068068,0.3774471562986669,0.4490465914648885,18,0,0.8072313537564013,0.0706141912406249,-3.811302672160974,True
ms_01,ms,1,CE,psd,absolute_power,delta,channel,CP5,774.9465382893881,587.7186584472656,489.6659041607814,396.00616455078125,1012.2015991210938,18,0,104.30475234985352,85.61303949356079,3.8085111169276353,True
ms_05,ms,1,OE,psd,absolute_power,delta,channel,T8,1115.7032521565754,745.510986328125,1222.5354306131644,66.16010475158691,1894.9927062988281,18,0,125.88731384277344,109.90956449508667,3.8024938354023297,True
ms_15,ms,1,OE,psd,absolute_power,delta,channel,FC1,896.1577419704861,784.7805786132812,517.1041644805858,534.5036926269531,1005.0684967041016,18,0,130.37680625915527,116.083163022995,3.8023541564942387,True
hc_04,hc,0,OE,psd,absolute_power,delta,channel,T8,947.8516121970283,744.9597473144531,965.3834776223209,48.37969398498535,1662.4664001464844,18,0,125.88731384277344,109.90956449508667,3.7991110031375244,True
ms_04,ms,1,CE,psd,absolute_power,beta,channel,T8,443.45275031195746,419.61712646484375,81.9941996954363,393.58446502685547,485.56431579589844,18,0,102.49637985229492,56.31378936767578,3.79827064792161,True
ms_04,ms,1,OE,psd,absolute_power,beta,channel,P4,596.0459594726562,591.5054016113281,104.23095355249815,504.0293502807617,691.5654754638672,18,0,184.53024291992188,72.29242706298828,3.797091825879662,True
hc_08,hc,0,OE,psd,relative_power,alpha,roi,R5,0.3935934876402219,0.41629838943481445,0.07317991248766666,0.3517710492014885,0.4514494091272354,18,0,0.13651888445019722,0.04970267973840237,3.796750835091415,True
ms_10,ms,1,CE,psd,absolute_power,beta,channel,Fp1,148.38547092013889,147.29544067382812,33.890814526271726,128.51690673828125,168.99659729003906,18,0,33.19360160827637,20.291931867599487,3.7926717175649873,True
ms_10,ms,1,CE,psd,absolute_power,beta,channel,Fz,174.83861541748047,178.6990203857422,40.926810706025144,147.572265625,201.12281799316406,18,0,42.56808662414551,24.234557628631592,3.788765543326404,True
ms_20,ms,1,CE,psd,relative_power,theta,channel,CP5,0.33094992240269977,0.32572756707668304,0.07069872080127816,0.28792333602905273,0.3811847195029259,18,0,0.11700478196144104,0.037157921120524406,3.788736980086009,True
ms_05,ms,1,OE,psd,absolute_power,gamma,channel,Pz,128.8185166252984,125.37123107910156,17.289641735739526,121.37706184387207,134.5848274230957,18,0,32.02777719497681,16.618138551712036,3.7885890111311924,True
hc_07,hc,0,OE,psd,relative_power,alpha,channel,F3,0.3044912661943171,0.31731656193733215,0.10902019431003628,0.23942682147026062,0.3667411655187607,18,0,0.08357863128185272,0.04163321666419506,3.7867377781041354,True
hc_04,hc,0,CE,psd,absolute_power,delta,channel,Fp2,289.8563003540039,289.2110900878906,160.26372956270848,138.43699264526367,424.2576904296875,18,0,51.97944736480713,42.381003618240356,3.7755252875442986,True
ms_05,ms,1,OE,psd,absolute_power,gamma,channel,CP2,127.97906239827473,123.34673309326172,18.61605957697671,119.81426239013672,135.28770065307617,18,0,27.440274715423584,17.137475728988647,3.7746527535882333,True
hc_07,hc,0,OE,psd,relative_power,alpha,channel,FC5,0.35451949139436084,0.3674464225769043,0.13880669755161884,0.26149268448352814,0.4607209712266922,18,0,0.09609294310212135,0.0484891552478075,3.774563890053308,True
hc_04,hc,0,OE,psd,absolute_power,delta,channel,F4,604.8505845599705,481.6181335449219,609.5298339895285,45.68611431121826,1042.1814575195312,18,0,81.44264602661133,71.5544605255127,3.772157130636239,True
ms_02,ms,1,CE,psd,absolute_power,gamma,channel,Fp1,51.461248609754776,51.37075996398926,6.574537869207248,46.471914291381836,54.58457565307617,18,0,8.928098917007446,7.590205669403076,3.7715951228022284,True
hc_01,hc,0,OE,psd,absolute_power,gamma,channel,Fp1,97.2886119418674,89.03387451171875,22.047537431720766,83.00680923461914,103.20940589904785,18,0,16.699986457824707,12.953419089317322,3.766460326262577,True
hc_08,hc,0,OE,psd,relative_power,theta,channel,Cz,0.3169062559803327,0.3238108903169632,0.06241775236188621,0.2801266834139824,0.34049246460199356,18,0,0.14489075168967247,0.03206797316670418,3.7632556183400987,True
ms_01,ms,1,CE,psd,absolute_power,delta,channel,P8,819.8674680921766,624.2394104003906,543.559982678286,415.53089141845703,1126.423583984375,18,0,131.39178466796875,88.34938049316406,3.7625749895577223,True
ms_02,ms,1,CE,psd,relative_power,gamma,channel,Fz,0.20470180983344713,0.20933398604393005,0.04949422320025955,0.16897786408662796,0.23449713736772537,18,0,0.0570968771353364,0.0273062395863235,3.7604051221944035,True
ms_15,ms,1,OE,psd,absolute_power,delta,channel,P4,1412.7333882649739,1186.7409057617188,857.0220033688271,803.6995086669922,1605.3796997070312,18,0,229.62109375,171.76468658447266,3.758446987858556,True
hc_01,hc,0,CE,psd,relative_power,gamma,channel,Pz,0.12347353912062115,0.12243196368217468,0.020712250617019253,0.10581997409462929,0.1335272379219532,18,0,0.029989501927047968,0.016590966377407312,3.758164824082132,True
ms_24,ms,1,CE,psd,absolute_power,gamma,channel,P3,106.14271185133192,93.71763229370117,47.301161187099,72.59346199035645,122.15809059143066,18,0,25.529921054840088,12.241950511932373,3.7569161136243165,True
ms_15,ms,1,OE,psd,absolute_power,theta,channel,F8,356.1469997829861,271.77349853515625,203.85872136645494,230.08600997924805,426.9626922607422,18,0,45.170023918151855,40.72157394886017,3.753340916694524,True
ms_03,ms,1,OE,complexity,spectral_entropy,broadband,roi,R2,0.43808481293667706,0.432209963177539,0.07937531324369924,0.3787369101402592,0.4777219175700598,18,0,0.7936332503477694,0.0649629597401028,-3.7525486589781805,True
ms_15,ms,1,OE,psd,absolute_power,alpha,roi,R6,862.4903361002604,825.4728698730469,413.08743556872395,528.3263549804688,1051.1291809082031,18,0,184.77216339111328,115.19806289672852,3.751336569778926,True
ms_10,ms,1,OE,psd,absolute_power,beta,channel,F3,323.17663913302954,305.2454376220703,65.41384705446849,274.9113006591797,357.00093841552734,18,0,66.40249252319336,42.9443564414978,3.7513045434695895,True
ms_15,ms,1,CE,psd,absolute_power,beta,channel,FC6,298.5332548353407,290.5643768310547,37.89473517642469,275.36988067626953,322.1571044921875,18,0,67.95793342590332,40.02657413482666,3.75115763270092,True
ms_03,ms,1,OE,psd,absolute_power,theta,channel,Cz,524.7014511956108,491.27734375,279.561987791035,286.1620635986328,787.4921875,18,0,83.58529663085938,73.3170952796936,3.7506193807178634,True
ms_05,ms,1,OE,psd,absolute_power,beta,roi,R2,244.73091210259332,242.28244018554688,29.040810134838996,222.2614517211914,261.93915939331055,18,0,57.07705497741699,33.31303930282593,3.74986262263948,True
ms_22,ms,1,OE,psd,relative_power,gamma,channel,FC6,0.34895630015267265,0.3628358244895935,0.07879243366109327,0.33858492225408554,0.3949045240879059,18,0,0.10600951127707958,0.046246711164712906,3.7457144668150546,True
ms_04,ms,1,OE,psd,absolute_power,gamma,channel,F7,128.51596366034613,112.01623916625977,61.31251864413743,101.0761661529541,126.21570777893066,18,0,21.926302433013916,16.231447219848633,3.743648303528912,True
ms_22,ms,1,CE,psd,relative_power,gamma,channel,F7,0.26337941239277524,0.25932321697473526,0.045099894410026646,0.2376486212015152,0.3020389974117279,18,0,0.07625281438231468,0.03300176654011011,3.7415965212702162,True
hc_01,hc,0,CE,psd,absolute_power,gamma,channel,CP5,105.7189229329427,109.1026382446289,9.244713220022168,98.9113655090332,111.47139549255371,18,0,25.919233322143555,14.996495723724365,3.741303234812133,True
hc_08,hc,0,CE,psd,relative_power,theta,channel,T8,0.2897306341263983,0.285331591963768,0.04594349893194894,0.251570638269186,0.33320558071136475,18,0,0.1270168423652649,0.02854926511645317,3.74026565158422,True
ms_05,ms,1,OE,psd,absolute_power,delta,channel,FC2,911.3404504987928,577.0926513671875,988.6713075012084,73.69411277770996,1533.8509521484375,18,0,97.7801456451416,86.47137761116028,3.738715225110136,True
ms_01,ms,1,CE,psd,absolute_power,gamma,channel,FC6,112.22259924146864,83.47644805908203,103.04730325729523,46.96626567840576,133.65635681152344,18,0,16.46013593673706,12.093737006187439,3.737627437870914,True
ms_03,ms,1,CE,psd,absolute_power,alpha,channel,T8,572.0268978542751,589.0650329589844,123.90280040901537,483.70418548583984,637.4611053466797,18,0,158.97929763793945,77.67421340942383,3.734686732232121,True
ms_24,ms,1,CE,psd,absolute_power,gamma,channel,FC2,80.06327290005154,71.9471664428711,29.28305434500072,56.42803192138672,93.50316429138184,18,0,14.667802810668945,10.35506397485733,3.7309669522493114,True
ms_08,ms,1,OE,psd,absolute_power,delta,channel,C4,791.1452802022299,703.3704833984375,651.164378928218,99.55511665344238,1153.2287292480469,18,0,114.79125595092773,106.42724895477295,3.730165479537322,True
ms_06,ms,1,OE,psd,absolute_power,theta,channel,F8,709.666212717692,270.3063430786133,1206.8278798021581,211.1079330444336,783.2075042724609,18,0,45.170023918151855,40.72157394886017,3.7290397244224214,True
ms_17,ms,1,OE,psd,relative_power,alpha,channel,FC2,0.39219682415326435,0.4005343168973923,0.07061276761915951,0.3461928516626358,0.4373764842748642,18,0,0.11290616169571877,0.0520305372774601,3.728628282546521,True
ms_15,ms,1,OE,psd,absolute_power,theta,channel,FC1,342.2223366631402,298.2854309082031,165.831216704704,221.3601531982422,388.25389099121094,18,0,50.23190975189209,44.8961079120636,3.7265993792439125,True
ms_07,ms,1,CE,psd,absolute_power,beta,roi,R1,185.1281017727322,182.51373291015625,21.23520799803096,168.45556640625,199.139892578125,18,0,38.92409801483154,25.989058017730713,3.726563764929069,True
ms_24,ms,1,OE,complexity,spectral_entropy,broadband,channel,Fp2,0.45302949871657905,0.44956129450800686,0.015443547949887,0.4475024924784751,0.46167591570768296,18,0,0.7969222565033055,0.0628901431923039,-3.7254130325688437,True
ms_01,ms,1,CE,psd,absolute_power,delta,channel,F3,344.9897503323025,286.3569030761719,206.29617873606665,188.65199279785156,439.6097640991211,18,0,49.56704902648926,42.87500560283661,3.725073997045868,True
ms_05,ms,1,OE,psd,absolute_power,gamma,roi,R2,134.83913209703235,133.32711791992188,17.231451640543103,124.1514778137207,140.9736785888672,18,0,27.17874002456665,19.24263906478882,3.7207006680729697,True
hc_01,hc,0,CE,psd,absolute_power,beta,roi,R2,179.3684539794922,176.9897003173828,21.57788734015956,166.5582389831543,195.36024475097656,18,0,41.99974822998047,24.52802848815918,3.7120584456714503,True
hc_08,hc,0,OE,psd,absolute_power,theta,channel,P7,667.1552140977648,661.4173278808594,289.62258547374785,473.8483657836914,875.1529693603516,18,0,121.92129516601562,98.3788595199585,3.6988138571236666,True
ms_20,ms,1,CE,psd,relative_power,theta,channel,C3,0.32139415707853103,0.3096880614757538,0.06741227263640555,0.28321418911218643,0.370301716029644,18,0,0.11506022326648235,0.03550596535205841,3.6972569850561436,True
hc_07,hc,0,CE,psd,absolute_power,alpha,channel,CP6,1086.633816189236,1198.9378662109375,410.34858142146976,883.73095703125,1278.3641967773438,18,0,238.41188049316406,175.256010055542,3.696682934858925,True
ms_05,ms,1,OE,psd,absolute_power,delta,channel,F3,657.8006405300564,414.9967498779297,734.252386294739,47.79415416717529,1117.4076843261719,18,0,69.56111240386963,63.044936656951904,3.6956678493937174,True
ms_02,ms,1,OE,psd,absolute_power,gamma,channel,CP6,168.3566106160482,160.966552734375,33.13047487628989,145.0351104736328,204.1869773864746,18,0,38.84922504425049,22.29633355140686,3.6941952321020564,True
ms_03,ms,1,OE,psd,absolute_power,theta,channel,P4,603.2840190463596,576.6299438476562,325.39133866488197,337.3753128051758,905.8748931884766,18,0,110.00195693969727,85.22844171524048,3.692854860988302,True
hc_04,hc,0,CE,psd,absolute_power,delta,channel,Fz,313.28826310899524,318.9586181640625,172.1467831810813,146.38710021972656,458.6158981323242,18,0,66.34578132629395,46.151570320129395,3.6918575682337913,True
ms_24,ms,1,CE,psd,absolute_power,gamma,channel,F8,86.92735184563531,69.32929229736328,60.187085747994836,55.53525257110596,88.99115180969238,18,0,14.36970043182373,10.046356201171875,3.689868855494832,True
ms_05,ms,1,OE,psd,absolute_power,theta,channel,Fp2,239.2591733932495,180.99137115478516,280.0955173157909,18.40126943588257,280.3791198730469,18,0,31.276672840118408,27.384406983852386,3.68754308357358,True
ms_05,ms,1,OE,psd,absolute_power,theta,roi,R2,248.2425421079,186.68712615966797,293.6078051710853,16.768714904785156,287.7282485961914,18,0,35.66075944900513,27.630387544631958,3.686733985150212,True
ms_09,ms,1,OE,psd,relative_power,alpha,channel,F4,0.28094109065002865,0.2915787100791931,0.0337121568498356,0.25337745249271393,0.30805498361587524,18,0,0.09623674862086773,0.035745469853281975,3.6859593252647214,True
ms_17,ms,1,OE,psd,relative_power,alpha,channel,T8,0.3892924421363407,0.3700329065322876,0.07028340960232302,0.3533351942896843,0.4437265545129776,18,0,0.10836122371256351,0.04790100269019604,3.6845811604423453,True
ms_24,ms,1,OE,psd,absolute_power,alpha,channel,T8,464.53639221191406,472.2139434814453,104.81078869865404,391.3778610229492,546.880859375,18,0,105.43398475646973,67.22476959228516,3.680037795913754,True
hc_01,hc,0,CE,psd,absolute_power,gamma,channel,FC1,83.14101918538411,83.80105590820312,7.338053700996272,78.04664039611816,87.23654174804688,18,0,15.901706457138062,12.450961291790009,3.678228749246361,True
hc_01,hc,0,CE,psd,absolute_power,gamma,channel,T7,119.8691177368164,119.13790512084961,10.245447982270008,114.27786445617676,124.59548950195312,18,0,26.496195793151855,16.989708423614502,3.677872234510965,True
ms_15,ms,1,OE,psd,absolute_power,alpha,channel,P7,1021.3816765679253,1011.0283813476562,403.2792098154943,674.3625335693359,1416.2864685058594,18,0,189.87717819213867,150.6681423187256,3.676018633652785,True
ms_01,ms,1,CE,psd,absolute_power,delta,channel,FC1,565.4756673177084,432.3806457519531,378.2600230671998,265.9597702026367,816.9563903808594,18,0,81.70284080505371,64.37827134132385,3.6740492414929697,True
ms_08,ms,1,OE,psd,absolute_power,delta,channel,Fp2,580.6932127210829,483.9279327392578,502.64337695150164,44.34338855743408,890.9842071533203,18,0,80.91514587402344,73.98952603340149,3.673876766946692,True
ms_22,ms,1,OE,psd,relative_power,gamma,channel,F7,0.31270985553661984,0.32078343629837036,0.043419789504807856,0.291220486164093,0.34500743448734283,18,0,0.09032642282545567,0.042338768020272255,3.6713662988405167,True
ms_22,ms,1,OE,psd,relative_power,gamma,channel,CP1,0.222992276151975,0.2287077009677887,0.04211648316121775,0.20739660784602165,0.24176882579922676,18,0,0.054341934621334076,0.0320770600810647,3.666423851578704,True
ms_15,ms,1,CE,psd,absolute_power,beta,channel,FC2,324.02030690511066,324.51597595214844,38.84417245038339,306.36671447753906,350.09012603759766,18,0,68.21413040161133,47.15766429901123,3.6658564208036797,True
ms_05,ms,1,OE,psd,absolute_power,gamma,channel,P4,130.2522727118598,124.51820755004883,20.063467153893207,121.6888313293457,135.4579620361328,18,0,34.162747383117676,16.63404607772827,3.6638063082228647,True
ms_15,ms,1,OE,psd,absolute_power,delta,channel,Pz,1464.9596320258247,1277.0712280273438,853.5356586397581,867.2490386962891,1645.5970458984375,18,0,245.5456771850586,190.01887702941895,3.6615017575301674,True
ms_06,ms,1,CE,psd,absolute_power,beta,roi,R1,178.18280537923178,179.96837615966797,23.21438949251893,159.47293853759766,195.13990783691406,18,0,38.92409801483154,25.989058017730713,3.6605044407856377,True
ms_20,ms,1,OE,psd,relative_power,theta,channel,Pz,0.2934079294403394,0.30888570845127106,0.064814399697834,0.24309077113866806,0.3331916630268097,18,0,0.14145994745194912,0.030880313366651535,3.6569294926369675,True
ms_02,ms,1,CE,psd,relative_power,gamma,channel,CP2,0.13291763183143404,0.13906918466091156,0.024838988769263284,0.12344837561249733,0.1456816866993904,18,0,0.03336440399289131,0.01950235851109028,3.6558090013849327,True
ms_02,ms,1,CE,psd,absolute_power,gamma,channel,P8,159.55791473388672,154.42037200927734,25.17283566837984,147.11194229125977,163.6594467163086,18,0,38.41173458099365,21.409531593322754,3.6547625352649837,True
ms_08,ms,1,OE,psd,absolute_power,delta,channel,FC2,677.4288639492459,565.8831176757812,542.1549931825808,103.07734680175781,1035.5234069824219,18,0,97.7801456451416,86.47137761116028,3.65127904562779,True
ms_16,ms,1,CE,psd,absolute_power,gamma,channel,FC5,89.72344589233398,87.80884170532227,5.788856121746752,86.44051742553711,93.41466522216797,18,0,15.54709005355835,13.351394712924957,3.650546238852799,True
ms_06,ms,1,OE,psd,absolute_power,gamma,channel,CP6,172.073546939426,159.47098541259766,53.87585569904231,139.95501327514648,197.896728515625,18,0,38.84922504425049,22.29633355140686,3.6489525317097162,True
ms_04,ms,1,OE,psd,absolute_power,beta,roi,R6,587.2262759738499,572.3721313476562,102.21471803150617,514.2147445678711,686.8858947753906,18,0,200.71874618530273,68.72883987426758,3.647330210706176,True
ms_09,ms,1,OE,psd,relative_power,alpha,channel,P7,0.4377906537718243,0.45075537264347076,0.05556410570251347,0.3971557542681694,0.47672442346811295,18,0,0.13107800669968128,0.05912088602781296,3.6470940107607244,True
ms_10,ms,1,CE,psd,absolute_power,beta,channel,F4,195.06886927286783,194.52993774414062,52.60476134180584,155.35391235351562,221.18367385864258,18,0,43.04762077331543,28.02963352203369,3.645192968385018,True
ms_15,ms,1,CE,psd,absolute_power,beta,channel,F7,215.65724605984158,216.67503356933594,17.6165945644847,207.31765747070312,229.8762664794922,18,0,42.16608238220215,32.29947257041931,3.6441670917397864,True
hc_04,hc,0,OE,psd,absolute_power,delta,channel,Fp2,589.4220831129286,480.66758728027344,588.6739735196039,49.60755157470703,1034.0943756103516,18,0,80.91514587402344,73.98952603340149,3.6441553590302025,True
ms_09,ms,1,OE,psd,relative_power,alpha,channel,F3,0.2964928448200226,0.30849140882492065,0.04260352507061289,0.26291050016880035,0.3221677169203758,18,0,0.08357863128185272,0.04163321666419506,3.6437633768394146,True
ms_20,ms,1,OE,psd,relative_power,theta,channel,P4,0.3451722090442975,0.33982740342617035,0.07933109374340967,0.2860567718744278,0.41049324721097946,18,0,0.1326747816056013,0.03835086151957512,3.643269634190775,True
ms_02,ms,1,CE,psd,absolute_power,gamma,roi,R1,58.24166043599447,57.69038772583008,5.767678211829981,56.09348678588867,61.88008689880371,18,0,10.293744087219238,8.777207404375076,3.642228865243988,True
ms_05,ms,1,OE,psd,absolute_power,delta,channel,C4,1063.7471506330703,689.3734741210938,1159.6399158860615,77.62069892883301,1881.8038635253906,18,0,114.79125595092773,106.42724895477295,3.6414583720005242,True
ms_06,ms,1,CE,complexity,spectral_entropy,broadband,channel,F4,0.5829364955901257,0.5535172355683592,0.10085349605037093,0.515240860393994,0.6483892084082508,18,0,0.7379938105617987,0.03417654289435007,-3.6407352714875083,True
ms_04,ms,1,OE,psd,absolute_power,beta,roi,R1,245.02367655436197,246.9294204711914,38.77410201217354,221.5756721496582,260.63269805908203,18,0,62.656556129455566,34.150672912597656,3.639469844090135,True
ms_16,ms,1,CE,psd,relative_power,gamma,channel,T8,0.23892051147090065,0.23443260788917542,0.02986275253703029,0.21994192153215408,0.259258933365345,18,0,0.05941933952271938,0.032438015565276146,3.6390892057322803,True
ms_02,ms,1,CE,psd,absolute_power,gamma,channel,F3,76.7686350080702,75.84173202514648,10.150562176232599,71.31298828125,81.2975082397461,18,0,13.823426008224487,11.510442912578583,3.6341585327783563,True
hc_04,hc,0,CE,psd,absolute_power,delta,channel,CP6,531.5515047709147,505.02955627441406,288.3466362207116,269.09883880615234,807.4380798339844,18,0,104.25907325744629,74.3823037147522,3.6341437945045105,True
ms_09,ms,1,OE,psd,relative_power,alpha,channel,F7,0.3461039463678996,0.3424074947834015,0.04930046521606582,0.3154137209057808,0.36520206928253174,18,0,0.10602451674640179,0.043892284855246544,3.63248654995588,True
ms_20,ms,1,OE,psd,relative_power,theta,roi,R1,0.25622809098826516,0.2484687864780426,0.046950475955974715,0.2284630984067917,0.28935858607292175,18,0,0.12127465941011906,0.023623565211892128,3.631596780481673,True
ms_02,ms,1,OE,psd,absolute_power,alpha,channel,Fp2,156.62924745347766,178.6611785888672,69.7055937416187,90.0330924987793,208.20528411865234,18,0,35.74834442138672,26.565945625305176,3.6284568001508615,True
hc_08,hc,0,OE,psd,relative_power,theta,channel,P7,0.30650415105952156,0.3166096955537796,0.04855002336373932,0.27527015656232834,0.3475658595561981,18,0,0.14218511432409286,0.0324449073523283,3.6260781079578543,True
ms_15,ms,1,OE,psd,absolute_power,beta,channel,Fz,208.16316986083984,198.9997787475586,41.839456918275566,187.9632339477539,236.07848358154297,18,0,49.09886455535889,27.886591911315918,3.6256413756571395,True
ms_20,ms,1,OE,psd,absolute_power,delta,channel,P4,1136.6805657280815,1152.9170532226562,316.7738692406269,903.4010009765625,1250.5078125,18,0,229.62109375,171.76468658447266,3.6256264620499703,True
ms_10,ms,1,CE,psd,absolute_power,beta,roi,R1,180.14791954888238,178.6019515991211,41.99661785832704,154.36393356323242,207.14214706420898,18,0,38.92409801483154,25.989058017730713,3.625041795737789,True
ms_21,ms,1,CE,psd,relative_power,beta,channel,Fz,0.3870209861132834,0.39043232798576355,0.06317366422227026,0.3494934141635895,0.424491286277771,18,0,0.17349202930927277,0.04038364067673683,3.6233540206709587,True
ms_05,ms,1,OE,psd,absolute_power,gamma,channel,F8,142.04616589016385,143.10301208496094,17.268323046674528,130.58969497680664,146.23122787475586,18,0,25.010250568389893,21.987224757671356,3.6226707682246095,True
ms_01,ms,1,CE,psd,absolute_power,delta,channel,CP2,750.8851081000435,585.557373046875,489.8344969119232,361.71887969970703,1058.42236328125,18,0,127.2723503112793,85.44241619110107,3.617746627744297,True
ms_17,ms,1,OE,psd,relative_power,alpha,channel,Fz,0.40333152645164067,0.40384261310100555,0.05833473516180761,0.3677232936024666,0.4462946206331253,18,0,0.1025022491812706,0.05619512498378754,3.616884756103207,True
ms_20,ms,1,OE,psd,absolute_power,delta,roi,R4,743.2693210177952,802.2671508789062,212.0886938957112,681.4527893066406,835.3912811279297,18,0,146.56381607055664,122.28522729873657,3.6166743118184423,True
hc_04,hc,0,CE,psd,absolute_power,delta,channel,C3,479.82419247097437,451.6508026123047,251.71407369502225,240.92727279663086,721.5022277832031,18,0,84.39019584655762,68.59990239143372,3.6109947237213085,True
ms_02,ms,1,CE,psd,absolute_power,delta,channel,F8,412.0446370442708,369.77113342285156,142.17558934219784,297.1729736328125,544.0417327880859,18,0,69.01330375671387,56.19313597679138,3.610020573221421,True
ms_20,ms,1,OE,psd,absolute_power,delta,roi,R6,1319.396023220486,1363.6867065429688,269.15400991173334,1159.4302368164062,1474.1112060546875,18,0,263.6979179382324,205.70350742340088,3.6068041947122684,True
ms_16,ms,1,OE,psd,relative_power,gamma,channel,FC1,0.260184103416072,0.26424144208431244,0.026917014522042034,0.24031748622655869,0.2789521887898445,18,0,0.06463462021201849,0.03735791379585862,3.6038671114519776,True
hc_02,hc,0,CE,complexity,spectral_entropy,broadband,channel,Fz,0.5156314602070614,0.5075728561212824,0.06739141639924374,0.47379224330131253,0.5263341429268024,18,0,0.7150244360770593,0.03887006868172882,-3.599792294289514,True
ms_24,ms,1,OE,complexity,spectral_entropy,broadband,channel,Fz,0.45622581341729546,0.4528280935250737,0.016312641852451765,0.4498620680069245,0.46318549005641896,18,0,0.7510757035508329,0.05592349615867892,-3.597150943988939,True
ms_15,ms,1,OE,psd,absolute_power,alpha,channel,T7,462.68526373969183,489.3102264404297,88.40038831982864,407.2735290527344,517.3813934326172,18,0,101.51045227050781,72.7346339225769,3.5961872645588713,True
hc_01,hc,0,CE,psd,absolute_power,gamma,roi,R3,99.70568423800998,101.36083602905273,8.65598562865162,94.62798500061035,105.32457160949707,18,0,23.029314517974854,14.70093560218811,3.5939132627109998,True
ms_20,ms,1,CE,complexity,spectral_entropy,broadband,channel,FC1,0.46529277055157464,0.4624897649148667,0.04980883810515829,0.42423106178052966,0.5012129118115496,18,0,0.7117704227307495,0.04678416440282274,-3.59389768651966,True
hc_01,hc,0,CE,psd,absolute_power,beta,channel,Fp2,166.8806406656901,163.3763198852539,20.542941601768106,152.63259506225586,181.44808197021484,18,0,35.037596702575684,24.09383726119995,3.5927561862111634,True
ms_01,ms,1,CE,psd,absolute_power,delta,channel,F8,503.81247838338214,367.936767578125,410.52829433921704,193.97346115112305,691.2493286132812,18,0,69.01330375671387,56.19313597679138,3.588002531511157,True
hc_04,hc,0,CE,psd,absolute_power,delta,channel,F3,277.9428613450792,277.57423400878906,153.6958889009319,132.21484756469727,412.777587890625,18,0,49.56704902648926,42.87500560283661,3.586908904209152,True
ms_24,ms,1,OE,complexity,spectral_entropy,broadband,roi,R2,0.45242821076969036,0.44834333897989864,0.016224635022449238,0.44568793254949063,0.4608927349170589,18,0,0.7936332503477694,0.0649629597401028,-3.585040698420507,True
ms_15,ms,1,OE,psd,absolute_power,alpha,channel,P3,936.6767527262369,851.8164367675781,413.65636749133427,655.422119140625,1183.3096313476562,18,0,168.52462768554688,128.56223726272583,3.5848319153784485,True
hc_08,hc,0,CE,psd,relative_power,theta,channel,Cz,0.3318341506852044,0.324341356754303,0.0499600502194708,0.2874584048986435,0.36253537982702255,18,0,0.12891249731183052,0.03680638037621975,3.581307329915071,True
hc_08,hc,0,CE,psd,relative_power,theta,channel,Fp1,0.25104888528585434,0.26415346562862396,0.06826530171308112,0.18582948297262192,0.28355032950639725,18,0,0.128328338265419,0.02561745047569275,3.576186997927083,True
ms_05,ms,1,OE,psd,absolute_power,beta,roi,R1,245.4822243584527,243.5752410888672,32.499525949175805,223.26567459106445,257.3120460510254,18,0,62.656556129455566,34.150672912597656,3.5732233310332857,True
ms_04,ms,1,OE,psd,absolute_power,gamma,channel,CP6,157.9660669962565,156.92766571044922,40.272259356944915,128.5665283203125,178.47322845458984,18,0,38.84922504425049,22.29633355140686,3.572014068552143,True
ms_03,ms,1,OE,psd,absolute_power,theta,channel,CP2,559.1659194098579,513.8035125732422,307.0714658003725,310.19371032714844,845.7741851806641,18,0,92.76581001281738,79.50707817077637,3.5718334304560533,True
ms_20,ms,1,CE,complexity,spectral_entropy,broadband,roi,R3,0.4760365878763511,0.47057426429444926,0.03839290704795611,0.4489771959357771,0.4941726375649472,18,0,0.7189678974517404,0.04695409835067349,-3.5681488126160334,True
hc_01,hc,0,CE,psd,absolute_power,delta,roi,R3,407.648065355089,423.95697021484375,105.43067639020958,337.68365478515625,450.49505615234375,18,0,86.31520462036133,63.852288246154785,3.566610644068114,True
ms_03,ms,1,OE,complexity,spectral_entropy,broadband,channel,FC5,0.4054914452138633,0.406607691883277,0.06777515593600773,0.3615648373062194,0.4386464145428167,18,0,0.7893465766043393,0.0723890163967168,-3.5662018063895515,True
ms_10,ms,1,CE,psd,absolute_power,beta,roi,R2,172.63450876871744,171.4529800415039,41.75549114660295,145.98397827148438,203.87352752685547,18,0,41.99974822998047,24.52802848815918,3.5598054154008016,True
ms_09,ms,1,CE,psd,absolute_power,alpha,channel,T7,554.1453908284506,543.72314453125,122.48531626341041,461.5651397705078,661.7659149169922,18,0,117.95211601257324,80.73184871673584,3.5571912318807186,True
ms_01,ms,1,OE,complexity,spectral_entropy,broadband,channel,Fp1,0.4273024609079418,0.43159332671385586,0.026684033370378772,0.4201473688778249,0.4412648932115669,18,0,0.7919174462847972,0.06833200343567841,-3.5566832062213902,True
ms_19,ms,1,CE,psd,relative_power,theta,roi,R4,0.28973018874724704,0.2726610004901886,0.05659438990926761,0.25000522285699844,0.33277060836553574,18,0,0.12881137803196907,0.027291027829051018,3.55520655762857,True
ms_04,ms,1,CE,psd,absolute_power,beta,channel,FC5,250.10435740152994,241.11824798583984,49.56050189098263,216.71258544921875,268.7960433959961,18,0,49.40632343292236,36.39723300933838,3.552685490109666,True
ms_04,ms,1,CE,psd,absolute_power,alpha,roi,R4,685.9746619330513,671.7666015625,248.72604732271847,505.69788360595703,848.0715484619141,18,0,172.6773681640625,94.79766845703125,3.5510480538251623,True
hc_04,hc,0,OE,psd,absolute_power,delta,channel,FC1,872.8720440334744,741.50830078125,838.1702163536974,91.24200057983398,1494.0003967285156,18,0,130.37680625915527,116.083163022995,3.5509244850488857,True
ms_20,ms,1,OE,psd,absolute_power,theta,channel,Pz,624.8415306939019,586.0342712402344,180.4659502822138,475.1162872314453,774.9597473144531,18,0,112.20439147949219,90.00852251052856,3.5507068280688965,True
ms_04,ms,1,CE,psd,absolute_power,beta,roi,R1,182.6476991441515,175.62179565429688,28.236152796537382,162.65699005126953,192.09578704833984,18,0,38.92409801483154,25.989058017730713,3.5476981826983387,True
ms_24,ms,1,CE,psd,absolute_power,gamma,channel,C3,211.53976482815213,126.44897079467773,307.7068693159044,114.21099281311035,166.06390762329102,18,0,26.55954885482788,18.994733452796936,3.547009082034086,True
ms_03,ms,1,OE,complexity,spectral_entropy,broadband,channel,F4,0.43459462910539837,0.41833775795218325,0.07924093324572902,0.37993198364056396,0.4769060039545342,18,0,0.7778821890121896,0.06841287877094887,-3.5447915762057396,True
ms_20,ms,1,OE,psd,relative_power,theta,channel,P7,0.29683462613158756,0.31265418231487274,0.07111100752715695,0.24063975363969803,0.3328738510608673,18,0,0.14218511432409286,0.0324449073523283,3.5438477258625096,True
ms_20,ms,1,OE,psd,relative_power,theta,channel,P8,0.2879714063472218,0.278973326086998,0.07131199705440454,0.24091282486915588,0.3290530741214752,18,0,0.13491489738225937,0.027438700199127197,3.541205606712918,True
ms_01,ms,1,CE,psd,absolute_power,delta,channel,Cz,681.0731438530815,519.1360778808594,444.5063593080939,330.8179016113281,998.6570434570312,18,0,106.46780395507812,78.67497253417969,3.537858718300447,True
ms_09,ms,1,OE,psd,relative_power,alpha,channel,FC6,0.3868219090832604,0.37433217465877533,0.0408289716276144,0.36080509424209595,0.4221886545419693,18,0,0.09968878515064716,0.05238294415175915,3.5363500729911292,True
ms_05,ms,1,OE,psd,absolute_power,delta,channel,CP5,1150.2804514567058,833.9911193847656,1232.4853933926468,78.85296630859375,2028.3606262207031,18,0,145.41125106811523,131.4719820022583,3.5326215614001595,True
hc_01,hc,0,CE,psd,absolute_power,beta,roi,R1,176.9563047620985,174.66458129882812,20.380062941425365,165.33429336547852,192.41693496704102,18,0,38.92409801483154,25.989058017730713,3.5228557187213245,True
ms_20,ms,1,CE,complexity,spectral_entropy,broadband,channel,FC2,0.47628562630772464,0.4773861909234041,0.046021534746122736,0.4388651098063172,0.49896222787594874,18,0,0.698548583624177,0.042350596725733824,-3.522311413613749,True
ms_03,ms,1,OE,psd,absolute_power,theta,roi,R6,635.7302508884006,580.7024841308594,331.73865795260616,359.95506286621094,907.9169921875,18,0,117.37619209289551,88.72455549240112,3.5222414005661156,True
ms_19,ms,1,CE,psd,absolute_power,beta,channel,FC6,285.9219690958659,276.95135498046875,38.04322087555702,260.0134506225586,300.60943603515625,18,0,67.95793342590332,40.02657413482666,3.521763595233592,True
ms_04,ms,1,OE,psd,relative_power,gamma,channel,FC2,0.21938988607790735,0.22240222245454788,0.04043458373571885,0.20014496892690659,0.24365439638495445,18,0,0.05922479648143053,0.03126148972660303,3.520678858767984,True
ms_05,ms,1,OE,psd,absolute_power,theta,channel,F3,224.82668177286783,168.96482849121094,259.142340630508,19.66251850128174,261.14332580566406,18,0,29.45033359527588,26.731302201747894,3.5202638805302855,True
ms_08,ms,1,OE,psd,absolute_power,gamma,channel,Fp1,82.03203519185384,84.154052734375,28.847549753566405,57.91673278808594,109.43232345581055,18,0,16.699986457824707,12.953419089317322,3.5123656602893725,True
ms_07,ms,1,CE,psd,relative_power,beta,channel,F3,0.48217448592185974,0.48401235044002533,0.03988404251920819,0.4630130007863045,0.4883469268679619,18,0,0.20903798192739487,0.05281827226281166,3.5114300924467297,True
hc_08,hc,0,CE,psd,relative_power,theta,channel,FC1,0.31126898609929615,0.3069053590297699,0.05929169357230395,0.26451724022626877,0.3333924412727356,18,0,0.141434658318758,0.031791990622878075,3.5105841567963783,True
ms_02,ms,1,CE,psd,absolute_power,delta,roi,R2,293.91524675157336,268.89874267578125,116.88089673385208,212.49700546264648,340.08348846435547,18,0,58.824514389038086,40.36722135543823,3.5101035202784967,True
ms_19,ms,1,CE,psd,absolute_power,beta,roi,R3,425.0328538682726,412.53431701660156,46.150101214671,403.24034118652344,438.29737854003906,18,0,119.13467979431152,56.41026496887207,3.508144204772326,True
ms_08,ms,1,OE,psd,absolute_power,delta,channel,F8,617.3825571272108,559.4495849609375,533.0424777186792,45.30580139160156,913.6618194580078,18,0,96.27302932739258,89.07774603366852,3.5071420269541047,True
ms_05,ms,1,OE,psd,absolute_power,beta,channel,F4,246.85491434733072,244.72140502929688,30.930016517627653,222.17167282104492,259.5572738647461,18,0,60.71901035308838,35.39984750747681,3.505888405436075,True
hc_03,hc,0,OE,psd,relative_power,gamma,channel,T7,0.2799075113402473,0.2887576222419739,0.0487867604657901,0.2709667757153511,0.2972206398844719,18,0,0.07085348293185234,0.04193201428279281,3.505062442866952,True
hc_07,hc,0,CE,psd,absolute_power,alpha,channel,F3,141.77829318576389,148.41584014892578,42.60398235333753,112.67361259460449,176.01478958129883,18,0,38.97397804260254,21.088051319122314,3.500443145436117,True
